Switch: edge2gw,5.0,0.0
Switch: edge2core,5.0,0.0
Switch: edge2edge1,5.0,0.0
Switch: edgecore,5.0,0.0
Switch: edgeedge2,5.0,0.0
Switch: edgecore,5.0,0.011042
Switch: edgeedge1,5.0,0.0
Switch: edgecore,5.0,0.0
Switch: edgeedge3,5.0,0.004758
Switch: edgegw,5.0,0.0
Switch: edgeedge3,5.0,0.011042
Switch: edgeedge3,5.0,0.0
Switch: edgeedge3,5.0,0.0
Switch: netcloudedge1,5.0,0.0
Switch: netcloudedge2,5.0,0.0
Switch: netcloudcore,5.0,0.0
Switch: netcloudedge2,5.0,0.0
Switch: netcloudcore,5.0,0.0
Switch: netcloudedge1,5.0,0.0
Switch: netcloudgw,5.0,0.0
Switch: inter2,5.0,0.0036
Switch: inter1,5.0,0.0036
Switch: inter2,5.0,0.0
Switch: inter1,5.0,0.0
Switch: inter1,5.0,0.0
Switch: internetedge,5.0,0.0036
Switch: internetcore,5.0,4.5E-5
Switch: internetgw,5.0,0.0036
Switch: edge2gw,10.0,0.0
Switch: edge2core,10.0,0.0
Switch: edge2edge1,10.0,0.0
Switch: edgecore,10.0,0.0
Switch: edgeedge2,10.0,0.0
Switch: edgecore,10.0,0.011866
Switch: edgeedge1,10.0,0.0
Switch: edgecore,10.0,0.0
Switch: edgeedge3,10.0,0.00477
Switch: edgegw,10.0,0.0
Switch: edgeedge3,10.0,0.011866
Switch: edgeedge3,10.0,0.0
Switch: edgeedge3,10.0,0.0
Switch: netcloudedge1,10.0,0.0
Switch: netcloudedge2,10.0,0.0
Switch: netcloudcore,10.0,0.0
Switch: netcloudedge2,10.0,0.0
Switch: netcloudcore,10.0,0.0
Switch: netcloudedge1,10.0,0.0
Switch: netcloudgw,10.0,0.0
Switch: inter2,10.0,0.003964
Switch: inter1,10.0,0.003964
Switch: inter2,10.0,0.0
Switch: inter1,10.0,0.0
Switch: inter1,10.0,0.0
Switch: internetedge,10.0,0.003964
Switch: internetcore,10.0,4.955E-5
Switch: internetgw,10.0,0.003964
Switch: edge2gw,15.0,0.0
Switch: edge2core,15.0,0.0
Switch: edge2edge1,15.0,0.0
Switch: edgecore,15.0,0.0
Switch: edgeedge2,15.0,0.0
Switch: edgecore,15.0,0.012864
Switch: edgeedge1,15.0,0.0
Switch: edgecore,15.0,0.0
Switch: edgeedge3,15.0,0.004958
Switch: edgegw,15.0,0.0
Switch: edgeedge3,15.0,0.012864
Switch: edgeedge3,15.0,0.0
Switch: edgeedge3,15.0,0.0
Switch: netcloudedge1,15.0,0.0
Switch: netcloudedge2,15.0,0.0
Switch: netcloudcore,15.0,0.0
Switch: netcloudedge2,15.0,0.0
Switch: netcloudcore,15.0,0.0
Switch: netcloudedge1,15.0,0.0
Switch: netcloudgw,15.0,0.0
Switch: inter2,15.0,0.0038
Switch: inter1,15.0,0.0038
Switch: inter2,15.0,0.0
Switch: inter1,15.0,0.0
Switch: inter1,15.0,0.0
Switch: internetedge,15.0,0.0038
Switch: internetcore,15.0,4.75E-5
Switch: internetgw,15.0,0.0038
Switch: edge2gw,20.0,0.0
Switch: edge2core,20.0,0.0
Switch: edge2edge1,20.0,0.0
Switch: edgecore,20.0,0.0
Switch: edgeedge2,20.0,0.0
Switch: edgecore,20.0,0.0061
Switch: edgeedge1,20.0,0.0
Switch: edgecore,20.0,0.0
Switch: edgeedge3,20.0,0.0017
Switch: edgegw,20.0,0.0
Switch: edgeedge3,20.0,0.0031
Switch: edgeedge3,20.0,0.0022
Switch: edgeedge3,20.0,0.003
Switch: netcloudedge1,20.0,0.0
Switch: netcloudedge2,20.0,0.0
Switch: netcloudcore,20.0,0.0
Switch: netcloudedge2,20.0,0.0
Switch: netcloudcore,20.0,0.0
Switch: netcloudedge1,20.0,0.0
Switch: netcloudgw,20.0,0.0
Switch: inter2,20.0,0.0037
Switch: inter1,20.0,0.0037
Switch: inter2,20.0,0.0
Switch: inter1,20.0,0.0
Switch: inter1,20.0,0.0
Switch: internetedge,20.0,0.0037
Switch: internetcore,20.0,4.625E-5
Switch: internetgw,20.0,0.0037
Switch: edge2gw,25.0,0.0
Switch: edge2core,25.0,0.0
Switch: edge2edge1,25.0,0.0
Switch: edgecore,25.0,0.0
Switch: edgeedge2,25.0,0.0
Switch: edgecore,25.0,0.004455168
Switch: edgeedge1,25.0,0.0
Switch: edgecore,25.0,0.0
Switch: edgeedge3,25.0,0.002033256
Switch: edgegw,25.0,0.0
Switch: edgeedge3,25.0,0.002966552
Switch: edgeedge3,25.0,0.001655272
Switch: edgeedge3,25.0,0.001488616
Switch: netcloudedge1,25.0,0.0
Switch: netcloudedge2,25.0,0.0
Switch: netcloudcore,25.0,0.0
Switch: netcloudedge2,25.0,0.0
Switch: netcloudcore,25.0,0.0
Switch: netcloudedge1,25.0,0.0
Switch: netcloudgw,25.0,0.0
Switch: inter2,25.0,0.003860512
Switch: inter1,25.0,0.003860512
Switch: inter2,25.0,0.0
Switch: inter1,25.0,0.0
Switch: inter1,25.0,0.0
Switch: internetedge,25.0,0.003860512
Switch: internetcore,25.0,4.82564E-5
Switch: internetgw,25.0,0.003860512
Switch: edge2gw,30.0,0.0
Switch: edge2core,30.0,0.0
Switch: edge2edge1,30.0,0.0
Switch: edgecore,30.0,0.0
Switch: edgeedge2,30.0,0.0
Switch: edgecore,30.0,0.002458
Switch: edgeedge1,30.0,0.0
Switch: edgecore,30.0,0.0
Switch: edgeedge3,30.0,0.001534504
Switch: edgegw,30.0,0.0
Switch: edgeedge3,30.0,0.001215496
Switch: edgeedge3,30.0,0.00148
Switch: edgeedge3,30.0,0.001242504
Switch: netcloudedge1,30.0,0.0
Switch: netcloudedge2,30.0,0.0
Switch: netcloudcore,30.0,0.0
Switch: netcloudedge2,30.0,0.0
Switch: netcloudcore,30.0,0.0
Switch: netcloudedge1,30.0,0.0
Switch: netcloudgw,30.0,0.0
Switch: inter2,30.0,0.00302
Switch: inter1,30.0,0.00302
Switch: inter2,30.0,0.0
Switch: inter1,30.0,0.0
Switch: inter1,30.0,0.0
Switch: internetedge,30.0,0.00302
Switch: internetcore,30.0,3.775E-5
Switch: internetgw,30.0,0.00302
Switch: edge2gw,35.0,0.0
Switch: edge2core,35.0,0.0
Switch: edge2edge1,35.0,0.0
Switch: edgecore,35.0,0.0
Switch: edgeedge2,35.0,0.0
Switch: edgecore,35.0,0.002479008
Switch: edgeedge1,35.0,0.0
Switch: edgecore,35.0,0.0
Switch: edgeedge3,35.0,0.00188
Switch: edgegw,35.0,0.0
Switch: edgeedge3,35.0,0.001278
Switch: edgeedge3,35.0,0.00135
Switch: edgeedge3,35.0,0.001201008
Switch: netcloudedge1,35.0,0.0
Switch: netcloudedge2,35.0,0.0
Switch: netcloudcore,35.0,0.0
Switch: netcloudedge2,35.0,0.0
Switch: netcloudcore,35.0,0.0
Switch: netcloudedge1,35.0,0.0
Switch: netcloudgw,35.0,0.0
Switch: inter2,35.0,0.003504
Switch: inter1,35.0,0.003504
Switch: inter2,35.0,0.0
Switch: inter1,35.0,0.0
Switch: inter1,35.0,0.0
Switch: internetedge,35.0,0.003504
Switch: internetcore,35.0,4.38E-5
Switch: internetgw,35.0,0.003504
Switch: edge2gw,40.0,0.0
Switch: edge2core,40.0,0.0
Switch: edge2edge1,40.0,0.0
Switch: edgecore,40.0,0.0
Switch: edgeedge2,40.0,0.0
Switch: edgecore,40.0,0.003584496
Switch: edgeedge1,40.0,0.0
Switch: edgecore,40.0,0.0
Switch: edgeedge3,40.0,0.002072504
Switch: edgegw,40.0,0.0
Switch: edgeedge3,40.0,0.001812504
Switch: edgeedge3,40.0,0.001757
Switch: edgeedge3,40.0,0.001771992
Switch: netcloudedge1,40.0,0.0
Switch: netcloudedge2,40.0,0.0
Switch: netcloudcore,40.0,0.0
Switch: netcloudedge2,40.0,0.0
Switch: netcloudcore,40.0,0.0
Switch: netcloudedge1,40.0,0.0
Switch: netcloudgw,40.0,0.0
Switch: inter2,40.0,0.003206
Switch: inter1,40.0,0.003206
Switch: inter2,40.0,0.0
Switch: inter1,40.0,0.0
Switch: inter1,40.0,0.0
Switch: internetedge,40.0,0.003206
Switch: internetcore,40.0,4.0075E-5
Switch: internetgw,40.0,0.003206
Switch: edge2gw,45.0,0.0
Switch: edge2core,45.0,0.0
Switch: edge2edge1,45.0,0.0
Switch: edgecore,45.0,0.0
Switch: edgeedge2,45.0,0.0
Switch: edgecore,45.0,0.003467488
Switch: edgeedge1,45.0,0.0
Switch: edgecore,45.0,0.0
Switch: edgeedge3,45.0,0.00214
Switch: edgegw,45.0,0.0
Switch: edgeedge3,45.0,0.001770496
Switch: edgeedge3,45.0,0.001743
Switch: edgeedge3,45.0,0.001696992
Switch: netcloudedge1,45.0,0.0
Switch: netcloudedge2,45.0,0.0
Switch: netcloudcore,45.0,0.0
Switch: netcloudedge2,45.0,0.0
Switch: netcloudcore,45.0,0.0
Switch: netcloudedge1,45.0,0.0
Switch: netcloudgw,45.0,0.0
Switch: inter2,45.0,0.003737
Switch: inter1,45.0,0.003737
Switch: inter2,45.0,0.0
Switch: inter1,45.0,0.0
Switch: inter1,45.0,0.0
Switch: internetedge,45.0,0.003737
Switch: internetcore,45.0,4.67125E-5
Switch: internetgw,45.0,0.003737
Switch: edge2gw,50.0,0.0
Switch: edge2core,50.0,0.0
Switch: edge2edge1,50.0,0.0
Switch: edgecore,50.0,0.0
Switch: edgeedge2,50.0,0.0
Switch: edgecore,50.0,0.002641496
Switch: edgeedge1,50.0,0.0
Switch: edgecore,50.0,0.0
Switch: edgeedge3,50.0,0.001647504
Switch: edgegw,50.0,0.0
Switch: edgeedge3,50.0,0.001324
Switch: edgeedge3,50.0,0.001488504
Switch: edgeedge3,50.0,0.001317496
Switch: netcloudedge1,50.0,0.0
Switch: netcloudedge2,50.0,0.0
Switch: netcloudcore,50.0,0.0
Switch: netcloudedge2,50.0,0.0
Switch: netcloudcore,50.0,0.0
Switch: netcloudedge1,50.0,0.0
Switch: netcloudgw,50.0,0.0
Switch: inter2,50.0,0.0032
Switch: inter1,50.0,0.0032
Switch: inter2,50.0,0.0
Switch: inter1,50.0,0.0
Switch: inter1,50.0,0.0
Switch: internetedge,50.0,0.0032
Switch: internetcore,50.0,4.0E-5
Switch: internetgw,50.0,0.0032
Switch: edge2gw,55.0,0.0
Switch: edge2core,55.0,0.0
Switch: edge2edge1,55.0,0.0
Switch: edgecore,55.0,0.0
Switch: edgeedge2,55.0,0.0
Switch: edgecore,55.0,0.003153496
Switch: edgeedge1,55.0,0.0
Switch: edgecore,55.0,0.0
Switch: edgeedge3,55.0,0.00165
Switch: edgegw,55.0,0.0
Switch: edgeedge3,55.0,0.001563504
Switch: edgeedge3,55.0,0.001597504
Switch: edgeedge3,55.0,0.001589992
Switch: netcloudedge1,55.0,0.0
Switch: netcloudedge2,55.0,0.0
Switch: netcloudcore,55.0,0.0
Switch: netcloudedge2,55.0,0.0
Switch: netcloudcore,55.0,0.0
Switch: netcloudedge1,55.0,0.0
Switch: netcloudgw,55.0,0.0
Switch: inter2,55.0,0.003593504
Switch: inter1,55.0,0.003593504
Switch: inter2,55.0,0.0
Switch: inter1,55.0,0.0
Switch: inter1,55.0,0.0
Switch: internetedge,55.0,0.003593504
Switch: internetcore,55.0,4.49188E-5
Switch: internetgw,55.0,0.003593504
Switch: edge2gw,60.0,0.0
Switch: edge2core,60.0,0.0
Switch: edge2edge1,60.0,0.0
Switch: edgecore,60.0,0.0
Switch: edgeedge2,60.0,0.0
Switch: edgecore,60.0,0.003034496
Switch: edgeedge1,60.0,0.0
Switch: edgecore,60.0,0.0
Switch: edgeedge3,60.0,0.0015
Switch: edgegw,60.0,0.0
Switch: edgeedge3,60.0,0.001526
Switch: edgeedge3,60.0,0.00155
Switch: edgeedge3,60.0,0.001508496
Switch: netcloudedge1,60.0,0.0
Switch: netcloudedge2,60.0,0.0
Switch: netcloudcore,60.0,0.0
Switch: netcloudedge2,60.0,0.0
Switch: netcloudcore,60.0,0.0
Switch: netcloudedge1,60.0,0.0
Switch: netcloudgw,60.0,0.0
Switch: inter2,60.0,0.003115504
Switch: inter1,60.0,0.003115504
Switch: inter2,60.0,0.0
Switch: inter1,60.0,0.0
Switch: inter1,60.0,0.0
Switch: internetedge,60.0,0.003115504
Switch: internetcore,60.0,3.89438E-5
Switch: internetgw,60.0,0.003115504
Switch: edge2gw,65.0,0.0
Switch: edge2core,65.0,0.0
Switch: edge2edge1,65.0,0.0
Switch: edgecore,65.0,0.0
Switch: edgeedge2,65.0,0.0
Switch: edgecore,65.0,0.003417496
Switch: edgeedge1,65.0,0.0
Switch: edgecore,65.0,0.0
Switch: edgeedge3,65.0,0.0017
Switch: edgegw,65.0,0.0
Switch: edgeedge3,65.0,0.001717496
Switch: edgeedge3,65.0,0.001692504
Switch: edgeedge3,65.0,0.0017
Switch: netcloudedge1,65.0,0.0
Switch: netcloudedge2,65.0,0.0
Switch: netcloudcore,65.0,0.0
Switch: netcloudedge2,65.0,0.0
Switch: netcloudcore,65.0,0.0
Switch: netcloudedge1,65.0,0.0
Switch: netcloudgw,65.0,0.0
Switch: inter2,65.0,0.003582504
Switch: inter1,65.0,0.003582504
Switch: inter2,65.0,0.0
Switch: inter1,65.0,0.0
Switch: inter1,65.0,0.0
Switch: internetedge,65.0,0.003582504
Switch: internetcore,65.0,4.47813E-5
Switch: internetgw,65.0,0.003582504
Switch: edge2gw,70.0,0.0
Switch: edge2core,70.0,0.0
Switch: edge2edge1,70.0,0.0
Switch: edgecore,70.0,0.0
Switch: edgeedge2,70.0,0.0
Switch: edgecore,70.0,0.002897504
Switch: edgeedge1,70.0,0.0
Switch: edgecore,70.0,0.0
Switch: edgeedge3,70.0,0.001481
Switch: edgegw,70.0,0.0
Switch: edgeedge3,70.0,0.001447504
Switch: edgeedge3,70.0,0.00145
Switch: edgeedge3,70.0,0.00145
Switch: netcloudedge1,70.0,0.0
Switch: netcloudedge2,70.0,0.0
Switch: netcloudcore,70.0,0.0
Switch: netcloudedge2,70.0,0.0
Switch: netcloudcore,70.0,0.0
Switch: netcloudedge1,70.0,0.0
Switch: netcloudgw,70.0,0.0
Switch: inter2,70.0,0.003309
Switch: inter1,70.0,0.003309
Switch: inter2,70.0,0.0
Switch: inter1,70.0,0.0
Switch: inter1,70.0,0.0
Switch: internetedge,70.0,0.003309
Switch: internetcore,70.0,4.13625E-5
Switch: internetgw,70.0,0.003309
Switch: edge2gw,75.0,0.0
Switch: edge2core,75.0,0.0
Switch: edge2edge1,75.0,0.0
Switch: edgecore,75.0,0.0
Switch: edgeedge2,75.0,0.0
Switch: edgecore,75.0,0.003255504
Switch: edgeedge1,75.0,0.0
Switch: edgecore,75.0,0.0
Switch: edgeedge3,75.0,0.001594496
Switch: edgegw,75.0,0.0
Switch: edgeedge3,75.0,0.00165
Switch: edgeedge3,75.0,0.0016
Switch: edgeedge3,75.0,0.001605504
Switch: netcloudedge1,75.0,0.0
Switch: netcloudedge2,75.0,0.0
Switch: netcloudcore,75.0,0.0
Switch: netcloudedge2,75.0,0.0
Switch: netcloudcore,75.0,0.0
Switch: netcloudedge1,75.0,0.0
Switch: netcloudgw,75.0,0.0
Switch: inter2,75.0,0.0033
Switch: inter1,75.0,0.0033
Switch: inter2,75.0,0.0
Switch: inter1,75.0,0.0
Switch: inter1,75.0,0.0
Switch: internetedge,75.0,0.0033
Switch: internetcore,75.0,4.125E-5
Switch: internetgw,75.0,0.0033
Switch: edge2gw,80.0,0.0
Switch: edge2core,80.0,0.0
Switch: edge2edge1,80.0,0.0
Switch: edgecore,80.0,0.0
Switch: edgeedge2,80.0,0.0
Switch: edgecore,80.0,0.003520504
Switch: edgeedge1,80.0,0.0
Switch: edgecore,80.0,0.0
Switch: edgeedge3,80.0,0.00175
Switch: edgegw,80.0,0.0
Switch: edgeedge3,80.0,0.001764504
Switch: edgeedge3,80.0,0.001759496
Switch: edgeedge3,80.0,0.001756
Switch: netcloudedge1,80.0,0.0
Switch: netcloudedge2,80.0,0.0
Switch: netcloudcore,80.0,0.0
Switch: netcloudedge2,80.0,0.0
Switch: netcloudcore,80.0,0.0
Switch: netcloudedge1,80.0,0.0
Switch: netcloudgw,80.0,0.0
Switch: inter2,80.0,0.00337
Switch: inter1,80.0,0.00337
Switch: inter2,80.0,0.0
Switch: inter1,80.0,0.0
Switch: inter1,80.0,0.0
Switch: internetedge,80.0,0.00337
Switch: internetcore,80.0,4.2125E-5
Switch: internetgw,80.0,0.00337
Switch: edge2gw,85.0,0.0
Switch: edge2core,85.0,0.0
Switch: edge2edge1,85.0,0.0
Switch: edgecore,85.0,0.0
Switch: edgeedge2,85.0,0.0
Switch: edgecore,85.0,0.0028
Switch: edgeedge1,85.0,0.0
Switch: edgecore,85.0,0.0
Switch: edgeedge3,85.0,0.001345504
Switch: edgegw,85.0,0.0
Switch: edgeedge3,85.0,0.001396
Switch: edgeedge3,85.0,0.001334496
Switch: edgeedge3,85.0,0.001404
Switch: netcloudedge1,85.0,0.0
Switch: netcloudedge2,85.0,0.0
Switch: netcloudcore,85.0,0.0
Switch: netcloudedge2,85.0,0.0
Switch: netcloudcore,85.0,0.0
Switch: netcloudedge1,85.0,0.0
Switch: netcloudgw,85.0,0.0
Switch: inter2,85.0,0.002845504
Switch: inter1,85.0,0.002845504
Switch: inter2,85.0,0.0
Switch: inter1,85.0,0.0
Switch: inter1,85.0,0.0
Switch: internetedge,85.0,0.002845504
Switch: internetcore,85.0,3.55688E-5
Switch: internetgw,85.0,0.002845504
Switch: edge2gw,90.0,0.0
Switch: edge2core,90.0,0.0
Switch: edge2edge1,90.0,0.0
Switch: edgecore,90.0,0.0
Switch: edgeedge2,90.0,0.0
Switch: edgecore,90.0,0.003612504
Switch: edgeedge1,90.0,0.0
Switch: edgecore,90.0,0.0
Switch: edgeedge3,90.0,0.00178
Switch: edgegw,90.0,0.0
Switch: edgeedge3,90.0,0.001802496
Switch: edgeedge3,90.0,0.001787496
Switch: edgeedge3,90.0,0.001810008
Switch: netcloudedge1,90.0,0.0
Switch: netcloudedge2,90.0,0.0
Switch: netcloudcore,90.0,0.0
Switch: netcloudedge2,90.0,0.0
Switch: netcloudcore,90.0,0.0
Switch: netcloudedge1,90.0,0.0
Switch: netcloudgw,90.0,0.0
Switch: inter2,90.0,0.003257504
Switch: inter1,90.0,0.003257504
Switch: inter2,90.0,0.0
Switch: inter1,90.0,0.0
Switch: inter1,90.0,0.0
Switch: internetedge,90.0,0.003257504
Switch: internetcore,90.0,4.07188E-5
Switch: internetgw,90.0,0.003257504
Switch: edge2gw,95.0,0.0
Switch: edge2core,95.0,0.0
Switch: edge2edge1,95.0,0.0
Switch: edgecore,95.0,0.0
Switch: edgeedge2,95.0,0.0
Switch: edgecore,95.0,0.003030504
Switch: edgeedge1,95.0,0.0
Switch: edgecore,95.0,0.0
Switch: edgeedge3,95.0,0.00175
Switch: edgegw,95.0,0.0
Switch: edgeedge3,95.0,0.001483504
Switch: edgeedge3,95.0,0.001731496
Switch: edgeedge3,95.0,0.001547
Switch: netcloudedge1,95.0,0.0
Switch: netcloudedge2,95.0,0.0
Switch: netcloudcore,95.0,0.0
Switch: netcloudedge2,95.0,0.0
Switch: netcloudcore,95.0,0.0
Switch: netcloudedge1,95.0,0.0
Switch: netcloudgw,95.0,0.0
Switch: inter2,95.0,0.003465496
Switch: inter1,95.0,0.003465496
Switch: inter2,95.0,0.0
Switch: inter1,95.0,0.0
Switch: inter1,95.0,0.0
Switch: internetedge,95.0,0.003465496
Switch: internetcore,95.0,4.33187E-5
Switch: internetgw,95.0,0.003465496
Switch: edge2gw,100.0,0.0
Switch: edge2core,100.0,0.0
Switch: edge2edge1,100.0,0.0
Switch: edgecore,100.0,0.0
Switch: edgeedge2,100.0,0.0
Switch: edgecore,100.0,0.003099504
Switch: edgeedge1,100.0,0.0
Switch: edgecore,100.0,0.0
Switch: edgeedge3,100.0,0.00155
Switch: edgegw,100.0,0.0
Switch: edgeedge3,100.0,0.001549504
Switch: edgeedge3,100.0,0.0015
Switch: edgeedge3,100.0,0.00155
Switch: netcloudedge1,100.0,0.0
Switch: netcloudedge2,100.0,0.0
Switch: netcloudcore,100.0,0.0
Switch: netcloudedge2,100.0,0.0
Switch: netcloudcore,100.0,0.0
Switch: netcloudedge1,100.0,0.0
Switch: netcloudgw,100.0,0.0
Switch: inter2,100.0,0.0033
Switch: inter1,100.0,0.0033
Switch: inter2,100.0,0.0
Switch: inter1,100.0,0.0
Switch: inter1,100.0,0.0
Switch: internetedge,100.0,0.0033
Switch: internetcore,100.0,4.125E-5
Switch: internetgw,100.0,0.0033
Switch: edge2gw,105.0,0.0
Switch: edge2core,105.0,0.0
Switch: edge2edge1,105.0,0.0
Switch: edgecore,105.0,0.0
Switch: edgeedge2,105.0,0.0
Switch: edgecore,105.0,0.003333504
Switch: edgeedge1,105.0,0.0
Switch: edgecore,105.0,0.0
Switch: edgeedge3,105.0,0.001707
Switch: edgegw,105.0,0.0
Switch: edgeedge3,105.0,0.001683504
Switch: edgeedge3,105.0,0.001693
Switch: edgeedge3,105.0,0.00165
Switch: netcloudedge1,105.0,0.0
Switch: netcloudedge2,105.0,0.0
Switch: netcloudcore,105.0,0.0
Switch: netcloudedge2,105.0,0.0
Switch: netcloudcore,105.0,0.0
Switch: netcloudedge1,105.0,0.0
Switch: netcloudgw,105.0,0.0
Switch: inter2,105.0,0.003373496
Switch: inter1,105.0,0.003373496
Switch: inter2,105.0,0.0
Switch: inter1,105.0,0.0
Switch: inter1,105.0,0.0
Switch: internetedge,105.0,0.003373496
Switch: internetcore,105.0,4.21687E-5
Switch: internetgw,105.0,0.003373496
Switch: edge2gw,110.0,0.0
Switch: edge2core,110.0,0.0
Switch: edge2edge1,110.0,0.0
Switch: edgecore,110.0,0.0
Switch: edgeedge2,110.0,0.0
Switch: edgecore,110.0,0.003453
Switch: edgeedge1,110.0,0.0
Switch: edgecore,110.0,0.0
Switch: edgeedge3,110.0,0.001744
Switch: edgegw,110.0,0.0
Switch: edgeedge3,110.0,0.001721496
Switch: edgeedge3,110.0,0.00177
Switch: edgeedge3,110.0,0.001731504
Switch: netcloudedge1,110.0,0.0
Switch: netcloudedge2,110.0,0.0
Switch: netcloudcore,110.0,0.0
Switch: netcloudedge2,110.0,0.0
Switch: netcloudcore,110.0,0.0
Switch: netcloudedge1,110.0,0.0
Switch: netcloudgw,110.0,0.0
Switch: inter2,110.0,0.003302496
Switch: inter1,110.0,0.003302496
Switch: inter2,110.0,0.0
Switch: inter1,110.0,0.0
Switch: inter1,110.0,0.0
Switch: internetedge,110.0,0.003302496
Switch: internetcore,110.0,4.12812E-5
Switch: internetgw,110.0,0.003302496
Switch: edge2gw,115.0,0.0
Switch: edge2core,115.0,0.0
Switch: edge2edge1,115.0,0.0
Switch: edgecore,115.0,0.0
Switch: edgeedge2,115.0,0.0
Switch: edgecore,115.0,0.003179504
Switch: edgeedge1,115.0,0.0
Switch: edgecore,115.0,0.0
Switch: edgeedge3,115.0,0.00175
Switch: edgegw,115.0,0.0
Switch: edgeedge3,115.0,0.001616008
Switch: edgeedge3,115.0,0.001663
Switch: edgeedge3,115.0,0.001563496
Switch: netcloudedge1,115.0,0.0
Switch: netcloudedge2,115.0,0.0
Switch: netcloudcore,115.0,0.0
Switch: netcloudedge2,115.0,0.0
Switch: netcloudcore,115.0,0.0
Switch: netcloudedge1,115.0,0.0
Switch: netcloudgw,115.0,0.0
Switch: inter2,115.0,0.003347496
Switch: inter1,115.0,0.003347496
Switch: inter2,115.0,0.0
Switch: inter1,115.0,0.0
Switch: inter1,115.0,0.0
Switch: internetedge,115.0,0.003347496
Switch: internetcore,115.0,4.18437E-5
Switch: internetgw,115.0,0.003347496
Switch: edge2gw,120.0,0.0
Switch: edge2core,120.0,0.0
Switch: edge2edge1,120.0,0.0
Switch: edgecore,120.0,0.0
Switch: edgeedge2,120.0,0.0
Switch: edgecore,120.0,0.003298504
Switch: edgeedge1,120.0,0.0
Switch: edgecore,120.0,0.0
Switch: edgeedge3,120.0,0.001588
Switch: edgegw,120.0,0.0
Switch: edgeedge3,120.0,0.001649008
Switch: edgeedge3,120.0,0.001561496
Switch: edgeedge3,120.0,0.001649496
Switch: netcloudedge1,120.0,0.0
Switch: netcloudedge2,120.0,0.0
Switch: netcloudcore,120.0,0.0
Switch: netcloudedge2,120.0,0.0
Switch: netcloudcore,120.0,0.0
Switch: netcloudedge1,120.0,0.0
Switch: netcloudgw,120.0,0.0
Switch: inter2,120.0,0.003402
Switch: inter1,120.0,0.003402
Switch: inter2,120.0,0.0
Switch: inter1,120.0,0.0
Switch: inter1,120.0,0.0
Switch: internetedge,120.0,0.003402
Switch: internetcore,120.0,4.2525E-5
Switch: internetgw,120.0,0.003402
Switch: edge2gw,125.0,0.0
Switch: edge2core,125.0,0.0
Switch: edge2edge1,125.0,0.0
Switch: edgecore,125.0,0.0
Switch: edgeedge2,125.0,0.0
Switch: edgecore,125.0,0.003127
Switch: edgeedge1,125.0,0.0
Switch: edgecore,125.0,0.0
Switch: edgeedge3,125.0,0.00155
Switch: edgegw,125.0,0.0
Switch: edgeedge3,125.0,0.001556504
Switch: edgeedge3,125.0,0.001483496
Switch: edgeedge3,125.0,0.001570496
Switch: netcloudedge1,125.0,0.0
Switch: netcloudedge2,125.0,0.0
Switch: netcloudcore,125.0,0.0
Switch: netcloudedge2,125.0,0.0
Switch: netcloudcore,125.0,0.0
Switch: netcloudedge1,125.0,0.0
Switch: netcloudgw,125.0,0.0
Switch: inter2,125.0,0.00296
Switch: inter1,125.0,0.00296
Switch: inter2,125.0,0.0
Switch: inter1,125.0,0.0
Switch: inter1,125.0,0.0
Switch: internetedge,125.0,0.00296
Switch: internetcore,125.0,3.7E-5
Switch: internetgw,125.0,0.00296
Switch: edge2gw,130.0,0.0
Switch: edge2core,130.0,0.0
Switch: edge2edge1,130.0,0.0
Switch: edgecore,130.0,0.0
Switch: edgeedge2,130.0,0.0
Switch: edgecore,130.0,0.002410512
Switch: edgeedge1,130.0,0.0
Switch: edgecore,130.0,0.0
Switch: edgeedge3,130.0,0.00135
Switch: edgegw,130.0,0.0
Switch: edgeedge3,130.0,0.001245496
Switch: edgeedge3,130.0,0.001328992
Switch: edgeedge3,130.0,0.001165016
Switch: netcloudedge1,130.0,0.0
Switch: netcloudedge2,130.0,0.0
Switch: netcloudcore,130.0,0.0
Switch: netcloudedge2,130.0,0.0
Switch: netcloudcore,130.0,0.0
Switch: netcloudedge1,130.0,0.0
Switch: netcloudgw,130.0,0.0
Switch: inter2,130.0,0.00295
Switch: inter1,130.0,0.00295
Switch: inter2,130.0,0.0
Switch: inter1,130.0,0.0
Switch: inter1,130.0,0.0
Switch: internetedge,130.0,0.00295
Switch: internetcore,130.0,3.6875E-5
Switch: internetgw,130.0,0.00295
Switch: edge2gw,135.0,0.0
Switch: edge2core,135.0,0.0
Switch: edge2edge1,135.0,0.0
Switch: edgecore,135.0,0.0
Switch: edgeedge2,135.0,0.0
Switch: edgecore,135.0,0.0033
Switch: edgeedge1,135.0,0.0
Switch: edgecore,135.0,0.0
Switch: edgeedge3,135.0,0.0017
Switch: edgegw,135.0,0.0
Switch: edgeedge3,135.0,0.001631496
Switch: edgeedge3,135.0,0.0017
Switch: edgeedge3,135.0,0.001668504
Switch: netcloudedge1,135.0,0.0
Switch: netcloudedge2,135.0,0.0
Switch: netcloudcore,135.0,0.0
Switch: netcloudedge2,135.0,0.0
Switch: netcloudcore,135.0,0.0
Switch: netcloudedge1,135.0,0.0
Switch: netcloudgw,135.0,0.0
Switch: inter2,135.0,0.003
Switch: inter1,135.0,0.003
Switch: inter2,135.0,0.0
Switch: inter1,135.0,0.0
Switch: inter1,135.0,0.0
Switch: internetedge,135.0,0.003
Switch: internetcore,135.0,3.75E-5
Switch: internetgw,135.0,0.003
Switch: edge2gw,140.0,0.0
Switch: edge2core,140.0,0.0
Switch: edge2edge1,140.0,0.0
Switch: edgecore,140.0,0.0
Switch: edgeedge2,140.0,0.0
Switch: edgecore,140.0,0.00335
Switch: edgeedge1,140.0,0.0
Switch: edgecore,140.0,0.0
Switch: edgeedge3,140.0,0.00168
Switch: edgegw,140.0,0.0
Switch: edgeedge3,140.0,0.001708496
Switch: edgeedge3,140.0,0.001661504
Switch: edgeedge3,140.0,0.001641504
Switch: netcloudedge1,140.0,0.0
Switch: netcloudedge2,140.0,0.0
Switch: netcloudcore,140.0,0.0
Switch: netcloudedge2,140.0,0.0
Switch: netcloudcore,140.0,0.0
Switch: netcloudedge1,140.0,0.0
Switch: netcloudgw,140.0,0.0
Switch: inter2,140.0,0.0036
Switch: inter1,140.0,0.0036
Switch: inter2,140.0,0.0
Switch: inter1,140.0,0.0
Switch: inter1,140.0,0.0
Switch: internetedge,140.0,0.0036
Switch: internetcore,140.0,4.5E-5
Switch: internetgw,140.0,0.0036
Switch: edge2gw,145.0,0.0
Switch: edge2core,145.0,0.0
Switch: edge2edge1,145.0,0.0
Switch: edgecore,145.0,0.0
Switch: edgeedge2,145.0,0.0
Switch: edgecore,145.0,0.003674
Switch: edgeedge1,145.0,0.0
Switch: edgecore,145.0,0.0
Switch: edgeedge3,145.0,0.001776
Switch: edgegw,145.0,0.0
Switch: edgeedge3,145.0,0.001824
Switch: edgeedge3,145.0,0.00178
Switch: edgeedge3,145.0,0.00185
Switch: netcloudedge1,145.0,0.0
Switch: netcloudedge2,145.0,0.0
Switch: netcloudcore,145.0,0.0
Switch: netcloudedge2,145.0,0.0
Switch: netcloudcore,145.0,0.0
Switch: netcloudedge1,145.0,0.0
Switch: netcloudgw,145.0,0.0
Switch: inter2,145.0,0.00342
Switch: inter1,145.0,0.00342
Switch: inter2,145.0,0.0
Switch: inter1,145.0,0.0
Switch: inter1,145.0,0.0
Switch: internetedge,145.0,0.00342
Switch: internetcore,145.0,4.275E-5
Switch: internetgw,145.0,0.00342
Switch: edge2gw,150.0,0.0
Switch: edge2core,150.0,0.0
Switch: edge2edge1,150.0,0.0
Switch: edgecore,150.0,0.0
Switch: edgeedge2,150.0,0.0
Switch: edgecore,150.0,0.00285
Switch: edgeedge1,150.0,0.0
Switch: edgecore,150.0,0.0
Switch: edgeedge3,150.0,0.0014
Switch: edgegw,150.0,0.0
Switch: edgeedge3,150.0,0.001398504
Switch: edgeedge3,150.0,0.0014
Switch: edgeedge3,150.0,0.001451496
Switch: netcloudedge1,150.0,0.0
Switch: netcloudedge2,150.0,0.0
Switch: netcloudcore,150.0,0.0
Switch: netcloudedge2,150.0,0.0
Switch: netcloudcore,150.0,0.0
Switch: netcloudedge1,150.0,0.0
Switch: netcloudgw,150.0,0.0
Switch: inter2,150.0,0.0029
Switch: inter1,150.0,0.0029
Switch: inter2,150.0,0.0
Switch: inter1,150.0,0.0
Switch: inter1,150.0,0.0
Switch: internetedge,150.0,0.0029
Switch: internetcore,150.0,3.625E-5
Switch: internetgw,150.0,0.0029
Switch: edge2gw,155.0,0.0
Switch: edge2core,155.0,0.0
Switch: edge2edge1,155.0,0.0
Switch: edgecore,155.0,0.0
Switch: edgeedge2,155.0,0.0
Switch: edgecore,155.0,0.003159992
Switch: edgeedge1,155.0,0.0
Switch: edgecore,155.0,0.0
Switch: edgeedge3,155.0,0.00149
Switch: edgegw,155.0,0.0
Switch: edgeedge3,155.0,0.001603496
Switch: edgeedge3,155.0,0.00155
Switch: edgeedge3,155.0,0.001556496
Switch: netcloudedge1,155.0,0.0
Switch: netcloudedge2,155.0,0.0
Switch: netcloudcore,155.0,0.0
Switch: netcloudedge2,155.0,0.0
Switch: netcloudcore,155.0,0.0
Switch: netcloudedge1,155.0,0.0
Switch: netcloudgw,155.0,0.0
Switch: inter2,155.0,0.00305
Switch: inter1,155.0,0.00305
Switch: inter2,155.0,0.0
Switch: inter1,155.0,0.0
Switch: inter1,155.0,0.0
Switch: internetedge,155.0,0.00305
Switch: internetcore,155.0,3.8125E-5
Switch: internetgw,155.0,0.00305
Switch: edge2gw,160.0,0.0
Switch: edge2core,160.0,0.0
Switch: edge2edge1,160.0,0.0
Switch: edgecore,160.0,0.0
Switch: edgeedge2,160.0,0.0
Switch: edgecore,160.0,0.003474
Switch: edgeedge1,160.0,0.0
Switch: edgecore,160.0,0.0
Switch: edgeedge3,160.0,0.00185
Switch: edgegw,160.0,0.0
Switch: edgeedge3,160.0,0.00175
Switch: edgeedge3,160.0,0.001765008
Switch: edgeedge3,160.0,0.001724
Switch: netcloudedge1,160.0,0.0
Switch: netcloudedge2,160.0,0.0
Switch: netcloudcore,160.0,0.0
Switch: netcloudedge2,160.0,0.0
Switch: netcloudcore,160.0,0.0
Switch: netcloudedge1,160.0,0.0
Switch: netcloudgw,160.0,0.0
Switch: inter2,160.0,0.003567496
Switch: inter1,160.0,0.003567496
Switch: inter2,160.0,0.0
Switch: inter1,160.0,0.0
Switch: inter1,160.0,0.0
Switch: internetedge,160.0,0.003567496
Switch: internetcore,160.0,4.45937E-5
Switch: internetgw,160.0,0.003567496
Switch: edge2gw,165.0,0.0
Switch: edge2core,165.0,0.0
Switch: edge2edge1,165.0,0.0
Switch: edgecore,165.0,0.0
Switch: edgeedge2,165.0,0.0
Switch: edgecore,165.0,0.00360148
Switch: edgeedge1,165.0,0.0
Switch: edgecore,165.0,0.0
Switch: edgeedge3,165.0,0.001840504
Switch: edgegw,165.0,0.0
Switch: edgeedge3,165.0,0.001802984
Switch: edgeedge3,165.0,0.0019
Switch: edgeedge3,165.0,0.001798496
Switch: netcloudedge1,165.0,0.0
Switch: netcloudedge2,165.0,0.0
Switch: netcloudcore,165.0,0.0
Switch: netcloudedge2,165.0,0.0
Switch: netcloudcore,165.0,0.0
Switch: netcloudedge1,165.0,0.0
Switch: netcloudgw,165.0,0.0
Switch: inter2,165.0,0.003738496
Switch: inter1,165.0,0.003738496
Switch: inter2,165.0,0.0
Switch: inter1,165.0,0.0
Switch: inter1,165.0,0.0
Switch: internetedge,165.0,0.003738496
Switch: internetcore,165.0,4.67312E-5
Switch: internetgw,165.0,0.003738496
Switch: edge2gw,170.0,0.0
Switch: edge2core,170.0,0.0
Switch: edge2edge1,170.0,0.0
Switch: edgecore,170.0,0.0
Switch: edgeedge2,170.0,0.0
Switch: edgecore,170.0,0.00215
Switch: edgeedge1,170.0,0.0
Switch: edgecore,170.0,0.0
Switch: edgeedge3,170.0,0.001
Switch: edgegw,170.0,0.0
Switch: edgeedge3,170.0,0.0011
Switch: edgeedge3,170.0,9.5E-4
Switch: edgeedge3,170.0,0.00105
Switch: netcloudedge1,170.0,0.0
Switch: netcloudedge2,170.0,0.0
Switch: netcloudcore,170.0,0.0
Switch: netcloudedge2,170.0,0.0
Switch: netcloudcore,170.0,0.0
Switch: netcloudedge1,170.0,0.0
Switch: netcloudgw,170.0,0.0
Switch: inter2,170.0,0.001881
Switch: inter1,170.0,0.001881
Switch: inter2,170.0,0.0
Switch: inter1,170.0,0.0
Switch: inter1,170.0,0.0
Switch: internetedge,170.0,0.001881
Switch: internetcore,170.0,2.35125E-5
Switch: internetgw,170.0,0.001881
Switch: edge2gw,175.0,0.0
Switch: edge2core,175.0,0.0
Switch: edge2edge1,175.0,0.0
Switch: edgecore,175.0,0.0
Switch: edgeedge2,175.0,0.0
Switch: edgecore,175.0,0.003796984
Switch: edgeedge1,175.0,0.0
Switch: edgecore,175.0,0.0
Switch: edgeedge3,175.0,0.002028496
Switch: edgegw,175.0,0.0
Switch: edgeedge3,175.0,0.001887496
Switch: edgeedge3,175.0,0.002019504
Switch: edgeedge3,175.0,0.001909488
Switch: netcloudedge1,175.0,0.0
Switch: netcloudedge2,175.0,0.0
Switch: netcloudcore,175.0,0.0
Switch: netcloudedge2,175.0,0.0
Switch: netcloudcore,175.0,0.0
Switch: netcloudedge1,175.0,0.0
Switch: netcloudgw,175.0,0.0
Switch: inter2,175.0,0.003835496
Switch: inter1,175.0,0.003835496
Switch: inter2,175.0,0.0
Switch: inter1,175.0,0.0
Switch: inter1,175.0,0.0
Switch: internetedge,175.0,0.003835496
Switch: internetcore,175.0,4.79437E-5
Switch: internetgw,175.0,0.003835496
Switch: edge2gw,180.0,0.0
Switch: edge2core,180.0,0.0
Switch: edge2edge1,180.0,0.0
Switch: edgecore,180.0,0.0
Switch: edgeedge2,180.0,0.0
Switch: edgecore,180.0,0.003141008
Switch: edgeedge1,180.0,0.0
Switch: edgecore,180.0,0.0
Switch: edgeedge3,180.0,0.00165
Switch: edgegw,180.0,0.0
Switch: edgeedge3,180.0,0.001593
Switch: edgeedge3,180.0,0.00168
Switch: edgeedge3,180.0,0.001548008
Switch: netcloudedge1,180.0,0.0
Switch: netcloudedge2,180.0,0.0
Switch: netcloudcore,180.0,0.0
Switch: netcloudedge2,180.0,0.0
Switch: netcloudcore,180.0,0.0
Switch: netcloudedge1,180.0,0.0
Switch: netcloudgw,180.0,0.0
Switch: inter2,180.0,0.00347
Switch: inter1,180.0,0.00347
Switch: inter2,180.0,0.0
Switch: inter1,180.0,0.0
Switch: inter1,180.0,0.0
Switch: internetedge,180.0,0.00347
Switch: internetcore,180.0,4.3375E-5
Switch: internetgw,180.0,0.00347
Switch: edge2gw,185.0,0.0
Switch: edge2core,185.0,0.0
Switch: edge2edge1,185.0,0.0
Switch: edgecore,185.0,0.0
Switch: edgeedge2,185.0,0.0
Switch: edgecore,185.0,0.002783992
Switch: edgeedge1,185.0,0.0
Switch: edgecore,185.0,0.0
Switch: edgeedge3,185.0,0.00139
Switch: edgegw,185.0,0.0
Switch: edgeedge3,185.0,0.001374496
Switch: edgeedge3,185.0,0.001325
Switch: edgeedge3,185.0,0.001409496
Switch: netcloudedge1,185.0,0.0
Switch: netcloudedge2,185.0,0.0
Switch: netcloudcore,185.0,0.0
Switch: netcloudedge2,185.0,0.0
Switch: netcloudcore,185.0,0.0
Switch: netcloudedge1,185.0,0.0
Switch: netcloudgw,185.0,0.0
Switch: inter2,185.0,0.002921008
Switch: inter1,185.0,0.002921008
Switch: inter2,185.0,0.0
Switch: inter1,185.0,0.0
Switch: inter1,185.0,0.0
Switch: internetedge,185.0,0.002921008
Switch: internetcore,185.0,3.65126E-5
Switch: internetgw,185.0,0.002921008
Switch: edge2gw,190.0,0.0
Switch: edge2core,190.0,0.0
Switch: edge2edge1,190.0,0.0
Switch: edgecore,190.0,0.0
Switch: edgeedge2,190.0,0.0
Switch: edgecore,190.0,0.0025
Switch: edgeedge1,190.0,0.0
Switch: edgecore,190.0,0.0
Switch: edgeedge3,190.0,0.0013
Switch: edgegw,190.0,0.0
Switch: edgeedge3,190.0,0.00125
Switch: edgeedge3,190.0,0.00135
Switch: edgeedge3,190.0,0.00125
Switch: netcloudedge1,190.0,0.0
Switch: netcloudedge2,190.0,0.0
Switch: netcloudcore,190.0,0.0
Switch: netcloudedge2,190.0,0.0
Switch: netcloudcore,190.0,0.0
Switch: netcloudedge1,190.0,0.0
Switch: netcloudgw,190.0,0.0
Switch: inter2,190.0,0.0027
Switch: inter1,190.0,0.0027
Switch: inter2,190.0,0.0
Switch: inter1,190.0,0.0
Switch: inter1,190.0,0.0
Switch: internetedge,190.0,0.0027
Switch: internetcore,190.0,3.375E-5
Switch: internetgw,190.0,0.0027
Switch: edge2gw,195.0,0.0
Switch: edge2core,195.0,0.0
Switch: edge2edge1,195.0,0.0
Switch: edgecore,195.0,0.0
Switch: edgeedge2,195.0,0.0
Switch: edgecore,195.0,0.0026
Switch: edgeedge1,195.0,0.0
Switch: edgecore,195.0,0.0
Switch: edgeedge3,195.0,0.001278504
Switch: edgegw,195.0,0.0
Switch: edgeedge3,195.0,0.001298504
Switch: edgeedge3,195.0,0.00125
Switch: edgeedge3,195.0,0.001301496
Switch: netcloudedge1,195.0,0.0
Switch: netcloudedge2,195.0,0.0
Switch: netcloudcore,195.0,0.0
Switch: netcloudedge2,195.0,0.0
Switch: netcloudcore,195.0,0.0
Switch: netcloudedge1,195.0,0.0
Switch: netcloudgw,195.0,0.0
Switch: inter2,195.0,0.00237
Switch: inter1,195.0,0.00237
Switch: inter2,195.0,0.0
Switch: inter1,195.0,0.0
Switch: inter1,195.0,0.0
Switch: internetedge,195.0,0.00237
Switch: internetcore,195.0,2.9625E-5
Switch: internetgw,195.0,0.00237
Switch: edge2gw,200.0,0.0
Switch: edge2core,200.0,0.0
Switch: edge2edge1,200.0,0.0
Switch: edgecore,200.0,0.0
Switch: edgeedge2,200.0,0.0
Switch: edgecore,200.0,0.002101504
Switch: edgeedge1,200.0,0.0
Switch: edgecore,200.0,0.0
Switch: edgeedge3,200.0,0.0011
Switch: edgegw,200.0,0.0
Switch: edgeedge3,200.0,0.00105
Switch: edgeedge3,200.0,0.0011
Switch: edgeedge3,200.0,0.001051504
Switch: netcloudedge1,200.0,0.0
Switch: netcloudedge2,200.0,0.0
Switch: netcloudcore,200.0,0.0
Switch: netcloudedge2,200.0,0.0
Switch: netcloudcore,200.0,0.0
Switch: netcloudedge1,200.0,0.0
Switch: netcloudgw,200.0,0.0
Switch: inter2,200.0,0.0024
Switch: inter1,200.0,0.0024
Switch: inter2,200.0,0.0
Switch: inter1,200.0,0.0
Switch: inter1,200.0,0.0
Switch: internetedge,200.0,0.0024
Switch: internetcore,200.0,3.0E-5
Switch: internetgw,200.0,0.0024
Switch: edge2gw,205.0,0.0
Switch: edge2core,205.0,0.0
Switch: edge2edge1,205.0,0.0
Switch: edgecore,205.0,0.0
Switch: edgeedge2,205.0,0.0
Switch: edgecore,205.0,0.003791496
Switch: edgeedge1,205.0,0.0
Switch: edgecore,205.0,0.0
Switch: edgeedge3,205.0,0.001695504
Switch: edgegw,205.0,0.0
Switch: edgeedge3,205.0,0.001884496
Switch: edgeedge3,205.0,0.0018
Switch: edgeedge3,205.0,0.001907
Switch: netcloudedge1,205.0,0.0
Switch: netcloudedge2,205.0,0.0
Switch: netcloudcore,205.0,0.0
Switch: netcloudedge2,205.0,0.0
Switch: netcloudcore,205.0,0.0
Switch: netcloudedge1,205.0,0.0
Switch: netcloudgw,205.0,0.0
Switch: inter2,205.0,0.003451496
Switch: inter1,205.0,0.003451496
Switch: inter2,205.0,0.0
Switch: inter1,205.0,0.0
Switch: inter1,205.0,0.0
Switch: internetedge,205.0,0.003451496
Switch: internetcore,205.0,4.31437E-5
Switch: internetgw,205.0,0.003451496
Switch: edge2gw,210.0,0.0
Switch: edge2core,210.0,0.0
Switch: edge2edge1,210.0,0.0
Switch: edgecore,210.0,0.0
Switch: edgeedge2,210.0,0.0
Switch: edgecore,210.0,0.004758992
Switch: edgeedge1,210.0,0.0
Switch: edgecore,210.0,0.0
Switch: edgeedge3,210.0,0.00235
Switch: edgegw,210.0,0.0
Switch: edgeedge3,210.0,0.002403
Switch: edgeedge3,210.0,0.002295496
Switch: edgeedge3,210.0,0.002355992
Switch: netcloudedge1,210.0,0.0
Switch: netcloudedge2,210.0,0.0
Switch: netcloudcore,210.0,0.0
Switch: netcloudedge2,210.0,0.0
Switch: netcloudcore,210.0,0.0
Switch: netcloudedge1,210.0,0.0
Switch: netcloudgw,210.0,0.0
Switch: inter2,210.0,0.00372
Switch: inter1,210.0,0.00372
Switch: inter2,210.0,0.0
Switch: inter1,210.0,0.0
Switch: inter1,210.0,0.0
Switch: internetedge,210.0,0.00372
Switch: internetcore,210.0,4.65E-5
Switch: internetgw,210.0,0.00372
Switch: edge2gw,215.0,0.0
Switch: edge2core,215.0,0.0
Switch: edge2edge1,215.0,0.0
Switch: edgecore,215.0,0.0
Switch: edgeedge2,215.0,0.0
Switch: edgecore,215.0,0.00374
Switch: edgeedge1,215.0,0.0
Switch: edgecore,215.0,0.0
Switch: edgeedge3,215.0,0.001916
Switch: edgegw,215.0,0.0
Switch: edgeedge3,215.0,0.001855504
Switch: edgeedge3,215.0,0.001857504
Switch: edgeedge3,215.0,0.001884496
Switch: netcloudedge1,215.0,0.0
Switch: netcloudedge2,215.0,0.0
Switch: netcloudcore,215.0,0.0
Switch: netcloudedge2,215.0,0.0
Switch: netcloudcore,215.0,0.0
Switch: netcloudedge1,215.0,0.0
Switch: netcloudgw,215.0,0.0
Switch: inter2,215.0,0.003948
Switch: inter1,215.0,0.003948
Switch: inter2,215.0,0.0
Switch: inter1,215.0,0.0
Switch: inter1,215.0,0.0
Switch: internetedge,215.0,0.003948
Switch: internetcore,215.0,4.935E-5
Switch: internetgw,215.0,0.003948
Switch: edge2gw,220.0,0.0
Switch: edge2core,220.0,0.0
Switch: edge2edge1,220.0,0.0
Switch: edgecore,220.0,0.0
Switch: edgeedge2,220.0,0.0
Switch: edgecore,220.0,0.002820992
Switch: edgeedge1,220.0,0.0
Switch: edgecore,220.0,0.0
Switch: edgeedge3,220.0,0.0015
Switch: edgegw,220.0,0.0
Switch: edgeedge3,220.0,0.001410496
Switch: edgeedge3,220.0,0.00155
Switch: edgeedge3,220.0,0.001410496
Switch: netcloudedge1,220.0,0.0
Switch: netcloudedge2,220.0,0.0
Switch: netcloudcore,220.0,0.0
Switch: netcloudedge2,220.0,0.0
Switch: netcloudcore,220.0,0.0
Switch: netcloudedge1,220.0,0.0
Switch: netcloudgw,220.0,0.0
Switch: inter2,220.0,0.0039
Switch: inter1,220.0,0.0039
Switch: inter2,220.0,0.0
Switch: inter1,220.0,0.0
Switch: inter1,220.0,0.0
Switch: internetedge,220.0,0.0039
Switch: internetcore,220.0,4.875E-5
Switch: internetgw,220.0,0.0039
Switch: edge2gw,225.0,0.0
Switch: edge2core,225.0,0.0
Switch: edge2edge1,225.0,0.0
Switch: edgecore,225.0,0.0
Switch: edgeedge2,225.0,0.0
Switch: edgecore,225.0,0.002969496
Switch: edgeedge1,225.0,0.0
Switch: edgecore,225.0,0.0
Switch: edgeedge3,225.0,0.001585
Switch: edgegw,225.0,0.0
Switch: edgeedge3,225.0,0.001504496
Switch: edgeedge3,225.0,0.0016
Switch: edgeedge3,225.0,0.001465
Switch: netcloudedge1,225.0,0.0
Switch: netcloudedge2,225.0,0.0
Switch: netcloudcore,225.0,0.0
Switch: netcloudedge2,225.0,0.0
Switch: netcloudcore,225.0,0.0
Switch: netcloudedge1,225.0,0.0
Switch: netcloudgw,225.0,0.0
Switch: inter2,225.0,0.00315
Switch: inter1,225.0,0.00315
Switch: inter2,225.0,0.0
Switch: inter1,225.0,0.0
Switch: inter1,225.0,0.0
Switch: internetedge,225.0,0.00315
Switch: internetcore,225.0,3.9375E-5
Switch: internetgw,225.0,0.00315
Switch: edge2gw,230.0,0.0
Switch: edge2core,230.0,0.0
Switch: edge2edge1,230.0,0.0
Switch: edgecore,230.0,0.0
Switch: edgeedge2,230.0,0.0
Switch: edgecore,230.0,0.003205496
Switch: edgeedge1,230.0,0.0
Switch: edgecore,230.0,0.0
Switch: edgeedge3,230.0,0.001608504
Switch: edgegw,230.0,0.0
Switch: edgeedge3,230.0,0.001575496
Switch: edgeedge3,230.0,0.00165
Switch: edgeedge3,230.0,0.00163
Switch: netcloudedge1,230.0,0.0
Switch: netcloudedge2,230.0,0.0
Switch: netcloudcore,230.0,0.0
Switch: netcloudedge2,230.0,0.0
Switch: netcloudcore,230.0,0.0
Switch: netcloudedge1,230.0,0.0
Switch: netcloudgw,230.0,0.0
Switch: inter2,230.0,0.003382504
Switch: inter1,230.0,0.003382504
Switch: inter2,230.0,0.0
Switch: inter1,230.0,0.0
Switch: inter1,230.0,0.0
Switch: internetedge,230.0,0.003382504
Switch: internetcore,230.0,4.22813E-5
Switch: internetgw,230.0,0.003382504
Switch: edge2gw,235.0,0.0
Switch: edge2core,235.0,0.0
Switch: edge2edge1,235.0,0.0
Switch: edgecore,235.0,0.0
Switch: edgeedge2,235.0,0.0
Switch: edgecore,235.0,0.003192504
Switch: edgeedge1,235.0,0.0
Switch: edgecore,235.0,0.0
Switch: edgeedge3,235.0,0.001527496
Switch: edgegw,235.0,0.0
Switch: edgeedge3,235.0,0.001584504
Switch: edgeedge3,235.0,0.00155
Switch: edgeedge3,235.0,0.001608
Switch: netcloudedge1,235.0,0.0
Switch: netcloudedge2,235.0,0.0
Switch: netcloudcore,235.0,0.0
Switch: netcloudedge2,235.0,0.0
Switch: netcloudcore,235.0,0.0
Switch: netcloudedge1,235.0,0.0
Switch: netcloudgw,235.0,0.0
Switch: inter2,235.0,0.002885
Switch: inter1,235.0,0.002885
Switch: inter2,235.0,0.0
Switch: inter1,235.0,0.0
Switch: inter1,235.0,0.0
Switch: internetedge,235.0,0.002885
Switch: internetcore,235.0,3.60625E-5
Switch: internetgw,235.0,0.002885
Switch: edge2gw,240.0,0.0
Switch: edge2core,240.0,0.0
Switch: edge2edge1,240.0,0.0
Switch: edgecore,240.0,0.0
Switch: edgeedge2,240.0,0.0
Switch: edgecore,240.0,0.00315
Switch: edgeedge1,240.0,0.0
Switch: edgecore,240.0,0.0
Switch: edgeedge3,240.0,0.0016
Switch: edgegw,240.0,0.0
Switch: edgeedge3,240.0,0.0016
Switch: edgeedge3,240.0,0.001639504
Switch: edgeedge3,240.0,0.00155
Switch: netcloudedge1,240.0,0.0
Switch: netcloudedge2,240.0,0.0
Switch: netcloudcore,240.0,0.0
Switch: netcloudedge2,240.0,0.0
Switch: netcloudcore,240.0,0.0
Switch: netcloudedge1,240.0,0.0
Switch: netcloudgw,240.0,0.0
Switch: inter2,240.0,0.00325
Switch: inter1,240.0,0.00325
Switch: inter2,240.0,0.0
Switch: inter1,240.0,0.0
Switch: inter1,240.0,0.0
Switch: internetedge,240.0,0.00325
Switch: internetcore,240.0,4.0625E-5
Switch: internetgw,240.0,0.00325
Switch: edge2gw,245.0,0.0
Switch: edge2core,245.0,0.0
Switch: edge2edge1,245.0,0.0
Switch: edgecore,245.0,0.0
Switch: edgeedge2,245.0,0.0
Switch: edgecore,245.0,0.003157488
Switch: edgeedge1,245.0,0.0
Switch: edgecore,245.0,0.0
Switch: edgeedge3,245.0,0.001673504
Switch: edgegw,245.0,0.0
Switch: edgeedge3,245.0,0.001573992
Switch: edgeedge3,245.0,0.001601504
Switch: edgeedge3,245.0,0.001583496
Switch: netcloudedge1,245.0,0.0
Switch: netcloudedge2,245.0,0.0
Switch: netcloudcore,245.0,0.0
Switch: netcloudedge2,245.0,0.0
Switch: netcloudcore,245.0,0.0
Switch: netcloudedge1,245.0,0.0
Switch: netcloudgw,245.0,0.0
Switch: inter2,245.0,0.003436504
Switch: inter1,245.0,0.003436504
Switch: inter2,245.0,0.0
Switch: inter1,245.0,0.0
Switch: inter1,245.0,0.0
Switch: internetedge,245.0,0.003436504
Switch: internetcore,245.0,4.29563E-5
Switch: internetgw,245.0,0.003436504
Switch: edge2gw,250.0,0.0
Switch: edge2core,250.0,0.0
Switch: edge2edge1,250.0,0.0
Switch: edgecore,250.0,0.0
Switch: edgeedge2,250.0,0.0
Switch: edgecore,250.0,0.002948496
Switch: edgeedge1,250.0,0.0
Switch: edgecore,250.0,0.0
Switch: edgeedge3,250.0,0.00145
Switch: edgegw,250.0,0.0
Switch: edgeedge3,250.0,0.001510496
Switch: edgeedge3,250.0,0.0015
Switch: edgeedge3,250.0,0.001438
Switch: netcloudedge1,250.0,0.0
Switch: netcloudedge2,250.0,0.0
Switch: netcloudcore,250.0,0.0
Switch: netcloudedge2,250.0,0.0
Switch: netcloudcore,250.0,0.0
Switch: netcloudedge1,250.0,0.0
Switch: netcloudgw,250.0,0.0
Switch: inter2,250.0,0.002985008
Switch: inter1,250.0,0.002985008
Switch: inter2,250.0,0.0
Switch: inter1,250.0,0.0
Switch: inter1,250.0,0.0
Switch: internetedge,250.0,0.002985008
Switch: internetcore,250.0,3.73126E-5
Switch: internetgw,250.0,0.002985008
Switch: edge2gw,255.0,0.0
Switch: edge2core,255.0,0.0
Switch: edge2edge1,255.0,0.0
Switch: edgecore,255.0,0.0
Switch: edgeedge2,255.0,0.0
Switch: edgecore,255.0,0.00274
Switch: edgeedge1,255.0,0.0
Switch: edgecore,255.0,0.0
Switch: edgeedge3,255.0,0.00143
Switch: edgegw,255.0,0.0
Switch: edgeedge3,255.0,0.001333496
Switch: edgeedge3,255.0,0.00138
Switch: edgeedge3,255.0,0.001406504
Switch: netcloudedge1,255.0,0.0
Switch: netcloudedge2,255.0,0.0
Switch: netcloudcore,255.0,0.0
Switch: netcloudedge2,255.0,0.0
Switch: netcloudcore,255.0,0.0
Switch: netcloudedge1,255.0,0.0
Switch: netcloudgw,255.0,0.0
Switch: inter2,255.0,0.0029
Switch: inter1,255.0,0.0029
Switch: inter2,255.0,0.0
Switch: inter1,255.0,0.0
Switch: inter1,255.0,0.0
Switch: internetedge,255.0,0.0029
Switch: internetcore,255.0,3.625E-5
Switch: internetgw,255.0,0.0029
Switch: edge2gw,260.0,0.0
Switch: edge2core,260.0,0.0
Switch: edge2edge1,260.0,0.0
Switch: edgecore,260.0,0.0
Switch: edgeedge2,260.0,0.0
Switch: edgecore,260.0,0.004006
Switch: edgeedge1,260.0,0.0
Switch: edgecore,260.0,0.0
Switch: edgeedge3,260.0,0.0018
Switch: edgegw,260.0,0.0
Switch: edgeedge3,260.0,0.002006
Switch: edgeedge3,260.0,0.00185
Switch: edgeedge3,260.0,0.002
Switch: netcloudedge1,260.0,0.0
Switch: netcloudedge2,260.0,0.0
Switch: netcloudcore,260.0,0.0
Switch: netcloudedge2,260.0,0.0
Switch: netcloudcore,260.0,0.0
Switch: netcloudedge1,260.0,0.0
Switch: netcloudgw,260.0,0.0
Switch: inter2,260.0,0.002947
Switch: inter1,260.0,0.002947
Switch: inter2,260.0,0.0
Switch: inter1,260.0,0.0
Switch: inter1,260.0,0.0
Switch: internetedge,260.0,0.002947
Switch: internetcore,260.0,3.68375E-5
Switch: internetgw,260.0,0.002947
Switch: edge2gw,265.0,0.0
Switch: edge2core,265.0,0.0
Switch: edge2edge1,265.0,0.0
Switch: edgecore,265.0,0.0
Switch: edgeedge2,265.0,0.0
Switch: edgecore,265.0,0.002949496
Switch: edgeedge1,265.0,0.0
Switch: edgecore,265.0,0.0
Switch: edgeedge3,265.0,0.0017
Switch: edgegw,265.0,0.0
Switch: edgeedge3,265.0,0.001472496
Switch: edgeedge3,265.0,0.001652504
Switch: edgeedge3,265.0,0.001477
Switch: netcloudedge1,265.0,0.0
Switch: netcloudedge2,265.0,0.0
Switch: netcloudcore,265.0,0.0
Switch: netcloudedge2,265.0,0.0
Switch: netcloudcore,265.0,0.0
Switch: netcloudedge1,265.0,0.0
Switch: netcloudgw,265.0,0.0
Switch: inter2,265.0,0.003926496
Switch: inter1,265.0,0.003926496
Switch: inter2,265.0,0.0
Switch: inter1,265.0,0.0
Switch: inter1,265.0,0.0
Switch: internetedge,265.0,0.003926496
Switch: internetcore,265.0,4.90812E-5
Switch: internetgw,265.0,0.003926496
Switch: edge2gw,270.0,0.0
Switch: edge2core,270.0,0.0
Switch: edge2edge1,270.0,0.0
Switch: edgecore,270.0,0.0
Switch: edgeedge2,270.0,0.0
Switch: edgecore,270.0,0.003474496
Switch: edgeedge1,270.0,0.0
Switch: edgecore,270.0,0.0
Switch: edgeedge3,270.0,0.00179
Switch: edgegw,270.0,0.0
Switch: edgeedge3,270.0,0.001779
Switch: edgeedge3,270.0,0.0018
Switch: edgeedge3,270.0,0.001695496
Switch: netcloudedge1,270.0,0.0
Switch: netcloudedge2,270.0,0.0
Switch: netcloudcore,270.0,0.0
Switch: netcloudedge2,270.0,0.0
Switch: netcloudcore,270.0,0.0
Switch: netcloudedge1,270.0,0.0
Switch: netcloudgw,270.0,0.0
Switch: inter2,270.0,0.003574
Switch: inter1,270.0,0.003574
Switch: inter2,270.0,0.0
Switch: inter1,270.0,0.0
Switch: inter1,270.0,0.0
Switch: internetedge,270.0,0.003574
Switch: internetcore,270.0,4.4675E-5
Switch: internetgw,270.0,0.003574
Switch: edge2gw,275.0,0.0
Switch: edge2core,275.0,0.0
Switch: edge2edge1,275.0,0.0
Switch: edgecore,275.0,0.0
Switch: edgeedge2,275.0,0.0
Switch: edgecore,275.0,0.003603496
Switch: edgeedge1,275.0,0.0
Switch: edgecore,275.0,0.0
Switch: edgeedge3,275.0,0.001776496
Switch: edgegw,275.0,0.0
Switch: edgeedge3,275.0,0.001795504
Switch: edgeedge3,275.0,0.001792496
Switch: edgeedge3,275.0,0.001807992
Switch: netcloudedge1,275.0,0.0
Switch: netcloudedge2,275.0,0.0
Switch: netcloudcore,275.0,0.0
Switch: netcloudedge2,275.0,0.0
Switch: netcloudcore,275.0,0.0
Switch: netcloudedge1,275.0,0.0
Switch: netcloudgw,275.0,0.0
Switch: inter2,275.0,0.00351
Switch: inter1,275.0,0.00351
Switch: inter2,275.0,0.0
Switch: inter1,275.0,0.0
Switch: inter1,275.0,0.0
Switch: internetedge,275.0,0.00351
Switch: internetcore,275.0,4.3875E-5
Switch: internetgw,275.0,0.00351
Switch: edge2gw,280.0,0.0
Switch: edge2core,280.0,0.0
Switch: edge2edge1,280.0,0.0
Switch: edgecore,280.0,0.0
Switch: edgeedge2,280.0,0.0
Switch: edgecore,280.0,0.003634496
Switch: edgeedge1,280.0,0.0
Switch: edgecore,280.0,0.0
Switch: edgeedge3,280.0,0.001915504
Switch: edgegw,280.0,0.0
Switch: edgeedge3,280.0,0.001835496
Switch: edgeedge3,280.0,0.0019
Switch: edgeedge3,280.0,0.001799
Switch: netcloudedge1,280.0,0.0
Switch: netcloudedge2,280.0,0.0
Switch: netcloudcore,280.0,0.0
Switch: netcloudedge2,280.0,0.0
Switch: netcloudcore,280.0,0.0
Switch: netcloudedge1,280.0,0.0
Switch: netcloudgw,280.0,0.0
Switch: inter2,280.0,0.0037
Switch: inter1,280.0,0.0037
Switch: inter2,280.0,0.0
Switch: inter1,280.0,0.0
Switch: inter1,280.0,0.0
Switch: internetedge,280.0,0.0037
Switch: internetcore,280.0,4.625E-5
Switch: internetgw,280.0,0.0037
Switch: edge2gw,285.0,0.0
Switch: edge2core,285.0,0.0
Switch: edge2edge1,285.0,0.0
Switch: edgecore,285.0,0.0
Switch: edgeedge2,285.0,0.0
Switch: edgecore,285.0,0.0027
Switch: edgeedge1,285.0,0.0
Switch: edgecore,285.0,0.0
Switch: edgeedge3,285.0,0.00125
Switch: edgegw,285.0,0.0
Switch: edgeedge3,285.0,0.00137
Switch: edgeedge3,285.0,0.001288
Switch: edgeedge3,285.0,0.00133
Switch: netcloudedge1,285.0,0.0
Switch: netcloudedge2,285.0,0.0
Switch: netcloudcore,285.0,0.0
Switch: netcloudedge2,285.0,0.0
Switch: netcloudcore,285.0,0.0
Switch: netcloudedge1,285.0,0.0
Switch: netcloudgw,285.0,0.0
Switch: inter2,285.0,0.00275
Switch: inter1,285.0,0.00275
Switch: inter2,285.0,0.0
Switch: inter1,285.0,0.0
Switch: inter1,285.0,0.0
Switch: internetedge,285.0,0.00275
Switch: internetcore,285.0,3.4375E-5
Switch: internetgw,285.0,0.00275
Switch: edge2gw,290.0,0.0
Switch: edge2core,290.0,0.0
Switch: edge2edge1,290.0,0.0
Switch: edgecore,290.0,0.0
Switch: edgeedge2,290.0,0.0
Switch: edgecore,290.0,0.003791488
Switch: edgeedge1,290.0,0.0
Switch: edgecore,290.0,0.0
Switch: edgeedge3,290.0,0.001949008
Switch: edgegw,290.0,0.0
Switch: edgeedge3,290.0,0.001907992
Switch: edgeedge3,290.0,0.001943
Switch: edgeedge3,290.0,0.001883496
Switch: netcloudedge1,290.0,0.0
Switch: netcloudedge2,290.0,0.0
Switch: netcloudcore,290.0,0.0
Switch: netcloudedge2,290.0,0.0
Switch: netcloudcore,290.0,0.0
Switch: netcloudedge1,290.0,0.0
Switch: netcloudgw,290.0,0.0
Switch: inter2,290.0,0.003828
Switch: inter1,290.0,0.003828
Switch: inter2,290.0,0.0
Switch: inter1,290.0,0.0
Switch: inter1,290.0,0.0
Switch: internetedge,290.0,0.003828
Switch: internetcore,290.0,4.785E-5
Switch: internetgw,290.0,0.003828
Switch: edge2gw,295.0,0.0
Switch: edge2core,295.0,0.0
Switch: edge2edge1,295.0,0.0
Switch: edgecore,295.0,0.0
Switch: edgeedge2,295.0,0.0
Switch: edgecore,295.0,0.002961496
Switch: edgeedge1,295.0,0.0
Switch: edgecore,295.0,0.0
Switch: edgeedge3,295.0,0.00155
Switch: edgegw,295.0,0.0
Switch: edgeedge3,295.0,0.001477
Switch: edgeedge3,295.0,0.001488496
Switch: edgeedge3,295.0,0.001484496
Switch: netcloudedge1,295.0,0.0
Switch: netcloudedge2,295.0,0.0
Switch: netcloudcore,295.0,0.0
Switch: netcloudedge2,295.0,0.0
Switch: netcloudcore,295.0,0.0
Switch: netcloudedge1,295.0,0.0
Switch: netcloudgw,295.0,0.0
Switch: inter2,295.0,0.003084
Switch: inter1,295.0,0.003084
Switch: inter2,295.0,0.0
Switch: inter1,295.0,0.0
Switch: inter1,295.0,0.0
Switch: internetedge,295.0,0.003084
Switch: internetcore,295.0,3.855E-5
Switch: internetgw,295.0,0.003084
Switch: edge2gw,300.0,0.0
Switch: edge2core,300.0,0.0
Switch: edge2edge1,300.0,0.0
Switch: edgecore,300.0,0.0
Switch: edgeedge2,300.0,0.0
Switch: edgecore,300.0,0.003992496
Switch: edgeedge1,300.0,0.0
Switch: edgecore,300.0,0.0
Switch: edgeedge3,300.0,0.00195
Switch: edgegw,300.0,0.0
Switch: edgeedge3,300.0,0.001992504
Switch: edgeedge3,300.0,0.002
Switch: edgeedge3,300.0,0.001999992
Switch: netcloudedge1,300.0,0.0
Switch: netcloudedge2,300.0,0.0
Switch: netcloudcore,300.0,0.0
Switch: netcloudedge2,300.0,0.0
Switch: netcloudcore,300.0,0.0
Switch: netcloudedge1,300.0,0.0
Switch: netcloudgw,300.0,0.0
Switch: inter2,300.0,0.003660496
Switch: inter1,300.0,0.003660496
Switch: inter2,300.0,0.0
Switch: inter1,300.0,0.0
Switch: inter1,300.0,0.0
Switch: internetedge,300.0,0.003660496
Switch: internetcore,300.0,4.57562E-5
Switch: internetgw,300.0,0.003660496
Switch: edge2gw,305.0,0.0
Switch: edge2core,305.0,0.0
Switch: edge2edge1,305.0,0.0
Switch: edgecore,305.0,0.0
Switch: edgeedge2,305.0,0.0
Switch: edgecore,305.0,0.002753992
Switch: edgeedge1,305.0,0.0
Switch: edgecore,305.0,0.0
Switch: edgeedge3,305.0,0.001480504
Switch: edgegw,305.0,0.0
Switch: edgeedge3,305.0,0.001384496
Switch: edgeedge3,305.0,0.001465504
Switch: edgeedge3,305.0,0.001369496
Switch: netcloudedge1,305.0,0.0
Switch: netcloudedge2,305.0,0.0
Switch: netcloudcore,305.0,0.0
Switch: netcloudedge2,305.0,0.0
Switch: netcloudcore,305.0,0.0
Switch: netcloudedge1,305.0,0.0
Switch: netcloudgw,305.0,0.0
Switch: inter2,305.0,0.0033
Switch: inter1,305.0,0.0033
Switch: inter2,305.0,0.0
Switch: inter1,305.0,0.0
Switch: inter1,305.0,0.0
Switch: internetedge,305.0,0.0033
Switch: internetcore,305.0,4.125E-5
Switch: internetgw,305.0,0.0033
Switch: edge2gw,310.0,0.0
Switch: edge2core,310.0,0.0
Switch: edge2edge1,310.0,0.0
Switch: edgecore,310.0,0.0
Switch: edgeedge2,310.0,0.0
Switch: edgecore,310.0,0.003168008
Switch: edgeedge1,310.0,0.0
Switch: edgecore,310.0,0.0
Switch: edgeedge3,310.0,0.001558496
Switch: edgegw,310.0,0.0
Switch: edgeedge3,310.0,0.001568
Switch: edgeedge3,310.0,0.00155
Switch: edgeedge3,310.0,0.001600008
Switch: netcloudedge1,310.0,0.0
Switch: netcloudedge2,310.0,0.0
Switch: netcloudcore,310.0,0.0
Switch: netcloudedge2,310.0,0.0
Switch: netcloudcore,310.0,0.0
Switch: netcloudedge1,310.0,0.0
Switch: netcloudgw,310.0,0.0
Switch: inter2,310.0,0.002873496
Switch: inter1,310.0,0.002873496
Switch: inter2,310.0,0.0
Switch: inter1,310.0,0.0
Switch: inter1,310.0,0.0
Switch: internetedge,310.0,0.002873496
Switch: internetcore,310.0,3.59187E-5
Switch: internetgw,310.0,0.002873496
Switch: edge2gw,315.0,0.0
Switch: edge2core,315.0,0.0
Switch: edge2edge1,315.0,0.0
Switch: edgecore,315.0,0.0
Switch: edgeedge2,315.0,0.0
Switch: edgecore,315.0,0.002665504
Switch: edgeedge1,315.0,0.0
Switch: edgecore,315.0,0.0
Switch: edgeedge3,315.0,0.001384496
Switch: edgegw,315.0,0.0
Switch: edgeedge3,315.0,0.001378
Switch: edgeedge3,315.0,0.00145
Switch: edgeedge3,315.0,0.001287504
Switch: netcloudedge1,315.0,0.0
Switch: netcloudedge2,315.0,0.0
Switch: netcloudcore,315.0,0.0
Switch: netcloudedge2,315.0,0.0
Switch: netcloudcore,315.0,0.0
Switch: netcloudedge1,315.0,0.0
Switch: netcloudgw,315.0,0.0
Switch: inter2,315.0,0.00325
Switch: inter1,315.0,0.00325
Switch: inter2,315.0,0.0
Switch: inter1,315.0,0.0
Switch: inter1,315.0,0.0
Switch: internetedge,315.0,0.00325
Switch: internetcore,315.0,4.0625E-5
Switch: internetgw,315.0,0.00325
Switch: edge2gw,320.0,0.0
Switch: edge2core,320.0,0.0
Switch: edge2edge1,320.0,0.0
Switch: edgecore,320.0,0.0
Switch: edgeedge2,320.0,0.0
Switch: edgecore,320.0,0.003073496
Switch: edgeedge1,320.0,0.0
Switch: edgecore,320.0,0.0
Switch: edgeedge3,320.0,0.00133
Switch: edgegw,320.0,0.0
Switch: edgeedge3,320.0,0.001543
Switch: edgeedge3,320.0,0.001296496
Switch: edgeedge3,320.0,0.001530496
Switch: netcloudedge1,320.0,0.0
Switch: netcloudedge2,320.0,0.0
Switch: netcloudcore,320.0,0.0
Switch: netcloudedge2,320.0,0.0
Switch: netcloudcore,320.0,0.0
Switch: netcloudedge1,320.0,0.0
Switch: netcloudgw,320.0,0.0
Switch: inter2,320.0,0.0022
Switch: inter1,320.0,0.0022
Switch: inter2,320.0,0.0
Switch: inter1,320.0,0.0
Switch: inter1,320.0,0.0
Switch: internetedge,320.0,0.0022
Switch: internetcore,320.0,2.75E-5
Switch: internetgw,320.0,0.0022
Switch: edge2gw,325.0,0.0
Switch: edge2core,325.0,0.0
Switch: edge2edge1,325.0,0.0
Switch: edgecore,325.0,0.0
Switch: edgeedge2,325.0,0.0
Switch: edgecore,325.0,0.003246
Switch: edgeedge1,325.0,0.0
Switch: edgecore,325.0,0.0
Switch: edgeedge3,325.0,0.001844496
Switch: edgegw,325.0,0.0
Switch: edgeedge3,325.0,0.001633008
Switch: edgeedge3,325.0,0.001862
Switch: edgeedge3,325.0,0.001612992
Switch: netcloudedge1,325.0,0.0
Switch: netcloudedge2,325.0,0.0
Switch: netcloudcore,325.0,0.0
Switch: netcloudedge2,325.0,0.0
Switch: netcloudcore,325.0,0.0
Switch: netcloudedge1,325.0,0.0
Switch: netcloudgw,325.0,0.0
Switch: inter2,325.0,0.003877
Switch: inter1,325.0,0.003877
Switch: inter2,325.0,0.0
Switch: inter1,325.0,0.0
Switch: inter1,325.0,0.0
Switch: internetedge,325.0,0.003877
Switch: internetcore,325.0,4.84625E-5
Switch: internetgw,325.0,0.003877
Switch: edge2gw,330.0,0.0
Switch: edge2core,330.0,0.0
Switch: edge2edge1,330.0,0.0
Switch: edgecore,330.0,0.0
Switch: edgeedge2,330.0,0.0
Switch: edgecore,330.0,0.003278488
Switch: edgeedge1,330.0,0.0
Switch: edgecore,330.0,0.0
Switch: edgeedge3,330.0,0.001809
Switch: edgegw,330.0,0.0
Switch: edgeedge3,330.0,0.001675992
Switch: edgeedge3,330.0,0.00185
Switch: edgeedge3,330.0,0.001602496
Switch: netcloudedge1,330.0,0.0
Switch: netcloudedge2,330.0,0.0
Switch: netcloudcore,330.0,0.0
Switch: netcloudedge2,330.0,0.0
Switch: netcloudcore,330.0,0.0
Switch: netcloudedge1,330.0,0.0
Switch: netcloudgw,330.0,0.0
Switch: inter2,330.0,0.003789504
Switch: inter1,330.0,0.003789504
Switch: inter2,330.0,0.0
Switch: inter1,330.0,0.0
Switch: inter1,330.0,0.0
Switch: internetedge,330.0,0.003789504
Switch: internetcore,330.0,4.73688E-5
Switch: internetgw,330.0,0.003789504
Switch: edge2gw,335.0,0.0
Switch: edge2core,335.0,0.0
Switch: edge2edge1,335.0,0.0
Switch: edgecore,335.0,0.0
Switch: edgeedge2,335.0,0.0
Switch: edgecore,335.0,0.00326
Switch: edgeedge1,335.0,0.0
Switch: edgecore,335.0,0.0
Switch: edgeedge3,335.0,0.001591
Switch: edgegw,335.0,0.0
Switch: edgeedge3,335.0,0.001606
Switch: edgeedge3,335.0,0.001568
Switch: edgeedge3,335.0,0.001654
Switch: netcloudedge1,335.0,0.0
Switch: netcloudedge2,335.0,0.0
Switch: netcloudcore,335.0,0.0
Switch: netcloudedge2,335.0,0.0
Switch: netcloudcore,335.0,0.0
Switch: netcloudedge1,335.0,0.0
Switch: netcloudgw,335.0,0.0
Switch: inter2,335.0,0.002998
Switch: inter1,335.0,0.002998
Switch: inter2,335.0,0.0
Switch: inter1,335.0,0.0
Switch: inter1,335.0,0.0
Switch: internetedge,335.0,0.002998
Switch: internetcore,335.0,3.7475E-5
Switch: internetgw,335.0,0.002998
Switch: edge2gw,340.0,0.0
Switch: edge2core,340.0,0.0
Switch: edge2edge1,340.0,0.0
Switch: edgecore,340.0,0.0
Switch: edgeedge2,340.0,0.0
Switch: edgecore,340.0,0.003550488
Switch: edgeedge1,340.0,0.0
Switch: edgecore,340.0,0.0
Switch: edgeedge3,340.0,0.001752504
Switch: edgegw,340.0,0.0
Switch: edgeedge3,340.0,0.001744992
Switch: edgeedge3,340.0,0.00176
Switch: edgeedge3,340.0,0.001805496
Switch: netcloudedge1,340.0,0.0
Switch: netcloudedge2,340.0,0.0
Switch: netcloudcore,340.0,0.0
Switch: netcloudedge2,340.0,0.0
Switch: netcloudcore,340.0,0.0
Switch: netcloudedge1,340.0,0.0
Switch: netcloudgw,340.0,0.0
Switch: inter2,340.0,0.003649496
Switch: inter1,340.0,0.003649496
Switch: inter2,340.0,0.0
Switch: inter1,340.0,0.0
Switch: inter1,340.0,0.0
Switch: internetedge,340.0,0.003649496
Switch: internetcore,340.0,4.56187E-5
Switch: internetgw,340.0,0.003649496
Switch: edge2gw,345.0,0.0
Switch: edge2core,345.0,0.0
Switch: edge2edge1,345.0,0.0
Switch: edgecore,345.0,0.0
Switch: edgeedge2,345.0,0.0
Switch: edgecore,345.0,0.003249488
Switch: edgeedge1,345.0,0.0
Switch: edgecore,345.0,0.0
Switch: edgeedge3,345.0,0.001794
Switch: edgegw,345.0,0.0
Switch: edgeedge3,345.0,0.001605488
Switch: edgeedge3,345.0,0.0018
Switch: edgeedge3,345.0,0.001644
Switch: netcloudedge1,345.0,0.0
Switch: netcloudedge2,345.0,0.0
Switch: netcloudcore,345.0,0.0
Switch: netcloudedge2,345.0,0.0
Switch: netcloudcore,345.0,0.0
Switch: netcloudedge1,345.0,0.0
Switch: netcloudgw,345.0,0.0
Switch: inter2,345.0,0.003494512
Switch: inter1,345.0,0.003494512
Switch: inter2,345.0,0.0
Switch: inter1,345.0,0.0
Switch: inter1,345.0,0.0
Switch: internetedge,345.0,0.003494512
Switch: internetcore,345.0,4.36814E-5
Switch: internetgw,345.0,0.003494512
Switch: edge2gw,350.0,0.0
Switch: edge2core,350.0,0.0
Switch: edge2edge1,350.0,0.0
Switch: edgecore,350.0,0.0
Switch: edgeedge2,350.0,0.0
Switch: edgecore,350.0,0.003192
Switch: edgeedge1,350.0,0.0
Switch: edgecore,350.0,0.0
Switch: edgeedge3,350.0,0.00165
Switch: edgegw,350.0,0.0
Switch: edgeedge3,350.0,0.001599496
Switch: edgeedge3,350.0,0.001607504
Switch: edgeedge3,350.0,0.001592504
Switch: netcloudedge1,350.0,0.0
Switch: netcloudedge2,350.0,0.0
Switch: netcloudcore,350.0,0.0
Switch: netcloudedge2,350.0,0.0
Switch: netcloudcore,350.0,0.0
Switch: netcloudedge1,350.0,0.0
Switch: netcloudgw,350.0,0.0
Switch: inter2,350.0,0.003398496
Switch: inter1,350.0,0.003398496
Switch: inter2,350.0,0.0
Switch: inter1,350.0,0.0
Switch: inter1,350.0,0.0
Switch: internetedge,350.0,0.003398496
Switch: internetcore,350.0,4.24812E-5
Switch: internetgw,350.0,0.003398496
Switch: edge2gw,355.0,0.0
Switch: edge2core,355.0,0.0
Switch: edge2edge1,355.0,0.0
Switch: edgecore,355.0,0.0
Switch: edgeedge2,355.0,0.0
Switch: edgecore,355.0,0.003413
Switch: edgeedge1,355.0,0.0
Switch: edgecore,355.0,0.0
Switch: edgeedge3,355.0,0.0016
Switch: edgegw,355.0,0.0
Switch: edgeedge3,355.0,0.001667992
Switch: edgeedge3,355.0,0.001586504
Switch: edgeedge3,355.0,0.001745008
Switch: netcloudedge1,355.0,0.0
Switch: netcloudedge2,355.0,0.0
Switch: netcloudcore,355.0,0.0
Switch: netcloudedge2,355.0,0.0
Switch: netcloudcore,355.0,0.0
Switch: netcloudedge1,355.0,0.0
Switch: netcloudgw,355.0,0.0
Switch: inter2,355.0,0.003198
Switch: inter1,355.0,0.003198
Switch: inter2,355.0,0.0
Switch: inter1,355.0,0.0
Switch: inter1,355.0,0.0
Switch: internetedge,355.0,0.003198
Switch: internetcore,355.0,3.9975E-5
Switch: internetgw,355.0,0.003198
Switch: edge2gw,360.0,0.0
Switch: edge2core,360.0,0.0
Switch: edge2edge1,360.0,0.0
Switch: edgecore,360.0,0.0
Switch: edgeedge2,360.0,0.0
Switch: edgecore,360.0,0.00325
Switch: edgeedge1,360.0,0.0
Switch: edgecore,360.0,0.0
Switch: edgeedge3,360.0,0.0018
Switch: edgegw,360.0,0.0
Switch: edgeedge3,360.0,0.001611
Switch: edgeedge3,360.0,0.0018
Switch: edgeedge3,360.0,0.001639
Switch: netcloudedge1,360.0,0.0
Switch: netcloudedge2,360.0,0.0
Switch: netcloudcore,360.0,0.0
Switch: netcloudedge2,360.0,0.0
Switch: netcloudcore,360.0,0.0
Switch: netcloudedge1,360.0,0.0
Switch: netcloudgw,360.0,0.0
Switch: inter2,360.0,0.00365
Switch: inter1,360.0,0.00365
Switch: inter2,360.0,0.0
Switch: inter1,360.0,0.0
Switch: inter1,360.0,0.0
Switch: internetedge,360.0,0.00365
Switch: internetcore,360.0,4.5625E-5
Switch: internetgw,360.0,0.00365
Switch: edge2gw,365.0,0.0
Switch: edge2core,365.0,0.0
Switch: edge2edge1,365.0,0.0
Switch: edgecore,365.0,0.0
Switch: edgeedge2,365.0,0.0
Switch: edgecore,365.0,0.001719496
Switch: edgeedge1,365.0,0.0
Switch: edgecore,365.0,0.0
Switch: edgeedge3,365.0,9.5E-4
Switch: edgegw,365.0,0.0
Switch: edgeedge3,365.0,8.58E-4
Switch: edgeedge3,365.0,9.38496E-4
Switch: edgeedge3,365.0,8.61496E-4
Switch: netcloudedge1,365.0,0.0
Switch: netcloudedge2,365.0,0.0
Switch: netcloudcore,365.0,0.0
Switch: netcloudedge2,365.0,0.0
Switch: netcloudcore,365.0,0.0
Switch: netcloudedge1,365.0,0.0
Switch: netcloudgw,365.0,0.0
Switch: inter2,365.0,0.001992
Switch: inter1,365.0,0.001992
Switch: inter2,365.0,0.0
Switch: inter1,365.0,0.0
Switch: inter1,365.0,0.0
Switch: internetedge,365.0,0.001992
Switch: internetcore,365.0,2.49E-5
Switch: internetgw,365.0,0.001992
Switch: edge2gw,370.0,0.0
Switch: edge2core,370.0,0.0
Switch: edge2edge1,370.0,0.0
Switch: edgecore,370.0,0.0
Switch: edgeedge2,370.0,0.0
Switch: edgecore,370.0,0.004234
Switch: edgeedge1,370.0,0.0
Switch: edgecore,370.0,0.0
Switch: edgeedge3,370.0,0.00205
Switch: edgegw,370.0,0.0
Switch: edgeedge3,370.0,0.00211
Switch: edgeedge3,370.0,0.002028504
Switch: edgeedge3,370.0,0.002124
Switch: netcloudedge1,370.0,0.0
Switch: netcloudedge2,370.0,0.0
Switch: netcloudcore,370.0,0.0
Switch: netcloudedge2,370.0,0.0
Switch: netcloudcore,370.0,0.0
Switch: netcloudedge1,370.0,0.0
Switch: netcloudgw,370.0,0.0
Switch: inter2,370.0,0.003622504
Switch: inter1,370.0,0.003622504
Switch: inter2,370.0,0.0
Switch: inter1,370.0,0.0
Switch: inter1,370.0,0.0
Switch: internetedge,370.0,0.003622504
Switch: internetcore,370.0,4.52813E-5
Switch: internetgw,370.0,0.003622504
Switch: edge2gw,375.0,0.0
Switch: edge2core,375.0,0.0
Switch: edge2edge1,375.0,0.0
Switch: edgecore,375.0,0.0
Switch: edgeedge2,375.0,0.0
Switch: edgecore,375.0,0.003150504
Switch: edgeedge1,375.0,0.0
Switch: edgecore,375.0,0.0
Switch: edgeedge3,375.0,0.00165
Switch: edgegw,375.0,0.0
Switch: edgeedge3,375.0,0.001561008
Switch: edgeedge3,375.0,0.001565
Switch: edgeedge3,375.0,0.001589496
Switch: netcloudedge1,375.0,0.0
Switch: netcloudedge2,375.0,0.0
Switch: netcloudcore,375.0,0.0
Switch: netcloudedge2,375.0,0.0
Switch: netcloudcore,375.0,0.0
Switch: netcloudedge1,375.0,0.0
Switch: netcloudgw,375.0,0.0
Switch: inter2,375.0,0.003348496
Switch: inter1,375.0,0.003348496
Switch: inter2,375.0,0.0
Switch: inter1,375.0,0.0
Switch: inter1,375.0,0.0
Switch: internetedge,375.0,0.003348496
Switch: internetcore,375.0,4.18562E-5
Switch: internetgw,375.0,0.003348496
Switch: edge2gw,380.0,0.0
Switch: edge2core,380.0,0.0
Switch: edge2edge1,380.0,0.0
Switch: edgecore,380.0,0.0
Switch: edgeedge2,380.0,0.0
Switch: edgecore,380.0,0.003242504
Switch: edgeedge1,380.0,0.0
Switch: edgecore,380.0,0.0
Switch: edgeedge3,380.0,0.001727
Switch: edgegw,380.0,0.0
Switch: edgeedge3,380.0,0.00165
Switch: edgeedge3,380.0,0.0018
Switch: edgeedge3,380.0,0.001592504
Switch: netcloudedge1,380.0,0.0
Switch: netcloudedge2,380.0,0.0
Switch: netcloudcore,380.0,0.0
Switch: netcloudedge2,380.0,0.0
Switch: netcloudcore,380.0,0.0
Switch: netcloudedge1,380.0,0.0
Switch: netcloudgw,380.0,0.0
Switch: inter2,380.0,0.003651
Switch: inter1,380.0,0.003651
Switch: inter2,380.0,0.0
Switch: inter1,380.0,0.0
Switch: inter1,380.0,0.0
Switch: internetedge,380.0,0.003651
Switch: internetcore,380.0,4.56375E-5
Switch: internetgw,380.0,0.003651
Switch: edge2gw,385.0,0.0
Switch: edge2core,385.0,0.0
Switch: edge2edge1,385.0,0.0
Switch: edgecore,385.0,0.0
Switch: edgeedge2,385.0,0.0
Switch: edgecore,385.0,0.0035
Switch: edgeedge1,385.0,0.0
Switch: edgecore,385.0,0.0
Switch: edgeedge3,385.0,0.0017
Switch: edgegw,385.0,0.0
Switch: edgeedge3,385.0,0.001741496
Switch: edgeedge3,385.0,0.0017
Switch: edgeedge3,385.0,0.001758504
Switch: netcloudedge1,385.0,0.0
Switch: netcloudedge2,385.0,0.0
Switch: netcloudcore,385.0,0.0
Switch: netcloudedge2,385.0,0.0
Switch: netcloudcore,385.0,0.0
Switch: netcloudedge1,385.0,0.0
Switch: netcloudgw,385.0,0.0
Switch: inter2,385.0,0.0035
Switch: inter1,385.0,0.0035
Switch: inter2,385.0,0.0
Switch: inter1,385.0,0.0
Switch: inter1,385.0,0.0
Switch: internetedge,385.0,0.0035
Switch: internetcore,385.0,4.375E-5
Switch: internetgw,385.0,0.0035
Switch: edge2gw,390.0,0.0
Switch: edge2core,390.0,0.0
Switch: edge2edge1,390.0,0.0
Switch: edgecore,390.0,0.0
Switch: edgeedge2,390.0,0.0
Switch: edgecore,390.0,0.003037496
Switch: edgeedge1,390.0,0.0
Switch: edgecore,390.0,0.0
Switch: edgeedge3,390.0,0.001682504
Switch: edgegw,390.0,0.0
Switch: edgeedge3,390.0,0.001550504
Switch: edgeedge3,390.0,0.00167
Switch: edgeedge3,390.0,0.001486992
Switch: netcloudedge1,390.0,0.0
Switch: netcloudedge2,390.0,0.0
Switch: netcloudcore,390.0,0.0
Switch: netcloudedge2,390.0,0.0
Switch: netcloudcore,390.0,0.0
Switch: netcloudedge1,390.0,0.0
Switch: netcloudgw,390.0,0.0
Switch: inter2,390.0,0.003197512
Switch: inter1,390.0,0.003197512
Switch: inter2,390.0,0.0
Switch: inter1,390.0,0.0
Switch: inter1,390.0,0.0
Switch: internetedge,390.0,0.003197512
Switch: internetcore,390.0,3.99689E-5
Switch: internetgw,390.0,0.003197512
Switch: edge2gw,395.0,0.0
Switch: edge2core,395.0,0.0
Switch: edge2edge1,395.0,0.0
Switch: edgecore,395.0,0.0
Switch: edgeedge2,395.0,0.0
Switch: edgecore,395.0,0.003164496
Switch: edgeedge1,395.0,0.0
Switch: edgecore,395.0,0.0
Switch: edgeedge3,395.0,0.001606504
Switch: edgegw,395.0,0.0
Switch: edgeedge3,395.0,0.001601
Switch: edgeedge3,395.0,0.00157
Switch: edgeedge3,395.0,0.001563496
Switch: netcloudedge1,395.0,0.0
Switch: netcloudedge2,395.0,0.0
Switch: netcloudcore,395.0,0.0
Switch: netcloudedge2,395.0,0.0
Switch: netcloudcore,395.0,0.0
Switch: netcloudedge1,395.0,0.0
Switch: netcloudgw,395.0,0.0
Switch: inter2,395.0,0.003129
Switch: inter1,395.0,0.003129
Switch: inter2,395.0,0.0
Switch: inter1,395.0,0.0
Switch: inter1,395.0,0.0
Switch: internetedge,395.0,0.003129
Switch: internetcore,395.0,3.91125E-5
Switch: internetgw,395.0,0.003129
Switch: edge2gw,400.0,0.0
Switch: edge2core,400.0,0.0
Switch: edge2edge1,400.0,0.0
Switch: edgecore,400.0,0.0
Switch: edgeedge2,400.0,0.0
Switch: edgecore,400.0,0.003242992
Switch: edgeedge1,400.0,0.0
Switch: edgecore,400.0,0.0
Switch: edgeedge3,400.0,0.0016
Switch: edgegw,400.0,0.0
Switch: edgeedge3,400.0,0.001631
Switch: edgeedge3,400.0,0.0016
Switch: edgeedge3,400.0,0.001611992
Switch: netcloudedge1,400.0,0.0
Switch: netcloudedge2,400.0,0.0
Switch: netcloudcore,400.0,0.0
Switch: netcloudedge2,400.0,0.0
Switch: netcloudcore,400.0,0.0
Switch: netcloudedge1,400.0,0.0
Switch: netcloudgw,400.0,0.0
Switch: inter2,400.0,0.003391
Switch: inter1,400.0,0.003391
Switch: inter2,400.0,0.0
Switch: inter1,400.0,0.0
Switch: inter1,400.0,0.0
Switch: internetedge,400.0,0.003391
Switch: internetcore,400.0,4.23875E-5
Switch: internetgw,400.0,0.003391
Switch: edge2gw,405.0,0.0
Switch: edge2core,405.0,0.0
Switch: edge2edge1,405.0,0.0
Switch: edgecore,405.0,0.0
Switch: edgeedge2,405.0,0.0
Switch: edgecore,405.0,0.003372504
Switch: edgeedge1,405.0,0.0
Switch: edgecore,405.0,0.0
Switch: edgeedge3,405.0,0.001688496
Switch: edgegw,405.0,0.0
Switch: edgeedge3,405.0,0.001636
Switch: edgeedge3,405.0,0.001679488
Switch: edgeedge3,405.0,0.001736504
Switch: netcloudedge1,405.0,0.0
Switch: netcloudedge2,405.0,0.0
Switch: netcloudcore,405.0,0.0
Switch: netcloudedge2,405.0,0.0
Switch: netcloudcore,405.0,0.0
Switch: netcloudedge1,405.0,0.0
Switch: netcloudgw,405.0,0.0
Switch: inter2,405.0,0.003337992
Switch: inter1,405.0,0.003337992
Switch: inter2,405.0,0.0
Switch: inter1,405.0,0.0
Switch: inter1,405.0,0.0
Switch: internetedge,405.0,0.003337992
Switch: internetcore,405.0,4.17249E-5
Switch: internetgw,405.0,0.003337992
Switch: edge2gw,410.0,0.0
Switch: edge2core,410.0,0.0
Switch: edge2edge1,410.0,0.0
Switch: edgecore,410.0,0.0
Switch: edgeedge2,410.0,0.0
Switch: edgecore,410.0,0.003474496
Switch: edgeedge1,410.0,0.0
Switch: edgecore,410.0,0.0
Switch: edgeedge3,410.0,0.00175
Switch: edgegw,410.0,0.0
Switch: edgeedge3,410.0,0.001761496
Switch: edgeedge3,410.0,0.001716
Switch: edgeedge3,410.0,0.001713
Switch: netcloudedge1,410.0,0.0
Switch: netcloudedge2,410.0,0.0
Switch: netcloudcore,410.0,0.0
Switch: netcloudedge2,410.0,0.0
Switch: netcloudcore,410.0,0.0
Switch: netcloudedge1,410.0,0.0
Switch: netcloudgw,410.0,0.0
Switch: inter2,410.0,0.003409504
Switch: inter1,410.0,0.003409504
Switch: inter2,410.0,0.0
Switch: inter1,410.0,0.0
Switch: inter1,410.0,0.0
Switch: internetedge,410.0,0.003409504
Switch: internetcore,410.0,4.26188E-5
Switch: internetgw,410.0,0.003409504
Switch: edge2gw,415.0,0.0
Switch: edge2core,415.0,0.0
Switch: edge2edge1,415.0,0.0
Switch: edgecore,415.0,0.0
Switch: edgeedge2,415.0,0.0
Switch: edgecore,415.0,0.0033
Switch: edgeedge1,415.0,0.0
Switch: edgecore,415.0,0.0
Switch: edgeedge3,415.0,0.0017
Switch: edgegw,415.0,0.0
Switch: edgeedge3,415.0,0.001634504
Switch: edgeedge3,415.0,0.001651
Switch: edgeedge3,415.0,0.001665496
Switch: netcloudedge1,415.0,0.0
Switch: netcloudedge2,415.0,0.0
Switch: netcloudcore,415.0,0.0
Switch: netcloudedge2,415.0,0.0
Switch: netcloudcore,415.0,0.0
Switch: netcloudedge1,415.0,0.0
Switch: netcloudgw,415.0,0.0
Switch: inter2,415.0,0.00345
Switch: inter1,415.0,0.00345
Switch: inter2,415.0,0.0
Switch: inter1,415.0,0.0
Switch: inter1,415.0,0.0
Switch: internetedge,415.0,0.00345
Switch: internetcore,415.0,4.3125E-5
Switch: internetgw,415.0,0.00345
Switch: edge2gw,420.0,0.0
Switch: edge2core,420.0,0.0
Switch: edge2edge1,420.0,0.0
Switch: edgecore,420.0,0.0
Switch: edgeedge2,420.0,0.0
Switch: edgecore,420.0,0.003561504
Switch: edgeedge1,420.0,0.0
Switch: edgecore,420.0,0.0
Switch: edgeedge3,420.0,0.001442504
Switch: edgegw,420.0,0.0
Switch: edgeedge3,420.0,0.001779992
Switch: edgeedge3,420.0,0.001564
Switch: edgeedge3,420.0,0.001781512
Switch: netcloudedge1,420.0,0.0
Switch: netcloudedge2,420.0,0.0
Switch: netcloudcore,420.0,0.0
Switch: netcloudedge2,420.0,0.0
Switch: netcloudcore,420.0,0.0
Switch: netcloudedge1,420.0,0.0
Switch: netcloudgw,420.0,0.0
Switch: inter2,420.0,0.002600992
Switch: inter1,420.0,0.002600992
Switch: inter2,420.0,0.0
Switch: inter1,420.0,0.0
Switch: inter1,420.0,0.0
Switch: internetedge,420.0,0.002600992
Switch: internetcore,420.0,3.25124E-5
Switch: internetgw,420.0,0.002600992
Switch: edge2gw,425.0,0.0
Switch: edge2core,425.0,0.0
Switch: edge2edge1,425.0,0.0
Switch: edgecore,425.0,0.0
Switch: edgeedge2,425.0,0.0
Switch: edgecore,425.0,0.003212
Switch: edgeedge1,425.0,0.0
Switch: edgecore,425.0,0.0
Switch: edgeedge3,425.0,0.00208
Switch: edgegw,425.0,0.0
Switch: edgeedge3,425.0,0.001586496
Switch: edgeedge3,425.0,0.0021
Switch: edgeedge3,425.0,0.001625504
Switch: netcloudedge1,425.0,0.0
Switch: netcloudedge2,425.0,0.0
Switch: netcloudcore,425.0,0.0
Switch: netcloudedge2,425.0,0.0
Switch: netcloudcore,425.0,0.0
Switch: netcloudedge1,425.0,0.0
Switch: netcloudgw,425.0,0.0
Switch: inter2,425.0,0.003874
Switch: inter1,425.0,0.003874
Switch: inter2,425.0,0.0
Switch: inter1,425.0,0.0
Switch: inter1,425.0,0.0
Switch: internetedge,425.0,0.003874
Switch: internetcore,425.0,4.8425E-5
Switch: internetgw,425.0,0.003874
Switch: edge2gw,430.0,0.0
Switch: edge2core,430.0,0.0
Switch: edge2edge1,430.0,0.0
Switch: edgecore,430.0,0.0
Switch: edgeedge2,430.0,0.0
Switch: edgecore,430.0,0.003065992
Switch: edgeedge1,430.0,0.0
Switch: edgecore,430.0,0.0
Switch: edgeedge3,430.0,0.001379504
Switch: edgegw,430.0,0.0
Switch: edgeedge3,430.0,0.001545496
Switch: edgeedge3,430.0,0.00135
Switch: edgeedge3,430.0,0.001520496
Switch: netcloudedge1,430.0,0.0
Switch: netcloudedge2,430.0,0.0
Switch: netcloudcore,430.0,0.0
Switch: netcloudedge2,430.0,0.0
Switch: netcloudcore,430.0,0.0
Switch: netcloudedge1,430.0,0.0
Switch: netcloudgw,430.0,0.0
Switch: inter2,430.0,0.00325
Switch: inter1,430.0,0.00325
Switch: inter2,430.0,0.0
Switch: inter1,430.0,0.0
Switch: inter1,430.0,0.0
Switch: internetedge,430.0,0.00325
Switch: internetcore,430.0,4.0625E-5
Switch: internetgw,430.0,0.00325
Switch: edge2gw,435.0,0.0
Switch: edge2core,435.0,0.0
Switch: edge2edge1,435.0,0.0
Switch: edgecore,435.0,0.0
Switch: edgeedge2,435.0,0.0
Switch: edgecore,435.0,0.003637496
Switch: edgeedge1,435.0,0.0
Switch: edgecore,435.0,0.0
Switch: edgeedge3,435.0,0.001918
Switch: edgegw,435.0,0.0
Switch: edgeedge3,435.0,0.001832
Switch: edgeedge3,435.0,0.001949504
Switch: edgeedge3,435.0,0.001805496
Switch: netcloudedge1,435.0,0.0
Switch: netcloudedge2,435.0,0.0
Switch: netcloudcore,435.0,0.0
Switch: netcloudedge2,435.0,0.0
Switch: netcloudcore,435.0,0.0
Switch: netcloudedge1,435.0,0.0
Switch: netcloudgw,435.0,0.0
Switch: inter2,435.0,0.004
Switch: inter1,435.0,0.004
Switch: inter2,435.0,0.0
Switch: inter1,435.0,0.0
Switch: inter1,435.0,0.0
Switch: internetedge,435.0,0.004
Switch: internetcore,435.0,5.0E-5
Switch: internetgw,435.0,0.004
Switch: edge2gw,440.0,0.0
Switch: edge2core,440.0,0.0
Switch: edge2edge1,440.0,0.0
Switch: edgecore,440.0,0.0
Switch: edgeedge2,440.0,0.0
Switch: edgecore,440.0,0.003656496
Switch: edgeedge1,440.0,0.0
Switch: edgecore,440.0,0.0
Switch: edgeedge3,440.0,0.001848
Switch: edgegw,440.0,0.0
Switch: edgeedge3,440.0,0.001829
Switch: edgeedge3,440.0,0.001849
Switch: edgeedge3,440.0,0.001827496
Switch: netcloudedge1,440.0,0.0
Switch: netcloudedge2,440.0,0.0
Switch: netcloudcore,440.0,0.0
Switch: netcloudedge2,440.0,0.0
Switch: netcloudcore,440.0,0.0
Switch: netcloudedge1,440.0,0.0
Switch: netcloudgw,440.0,0.0
Switch: inter2,440.0,0.003629008
Switch: inter1,440.0,0.003629008
Switch: inter2,440.0,0.0
Switch: inter1,440.0,0.0
Switch: inter1,440.0,0.0
Switch: internetedge,440.0,0.003629008
Switch: internetcore,440.0,4.53626E-5
Switch: internetgw,440.0,0.003629008
Switch: edge2gw,445.0,0.0
Switch: edge2core,445.0,0.0
Switch: edge2edge1,445.0,0.0
Switch: edgecore,445.0,0.0
Switch: edgeedge2,445.0,0.0
Switch: edgecore,445.0,0.003015488
Switch: edgeedge1,445.0,0.0
Switch: edgecore,445.0,0.0
Switch: edgeedge3,445.0,0.00148
Switch: edgegw,445.0,0.0
Switch: edgeedge3,445.0,0.001530992
Switch: edgeedge3,445.0,0.00142
Switch: edgeedge3,445.0,0.001484496
Switch: netcloudedge1,445.0,0.0
Switch: netcloudedge2,445.0,0.0
Switch: netcloudcore,445.0,0.0
Switch: netcloudedge2,445.0,0.0
Switch: netcloudcore,445.0,0.0
Switch: netcloudedge1,445.0,0.0
Switch: netcloudgw,445.0,0.0
Switch: inter2,445.0,0.002965496
Switch: inter1,445.0,0.002965496
Switch: inter2,445.0,0.0
Switch: inter1,445.0,0.0
Switch: inter1,445.0,0.0
Switch: internetedge,445.0,0.002965496
Switch: internetcore,445.0,3.70687E-5
Switch: internetgw,445.0,0.002965496
Switch: edge2gw,450.0,0.0
Switch: edge2core,450.0,0.0
Switch: edge2edge1,450.0,0.0
Switch: edgecore,450.0,0.0
Switch: edgeedge2,450.0,0.0
Switch: edgecore,450.0,0.003435504
Switch: edgeedge1,450.0,0.0
Switch: edgecore,450.0,0.0
Switch: edgeedge3,450.0,0.0019
Switch: edgegw,450.0,0.0
Switch: edgeedge3,450.0,0.001741504
Switch: edgeedge3,450.0,0.00195
Switch: edgeedge3,450.0,0.001694
Switch: netcloudedge1,450.0,0.0
Switch: netcloudedge2,450.0,0.0
Switch: netcloudcore,450.0,0.0
Switch: netcloudedge2,450.0,0.0
Switch: netcloudcore,450.0,0.0
Switch: netcloudedge1,450.0,0.0
Switch: netcloudgw,450.0,0.0
Switch: inter2,450.0,0.003868992
Switch: inter1,450.0,0.003868992
Switch: inter2,450.0,0.0
Switch: inter1,450.0,0.0
Switch: inter1,450.0,0.0
Switch: internetedge,450.0,0.003868992
Switch: internetcore,450.0,4.83624E-5
Switch: internetgw,450.0,0.003868992
Switch: edge2gw,455.0,0.0
Switch: edge2core,455.0,0.0
Switch: edge2edge1,455.0,0.0
Switch: edgecore,455.0,0.0
Switch: edgeedge2,455.0,0.0
Switch: edgecore,455.0,0.003632496
Switch: edgeedge1,455.0,0.0
Switch: edgecore,455.0,0.0
Switch: edgeedge3,455.0,0.001901504
Switch: edgegw,455.0,0.0
Switch: edgeedge3,455.0,0.001826992
Switch: edgeedge3,455.0,0.00195
Switch: edgeedge3,455.0,0.001805504
Switch: netcloudedge1,455.0,0.0
Switch: netcloudedge2,455.0,0.0
Switch: netcloudcore,455.0,0.0
Switch: netcloudedge2,455.0,0.0
Switch: netcloudcore,455.0,0.0
Switch: netcloudedge1,455.0,0.0
Switch: netcloudgw,455.0,0.0
Switch: inter2,455.0,0.003647992
Switch: inter1,455.0,0.003647992
Switch: inter2,455.0,0.0
Switch: inter1,455.0,0.0
Switch: inter1,455.0,0.0
Switch: internetedge,455.0,0.003647992
Switch: internetcore,455.0,4.55999E-5
Switch: internetgw,455.0,0.003647992
Switch: edge2gw,460.0,0.0
Switch: edge2core,460.0,0.0
Switch: edge2edge1,460.0,0.0
Switch: edgecore,460.0,0.0
Switch: edgeedge2,460.0,0.0
Switch: edgecore,460.0,0.003028496
Switch: edgeedge1,460.0,0.0
Switch: edgecore,460.0,0.0
Switch: edgeedge3,460.0,0.00155
Switch: edgegw,460.0,0.0
Switch: edgeedge3,460.0,0.001532992
Switch: edgeedge3,460.0,0.00155
Switch: edgeedge3,460.0,0.001495504
Switch: netcloudedge1,460.0,0.0
Switch: netcloudedge2,460.0,0.0
Switch: netcloudcore,460.0,0.0
Switch: netcloudedge2,460.0,0.0
Switch: netcloudcore,460.0,0.0
Switch: netcloudedge1,460.0,0.0
Switch: netcloudgw,460.0,0.0
Switch: inter2,460.0,0.003225504
Switch: inter1,460.0,0.003225504
Switch: inter2,460.0,0.0
Switch: inter1,460.0,0.0
Switch: inter1,460.0,0.0
Switch: internetedge,460.0,0.003225504
Switch: internetcore,460.0,4.03188E-5
Switch: internetgw,460.0,0.003225504
Switch: edge2gw,465.0,0.0
Switch: edge2core,465.0,0.0
Switch: edge2edge1,465.0,0.0
Switch: edgecore,465.0,0.0
Switch: edgeedge2,465.0,0.0
Switch: edgecore,465.0,0.003749
Switch: edgeedge1,465.0,0.0
Switch: edgecore,465.0,0.0
Switch: edgeedge3,465.0,0.001864504
Switch: edgegw,465.0,0.0
Switch: edgeedge3,465.0,0.001900504
Switch: edgeedge3,465.0,0.0019
Switch: edgeedge3,465.0,0.001848496
Switch: netcloudedge1,465.0,0.0
Switch: netcloudedge2,465.0,0.0
Switch: netcloudcore,465.0,0.0
Switch: netcloudedge2,465.0,0.0
Switch: netcloudcore,465.0,0.0
Switch: netcloudedge1,465.0,0.0
Switch: netcloudgw,465.0,0.0
Switch: inter2,465.0,0.003672992
Switch: inter1,465.0,0.003672992
Switch: inter2,465.0,0.0
Switch: inter1,465.0,0.0
Switch: inter1,465.0,0.0
Switch: internetedge,465.0,0.003672992
Switch: internetcore,465.0,4.59124E-5
Switch: internetgw,465.0,0.003672992
Switch: edge2gw,470.0,0.0
Switch: edge2core,470.0,0.0
Switch: edge2edge1,470.0,0.0
Switch: edgecore,470.0,0.0
Switch: edgeedge2,470.0,0.0
Switch: edgecore,470.0,0.003863008
Switch: edgeedge1,470.0,0.0
Switch: edgecore,470.0,0.0
Switch: edgeedge3,470.0,0.002
Switch: edgegw,470.0,0.0
Switch: edgeedge3,470.0,0.001918504
Switch: edgeedge3,470.0,0.00195
Switch: edgeedge3,470.0,0.001944504
Switch: netcloudedge1,470.0,0.0
Switch: netcloudedge2,470.0,0.0
Switch: netcloudcore,470.0,0.0
Switch: netcloudedge2,470.0,0.0
Switch: netcloudcore,470.0,0.0
Switch: netcloudedge1,470.0,0.0
Switch: netcloudgw,470.0,0.0
Switch: inter2,470.0,0.003730504
Switch: inter1,470.0,0.003730504
Switch: inter2,470.0,0.0
Switch: inter1,470.0,0.0
Switch: inter1,470.0,0.0
Switch: internetedge,470.0,0.003730504
Switch: internetcore,470.0,4.66313E-5
Switch: internetgw,470.0,0.003730504
Switch: edge2gw,475.0,0.0
Switch: edge2core,475.0,0.0
Switch: edge2edge1,475.0,0.0
Switch: edgecore,475.0,0.0
Switch: edgeedge2,475.0,0.0
Switch: edgecore,475.0,0.003297992
Switch: edgeedge1,475.0,0.0
Switch: edgecore,475.0,0.0
Switch: edgeedge3,475.0,0.00165
Switch: edgegw,475.0,0.0
Switch: edgeedge3,475.0,0.001589488
Switch: edgeedge3,475.0,0.001683008
Switch: edgeedge3,475.0,0.001708504
Switch: netcloudedge1,475.0,0.0
Switch: netcloudedge2,475.0,0.0
Switch: netcloudcore,475.0,0.0
Switch: netcloudedge2,475.0,0.0
Switch: netcloudcore,475.0,0.0
Switch: netcloudedge1,475.0,0.0
Switch: netcloudgw,475.0,0.0
Switch: inter2,475.0,0.003623496
Switch: inter1,475.0,0.003623496
Switch: inter2,475.0,0.0
Switch: inter1,475.0,0.0
Switch: inter1,475.0,0.0
Switch: internetedge,475.0,0.003623496
Switch: internetcore,475.0,4.52937E-5
Switch: internetgw,475.0,0.003623496
Switch: edge2gw,480.0,0.0
Switch: edge2core,480.0,0.0
Switch: edge2edge1,480.0,0.0
Switch: edgecore,480.0,0.0
Switch: edgeedge2,480.0,0.0
Switch: edgecore,480.0,0.003107496
Switch: edgeedge1,480.0,0.0
Switch: edgecore,480.0,0.0
Switch: edgeedge3,480.0,0.00175
Switch: edgegw,480.0,0.0
Switch: edgeedge3,480.0,0.001566992
Switch: edgeedge3,480.0,0.00175
Switch: edgeedge3,480.0,0.001540504
Switch: netcloudedge1,480.0,0.0
Switch: netcloudedge2,480.0,0.0
Switch: netcloudcore,480.0,0.0
Switch: netcloudedge2,480.0,0.0
Switch: netcloudcore,480.0,0.0
Switch: netcloudedge1,480.0,0.0
Switch: netcloudgw,480.0,0.0
Switch: inter2,480.0,0.003542504
Switch: inter1,480.0,0.003542504
Switch: inter2,480.0,0.0
Switch: inter1,480.0,0.0
Switch: inter1,480.0,0.0
Switch: internetedge,480.0,0.003542504
Switch: internetcore,480.0,4.42813E-5
Switch: internetgw,480.0,0.003542504
Switch: edge2gw,485.0,0.0
Switch: edge2core,485.0,0.0
Switch: edge2edge1,485.0,0.0
Switch: edgecore,485.0,0.0
Switch: edgeedge2,485.0,0.0
Switch: edgecore,485.0,0.003784
Switch: edgeedge1,485.0,0.0
Switch: edgecore,485.0,0.0
Switch: edgeedge3,485.0,0.0017
Switch: edgegw,485.0,0.0
Switch: edgeedge3,485.0,0.001895
Switch: edgeedge3,485.0,0.00165
Switch: edgeedge3,485.0,0.001889
Switch: netcloudedge1,485.0,0.0
Switch: netcloudedge2,485.0,0.0
Switch: netcloudcore,485.0,0.0
Switch: netcloudedge2,485.0,0.0
Switch: netcloudcore,485.0,0.0
Switch: netcloudedge1,485.0,0.0
Switch: netcloudgw,485.0,0.0
Switch: inter2,485.0,0.0028
Switch: inter1,485.0,0.0028
Switch: inter2,485.0,0.0
Switch: inter1,485.0,0.0
Switch: inter1,485.0,0.0
Switch: internetedge,485.0,0.0028
Switch: internetcore,485.0,3.5E-5
Switch: internetgw,485.0,0.0028
Switch: edge2gw,490.0,0.0
Switch: edge2core,490.0,0.0
Switch: edge2edge1,490.0,0.0
Switch: edgecore,490.0,0.0
Switch: edgeedge2,490.0,0.0
Switch: edgecore,490.0,0.003135
Switch: edgeedge1,490.0,0.0
Switch: edgecore,490.0,0.0
Switch: edgeedge3,490.0,0.0017
Switch: edgegw,490.0,0.0
Switch: edgeedge3,490.0,0.00157
Switch: edgeedge3,490.0,0.00173
Switch: edgeedge3,490.0,0.001565
Switch: netcloudedge1,490.0,0.0
Switch: netcloudedge2,490.0,0.0
Switch: netcloudcore,490.0,0.0
Switch: netcloudedge2,490.0,0.0
Switch: netcloudcore,490.0,0.0
Switch: netcloudedge1,490.0,0.0
Switch: netcloudgw,490.0,0.0
Switch: inter2,490.0,0.0039
Switch: inter1,490.0,0.0039
Switch: inter2,490.0,0.0
Switch: inter1,490.0,0.0
Switch: inter1,490.0,0.0
Switch: internetedge,490.0,0.0039
Switch: internetcore,490.0,4.875E-5
Switch: internetgw,490.0,0.0039
Switch: edge2gw,495.0,0.0
Switch: edge2core,495.0,0.0
Switch: edge2edge1,495.0,0.0
Switch: edgecore,495.0,0.0
Switch: edgeedge2,495.0,0.0
Switch: edgecore,495.0,0.003174992
Switch: edgeedge1,495.0,0.0
Switch: edgecore,495.0,0.0
Switch: edgeedge3,495.0,0.001584
Switch: edgegw,495.0,0.0
Switch: edgeedge3,495.0,0.001633
Switch: edgeedge3,495.0,0.00156
Switch: edgeedge3,495.0,0.001541992
Switch: netcloudedge1,495.0,0.0
Switch: netcloudedge2,495.0,0.0
Switch: netcloudcore,495.0,0.0
Switch: netcloudedge2,495.0,0.0
Switch: netcloudcore,495.0,0.0
Switch: netcloudedge1,495.0,0.0
Switch: netcloudgw,495.0,0.0
Switch: inter2,495.0,0.003158496
Switch: inter1,495.0,0.003158496
Switch: inter2,495.0,0.0
Switch: inter1,495.0,0.0
Switch: inter1,495.0,0.0
Switch: internetedge,495.0,0.003158496
Switch: internetcore,495.0,3.94812E-5
Switch: internetgw,495.0,0.003158496
Switch: edge2gw,500.0,0.0
Switch: edge2core,500.0,0.0
Switch: edge2edge1,500.0,0.0
Switch: edgecore,500.0,0.0
Switch: edgeedge2,500.0,0.0
Switch: edgecore,500.0,0.003283496
Switch: edgeedge1,500.0,0.0
Switch: edgecore,500.0,0.0
Switch: edgeedge3,500.0,0.001758504
Switch: edgegw,500.0,0.0
Switch: edgeedge3,500.0,0.001652992
Switch: edgeedge3,500.0,0.0018
Switch: edgeedge3,500.0,0.001630504
Switch: netcloudedge1,500.0,0.0
Switch: netcloudedge2,500.0,0.0
Switch: netcloudcore,500.0,0.0
Switch: netcloudedge2,500.0,0.0
Switch: netcloudcore,500.0,0.0
Switch: netcloudedge1,500.0,0.0
Switch: netcloudgw,500.0,0.0
Switch: inter2,500.0,0.003588992
Switch: inter1,500.0,0.003588992
Switch: inter2,500.0,0.0
Switch: inter1,500.0,0.0
Switch: inter1,500.0,0.0
Switch: internetedge,500.0,0.003588992
Switch: internetcore,500.0,4.48624E-5
Switch: internetgw,500.0,0.003588992
Switch: edge2gw,505.0,0.0
Switch: edge2core,505.0,0.0
Switch: edge2edge1,505.0,0.0
Switch: edgecore,505.0,0.0
Switch: edgeedge2,505.0,0.0
Switch: edgecore,505.0,0.00265
Switch: edgeedge1,505.0,0.0
Switch: edgecore,505.0,0.0
Switch: edgeedge3,505.0,0.00127
Switch: edgegw,505.0,0.0
Switch: edgeedge3,505.0,0.001308
Switch: edgeedge3,505.0,0.00128
Switch: edgeedge3,505.0,0.001342
Switch: netcloudedge1,505.0,0.0
Switch: netcloudedge2,505.0,0.0
Switch: netcloudcore,505.0,0.0
Switch: netcloudedge2,505.0,0.0
Switch: netcloudcore,505.0,0.0
Switch: netcloudedge1,505.0,0.0
Switch: netcloudgw,505.0,0.0
Switch: inter2,505.0,0.0027
Switch: inter1,505.0,0.0027
Switch: inter2,505.0,0.0
Switch: inter1,505.0,0.0
Switch: inter1,505.0,0.0
Switch: internetedge,505.0,0.0027
Switch: internetcore,505.0,3.375E-5
Switch: internetgw,505.0,0.0027
Switch: edge2gw,510.0,0.0
Switch: edge2core,510.0,0.0
Switch: edge2edge1,510.0,0.0
Switch: edgecore,510.0,0.0
Switch: edgeedge2,510.0,0.0
Switch: edgecore,510.0,0.004102992
Switch: edgeedge1,510.0,0.0
Switch: edgecore,510.0,0.0
Switch: edgeedge3,510.0,0.00185
Switch: edgegw,510.0,0.0
Switch: edgeedge3,510.0,0.002001992
Switch: edgeedge3,510.0,0.001809504
Switch: edgeedge3,510.0,0.002101
Switch: netcloudedge1,510.0,0.0
Switch: netcloudedge2,510.0,0.0
Switch: netcloudcore,510.0,0.0
Switch: netcloudedge2,510.0,0.0
Switch: netcloudcore,510.0,0.0
Switch: netcloudedge1,510.0,0.0
Switch: netcloudgw,510.0,0.0
Switch: inter2,510.0,0.003065008
Switch: inter1,510.0,0.003065008
Switch: inter2,510.0,0.0
Switch: inter1,510.0,0.0
Switch: inter1,510.0,0.0
Switch: internetedge,510.0,0.003065008
Switch: internetcore,510.0,3.83126E-5
Switch: internetgw,510.0,0.003065008
Switch: edge2gw,515.0,0.0
Switch: edge2core,515.0,0.0
Switch: edge2edge1,515.0,0.0
Switch: edgecore,515.0,0.0
Switch: edgeedge2,515.0,0.0
Switch: edgecore,515.0,0.002998504
Switch: edgeedge1,515.0,0.0
Switch: edgecore,515.0,0.0
Switch: edgeedge3,515.0,0.0018
Switch: edgegw,515.0,0.0
Switch: edgeedge3,515.0,0.0015
Switch: edgeedge3,515.0,0.001834496
Switch: edgeedge3,515.0,0.001498504
Switch: netcloudedge1,515.0,0.0
Switch: netcloudedge2,515.0,0.0
Switch: netcloudcore,515.0,0.0
Switch: netcloudedge2,515.0,0.0
Switch: netcloudcore,515.0,0.0
Switch: netcloudedge1,515.0,0.0
Switch: netcloudgw,515.0,0.0
Switch: inter2,515.0,0.003874
Switch: inter1,515.0,0.003874
Switch: inter2,515.0,0.0
Switch: inter1,515.0,0.0
Switch: inter1,515.0,0.0
Switch: internetedge,515.0,0.003874
Switch: internetcore,515.0,4.8425E-5
Switch: internetgw,515.0,0.003874
Switch: edge2gw,520.0,0.0
Switch: edge2core,520.0,0.0
Switch: edge2edge1,520.0,0.0
Switch: edgecore,520.0,0.0
Switch: edgeedge2,520.0,0.0
Switch: edgecore,520.0,0.00265
Switch: edgeedge1,520.0,0.0
Switch: edgecore,520.0,0.0
Switch: edgeedge3,520.0,0.0013
Switch: edgegw,520.0,0.0
Switch: edgeedge3,520.0,0.00135
Switch: edgeedge3,520.0,0.00125
Switch: edgeedge3,520.0,0.0013
Switch: netcloudedge1,520.0,0.0
Switch: netcloudedge2,520.0,0.0
Switch: netcloudcore,520.0,0.0
Switch: netcloudedge2,520.0,0.0
Switch: netcloudcore,520.0,0.0
Switch: netcloudedge1,520.0,0.0
Switch: netcloudgw,520.0,0.0
Switch: inter2,520.0,0.00295
Switch: inter1,520.0,0.00295
Switch: inter2,520.0,0.0
Switch: inter1,520.0,0.0
Switch: inter1,520.0,0.0
Switch: internetedge,520.0,0.00295
Switch: internetcore,520.0,3.6875E-5
Switch: internetgw,520.0,0.00295
Switch: edge2gw,525.0,0.0
Switch: edge2core,525.0,0.0
Switch: edge2edge1,525.0,0.0
Switch: edgecore,525.0,0.0
Switch: edgeedge2,525.0,0.0
Switch: edgecore,525.0,0.003385496
Switch: edgeedge1,525.0,0.0
Switch: edgecore,525.0,0.0
Switch: edgeedge3,525.0,0.00175
Switch: edgegw,525.0,0.0
Switch: edgeedge3,525.0,0.0017
Switch: edgeedge3,525.0,0.00175
Switch: edgeedge3,525.0,0.001685496
Switch: netcloudedge1,525.0,0.0
Switch: netcloudedge2,525.0,0.0
Switch: netcloudcore,525.0,0.0
Switch: netcloudedge2,525.0,0.0
Switch: netcloudcore,525.0,0.0
Switch: netcloudedge1,525.0,0.0
Switch: netcloudgw,525.0,0.0
Switch: inter2,525.0,0.00324
Switch: inter1,525.0,0.00324
Switch: inter2,525.0,0.0
Switch: inter1,525.0,0.0
Switch: inter1,525.0,0.0
Switch: internetedge,525.0,0.00324
Switch: internetcore,525.0,4.05E-5
Switch: internetgw,525.0,0.00324
Switch: edge2gw,530.0,0.0
Switch: edge2core,530.0,0.0
Switch: edge2edge1,530.0,0.0
Switch: edgecore,530.0,0.0
Switch: edgeedge2,530.0,0.0
Switch: edgecore,530.0,0.00305
Switch: edgeedge1,530.0,0.0
Switch: edgecore,530.0,0.0
Switch: edgeedge3,530.0,0.00155
Switch: edgegw,530.0,0.0
Switch: edgeedge3,530.0,0.001536496
Switch: edgeedge3,530.0,0.0016
Switch: edgeedge3,530.0,0.001513504
Switch: netcloudedge1,530.0,0.0
Switch: netcloudedge2,530.0,0.0
Switch: netcloudcore,530.0,0.0
Switch: netcloudedge2,530.0,0.0
Switch: netcloudcore,530.0,0.0
Switch: netcloudedge1,530.0,0.0
Switch: netcloudgw,530.0,0.0
Switch: inter2,530.0,0.0033
Switch: inter1,530.0,0.0033
Switch: inter2,530.0,0.0
Switch: inter1,530.0,0.0
Switch: inter1,530.0,0.0
Switch: internetedge,530.0,0.0033
Switch: internetcore,530.0,4.125E-5
Switch: internetgw,530.0,0.0033
Switch: edge2gw,535.0,0.0
Switch: edge2core,535.0,0.0
Switch: edge2edge1,535.0,0.0
Switch: edgecore,535.0,0.0
Switch: edgeedge2,535.0,0.0
Switch: edgecore,535.0,0.002161
Switch: edgeedge1,535.0,0.0
Switch: edgecore,535.0,0.0
Switch: edgeedge3,535.0,0.0011
Switch: edgegw,535.0,0.0
Switch: edgeedge3,535.0,0.001061
Switch: edgeedge3,535.0,0.001067504
Switch: edgeedge3,535.0,0.0011
Switch: netcloudedge1,535.0,0.0
Switch: netcloudedge2,535.0,0.0
Switch: netcloudcore,535.0,0.0
Switch: netcloudedge2,535.0,0.0
Switch: netcloudcore,535.0,0.0
Switch: netcloudedge1,535.0,0.0
Switch: netcloudgw,535.0,0.0
Switch: inter2,535.0,0.0023
Switch: inter1,535.0,0.0023
Switch: inter2,535.0,0.0
Switch: inter1,535.0,0.0
Switch: inter1,535.0,0.0
Switch: internetedge,535.0,0.0023
Switch: internetcore,535.0,2.875E-5
Switch: internetgw,535.0,0.0023
Switch: edge2gw,540.0,0.0
Switch: edge2core,540.0,0.0
Switch: edge2edge1,540.0,0.0
Switch: edgecore,540.0,0.0
Switch: edgeedge2,540.0,0.0
Switch: edgecore,540.0,0.002885496
Switch: edgeedge1,540.0,0.0
Switch: edgecore,540.0,0.0
Switch: edgeedge3,540.0,0.001394504
Switch: edgegw,540.0,0.0
Switch: edgeedge3,540.0,0.001385496
Switch: edgeedge3,540.0,0.00136
Switch: edgeedge3,540.0,0.0015
Switch: netcloudedge1,540.0,0.0
Switch: netcloudedge2,540.0,0.0
Switch: netcloudcore,540.0,0.0
Switch: netcloudedge2,540.0,0.0
Switch: netcloudcore,540.0,0.0
Switch: netcloudedge1,540.0,0.0
Switch: netcloudgw,540.0,0.0
Switch: inter2,540.0,0.00235
Switch: inter1,540.0,0.00235
Switch: inter2,540.0,0.0
Switch: inter1,540.0,0.0
Switch: inter1,540.0,0.0
Switch: internetedge,540.0,0.00235
Switch: internetcore,540.0,2.9375E-5
Switch: internetgw,540.0,0.00235
Switch: edge2gw,545.0,0.0
Switch: edge2core,545.0,0.0
Switch: edge2edge1,545.0,0.0
Switch: edgecore,545.0,0.0
Switch: edgeedge2,545.0,0.0
Switch: edgecore,545.0,0.004344496
Switch: edgeedge1,545.0,0.0
Switch: edgecore,545.0,0.0
Switch: edgeedge3,545.0,0.00218
Switch: edgegw,545.0,0.0
Switch: edgeedge3,545.0,0.002161496
Switch: edgeedge3,545.0,0.002201504
Switch: edgeedge3,545.0,0.002183
Switch: netcloudedge1,545.0,0.0
Switch: netcloudedge2,545.0,0.0
Switch: netcloudcore,545.0,0.0
Switch: netcloudedge2,545.0,0.0
Switch: netcloudcore,545.0,0.0
Switch: netcloudedge1,545.0,0.0
Switch: netcloudgw,545.0,0.0
Switch: inter2,545.0,0.003924
Switch: inter1,545.0,0.003924
Switch: inter2,545.0,0.0
Switch: inter1,545.0,0.0
Switch: inter1,545.0,0.0
Switch: internetedge,545.0,0.003924
Switch: internetcore,545.0,4.905E-5
Switch: internetgw,545.0,0.003924
Switch: edge2gw,550.0,0.0
Switch: edge2core,550.0,0.0
Switch: edge2edge1,550.0,0.0
Switch: edgecore,550.0,0.0
Switch: edgeedge2,550.0,0.0
Switch: edgecore,550.0,0.003177
Switch: edgeedge1,550.0,0.0
Switch: edgecore,550.0,0.0
Switch: edgeedge3,550.0,0.001541496
Switch: edgegw,550.0,0.0
Switch: edgeedge3,550.0,0.001593496
Switch: edgeedge3,550.0,0.001491
Switch: edgeedge3,550.0,0.001583504
Switch: netcloudedge1,550.0,0.0
Switch: netcloudedge2,550.0,0.0
Switch: netcloudcore,550.0,0.0
Switch: netcloudedge2,550.0,0.0
Switch: netcloudcore,550.0,0.0
Switch: netcloudedge1,550.0,0.0
Switch: netcloudgw,550.0,0.0
Switch: inter2,550.0,0.0039
Switch: inter1,550.0,0.0039
Switch: inter2,550.0,0.0
Switch: inter1,550.0,0.0
Switch: inter1,550.0,0.0
Switch: internetedge,550.0,0.0039
Switch: internetcore,550.0,4.875E-5
Switch: internetgw,550.0,0.0039
Switch: edge2gw,555.0,0.0
Switch: edge2core,555.0,0.0
Switch: edge2edge1,555.0,0.0
Switch: edgecore,555.0,0.0
Switch: edgeedge2,555.0,0.0
Switch: edgecore,555.0,0.00295
Switch: edgeedge1,555.0,0.0
Switch: edgecore,555.0,0.0
Switch: edgeedge3,555.0,0.001518
Switch: edgegw,555.0,0.0
Switch: edgeedge3,555.0,0.001425504
Switch: edgeedge3,555.0,0.001465
Switch: edgeedge3,555.0,0.001524496
Switch: netcloudedge1,555.0,0.0
Switch: netcloudedge2,555.0,0.0
Switch: netcloudcore,555.0,0.0
Switch: netcloudedge2,555.0,0.0
Switch: netcloudcore,555.0,0.0
Switch: netcloudedge1,555.0,0.0
Switch: netcloudgw,555.0,0.0
Switch: inter2,555.0,0.003155488
Switch: inter1,555.0,0.003155488
Switch: inter2,555.0,0.0
Switch: inter1,555.0,0.0
Switch: inter1,555.0,0.0
Switch: internetedge,555.0,0.003155488
Switch: internetcore,555.0,3.94436E-5
Switch: internetgw,555.0,0.003155488
Switch: edge2gw,560.0,0.0
Switch: edge2core,560.0,0.0
Switch: edge2edge1,560.0,0.0
Switch: edgecore,560.0,0.0
Switch: edgeedge2,560.0,0.0
Switch: edgecore,560.0,0.003100496
Switch: edgeedge1,560.0,0.0
Switch: edgecore,560.0,0.0
Switch: edgeedge3,560.0,0.001634
Switch: edgegw,560.0,0.0
Switch: edgeedge3,560.0,0.001550496
Switch: edgeedge3,560.0,0.001665504
Switch: edgeedge3,560.0,0.00155
Switch: netcloudedge1,560.0,0.0
Switch: netcloudedge2,560.0,0.0
Switch: netcloudcore,560.0,0.0
Switch: netcloudedge2,560.0,0.0
Switch: netcloudcore,560.0,0.0
Switch: netcloudedge1,560.0,0.0
Switch: netcloudgw,560.0,0.0
Switch: inter2,560.0,0.003135008
Switch: inter1,560.0,0.003135008
Switch: inter2,560.0,0.0
Switch: inter1,560.0,0.0
Switch: inter1,560.0,0.0
Switch: internetedge,560.0,0.003135008
Switch: internetcore,560.0,3.91876E-5
Switch: internetgw,560.0,0.003135008
Switch: edge2gw,565.0,0.0
Switch: edge2core,565.0,0.0
Switch: edge2edge1,565.0,0.0
Switch: edgecore,565.0,0.0
Switch: edgeedge2,565.0,0.0
Switch: edgecore,565.0,0.003546
Switch: edgeedge1,565.0,0.0
Switch: edgecore,565.0,0.0
Switch: edgeedge3,565.0,0.00175
Switch: edgegw,565.0,0.0
Switch: edgeedge3,565.0,0.001769488
Switch: edgeedge3,565.0,0.0017
Switch: edgeedge3,565.0,0.001776512
Switch: netcloudedge1,565.0,0.0
Switch: netcloudedge2,565.0,0.0
Switch: netcloudcore,565.0,0.0
Switch: netcloudedge2,565.0,0.0
Switch: netcloudcore,565.0,0.0
Switch: netcloudedge1,565.0,0.0
Switch: netcloudgw,565.0,0.0
Switch: inter2,565.0,0.003427
Switch: inter1,565.0,0.003427
Switch: inter2,565.0,0.0
Switch: inter1,565.0,0.0
Switch: inter1,565.0,0.0
Switch: internetedge,565.0,0.003427
Switch: internetcore,565.0,4.28375E-5
Switch: internetgw,565.0,0.003427
Switch: edge2gw,570.0,0.0
Switch: edge2core,570.0,0.0
Switch: edge2edge1,570.0,0.0
Switch: edgecore,570.0,0.0
Switch: edgeedge2,570.0,0.0
Switch: edgecore,570.0,0.00295
Switch: edgeedge1,570.0,0.0
Switch: edgecore,570.0,0.0
Switch: edgeedge3,570.0,0.0016
Switch: edgegw,570.0,0.0
Switch: edgeedge3,570.0,0.001442
Switch: edgeedge3,570.0,0.0016
Switch: edgeedge3,570.0,0.001508
Switch: netcloudedge1,570.0,0.0
Switch: netcloudedge2,570.0,0.0
Switch: netcloudcore,570.0,0.0
Switch: netcloudedge2,570.0,0.0
Switch: netcloudcore,570.0,0.0
Switch: netcloudedge1,570.0,0.0
Switch: netcloudgw,570.0,0.0
Switch: inter2,570.0,0.0032
Switch: inter1,570.0,0.0032
Switch: inter2,570.0,0.0
Switch: inter1,570.0,0.0
Switch: inter1,570.0,0.0
Switch: internetedge,570.0,0.0032
Switch: internetcore,570.0,4.0E-5
Switch: internetgw,570.0,0.0032
Switch: edge2gw,575.0,0.0
Switch: edge2core,575.0,0.0
Switch: edge2edge1,575.0,0.0
Switch: edgecore,575.0,0.0
Switch: edgeedge2,575.0,0.0
Switch: edgecore,575.0,0.003292496
Switch: edgeedge1,575.0,0.0
Switch: edgecore,575.0,0.0
Switch: edgeedge3,575.0,0.00155
Switch: edgegw,575.0,0.0
Switch: edgeedge3,575.0,0.001661992
Switch: edgeedge3,575.0,0.0016
Switch: edgeedge3,575.0,0.001630504
Switch: netcloudedge1,575.0,0.0
Switch: netcloudedge2,575.0,0.0
Switch: netcloudcore,575.0,0.0
Switch: netcloudedge2,575.0,0.0
Switch: netcloudcore,575.0,0.0
Switch: netcloudedge1,575.0,0.0
Switch: netcloudgw,575.0,0.0
Switch: inter2,575.0,0.003030504
Switch: inter1,575.0,0.003030504
Switch: inter2,575.0,0.0
Switch: inter1,575.0,0.0
Switch: inter1,575.0,0.0
Switch: internetedge,575.0,0.003030504
Switch: internetcore,575.0,3.78813E-5
Switch: internetgw,575.0,0.003030504
Switch: edge2gw,580.0,0.0
Switch: edge2core,580.0,0.0
Switch: edge2edge1,580.0,0.0
Switch: edgecore,580.0,0.0
Switch: edgeedge2,580.0,0.0
Switch: edgecore,580.0,0.002907
Switch: edgeedge1,580.0,0.0
Switch: edgecore,580.0,0.0
Switch: edgeedge3,580.0,0.00155
Switch: edgegw,580.0,0.0
Switch: edgeedge3,580.0,0.001437
Switch: edgeedge3,580.0,0.00155
Switch: edgeedge3,580.0,0.00147
Switch: netcloudedge1,580.0,0.0
Switch: netcloudedge2,580.0,0.0
Switch: netcloudcore,580.0,0.0
Switch: netcloudedge2,580.0,0.0
Switch: netcloudcore,580.0,0.0
Switch: netcloudedge1,580.0,0.0
Switch: netcloudgw,580.0,0.0
Switch: inter2,580.0,0.003293
Switch: inter1,580.0,0.003293
Switch: inter2,580.0,0.0
Switch: inter1,580.0,0.0
Switch: inter1,580.0,0.0
Switch: internetedge,580.0,0.003293
Switch: internetcore,580.0,4.11625E-5
Switch: internetgw,580.0,0.003293
Switch: edge2gw,585.0,0.0
Switch: edge2core,585.0,0.0
Switch: edge2edge1,585.0,0.0
Switch: edgecore,585.0,0.0
Switch: edgeedge2,585.0,0.0
Switch: edgecore,585.0,0.003114496
Switch: edgeedge1,585.0,0.0
Switch: edgecore,585.0,0.0
Switch: edgeedge3,585.0,0.001568
Switch: edgegw,585.0,0.0
Switch: edgeedge3,585.0,0.0016
Switch: edgeedge3,585.0,0.001483008
Switch: edgeedge3,585.0,0.001514496
Switch: netcloudedge1,585.0,0.0
Switch: netcloudedge2,585.0,0.0
Switch: netcloudcore,585.0,0.0
Switch: netcloudedge2,585.0,0.0
Switch: netcloudcore,585.0,0.0
Switch: netcloudedge1,585.0,0.0
Switch: netcloudgw,585.0,0.0
Switch: inter2,585.0,0.00294
Switch: inter1,585.0,0.00294
Switch: inter2,585.0,0.0
Switch: inter1,585.0,0.0
Switch: inter1,585.0,0.0
Switch: internetedge,585.0,0.00294
Switch: internetcore,585.0,3.675E-5
Switch: internetgw,585.0,0.00294
Switch: edge2gw,590.0,0.0
Switch: edge2core,590.0,0.0
Switch: edge2edge1,590.0,0.0
Switch: edgecore,590.0,0.0
Switch: edgeedge2,590.0,0.0
Switch: edgecore,590.0,0.003232992
Switch: edgeedge1,590.0,0.0
Switch: edgecore,590.0,0.0
Switch: edgeedge3,590.0,0.001597504
Switch: edgegw,590.0,0.0
Switch: edgeedge3,590.0,0.001573
Switch: edgeedge3,590.0,0.001608
Switch: edgeedge3,590.0,0.001659992
Switch: netcloudedge1,590.0,0.0
Switch: netcloudedge2,590.0,0.0
Switch: netcloudcore,590.0,0.0
Switch: netcloudedge2,590.0,0.0
Switch: netcloudcore,590.0,0.0
Switch: netcloudedge1,590.0,0.0
Switch: netcloudgw,590.0,0.0
Switch: inter2,590.0,0.003411504
Switch: inter1,590.0,0.003411504
Switch: inter2,590.0,0.0
Switch: inter1,590.0,0.0
Switch: inter1,590.0,0.0
Switch: internetedge,590.0,0.003411504
Switch: internetcore,590.0,4.26438E-5
Switch: internetgw,590.0,0.003411504
Switch: edge2gw,595.0,0.0
Switch: edge2core,595.0,0.0
Switch: edge2edge1,595.0,0.0
Switch: edgecore,595.0,0.0
Switch: edgeedge2,595.0,0.0
Switch: edgecore,595.0,0.0032
Switch: edgeedge1,595.0,0.0
Switch: edgecore,595.0,0.0
Switch: edgeedge3,595.0,0.00155
Switch: edgegw,595.0,0.0
Switch: edgeedge3,595.0,0.001596504
Switch: edgeedge3,595.0,0.00155
Switch: edgeedge3,595.0,0.001603496
Switch: netcloudedge1,595.0,0.0
Switch: netcloudedge2,595.0,0.0
Switch: netcloudcore,595.0,0.0
Switch: netcloudedge2,595.0,0.0
Switch: netcloudcore,595.0,0.0
Switch: netcloudedge1,595.0,0.0
Switch: netcloudgw,595.0,0.0
Switch: inter2,595.0,0.003032504
Switch: inter1,595.0,0.003032504
Switch: inter2,595.0,0.0
Switch: inter1,595.0,0.0
Switch: inter1,595.0,0.0
Switch: internetedge,595.0,0.003032504
Switch: internetcore,595.0,3.79063E-5
Switch: internetgw,595.0,0.003032504
Switch: edge2gw,600.0,0.0
Switch: edge2core,600.0,0.0
Switch: edge2edge1,600.0,0.0
Switch: edgecore,600.0,0.0
Switch: edgeedge2,600.0,0.0
Switch: edgecore,600.0,0.00288
Switch: edgeedge1,600.0,0.0
Switch: edgecore,600.0,0.0
Switch: edgeedge3,600.0,0.001498504
Switch: edgegw,600.0,0.0
Switch: edgeedge3,600.0,0.001420496
Switch: edgeedge3,600.0,0.00148
Switch: edgeedge3,600.0,0.001459504
Switch: netcloudedge1,600.0,0.0
Switch: netcloudedge2,600.0,0.0
Switch: netcloudcore,600.0,0.0
Switch: netcloudedge2,600.0,0.0
Switch: netcloudcore,600.0,0.0
Switch: netcloudedge1,600.0,0.0
Switch: netcloudgw,600.0,0.0
Switch: inter2,600.0,0.002891496
Switch: inter1,600.0,0.002891496
Switch: inter2,600.0,0.0
Switch: inter1,600.0,0.0
Switch: inter1,600.0,0.0
Switch: internetedge,600.0,0.002891496
Switch: internetcore,600.0,3.61437E-5
Switch: internetgw,600.0,0.002891496
Switch: edge2gw,605.0,0.0
Switch: edge2core,605.0,0.0
Switch: edge2edge1,605.0,0.0
Switch: edgecore,605.0,0.0
Switch: edgeedge2,605.0,0.0
Switch: edgecore,605.0,6.5E-4
Switch: edgeedge1,605.0,0.0
Switch: edgecore,605.0,0.0
Switch: edgeedge3,605.0,4.0E-4
Switch: edgegw,605.0,0.0
Switch: edgeedge3,605.0,3.52496E-4
Switch: edgeedge3,605.0,3.5E-4
Switch: edgeedge3,605.0,2.97504E-4
Switch: netcloudedge1,605.0,0.0
Switch: netcloudedge2,605.0,0.0
Switch: netcloudcore,605.0,0.0
Switch: netcloudedge2,605.0,0.0
Switch: netcloudcore,605.0,0.0
Switch: netcloudedge1,605.0,0.0
Switch: netcloudgw,605.0,0.0
Switch: inter2,605.0,9.97504E-4
Switch: inter1,605.0,9.97504E-4
Switch: inter2,605.0,0.0
Switch: inter1,605.0,0.0
Switch: inter1,605.0,0.0
Switch: internetedge,605.0,9.97504E-4
Switch: internetcore,605.0,1.24688E-5
Switch: internetgw,605.0,9.97504E-4
