Workload_ID,    App_ID,SubmitTime,Pr:StartTime,Pr:EndTime,Pr:CPUTime,   Pr:Size,Tr:StartTime,Tr:EndTime,Tr:NetworkTime,   Tr:Size,Tr:Channel,Pr:StartTime,Pr:EndTime,Pr:CPUTime,   Pr:Size,ResponseTime,
 0, 1, 0.109, 0.109, 0.119, 0.01, 1, 0.119, 0.85, 0.731, 1297, 0, 0.85, 0.864, 0.014, 28,     0.755,
 1, 1, 0.171, 0.171, 0.265, 0.094, 189, 0.265, 1.099, 0.834, 1246, 0, 1.099, 1.113, 0.014, 29,     0.943,
 2, 1, 0.218, 0.218, 0.304, 0.086, 164, 0.304, 1.358, 1.053, 1432, 0, 1.358, 2.611, 1.254, 2508,     2.394,
 3, 1, 0.703, 0.703, 0.713, 0.01, 18, 0.713, 2.631, 1.919, 1468, 0, 2.631, 2.654, 0.022, 45,     1.951,
 4, 1, 0.741, 0.741, 0.767, 0.026, 36, 0.767, 2.881, 2.114, 1997, 0, 2.881, 2.891, 0.01, 9,     2.150,
 7, 1, 0.935, 0.935, 0.965, 0.03, 43, 0.965, 3.64, 2.675, 1472, 0, 3.64, 3.651, 0.011, 22,     2.716,
 5, 1, 0.789, 0.789, 0.878, 0.089, 165, 0.878, 3.13, 2.252, 1200, 0, 3.13, 3.815, 0.685, 1371,     3.027,
 6, 1, 0.924, 0.924, 1.117, 0.193, 383, 1.117, 3.89, 2.773, 1748, 0, 3.89, 3.9, 0.01, 14,     2.976,
 9, 1, 1.107, 1.107, 1.157, 0.05, 71, 1.157, 4.141, 2.985, 1827, 0, 4.141, 4.151, 0.01, 17,     3.045,
 10, 1, 1.22, 1.22, 1.23, 0.01, 1, 1.23, 4.391, 3.161, 1654, 0, 4.391, 4.437, 0.046, 92,     3.217,
 8, 1, 1.088, 1.088, 1.298, 0.209, 404, 1.298, 4.64, 3.343, 1468, 0, 4.64, 4.825, 0.185, 370,     3.737,
 11, 1, 1.288, 1.288, 1.308, 0.02, 38, 1.308, 4.889, 3.582, 1508, 0, 4.889, 4.939, 0.05, 100,     3.652,
 12, 1, 1.311, 1.311, 1.338, 0.027, 37, 1.338, 5.152, 3.814, 1807, 0, 5.152, 5.193, 0.041, 82,     3.882,
 13, 1, 2.141, 2.141, 2.151, 0.01, 2, 2.151, 5.907, 3.756, 1599, 0, 5.907, 5.992, 0.085, 171,     3.851,
 14, 1, 2.171, 2.171, 2.232, 0.062, 127, 2.232, 6.92, 4.687, 1779, 0, 6.92, 6.93, 0.01, 12,     4.759,
 15, 1, 2.457, 2.457, 2.467, 0.01, 16, 2.467, 7.169, 4.702, 836, 0, 7.169, 7.185, 0.016, 33,     4.728,
 17, 1, 2.552, 2.552, 2.785, 0.233, 471, 2.785, 7.671, 4.886, 1301, 0, 7.671, 7.681, 0.01, 9,     5.129,
 19, 1, 2.618, 2.618, 3.029, 0.411, 8, 3.029, 8.681, 5.652, 1342, 0, 8.681, 8.725, 0.044, 88,     6.106,
 18, 1, 2.58, 2.58, 3.024, 0.444, 477, 3.024, 8.431, 5.407, 1487, 0, 8.431, 8.775, 0.345, 689,     6.196,
 20, 1, 2.931, 2.931, 3.038, 0.106, 1, 3.038, 8.928, 5.89, 1765, 0, 8.928, 8.983, 0.055, 110,     6.052,
 21, 1, 3.029, 3.029, 3.075, 0.046, 74, 3.075, 9.188, 6.114, 1389, 0, 9.188, 9.219, 0.031, 62,     6.190,
 16, 1, 2.486, 2.486, 3.201, 0.715, 1423, 3.201, 9.692, 6.491, 2333, 0, 9.692, 9.765, 0.072, 145,     7.279,
 22, 1, 3.102, 3.102, 3.359, 0.257, 515, 3.359, 9.942, 6.582, 1084, 0, 9.942, 10.182, 0.241, 482,     7.081,
 23, 1, 3.382, 3.382, 3.385, 0.004, 19, 3.385, 10.191, 6.806, 1232, 0, 10.191, 10.263, 0.072, 162,     6.882,
 24, 1, 3.449, 3.449, 3.804, 0.355, 697, 3.804, 11.477, 7.673, 1561, 0, 11.477, 11.649, 0.171, 343,     8.200,
 25, 1, 3.88, 3.88, 3.89, 0.01, 10, 3.89, 12.228, 8.338, 1175, 0, 12.228, 12.238, 0.01, 8,     8.358,
 26, 1, 3.93, 3.93, 3.977, 0.047, 80, 3.977, 12.477, 8.501, 1964, 0, 12.477, 12.503, 0.025, 51,     8.573,
 27, 1, 3.967, 3.967, 3.997, 0.03, 60, 3.997, 12.729, 8.733, 938, 0, 12.729, 12.77, 0.04, 81,     8.803,
 28, 1, 4.018, 4.018, 4.058, 0.04, 80, 4.058, 12.979, 8.922, 1485, 0, 12.979, 12.989, 0.01, 11,     8.972,
 30, 1, 4.269, 4.269, 4.279, 0.01, 11, 4.279, 13.496, 9.217, 1479, 0, 13.496, 13.506, 0.01, 13,     9.237,
 31, 1, 4.494, 4.494, 4.503, 0.01, 19, 4.503, 14.013, 9.51, 1887, 0, 14.013, 14.405, 0.392, 784,     9.912,
 29, 1, 4.257, 4.257, 4.668, 0.412, 792, 4.668, 14.512, 9.844, 1670, 0, 14.512, 14.551, 0.039, 78,    10.295,
 33, 1, 4.811, 4.811, 4.821, 0.01, 38, 4.821, 15.03, 10.209, 1721, 0, 15.03, 15.137, 0.107, 214,    10.326,
 32, 1, 4.565, 4.565, 4.693, 0.128, 257, 4.693, 14.762, 10.069, 1742, 0, 14.762, 15.795, 1.033, 2056,    11.230,
 98, 1, 14.948, 14.948, 15.216, 0.268, 503, 15.216, 15.934, 0.718, 1621, 0, 15.934, 15.989, 0.055, 110,     1.041,
 99, 1, 15.026, 15.026, 15.255, 0.229, 79, 15.255, 16.184, 0.929, 1498, 0, 16.184, 16.277, 0.093, 187,     1.252,
 34, 1, 5.071, 5.071, 5.102, 0.032, 81, 5.102, 16.29, 11.188, 1653, 0, 16.29, 16.514, 0.224, 448,    11.443,
 102, 1, 15.321, 15.321, 15.598, 0.277, 29, 15.598, 16.688, 1.09, 1341, 0, 16.688, 16.732, 0.044, 88,     1.411,
 103, 1, 15.421, 15.421, 16.039, 0.618, 864, 16.039, 16.948, 0.909, 1648, 0, 16.948, 17.033, 0.084, 169,     1.612,
 35, 1, 5.258, 5.258, 5.416, 0.158, 313, 5.416, 17.043, 11.627, 1268, 0, 17.043, 17.102, 0.058, 117,    11.844,
 104, 1, 15.488, 15.488, 16.059, 0.571, 25, 16.059, 17.205, 1.146, 1351, 0, 17.205, 17.263, 0.058, 116,     1.775,
 37, 1, 5.605, 5.605, 5.605, 0, 12, 5.605, 17.292, 11.687, 1736, 0, 17.292, 17.327, 0.035, 69,    11.722,
 49, 1, 7.293, 7.293, 7.323, 0.03, 36, 7.323, 17.387, 10.064, 1466, 0,TimeOut
 48, 1, 7.274, 7.274, 7.358, 0.084, 168, 7.358, 17.387, 10.029, 1208, 0,TimeOut
 105, 1, 15.685, 15.685, 16.135, 0.45, 142, 16.135, 17.454, 1.319, 1276, 0, 17.454, 17.497, 0.043, 85,     1.812,
 50, 1, 7.683, 7.683, 7.693, 0.01, 19, 7.693, 17.716, 10.023, 1096, 0,TimeOut
 107, 1, 15.727, 15.727, 16.183, 0.456, 11, 16.183, 17.714, 1.531, 1317, 0, 17.714, 17.724, 0.01, 18,     1.997,
 93, 1, 14.543, 14.543, 16.293, 1.75, 3481, 16.293, 17.977, 1.685, 1200, 0, 17.977, 18.022, 0.044, 89,     3.479,
 39, 1, 5.777, 5.777, 5.793, 0.016, 31, 5.793, 18.04, 12.248, 1087, 0, 18.04, 18.05, 0.01, 17,    12.273,
 51, 1, 8.056, 8.056, 8.089, 0.033, 66, 8.089, 18.117, 10.028, 985, 0,TimeOut
 52, 1, 8.15, 8.15, 8.21, 0.059, 92, 8.21, 18.235, 10.026, 1743, 0,TimeOut
 54, 1, 8.255, 8.255, 8.278, 0.024, 47, 8.278, 18.299, 10.02, 1270, 0,TimeOut
 36, 1, 5.265, 5.265, 5.338, 0.074, 161, 5.338, 16.544, 11.206, 2063, 0, 16.544, 18.414, 1.87, 3741,    13.149,
 53, 1, 8.24, 8.24, 8.379, 0.139, 291, 8.379, 18.458, 10.079, 1626, 0,TimeOut
 55, 1, 8.599, 8.599, 8.764, 0.165, 315, 8.764, 18.783, 10.019, 1525, 0,TimeOut
 57, 1, 8.754, 8.754, 8.774, 0.02, 28, 8.774, 18.795, 10.021, 1776, 0,TimeOut
 58, 1, 8.888, 8.888, 8.933, 0.046, 91, 8.933, 18.962, 10.029, 1026, 0,TimeOut
 38, 1, 5.67, 5.67, 6.055, 0.386, 779, 6.055, 18.79, 12.734, 808, 0, 18.79, 19, 0.21, 420,    13.330,
 110, 1, 16.925, 16.925, 16.95, 0.024, 35, 16.95, 18.976, 2.026, 1021, 0, 18.976, 19.02, 0.044, 89,     2.095,
 40, 1, 6.019, 6.019, 6.069, 0.05, 84, 6.069, 19.049, 12.98, 1504, 0, 19.049, 19.059, 0.01, 3,    13.040,
 112, 1, 17.692, 17.692, 17.702, 0.01, 6, 17.702, 19.235, 1.533, 1311, 0, 19.235, 19.245, 0.01, 3,     1.553,
 60, 1, 9.352, 9.352, 9.362, 0.01, 1, 9.362, 19.379, 10.017, 1467, 0,TimeOut
 114, 1, 17.808, 17.808, 17.823, 0.015, 48, 17.823, 19.484, 1.661, 1798, 0, 19.484, 19.497, 0.013, 26,     1.690,
 61, 1, 9.38, 9.38, 9.496, 0.116, 240, 9.496, 19.557, 10.061, 1622, 0,TimeOut
 41, 1, 6.177, 6.177, 6.38, 0.203, 407, 6.38, 19.572, 13.192, 1386, 0, 19.572, 19.582, 0.01, 5,    13.405,
 62, 1, 9.463, 9.463, 9.568, 0.104, 144, 9.568, 19.584, 10.016, 1486, 0,TimeOut
 63, 1, 9.479, 9.479, 9.582, 0.102, 11, 9.582, 19.596, 10.014, 1553, 0,TimeOut
 42, 1, 6.218, 6.218, 6.242, 0.024, 50, 6.242, 19.307, 13.065, 1434, 0, 19.307, 19.606, 0.299, 607,    13.388,
 44, 1, 6.392, 6.392, 6.416, 0.024, 35, 6.416, 19.825, 13.408, 1666, 0, 19.825, 19.843, 0.018, 36,    13.451,
 116, 1, 17.91, 17.91, 17.92, 0.01, 16, 17.92, 19.746, 1.826, 1485, 0, 19.746, 19.931, 0.184, 369,     2.021,
 65, 1, 9.585, 9.585, 10.038, 0.453, 138, 10.038, 20.058, 10.02, 1340, 0,TimeOut
 43, 1, 6.35, 6.35, 6.43, 0.08, 139, 6.43, 20.074, 13.644, 1318, 0, 20.074, 20.119, 0.044, 89,    13.768,
 66, 1, 9.928, 9.928, 10.142, 0.215, 177, 10.142, 20.208, 10.065, 1643, 0,TimeOut
 118, 1, 18.093, 18.093, 18.103, 0.01, 10, 18.103, 20.015, 1.913, 1379, 0, 20.015, 20.235, 0.22, 440,     2.143,
 119, 1, 18.808, 18.808, 18.853, 0.045, 90, 18.853, 20.272, 1.419, 1190, 0, 20.272, 20.295, 0.023, 46,     1.487,
 67, 1, 10.396, 10.396, 10.445, 0.049, 97, 10.445, 20.467, 10.022, 1651, 0,TimeOut
 121, 1, 18.885, 18.885, 18.91, 0.025, 53, 18.91, 20.532, 1.622, 1305, 0, 20.532, 20.626, 0.094, 188,     1.741,
 68, 1, 10.571, 10.571, 10.581, 0.01, 3, 10.581, 20.664, 10.083, 2161, 0,TimeOut
 69, 1, 10.599, 10.599, 10.654, 0.055, 118, 10.654, 20.678, 10.024, 1151, 0,TimeOut
 71, 1, 10.919, 10.919, 10.947, 0.028, 35, 10.947, 20.968, 10.021, 1966, 0,TimeOut
 129, 1, 20.21, 20.21, 20.267, 0.057, 119, 20.267, 21.014, 0.747, 1841, 0, 21.014, 21.027, 0.013, 26,     0.817,
 120, 1, 18.861, 18.861, 19.052, 0.192, 399, 19.052, 21.042, 1.99, 1077, 0, 21.042, 21.054, 0.012, 24,     2.193,
 45, 1, 6.644, 6.644, 6.836, 0.192, 384, 6.836, 21.08, 14.245, 1525, 0, 21.08, 21.09, 0.01, 9,    14.447,
 72, 1, 11.128, 11.128, 11.161, 0.034, 32, 11.161, 21.185, 10.024, 1388, 0,TimeOut
 73, 1, 11.162, 11.162, 11.195, 0.034, 68, 11.195, 21.212, 10.016, 1427, 0,TimeOut
 131, 1, 20.527, 20.527, 20.537, 0.011, 30, 20.537, 21.263, 0.726, 1184, 0, 21.263, 21.273, 0.01, 3,     0.746,
 123, 1, 19.147, 19.147, 19.167, 0.02, 29, 19.167, 21.291, 2.124, 1841, 0, 21.291, 21.332, 0.041, 81,     2.184,
 74, 1, 11.347, 11.347, 11.347, 0, 12, 11.347, 21.399, 10.052, 1216, 0,TimeOut
 75, 1, 11.362, 11.362, 11.362, 0, 7, 11.362, 21.399, 10.037, 1917, 0,TimeOut
 134, 1, 20.791, 20.791, 20.791, 0, 16, 20.791, 21.513, 0.722, 1047, 0, 21.513, 21.526, 0.014, 27,     0.736,
 136, 1, 20.883, 20.883, 20.91, 0.027, 62, 20.91, 21.772, 0.862, 1031, 0, 21.772, 21.788, 0.017, 33,     0.905,
 46, 1, 7.16, 7.16, 7.201, 0.04, 98, 7.201, 21.85, 14.649, 1350, 0, 21.85, 21.86, 0.01, 5,    14.700,
 76, 1, 12.057, 12.057, 12.089, 0.032, 45, 12.089, 22.107, 10.018, 1783, 0,TimeOut
 47, 1, 7.261, 7.261, 7.303, 0.042, 71, 7.303, 22.099, 14.796, 1694, 0, 22.099, 22.134, 0.035, 74,    14.873,
 126, 1, 19.584, 19.584, 19.61, 0.026, 44, 19.61, 22.305, 2.695, 1781, 0, 22.305, 22.316, 0.012, 23,     2.733,
 56, 1, 8.697, 8.697, 8.697, 0, 14, 8.697, 22.348, 13.651, 1426, 0, 22.348, 22.424, 0.076, 152,    13.727,
 78, 1, 12.334, 12.334, 12.424, 0.09, 135, 12.424, 22.545, 10.121, 1755, 0,TimeOut
 79, 1, 12.438, 12.438, 12.464, 0.026, 54, 12.464, 22.545, 10.08, 1282, 0,TimeOut
 140, 1, 21.237, 21.237, 21.306, 0.069, 6, 21.306, 22.538, 1.232, 1915, 0, 22.538, 22.576, 0.038, 57,     1.339,
 124, 1, 19.338, 19.338, 19.853, 0.515, 1018, 19.853, 22.816, 2.962, 1643, 0, 22.816, 22.826, 0.01, 17,     3.488,
 80, 1, 12.491, 12.491, 12.929, 0.438, 883, 12.929, 22.955, 10.026, 1205, 0,TimeOut
 81, 1, 12.882, 12.882, 12.943, 0.062, 25, 12.943, 22.975, 10.032, 1732, 0,TimeOut
 82, 1, 12.907, 12.907, 12.952, 0.045, 7, 12.952, 22.975, 10.023, 1352, 0,TimeOut
 83, 1, 12.952, 12.952, 12.994, 0.041, 83, 12.994, 23.008, 10.014, 1364, 0,TimeOut
 84, 1, 13.047, 13.047, 13.057, 0.01, 3, 13.057, 23.078, 10.021, 1345, 0,TimeOut
 127, 1, 19.87, 19.87, 19.885, 0.015, 42, 19.885, 23.069, 3.184, 1774, 0, 23.069, 23.079, 0.01, 10,     3.209,
 142, 1, 21.599, 21.599, 21.609, 0.01, 11, 21.609, 22.798, 1.189, 1373, 0, 22.798, 23.111, 0.314, 628,     1.512,
 85, 1, 13.089, 13.089, 13.089, 0, 4, 13.089, 23.122, 10.033, 1672, 0,TimeOut
 86, 1, 13.133, 13.133, 13.222, 0.089, 179, 13.222, 23.308, 10.086, 1199, 0,TimeOut
 64, 1, 9.513, 9.513, 13.255, 3.742, 7347, 13.255, 23.308, 10.053, 1917, 0,TimeOut
 145, 1, 21.97, 21.97, 22.036, 0.066, 109, 22.036, 23.299, 1.263, 1689, 0, 23.299, 23.319, 0.02, 39,     1.349,
 87, 1, 13.157, 13.157, 13.304, 0.146, 164, 13.304, 23.328, 10.024, 1181, 0,TimeOut
 88, 1, 13.33, 13.33, 13.375, 0.045, 90, 13.375, 23.394, 10.019, 1429, 0,TimeOut
 59, 1, 9.328, 9.328, 9.969, 0.64, 1252, 9.969, 23.363, 13.394, 1295, 0, 23.363, 23.466, 0.103, 206,    14.138,
 89, 1, 13.489, 13.489, 13.535, 0.046, 111, 13.535, 23.56, 10.024, 1592, 0,TimeOut
 147, 1, 22.087, 22.087, 22.215, 0.128, 269, 22.215, 23.549, 1.334, 1562, 0, 23.549, 23.564, 0.015, 29,     1.476,
 90, 1, 13.503, 13.503, 13.549, 0.046, 71, 13.549, 23.574, 10.024, 1508, 0,TimeOut
 128, 1, 19.953, 19.953, 20.008, 0.055, 92, 20.008, 23.569, 3.561, 1342, 0, 23.569, 23.63, 0.061, 133,     3.677,
 130, 1, 20.478, 20.478, 20.488, 0.01, 9, 20.488, 24.089, 3.6, 1175, 0, 24.089, 24.111, 0.022, 44,     3.632,
 151, 1, 22.73, 22.73, 22.768, 0.038, 57, 22.768, 24.06, 1.293, 1600, 0, 24.06, 24.137, 0.077, 154,     1.407,
 70, 1, 10.903, 10.903, 10.913, 0.01, 2, 10.913, 24.116, 13.203, 1456, 0, 24.116, 24.157, 0.041, 57,    13.254,
 91, 1, 14.112, 14.112, 14.122, 0.01, 1, 14.122, 24.158, 10.036, 1626, 0,TimeOut
 149, 1, 22.279, 22.279, 22.311, 0.031, 64, 22.311, 23.801, 1.49, 1832, 0, 23.801, 24.179, 0.379, 758,     1.900,
 92, 1, 14.208, 14.208, 14.233, 0.025, 50, 14.233, 24.27, 10.037, 1276, 0,TimeOut
 94, 1, 14.569, 14.569, 14.579, 0.01, 14, 14.579, 24.599, 10.02, 1737, 0,TimeOut
 133, 1, 20.751, 20.751, 20.859, 0.109, 201, 20.859, 24.588, 3.729, 1649, 0, 24.588, 24.614, 0.026, 52,     3.863,
 95, 1, 14.591, 14.591, 14.601, 0.01, 17, 14.601, 24.633, 10.032, 1187, 0,TimeOut
 77, 1, 12.188, 12.188, 12.356, 0.168, 344, 12.356, 24.625, 12.269, 1784, 0, 24.625, 24.635, 0.01, 13,    12.447,
 96, 1, 14.729, 14.729, 14.755, 0.026, 52, 14.755, 24.772, 10.017, 1419, 0,TimeOut
 137, 1, 20.941, 20.941, 20.941, 0, 1, 20.941, 24.84, 3.899, 1413, 0, 24.84, 24.857, 0.017, 33,     3.916,
 154, 1, 23.401, 23.401, 23.487, 0.086, 186, 23.487, 24.559, 1.073, 1359, 0, 24.559, 24.874, 0.315, 614,     1.474,
 97, 1, 14.891, 14.891, 14.916, 0.025, 42, 14.916, 24.968, 10.052, 1532, 0,TimeOut
 157, 1, 23.835, 23.835, 23.835, 0, 1, 23.835, 25.067, 1.231, 1347, 0, 25.067, 25.077, 0.01, 1,     1.241,
 159, 1, 23.929, 23.929, 23.939, 0.01, 8, 23.939, 25.316, 1.377, 1718, 0, 25.316, 25.326, 0.01, 4,     1.397,
 100, 1, 15.048, 15.048, 15.374, 0.326, 239, 15.374, 25.401, 10.027, 2037, 0,TimeOut
 101, 1, 15.272, 15.272, 15.564, 0.292, 347, 15.564, 25.597, 10.033, 1866, 0,TimeOut
 167, 1, 24.665, 24.665, 24.758, 0.093, 14, 24.758, 25.622, 0.864, 1066, 0, 25.622, 25.635, 0.013, 26,     0.970,
 166, 1, 24.593, 24.593, 24.744, 0.151, 54, 24.744, 26.064, 1.32, 2189, 0, 26.064, 26.074, 0.01, 2,     1.482,
 144, 1, 21.892, 21.892, 21.902, 0.01, 4, 21.902, 26.087, 4.185, 1661, 0, 26.087, 26.111, 0.023, 47,     4.219,
 139, 1, 21.185, 21.185, 21.292, 0.107, 38, 21.292, 25.339, 4.047, 1414, 0, 25.339, 26.14, 0.801, 1602,     4.955,
 106, 1, 15.701, 15.701, 16.169, 0.468, 39, 16.169, 26.193, 10.024, 1925, 0,TimeOut
 108, 1, 16.029, 16.029, 16.197, 0.168, 5, 16.197, 26.213, 10.016, 716, 0,TimeOut
 164, 1, 24.389, 24.389, 24.968, 0.579, 1146, 24.968, 26.32, 1.353, 1931, 0, 26.32, 26.33, 0.01, 12,     1.941,
 172, 1, 25.765, 25.765, 25.771, 0.006, 13, 25.771, 26.514, 0.743, 1190, 0, 26.514, 26.58, 0.066, 121,     0.815,
 168, 1, 25.455, 25.455, 25.484, 0.029, 58, 25.484, 26.57, 1.086, 1125, 0, 26.57, 26.58, 0.01, 3,     1.125,
 150, 1, 22.297, 22.297, 22.297, 0, 9, 22.297, 26.59, 4.294, 1803, 0, 26.59, 26.628, 0.038, 75,     4.331,
 141, 1, 21.499, 21.499, 21.531, 0.032, 52, 21.531, 25.588, 4.057, 1664, 0, 25.588, 26.72, 1.132, 2265,     5.222,
 171, 1, 25.751, 25.751, 25.761, 0.01, 9, 25.761, 26.819, 1.059, 1321, 0, 26.819, 26.829, 0.01, 3,     1.079,
 175, 1, 26.193, 26.193, 26.242, 0.049, 99, 26.242, 26.961, 0.72, 1828, 0, 26.961, 26.992, 0.03, 61,     0.799,
 111, 1, 16.986, 16.986, 17.015, 0.029, 58, 17.015, 27.094, 10.079, 1069, 0,TimeOut
 152, 1, 22.831, 22.831, 22.858, 0.028, 26, 22.858, 27.103, 4.245, 1239, 0, 27.103, 27.143, 0.04, 79,     4.312,
 109, 1, 16.913, 16.913, 16.936, 0.023, 43, 16.936, 27.451, 10.516, 1384, 0, 27.451, 27.461, 0.01, 8,    10.549,
 155, 1, 23.616, 23.616, 23.626, 0.01, 18, 23.626, 27.614, 3.989, 1176, 0, 27.614, 27.628, 0.014, 27,     4.012,
 177, 1, 26.416, 26.416, 26.71, 0.294, 591, 26.71, 27.585, 0.874, 1615, 0, 27.585, 27.648, 0.063, 105,     1.231,
 113, 1, 17.748, 17.748, 17.758, 0.01, 19, 17.758, 27.828, 10.07, 1423, 0, 27.828, 27.844, 0.015, 31,    10.096,
 156, 1, 23.819, 23.819, 23.834, 0.015, 29, 23.834, 27.874, 4.04, 2084, 0, 27.874, 27.963, 0.088, 177,     4.143,
 115, 1, 17.836, 17.836, 17.846, 0.01, 2, 17.846, 28.085, 10.239, 855, 0, 28.085, 28.095, 0.01, 6,    10.259,
 180, 1, 27.221, 27.221, 27.36, 0.139, 278, 27.36, 28.095, 0.735, 1511, 0, 28.095, 28.129, 0.034, 68,     0.908,
 117, 1, 18.049, 18.049, 18.059, 0.01, 8, 18.059, 28.335, 10.275, 1726, 0, 28.335, 28.377, 0.043, 85,    10.328,
 161, 1, 24.044, 24.044, 24.057, 0.014, 27, 24.057, 28.383, 4.325, 1967, 0, 28.383, 28.426, 0.044, 98,     4.382,
 181, 1, 27.567, 27.567, 27.666, 0.099, 199, 27.666, 28.383, 0.716, 1592, 0, 28.383, 28.703, 0.32, 640,     1.136,
 182, 1, 27.651, 27.651, 27.746, 0.095, 151, 27.746, 28.461, 0.714, 1386, 0, 28.461, 28.817, 0.356, 713,     1.166,
 163, 1, 24.382, 24.382, 24.395, 0.013, 46, 24.395, 28.633, 4.238, 1620, 0, 28.633, 29.131, 0.499, 998,     4.749,
 184, 1, 28.196, 28.196, 28.348, 0.152, 294, 28.348, 29.077, 0.73, 1363, 0, 29.077, 29.34, 0.263, 525,     1.144,
 122, 1, 18.962, 18.962, 19.157, 0.195, 376, 19.157, 29.358, 10.2, 1764, 0, 29.358, 29.43, 0.072, 145,    10.468,
 186, 1, 28.624, 28.624, 28.773, 0.149, 265, 28.773, 29.489, 0.716, 992, 0, 29.489, 29.503, 0.014, 28,     0.879,
 165, 1, 24.462, 24.462, 24.717, 0.256, 21, 24.717, 28.882, 4.165, 1953, 0, 28.882, 29.649, 0.767, 1535,     5.188,
 125, 1, 19.465, 19.465, 19.491, 0.026, 52, 19.491, 29.865, 10.374, 1895, 0, 29.865, 29.875, 0.01, 8,    10.410,
 174, 1, 26.075, 26.075, 26.109, 0.034, 75, 26.109, 29.888, 3.779, 1203, 0, 29.888, 29.918, 0.03, 37,     3.843,
 189, 1, 29.322, 29.322, 29.522, 0.2, 402, 29.522, 30.261, 0.739, 1434, 0, 30.261, 30.289, 0.028, 56,     0.968,
 170, 1, 25.706, 25.706, 25.761, 0.055, 116, 25.761, 29.639, 3.878, 1028, 0, 29.639, 30.417, 0.779, 1558,     4.711,
 190, 1, 29.522, 29.522, 29.528, 0.006, 23, 29.528, 30.356, 0.828, 1111, 0, 30.356, 30.437, 0.082, 158,     0.916,
 183, 1, 27.999, 27.999, 28.114, 0.115, 192, 28.114, 28.828, 0.715, 1132, 0, 28.828, 30.551, 1.723, 3446,     2.552,
 194, 1, 29.888, 29.888, 29.919, 0.031, 63, 29.919, 30.76, 0.841, 1529, 0, 30.76, 30.783, 0.023, 46,     0.895,
 179, 1, 27.152, 27.152, 27.178, 0.027, 34, 27.178, 30.649, 3.47, 1349, 0, 30.649, 30.883, 0.234, 469,     3.731,
 195, 1, 30.125, 30.125, 30.125, 0, 4, 30.125, 30.854, 0.73, 1442, 0, 30.854, 30.894, 0.04, 76,     0.770,
 176, 1, 26.311, 26.311, 26.318, 0.007, 20, 26.318, 30.146, 3.828, 1470, 0, 30.146, 31.001, 0.855, 1722,     4.690,
 198, 1, 30.451, 30.451, 30.506, 0.055, 85, 30.506, 31.233, 0.728, 1947, 0, 31.233, 31.307, 0.074, 147,     0.856,
 187, 1, 28.729, 28.729, 28.739, 0.01, 12, 28.739, 31.421, 2.683, 1984, 0, 31.421, 31.431, 0.01, 19,     2.703,
 200, 1, 30.67, 30.67, 30.717, 0.047, 79, 30.717, 31.492, 0.775, 1593, 0, 31.492, 31.502, 0.01, 2,     0.832,
 132, 1, 20.664, 20.664, 20.69, 0.026, 45, 20.69, 31.645, 10.954, 1211, 0, 31.645, 31.68, 0.036, 66,    11.016,
 202, 1, 30.773, 30.773, 31.105, 0.332, 227, 31.105, 31.822, 0.717, 1371, 0, 31.822, 31.884, 0.062, 124,     1.111,
 203, 1, 30.857, 30.857, 31.119, 0.263, 21, 31.119, 31.95, 0.831, 1758, 0, 31.95, 31.95, 0, 11,     1.094,
 206, 1, 31.405, 31.405, 31.415, 0.01, 8, 31.415, 32.202, 0.787, 1237, 0, 32.202, 32.283, 0.08, 161,     0.877,
 192, 1, 29.614, 29.614, 29.624, 0.01, 5, 29.624, 32.172, 2.548, 1919, 0, 32.172, 32.34, 0.168, 336,     2.726,
 207, 1, 31.589, 31.589, 31.599, 0.01, 27, 31.599, 32.372, 0.773, 1714, 0, 32.372, 32.406, 0.033, 67,     0.816,
 208, 1, 31.698, 31.698, 31.725, 0.027, 51, 31.725, 32.452, 0.727, 1444, 0, 32.452, 32.474, 0.022, 44,     0.776,
 138, 1, 20.973, 20.973, 21.259, 0.286, 561, 21.259, 32.675, 11.417, 1775, 0, 32.675, 32.685, 0.01, 20,    11.713,
 212, 1, 32.191, 32.191, 32.495, 0.304, 65, 32.495, 33.312, 0.817, 1363, 0, 33.312, 33.343, 0.031, 61,     1.151,
 211, 1, 31.832, 31.832, 32.455, 0.624, 2, 32.455, 33.235, 0.78, 1545, 0, 33.235, 33.371, 0.136, 281,     1.539,
 135, 1, 20.814, 20.814, 21.652, 0.838, 1676, 21.652, 33.174, 11.522, 1167, 0, 33.174, 33.413, 0.239, 478,    12.599,
 143, 1, 21.811, 21.811, 21.817, 0.006, 17, 21.817, 33.439, 11.622, 1452, 0, 33.439, 33.449, 0.01, 13,    11.637,
 205, 1, 31.075, 31.075, 31.215, 0.14, 98, 31.215, 33.459, 2.244, 1163, 0, 33.459, 33.578, 0.119, 238,     2.503,
 146, 1, 22.05, 22.05, 22.064, 0.014, 32, 22.064, 33.688, 11.624, 1231, 0, 33.688, 33.698, 0.01, 1,    11.648,
 209, 1, 31.725, 31.725, 31.753, 0.028, 33, 31.753, 33.958, 2.205, 1635, 0, 33.958, 34.237, 0.279, 558,     2.511,
 210, 1, 31.814, 31.814, 32.445, 0.632, 1254, 32.445, 34.457, 2.012, 1905, 0, 34.457, 34.457, 0, 6,     2.643,
 148, 1, 22.15, 22.15, 22.273, 0.123, 245, 22.273, 33.938, 11.665, 1942, 0, 33.938, 34.966, 1.028, 2057,    12.816,
 158, 1, 23.844, 23.844, 23.848, 0.004, 24, 23.848, 35.193, 11.346, 1137, 0, 35.193, 35.228, 0.034, 69,    11.384,
 214, 1, 32.295, 32.295, 33.499, 1.204, 5, 33.499, 35.231, 1.732, 1192, 0, 35.231, 35.286, 0.055, 117,     2.991,
 153, 1, 23.382, 23.382, 23.521, 0.139, 261, 23.521, 34.694, 11.174, 1357, 0, 34.694, 35.52, 0.826, 1652,    12.138,
 162, 1, 24.27, 24.27, 24.703, 0.433, 867, 24.703, 35.693, 10.989, 2051, 0, 35.693, 35.713, 0.02, 41,    11.443,
 169, 1, 25.625, 25.625, 25.635, 0.01, 4, 25.635, 35.945, 10.309, 1688, 0, 35.945, 36.047, 0.102, 204,    10.421,
 173, 1, 26.059, 26.059, 26.069, 0.01, 10, 26.069, 36.198, 10.129, 1614, 0, 36.198, 36.212, 0.014, 28,    10.153,
 178, 1, 26.438, 26.438, 27.151, 0.713, 1429, 27.151, 36.953, 9.802, 1422, 0, 36.953, 37.013, 0.06, 120,    10.575,
 185, 1, 28.518, 28.518, 28.541, 0.023, 55, 28.541, 37.706, 9.165, 1311, 0, 37.706, 37.801, 0.095, 190,     9.284,
 216, 1, 32.54, 32.54, 36.983, 4.443, 23, 36.983, 37.884, 0.901, 1530, 0, 37.884, 37.894, 0.01, 6,     5.354,
 218, 1, 32.678, 32.678, 37.053, 4.374, 99, 37.053, 37.944, 0.891, 1715, 0, 37.944, 37.954, 0.01, 9,     5.276,
 188, 1, 28.799, 28.799, 29.129, 0.329, 653, 29.129, 37.956, 8.828, 2030, 0, 37.956, 37.966, 0.01, 23,     9.167,
 217, 1, 32.596, 32.596, 37.003, 4.408, 33, 37.003, 37.944, 0.941, 859, 0, 37.944, 38.027, 0.083, 166,     5.432,
 220, 1, 33.312, 33.312, 37.185, 3.874, 216, 37.185, 38.142, 0.957, 1645, 0, 38.142, 38.357, 0.214, 415,     5.045,
 213, 1, 32.221, 32.221, 37.417, 5.196, 9805, 37.417, 38.198, 0.781, 1322, 0, 38.198, 38.408, 0.21, 402,     6.187,
 223, 1, 33.653, 33.653, 37.437, 3.784, 12, 37.437, 38.398, 0.961, 1757, 0, 38.398, 38.408, 0.01, 16,     4.755,
 225, 1, 34.102, 34.102, 37.677, 3.575, 33, 37.677, 38.448, 0.771, 1774, 0, 38.448, 38.502, 0.054, 108,     4.400,
 224, 1, 34.079, 34.079, 37.643, 3.564, 401, 37.643, 38.448, 0.805, 1261, 0, 38.448, 38.522, 0.074, 118,     4.443,
 191, 1, 29.585, 29.585, 29.601, 0.015, 30, 29.601, 38.468, 8.867, 1002, 0, 38.468, 38.522, 0.054, 76,     8.936,
 160, 1, 23.957, 23.957, 23.963, 0.006, 16, 23.963, 35.443, 11.48, 1804, 0, 35.443, 38.533, 3.09, 6181,    14.576,
 227, 1, 34.177, 34.177, 37.703, 3.526, 22, 37.703, 38.647, 0.944, 1146, 0, 38.647, 38.672, 0.025, 50,     4.495,
 228, 1, 34.242, 34.242, 37.727, 3.485, 25, 37.727, 38.697, 0.97, 1288, 0, 38.697, 38.732, 0.034, 60,     4.490,
 193, 1, 29.848, 29.848, 29.895, 0.047, 93, 29.895, 38.722, 8.827, 1327, 0, 38.722, 38.732, 0.01, 15,     8.884,
 229, 1, 34.77, 34.77, 37.739, 2.969, 21, 37.739, 38.697, 0.958, 1280, 0, 38.697, 39.003, 0.306, 612,     4.233,
 231, 1, 34.871, 34.871, 37.901, 3.03, 296, 37.901, 39.146, 1.245, 872, 0, 39.146, 39.156, 0.01, 2,     4.285,
 199, 1, 30.51, 30.51, 30.541, 0.031, 72, 30.541, 39.23, 8.689, 1731, 0, 39.23, 39.244, 0.014, 29,     8.734,
 234, 1, 35.35, 35.35, 38.069, 2.719, 12, 38.069, 39.45, 1.381, 1275, 0, 39.45, 39.472, 0.022, 44,     4.122,
 201, 1, 30.742, 30.742, 30.992, 0.25, 480, 30.992, 39.48, 8.488, 979, 0, 39.48, 39.557, 0.077, 170,     8.814,
 236, 1, 35.548, 35.548, 38.316, 2.768, 40, 38.316, 39.658, 1.342, 1971, 0, 39.658, 39.668, 0.01, 1,     4.120,
 204, 1, 30.907, 30.907, 31.166, 0.259, 78, 31.166, 39.73, 8.563, 1307, 0, 39.73, 39.81, 0.081, 161,     8.903,
 238, 1, 35.746, 35.746, 38.481, 2.734, 10, 38.481, 39.908, 1.428, 1811, 0, 39.908, 39.937, 0.029, 58,     4.191,
 239, 1, 35.764, 35.764, 38.495, 2.73, 20, 38.495, 39.97, 1.475, 1068, 0, 39.97, 40.045, 0.075, 150,     4.281,
 242, 1, 36.226, 36.226, 38.787, 2.561, 115, 38.787, 40.163, 1.376, 1227, 0, 40.163, 40.183, 0.02, 40,     3.957,
 232, 1, 35.057, 35.057, 38.044, 2.988, 287, 38.044, 39.2, 1.156, 1701, 0, 39.2, 40.203, 1.003, 1974,     5.147,
 243, 1, 36.314, 36.314, 38.905, 2.591, 218, 38.905, 40.226, 1.321, 991, 0, 40.226, 40.275, 0.049, 98,     3.961,
 222, 1, 33.509, 33.509, 38.969, 5.46, 3096, 38.969, 40.226, 1.257, 1216, 0, 40.226, 40.295, 0.069, 130,     6.786,
 240, 1, 35.944, 35.944, 38.589, 2.644, 188, 38.589, 39.97, 1.381, 1786, 0, 39.97, 40.388, 0.418, 837,     4.444,
 246, 1, 36.535, 36.535, 39.032, 2.497, 9, 39.032, 40.423, 1.391, 1045, 0, 40.423, 40.496, 0.074, 145,     3.962,
 248, 1, 36.775, 36.775, 39.129, 2.354, 28, 39.129, 40.475, 1.346, 1752, 0, 40.475, 40.516, 0.041, 66,     3.741,
 247, 1, 36.659, 36.659, 39.105, 2.446, 120, 39.105, 40.475, 1.37, 1507, 0, 40.475, 40.883, 0.408, 816,     4.224,
 250, 1, 37.437, 37.437, 39.553, 2.116, 783, 39.553, 40.926, 1.372, 1499, 0, 40.926, 40.999, 0.073, 135,     3.562,
 252, 1, 37.678, 37.678, 39.625, 1.948, 25, 39.625, 40.989, 1.363, 1213, 0, 40.989, 41.035, 0.046, 92,     3.357,
 251, 1, 37.604, 37.604, 39.611, 2.008, 102, 39.611, 40.989, 1.377, 1604, 0, 40.989, 41.096, 0.107, 214,     3.492,
 253, 1, 37.729, 37.729, 39.761, 2.032, 243, 39.761, 41.177, 1.416, 1342, 0, 41.177, 41.199, 0.022, 44,     3.470,
 254, 1, 37.786, 37.786, 39.775, 1.989, 3, 39.775, 41.243, 1.468, 1548, 0, 41.243, 41.286, 0.043, 87,     3.501,
 244, 1, 36.33, 36.33, 39.885, 3.554, 1960, 39.885, 41.243, 1.358, 1988, 0, 41.243, 41.319, 0.076, 152,     4.989,
 256, 1, 38.61, 38.61, 40.168, 1.558, 544, 40.168, 41.494, 1.327, 1723, 0, 41.494, 41.504, 0.01, 16,     2.895,
 257, 1, 38.666, 38.666, 40.182, 1.516, 18, 40.182, 41.494, 1.313, 1713, 0, 41.494, 41.504, 0.01, 8,     2.839,
 196, 1, 30.177, 30.177, 33.489, 3.311, 6618, 33.489, 41.51, 8.021, 1516, 0, 41.51, 41.537, 0.027, 65,    11.359,
 261, 1, 39.032, 39.032, 40.328, 1.296, 25, 40.328, 41.749, 1.421, 1249, 0, 41.749, 41.764, 0.014, 29,     2.732,
 263, 1, 39.507, 39.507, 40.435, 0.928, 12, 40.435, 41.925, 1.49, 1254, 0, 41.925, 41.935, 0.01, 15,     2.428,
 260, 1, 38.765, 38.765, 40.314, 1.549, 45, 40.314, 41.749, 1.435, 1234, 0, 41.749, 42.005, 0.256, 512,     3.240,
 264, 1, 39.572, 39.572, 40.455, 0.884, 40, 40.455, 42.007, 1.552, 1239, 0, 42.007, 42.007, 0, 4,     2.436,
 265, 1, 39.651, 39.651, 40.469, 0.819, 11, 40.469, 42.007, 1.538, 1482, 0, 42.007, 42.029, 0.022, 44,     2.379,
 259, 1, 38.734, 38.734, 40.28, 1.546, 7, 40.28, 41.676, 1.396, 1410, 0, 41.676, 42.169, 0.493, 987,     3.435,
 267, 1, 40.037, 40.037, 40.52, 0.483, 6, 40.52, 42.18, 1.66, 1562, 0, 42.18, 42.221, 0.041, 82,     2.184,
 262, 1, 39.079, 39.079, 40.56, 1.481, 441, 40.56, 42.266, 1.706, 1205, 0, 42.266, 42.286, 0.02, 28,     3.207,
 268, 1, 40.245, 40.245, 40.601, 0.355, 148, 40.601, 42.423, 1.823, 1575, 0, 42.423, 42.495, 0.072, 143,     2.250,
 271, 1, 40.97, 40.97, 40.98, 0.01, 15, 40.98, 42.765, 1.786, 1067, 0, 42.765, 42.775, 0.01, 15,     1.806,
 272, 1, 41.013, 41.013, 41.042, 0.029, 57, 41.042, 42.765, 1.723, 1229, 0, 42.765, 42.785, 0.02, 36,     1.772,
 269, 1, 40.733, 40.733, 40.759, 0.026, 46, 40.759, 42.516, 1.757, 1373, 0, 42.516, 42.828, 0.312, 624,     2.095,
 275, 1, 41.263, 41.263, 41.263, 0, 5, 41.263, 42.937, 1.674, 1270, 0, 42.937, 43.091, 0.154, 308,     1.828,
 270, 1, 40.914, 40.914, 40.936, 0.022, 36, 40.936, 42.687, 1.751, 1927, 0, 42.687, 43.204, 0.517, 1034,     2.290,
 215, 1, 32.445, 32.445, 36.963, 4.518, 6927, 36.963, 43.284, 6.321, 1604, 0, 43.284, 43.314, 0.03, 60,    10.869,
 278, 1, 41.731, 41.731, 41.731, 0, 2, 41.731, 43.513, 1.782, 1327, 0, 43.513, 43.523, 0.01, 7,     1.792,
 273, 1, 41.211, 41.211, 41.326, 0.114, 240, 41.326, 43.015, 1.689, 2134, 0, 43.015, 43.544, 0.529, 1058,     2.332,
 221, 1, 33.405, 33.405, 37.417, 4.012, 462, 37.417, 43.783, 6.365, 1735, 0, 43.783, 43.793, 0.01, 29,    10.388,
 219, 1, 32.923, 32.923, 37.067, 4.144, 16, 37.067, 43.533, 6.466, 1674, 0, 43.533, 43.843, 0.31, 620,    10.920,
 282, 1, 42.192, 42.192, 42.202, 0.01, 9, 42.202, 43.95, 1.748, 1513, 0, 43.95, 44.001, 0.05, 101,     1.808,
 283, 1, 42.353, 42.353, 42.4, 0.048, 109, 42.4, 44.016, 1.616, 1608, 0, 44.016, 44.026, 0.01, 4,     1.673,
 284, 1, 42.571, 42.571, 42.595, 0.024, 64, 42.595, 44.016, 1.421, 1227, 0, 44.016, 44.06, 0.044, 80,     1.489,
 226, 1, 34.145, 34.145, 37.689, 3.545, 25, 37.689, 44.05, 6.361, 1168, 0, 44.05, 44.07, 0.02, 29,     9.925,
 277, 1, 41.635, 41.635, 41.645, 0.01, 8, 41.645, 43.513, 1.868, 1102, 0, 43.513, 44.163, 0.65, 1300,     2.528,
 230, 1, 34.841, 34.841, 37.753, 2.912, 21, 37.753, 44.303, 6.55, 1567, 0, 44.303, 44.313, 0.01, 2,     9.472,
 289, 1, 43.078, 43.078, 43.19, 0.112, 118, 43.19, 44.452, 1.262, 1687, 0, 44.452, 44.496, 0.044, 88,     1.418,
 291, 1, 43.346, 43.346, 43.386, 0.04, 73, 43.386, 44.533, 1.147, 1306, 0, 44.533, 44.722, 0.189, 378,     1.376,
 233, 1, 35.272, 35.272, 38.058, 2.786, 1, 38.058, 44.809, 6.75, 1701, 0, 44.809, 44.879, 0.07, 140,     9.607,
 287, 1, 43.023, 43.023, 43.092, 0.069, 139, 43.092, 44.283, 1.191, 1618, 0, 44.283, 44.892, 0.608, 1217,     1.868,
 290, 1, 43.107, 43.107, 43.224, 0.117, 35, 43.224, 44.533, 1.308, 1059, 0, 44.533, 44.913, 0.38, 761,     1.806,
 286, 1, 42.653, 42.653, 42.663, 0.01, 10, 42.663, 44.201, 1.538, 1320, 0, 44.201, 45.05, 0.849, 1692,     2.397,
 281, 1, 42.164, 42.164, 43.896, 1.732, 3433, 43.896, 45.04, 1.144, 1462, 0, 45.04, 45.162, 0.121, 243,     2.998,
 293, 1, 43.376, 43.376, 43.638, 0.262, 125, 43.638, 44.702, 1.064, 1910, 0, 44.702, 45.238, 0.536, 1073,     1.862,
 294, 1, 44.075, 44.075, 44.085, 0.01, 7, 44.085, 45.2, 1.115, 1498, 0, 45.2, 45.262, 0.062, 123,     1.186,
 237, 1, 35.632, 35.632, 38.469, 2.837, 305, 38.469, 45.313, 6.844, 1307, 0, 45.313, 45.323, 0.01, 7,     9.691,
 197, 1, 30.204, 30.204, 30.204, 0, 3, 30.204, 38.981, 8.777, 1448, 0, 38.981, 45.415, 6.434, 12868,    15.211,
 295, 1, 44.091, 44.091, 44.133, 0.042, 96, 44.133, 45.293, 1.16, 1761, 0, 45.293, 45.564, 0.271, 542,     1.473,
 296, 1, 44.136, 44.136, 44.145, 0.01, 9, 44.145, 45.293, 1.148, 1587, 0, 45.293, 45.661, 0.368, 736,     1.525,
 241, 1, 36.187, 36.187, 38.73, 2.543, 267, 38.73, 45.569, 6.839, 1553, 0, 45.569, 45.681, 0.112, 215,     9.494,
 297, 1, 44.145, 44.145, 44.817, 0.672, 1323, 44.817, 45.72, 0.902, 1294, 0, 45.72, 45.811, 0.092, 184,     1.666,
 245, 1, 36.487, 36.487, 39.026, 2.539, 114, 39.026, 45.826, 6.8, 890, 0, 45.826, 45.85, 0.024, 48,     9.364,
 300, 1, 44.733, 44.733, 44.831, 0.097, 19, 44.831, 45.792, 0.962, 1415, 0, 45.792, 46, 0.208, 416,     1.267,
 302, 1, 44.821, 44.821, 45.102, 0.281, 364, 45.102, 46.042, 0.94, 1393, 0, 46.042, 46.052, 0.01, 13,     1.231,
 303, 1, 45.043, 45.043, 45.136, 0.093, 51, 45.136, 46.042, 0.906, 1793, 0, 46.042, 46.052, 0.01, 6,     1.009,
 249, 1, 37.135, 37.135, 39.143, 2.008, 7, 39.143, 46.082, 6.939, 2014, 0, 46.082, 46.223, 0.141, 282,     9.088,
 235, 1, 35.444, 35.444, 38.292, 2.848, 447, 38.292, 45.058, 6.766, 1832, 0, 45.058, 46.442, 1.384, 2785,    10.998,
 304, 1, 45.47, 45.47, 45.516, 0.046, 78, 45.516, 46.483, 0.967, 1692, 0, 46.483, 46.498, 0.016, 31,     1.029,
 306, 1, 45.506, 45.506, 45.645, 0.139, 148, 45.645, 46.541, 0.896, 1367, 0, 46.541, 46.56, 0.02, 39,     1.054,
 305, 1, 45.489, 45.489, 45.571, 0.083, 105, 45.571, 46.541, 0.97, 1829, 0, 46.541, 46.599, 0.058, 116,     1.110,
 308, 1, 45.771, 45.771, 45.781, 0.01, 20, 45.781, 46.79, 1.009, 2049, 0, 46.79, 46.895, 0.105, 208,     1.125,
 309, 1, 46.149, 46.149, 46.159, 0.01, 4, 46.159, 46.885, 0.726, 1031, 0, 46.885, 46.941, 0.056, 112,     0.792,
 255, 1, 38.21, 38.21, 40.266, 2.056, 983, 40.266, 47.082, 6.816, 1323, 0, 47.082, 47.092, 0.01, 15,     8.882,
 299, 1, 44.575, 44.575, 46.445, 1.87, 3729, 46.445, 47.175, 0.73, 1799, 0, 47.175, 47.185, 0.01, 1,     2.610,
 258, 1, 38.72, 38.72, 40.425, 1.706, 480, 40.425, 47.332, 6.906, 1238, 0, 47.332, 47.357, 0.025, 50,     8.637,
 311, 1, 46.503, 46.503, 46.523, 0.02, 40, 46.523, 47.397, 0.873, 1730, 0, 47.397, 47.407, 0.01, 17,     0.903,
 266, 1, 39.82, 39.82, 40.506, 0.686, 51, 40.506, 47.581, 7.075, 1504, 0, 47.581, 47.591, 0.01, 12,     7.771,
 312, 1, 47.204, 47.204, 47.214, 0.01, 4, 47.214, 47.937, 0.723, 1625, 0, 47.937, 47.977, 0.041, 82,     0.774,
 313, 1, 47.262, 47.262, 47.364, 0.102, 205, 47.364, 48.127, 0.762, 1079, 0, 48.127, 48.145, 0.018, 43,     0.882,
 316, 1, 47.462, 47.462, 47.472, 0.01, 10, 47.472, 48.2, 0.728, 1336, 0, 48.2, 48.216, 0.016, 31,     0.754,
 274, 1, 41.223, 41.223, 41.237, 0.014, 38, 41.237, 48.358, 7.122, 1849, 0, 48.358, 48.378, 0.02, 21,     7.155,
 317, 1, 47.63, 47.63, 47.63, 0, 12, 47.63, 48.383, 0.753, 1415, 0, 48.383, 48.43, 0.047, 103,     0.800,
 318, 1, 47.679, 47.679, 47.789, 0.109, 212, 47.789, 48.513, 0.725, 1436, 0, 48.513, 48.523, 0.01, 18,     0.844,
 276, 1, 41.38, 41.38, 41.39, 0.01, 10, 41.39, 48.607, 7.217, 1842, 0, 48.607, 48.628, 0.02, 41,     7.248,
 315, 1, 47.382, 47.382, 47.809, 0.427, 861, 47.809, 48.632, 0.824, 1620, 0, 48.632, 48.642, 0.01, 23,     1.260,
 319, 1, 48.324, 48.324, 48.334, 0.01, 19, 48.334, 49.047, 0.713, 1678, 0, 49.047, 49.057, 0.01, 1,     0.733,
 279, 1, 41.836, 41.836, 41.867, 0.031, 51, 41.867, 49.107, 7.239, 1492, 0, 49.107, 49.117, 0.01, 14,     7.281,
 280, 1, 42.098, 42.098, 42.192, 0.094, 187, 42.192, 49.37, 7.177, 1247, 0, 49.37, 49.41, 0.04, 80,     7.311,
 285, 1, 42.628, 42.628, 42.638, 0.01, 5, 42.638, 49.628, 6.99, 1638, 0, 49.628, 49.648, 0.02, 39,     7.020,
 323, 1, 48.922, 48.922, 49.288, 0.366, 25, 49.288, 50.021, 0.733, 1446, 0, 50.021, 50.031, 0.01, 4,     1.109,
 321, 1, 48.844, 48.844, 49.274, 0.43, 861, 49.274, 49.989, 0.715, 1089, 0, 49.989, 50.047, 0.058, 125,     1.204,
 292, 1, 43.368, 43.368, 43.576, 0.207, 377, 43.576, 50.139, 6.564, 1494, 0, 50.139, 50.161, 0.022, 44,     6.793,
 325, 1, 49.022, 49.022, 49.316, 0.294, 26, 49.316, 50.243, 0.927, 1499, 0, 50.243, 50.263, 0.02, 40,     1.242,
 322, 1, 48.901, 48.901, 49.35, 0.449, 899, 49.35, 50.271, 0.921, 1725, 0, 50.271, 50.271, 0, 3,     1.370,
 326, 1, 49.156, 49.156, 49.567, 0.412, 504, 49.567, 50.493, 0.925, 1609, 0, 50.493, 50.538, 0.045, 91,     1.382,
 328, 1, 49.701, 49.701, 49.726, 0.025, 41, 49.726, 50.523, 0.797, 1406, 0, 50.523, 50.562, 0.04, 79,     0.861,
 329, 1, 49.726, 49.726, 49.768, 0.042, 60, 49.768, 50.573, 0.805, 1723, 0, 50.573, 50.586, 0.013, 26,     0.860,
 298, 1, 44.493, 44.493, 44.504, 0.011, 21, 44.504, 51.137, 6.633, 1845, 0, 51.137, 51.152, 0.015, 30,     6.659,
 330, 1, 49.845, 49.845, 50.966, 1.121, 2208, 50.966, 51.688, 0.722, 1570, 0, 51.688, 51.718, 0.03, 41,     1.873,
 331, 1, 49.963, 49.963, 51, 1.037, 44, 51, 51.718, 0.718, 1899, 0, 51.718, 51.728, 0.01, 18,     1.765,
 301, 1, 44.764, 44.764, 44.92, 0.156, 156, 44.92, 51.386, 6.466, 1689, 0, 51.386, 51.791, 0.405, 810,     7.027,
 332, 1, 50.017, 50.017, 51.032, 1.015, 64, 51.032, 51.754, 0.722, 1777, 0, 51.754, 51.827, 0.073, 147,     1.810,
 335, 1, 50.318, 50.318, 51.237, 0.919, 152, 51.237, 52.004, 0.767, 1056, 0, 52.004, 52.029, 0.026, 51,     1.711,
 333, 1, 50.036, 50.036, 51.066, 1.03, 32, 51.066, 51.938, 0.871, 1346, 0, 51.938, 52.067, 0.129, 259,     2.031,
 336, 1, 50.465, 50.465, 51.272, 0.807, 70, 51.272, 52.191, 0.919, 1511, 0, 52.191, 52.201, 0.01, 1,     1.736,
 307, 1, 45.731, 45.731, 45.771, 0.04, 87, 45.771, 52.167, 6.397, 984, 0, 52.167, 52.217, 0.049, 99,     6.486,
 338, 1, 50.76, 50.76, 51.352, 0.593, 113, 51.352, 52.229, 0.877, 1483, 0, 52.229, 52.239, 0.01, 12,     1.479,
 327, 1, 49.614, 49.614, 51.411, 1.797, 3594, 51.411, 52.253, 0.842, 1576, 0, 52.253, 52.301, 0.047, 95,     2.687,
 310, 1, 46.173, 46.173, 46.288, 0.115, 231, 46.288, 52.416, 6.128, 1767, 0, 52.416, 52.426, 0.01, 16,     6.253,
 341, 1, 51.385, 51.385, 51.717, 0.332, 424, 51.717, 52.503, 0.787, 1334, 0, 52.503, 52.513, 0.01, 18,     1.128,
 342, 1, 51.413, 51.413, 51.683, 0.269, 15, 51.683, 52.484, 0.801, 823, 0, 52.484, 52.533, 0.049, 99,     1.120,
 288, 1, 43.047, 43.047, 43.131, 0.084, 78, 43.131, 49.887, 6.756, 2064, 0, 49.887, 52.831, 2.944, 5889,     9.784,
 345, 1, 51.998, 51.998, 51.998, 0, 5, 51.998, 52.994, 0.996, 1787, 0, 52.994, 53.004, 0.01, 14,     1.006,
 346, 1, 52.026, 52.026, 52.036, 0.01, 3, 52.036, 53.008, 0.972, 1617, 0, 53.008, 53.02, 0.012, 32,     0.994,
 314, 1, 47.352, 47.352, 47.387, 0.035, 65, 47.387, 53.166, 5.779, 1583, 0, 53.166, 53.177, 0.011, 21,     5.825,
 348, 1, 52.098, 52.098, 52.108, 0.01, 6, 52.108, 53.22, 1.112, 1265, 0, 53.22, 53.23, 0.01, 4,     1.132,
 343, 1, 51.502, 51.502, 51.731, 0.229, 71, 51.731, 52.71, 0.979, 1484, 0, 52.71, 53.441, 0.732, 1452,     1.940,
 349, 1, 52.449, 52.449, 52.483, 0.035, 69, 52.483, 53.498, 1.014, 1509, 0, 53.498, 53.558, 0.061, 122,     1.110,
 350, 1, 52.489, 52.489, 52.517, 0.028, 32, 52.517, 53.522, 1.004, 1294, 0, 53.522, 53.618, 0.096, 211,     1.129,
 351, 1, 52.762, 52.762, 52.792, 0.03, 78, 52.792, 53.735, 0.943, 1336, 0, 53.735, 53.754, 0.019, 37,     0.992,
 320, 1, 48.533, 48.533, 48.63, 0.097, 194, 48.63, 53.937, 5.307, 1289, 0, 53.937, 54.136, 0.2, 411,     5.603,
 354, 1, 53.14, 53.14, 53.44, 0.3, 602, 53.44, 54.258, 0.818, 1551, 0, 54.258, 54.271, 0.013, 25,     1.130,
 356, 1, 53.222, 53.222, 53.257, 0.035, 69, 53.257, 54.234, 0.978, 1544, 0, 54.234, 54.416, 0.182, 365,     1.194,
 324, 1, 48.962, 48.962, 49.302, 0.34, 20, 49.302, 54.436, 5.134, 1153, 0, 54.436, 54.446, 0.011, 21,     5.485,
 355, 1, 53.15, 53.15, 53.2, 0.051, 117, 53.2, 54.009, 0.809, 1545, 0, 54.009, 54.679, 0.67, 1340,     1.529,
 353, 1, 53.068, 53.068, 53.078, 0.011, 39, 53.078, 53.985, 0.907, 1817, 0, 53.985, 54.782, 0.797, 1595,     1.714,
 358, 1, 53.821, 53.821, 53.821, 0, 1, 53.821, 54.545, 0.724, 1744, 0, 54.545, 54.802, 0.257, 497,     0.981,
 360, 1, 54.15, 54.15, 54.16, 0.01, 16, 54.16, 54.884, 0.724, 1122, 0, 54.884, 54.933, 0.05, 99,     0.783,
 340, 1, 51.272, 51.272, 51.502, 0.23, 182, 51.502, 52.445, 0.944, 1392, 0, 52.445, 55.196, 2.751, 5503,     3.925,
 361, 1, 54.165, 54.165, 54.491, 0.326, 652, 54.491, 55.216, 0.725, 1606, 0, 55.216, 55.25, 0.034, 68,     1.085,
 362, 1, 54.858, 54.858, 54.858, 0, 5, 54.858, 55.574, 0.716, 1917, 0, 55.574, 55.627, 0.053, 107,     0.769,
 334, 1, 50.163, 50.163, 51.161, 0.998, 168, 51.161, 55.702, 4.54, 1480, 0, 55.702, 55.712, 0.01, 11,     5.548,
 363, 1, 54.941, 54.941, 55.017, 0.076, 153, 55.017, 55.734, 0.716, 1960, 0, 55.734, 55.752, 0.019, 37,     0.811,
 364, 1, 55.022, 55.022, 55.031, 0.01, 25, 55.031, 55.766, 0.734, 1439, 0, 55.766, 55.818, 0.052, 95,     0.796,
 365, 1, 55.142, 55.142, 55.152, 0.01, 25, 55.152, 55.881, 0.728, 1759, 0, 55.881, 55.902, 0.022, 43,     0.760,
 337, 1, 50.536, 50.536, 51.296, 0.76, 48, 51.296, 55.951, 4.655, 1562, 0, 55.951, 55.977, 0.026, 52,     5.442,
 366, 1, 55.336, 55.336, 55.346, 0.01, 20, 55.346, 56.069, 0.724, 1081, 0, 56.069, 56.079, 0.01, 8,     0.744,
 339, 1, 51.202, 51.202, 51.669, 0.467, 613, 51.669, 56.216, 4.547, 1320, 0, 56.216, 56.226, 0.01, 20,     5.024,
 367, 1, 55.65, 55.65, 55.682, 0.032, 66, 55.682, 56.399, 0.717, 1656, 0, 56.399, 56.409, 0.01, 6,     0.759,
 344, 1, 51.989, 51.989, 51.998, 0.009, 8, 51.998, 56.715, 4.718, 1118, 0, 56.715, 56.735, 0.02, 40,     4.747,
 369, 1, 56.179, 56.179, 56.189, 0.01, 8, 56.189, 56.905, 0.716, 2167, 0, 56.905, 56.916, 0.011, 22,     0.737,
 347, 1, 52.073, 52.073, 52.19, 0.117, 234, 52.19, 56.97, 4.78, 1533, 0, 56.97, 56.98, 0.01, 13,     4.907,
 372, 1, 56.44, 56.44, 56.45, 0.01, 16, 56.45, 57.276, 0.826, 966, 0, 57.276, 57.302, 0.026, 35,     0.862,
 371, 1, 56.359, 56.359, 56.369, 0.01, 4, 56.369, 57.162, 0.793, 1486, 0, 57.162, 57.463, 0.302, 604,     1.105,
 373, 1, 56.595, 56.595, 56.627, 0.032, 54, 56.627, 57.43, 0.803, 1095, 0, 57.43, 57.483, 0.053, 94,     0.888,
 352, 1, 52.911, 52.911, 52.945, 0.034, 31, 52.945, 57.484, 4.539, 1034, 0, 57.484, 57.507, 0.023, 48,     4.597,
 376, 1, 57.038, 57.038, 57.073, 0.035, 76, 57.073, 57.794, 0.721, 1787, 0, 57.794, 57.807, 0.013, 36,     0.769,
 357, 1, 53.31, 53.31, 53.31, 0, 5, 53.31, 57.997, 4.688, 1402, 0, 57.997, 58.065, 0.068, 127,     4.756,
 378, 1, 57.382, 57.382, 57.514, 0.133, 34, 57.514, 58.247, 0.733, 1350, 0, 58.247, 58.257, 0.01, 14,     0.875,
 375, 1, 57.015, 57.015, 57.49, 0.475, 950, 57.49, 58.209, 0.72, 1907, 0, 58.209, 58.29, 0.08, 161,     1.275,
 377, 1, 57.294, 57.294, 57.565, 0.272, 524, 57.565, 58.305, 0.74, 1622, 0, 58.305, 58.337, 0.032, 64,     1.043,
 380, 1, 57.493, 57.493, 57.591, 0.098, 43, 57.591, 58.458, 0.868, 1854, 0, 58.458, 58.502, 0.044, 87,     1.009,
 381, 1, 57.505, 57.505, 57.618, 0.114, 55, 57.618, 58.513, 0.895, 1443, 0, 58.513, 58.523, 0.01, 1,     1.018,
 359, 1, 54.106, 54.106, 54.138, 0.032, 46, 54.138, 58.513, 4.375, 1271, 0, 58.513, 58.565, 0.052, 105,     4.459,
 382, 1, 57.724, 57.724, 57.756, 0.032, 41, 57.756, 58.555, 0.798, 842, 0, 58.555, 58.625, 0.07, 123,     0.901,
 383, 1, 57.955, 57.955, 57.968, 0.014, 27, 57.968, 58.714, 0.745, 1398, 0, 58.714, 58.738, 0.024, 48,     0.783,
 385, 1, 58.228, 58.228, 58.238, 0.01, 14, 58.238, 58.974, 0.736, 1657, 0, 58.974, 58.984, 0.01, 6,     0.756,
 386, 1, 58.303, 58.303, 58.336, 0.033, 67, 58.336, 59.052, 0.716, 1044, 0, 59.052, 59.064, 0.012, 24,     0.761,
 388, 1, 59.14, 59.14, 59.167, 0.027, 43, 59.167, 59.881, 0.714, 1186, 0, 59.881, 59.891, 0.01, 1,     0.751,
 368, 1, 56.065, 56.065, 56.292, 0.226, 430, 56.292, 59.76, 3.468, 1364, 0, 59.76, 59.901, 0.141, 278,     3.836,
 379, 1, 57.402, 57.402, 59.177, 1.775, 3324, 59.177, 59.935, 0.758, 1157, 0, 59.935, 60.028, 0.093, 175,     2.626,
 374, 1, 56.711, 56.711, 56.852, 0.141, 278, 56.852, 60.517, 3.665, 2028, 0, 60.517, 60.527, 0.01, 10,     3.816,
 392, 1, 59.912, 59.912, 59.922, 0.01, 17, 59.922, 60.658, 0.736, 1466, 0, 60.658, 60.688, 0.03, 50,     0.776,
 393, 1, 59.952, 59.952, 59.982, 0.031, 75, 59.982, 60.706, 0.724, 1431, 0, 60.706, 60.796, 0.09, 196,     0.844,
 394, 1, 60.167, 60.167, 60.229, 0.063, 119, 60.229, 60.943, 0.714, 1270, 0, 60.943, 61.002, 0.059, 118,     0.835,
 395, 1, 60.185, 60.185, 60.346, 0.161, 234, 60.346, 61.062, 0.716, 941, 0, 61.062, 61.111, 0.048, 97,     0.925,
 391, 1, 59.892, 59.892, 60.44, 0.549, 1097, 60.44, 61.193, 0.753, 1211, 0, 61.193, 61.223, 0.03, 27,     1.332,
 397, 1, 60.466, 60.466, 60.505, 0.039, 67, 60.505, 61.443, 0.938, 1570, 0, 61.443, 61.453, 0.01, 5,     0.987,
 384, 1, 58.157, 58.157, 58.17, 0.013, 26, 58.17, 61.546, 3.376, 1438, 0, 61.546, 61.556, 0.01, 2,     3.399,
 370, 1, 56.343, 56.343, 56.414, 0.071, 125, 56.414, 60.018, 3.604, 1760, 0, 60.018, 61.589, 1.571, 3126,     5.246,
 400, 1, 61.024, 61.024, 61.034, 0.01, 16, 61.034, 61.945, 0.912, 1645, 0, 61.945, 61.955, 0.01, 10,     0.932,
 401, 1, 61.048, 61.048, 61.066, 0.017, 44, 61.066, 61.945, 0.88, 1260, 0, 61.945, 62.042, 0.097, 194,     0.994,
 387, 1, 59.01, 59.01, 59.02, 0.01, 4, 59.02, 62.044, 3.024, 1350, 0, 62.044, 62.054, 0.01, 5,     3.044,
 402, 1, 61.071, 61.071, 61.09, 0.019, 28, 61.09, 62.083, 0.994, 1332, 0, 62.083, 62.195, 0.112, 224,     1.125,
 398, 1, 60.519, 60.519, 60.676, 0.157, 302, 60.676, 61.692, 1.016, 1245, 0, 61.692, 62.238, 0.546, 1093,     1.719,
 389, 1, 59.157, 59.157, 59.187, 0.03, 24, 59.187, 62.294, 3.108, 2120, 0, 62.294, 62.346, 0.051, 103,     3.189,
 403, 1, 61.13, 61.13, 61.158, 0.028, 29, 61.158, 62.332, 1.175, 1484, 0, 62.332, 62.455, 0.123, 246,     1.325,
 396, 1, 60.241, 60.241, 60.403, 0.163, 112, 60.403, 63.292, 2.889, 712, 0, 63.292, 63.304, 0.011, 23,     3.063,
 405, 1, 62.503, 62.503, 62.513, 0.01, 2, 62.513, 63.251, 0.738, 1601, 0, 63.251, 63.322, 0.071, 120,     0.819,
 407, 1, 62.649, 62.649, 62.691, 0.042, 73, 62.691, 63.513, 0.822, 1445, 0, 63.513, 63.552, 0.039, 64,     0.903,
 406, 1, 62.616, 62.616, 62.705, 0.089, 194, 62.705, 63.574, 0.869, 1484, 0, 63.574, 63.596, 0.022, 44,     0.980,
 409, 1, 62.952, 62.952, 62.962, 0.01, 1, 62.962, 63.762, 0.8, 1467, 0, 63.762, 63.762, 0, 7,     0.810,
 408, 1, 62.933, 62.933, 62.996, 0.063, 93, 62.996, 63.828, 0.832, 1105, 0, 63.828, 63.856, 0.029, 57,     0.923,
 399, 1, 60.547, 60.547, 60.609, 0.062, 126, 60.609, 63.806, 3.197, 868, 0, 63.806, 63.923, 0.117, 234,     3.376,
 412, 1, 63.272, 63.272, 63.323, 0.051, 86, 63.323, 64.035, 0.712, 1255, 0, 64.035, 64.069, 0.034, 69,     0.797,
 411, 1, 63.166, 63.166, 63.208, 0.042, 47, 63.208, 63.948, 0.74, 2064, 0, 63.948, 64.077, 0.129, 251,     0.911,
 413, 1, 63.313, 63.313, 63.353, 0.04, 55, 63.353, 64.077, 0.724, 1806, 0, 64.077, 64.12, 0.043, 102,     0.807,
 414, 1, 63.349, 63.349, 63.383, 0.035, 57, 63.383, 64.207, 0.824, 1250, 0, 64.207, 64.276, 0.069, 105,     0.928,
 415, 1, 63.485, 63.485, 63.495, 0.01, 20, 63.495, 64.285, 0.79, 1988, 0, 64.285, 64.285, 0, 4,     0.800,
 404, 1, 61.186, 61.186, 61.229, 0.042, 94, 61.229, 64.554, 3.325, 1429, 0, 64.554, 64.564, 0.01, 19,     3.378,
 416, 1, 63.598, 63.598, 63.707, 0.109, 221, 63.707, 64.457, 0.75, 1577, 0, 64.457, 64.766, 0.309, 619,     1.168,
 417, 1, 64.142, 64.142, 64.178, 0.036, 57, 64.178, 64.894, 0.716, 1119, 0, 64.894, 65.148, 0.255, 510,     1.007,
 418, 1, 64.324, 64.324, 64.334, 0.01, 1, 64.334, 65.05, 0.716, 1777, 0, 65.05, 65.255, 0.205, 411,     0.931,
 421, 1, 64.479, 64.479, 64.479, 0, 5, 64.479, 65.205, 0.726, 1461, 0, 65.205, 65.293, 0.088, 177,     0.815,
 419, 1, 64.371, 64.371, 64.418, 0.047, 76, 64.418, 65.133, 0.715, 1604, 0, 65.133, 65.415, 0.282, 529,     1.044,
 422, 1, 64.686, 64.686, 64.729, 0.043, 85, 64.729, 65.455, 0.726, 1514, 0, 65.455, 65.54, 0.085, 171,     0.854,
 423, 1, 64.772, 64.772, 64.954, 0.182, 379, 64.954, 65.682, 0.728, 1678, 0, 65.682, 65.702, 0.02, 31,     0.930,
 390, 1, 59.208, 59.208, 59.403, 0.195, 378, 59.403, 62.544, 3.141, 804, 0, 62.544, 65.741, 3.197, 6395,     6.533,
 425, 1, 65.318, 65.318, 65.362, 0.044, 61, 65.362, 66.078, 0.716, 1763, 0, 66.078, 66.108, 0.03, 50,     0.790,
 428, 1, 65.46, 65.46, 65.525, 0.064, 14, 65.525, 66.34, 0.816, 1402, 0, 66.34, 66.35, 0.01, 19,     0.890,
 426, 1, 65.397, 65.397, 65.407, 0.01, 9, 65.407, 66.127, 0.72, 1806, 0, 66.127, 66.457, 0.33, 680,     1.060,
 427, 1, 65.451, 65.451, 65.875, 0.424, 817, 65.875, 66.6, 0.725, 1424, 0, 66.6, 66.61, 0.01, 12,     1.159,
 429, 1, 65.756, 65.756, 65.766, 0.01, 7, 65.766, 66.487, 0.722, 1325, 0, 66.487, 66.749, 0.261, 523,     0.993,
 410, 1, 63.062, 63.062, 63.42, 0.358, 717, 63.42, 66.098, 2.677, 1489, 0, 66.098, 66.806, 0.708, 1417,     3.744,
 420, 1, 64.408, 64.408, 64.462, 0.054, 118, 64.462, 66.85, 2.389, 1303, 0, 66.85, 66.864, 0.013, 27,     2.456,
 431, 1, 66.048, 66.048, 66.164, 0.116, 233, 66.164, 66.989, 0.825, 1604, 0, 66.989, 67.048, 0.059, 119,     1.001,
 435, 1, 66.226, 66.226, 66.236, 0.01, 13, 66.236, 67.132, 0.895, 1689, 0, 67.132, 67.175, 0.043, 86,     0.949,
 434, 1, 66.159, 66.159, 66.2, 0.042, 6, 66.2, 67.1, 0.899, 1172, 0, 67.1, 67.195, 0.095, 175,     1.036,
 432, 1, 66.134, 66.134, 66.256, 0.122, 242, 66.256, 67.239, 0.982, 1836, 0, 67.239, 67.284, 0.046, 91,     1.150,
 424, 1, 65.098, 65.098, 65.51, 0.413, 838, 65.51, 67.611, 2.101, 1264, 0, 67.611, 67.666, 0.055, 110,     2.569,
 430, 1, 66.025, 66.025, 66.058, 0.033, 48, 66.058, 68.121, 2.064, 735, 0, 68.121, 68.254, 0.132, 265,     2.229,
 439, 1, 67.543, 67.543, 67.553, 0.01, 3, 67.553, 68.273, 0.72, 1242, 0, 68.273, 68.314, 0.041, 82,     0.771,
 438, 1, 67.288, 67.288, 67.37, 0.083, 166, 67.37, 68.22, 0.85, 1622, 0, 68.22, 68.321, 0.101, 190,     1.034,
 433, 1, 66.151, 66.151, 66.186, 0.035, 28, 66.186, 68.379, 2.192, 1747, 0, 68.379, 68.391, 0.012, 24,     2.239,
 442, 1, 67.695, 67.695, 67.744, 0.049, 75, 67.744, 68.522, 0.778, 2052, 0, 68.522, 68.532, 0.01, 19,     0.837,
 443, 1, 67.801, 67.801, 67.811, 0.01, 12, 67.811, 68.575, 0.764, 940, 0, 68.575, 68.585, 0.01, 5,     0.784,
 436, 1, 66.247, 66.247, 66.266, 0.019, 30, 66.266, 68.646, 2.379, 1032, 0, 68.646, 68.668, 0.022, 44,     2.420,
 444, 1, 67.832, 67.832, 67.989, 0.158, 317, 67.989, 68.72, 0.73, 1799, 0, 68.72, 68.73, 0.01, 17,     0.898,
 445, 1, 67.915, 67.915, 68.032, 0.117, 224, 68.032, 68.765, 0.732, 1195, 0, 68.765, 68.801, 0.037, 73,     0.886,
 441, 1, 67.602, 67.602, 67.644, 0.043, 85, 67.644, 68.47, 0.826, 1452, 0, 68.47, 68.885, 0.415, 816,     1.283,
 437, 1, 67.275, 67.275, 67.36, 0.085, 169, 67.36, 69.159, 1.798, 1547, 0, 69.159, 69.202, 0.043, 59,     1.927,
 447, 1, 68.294, 68.294, 68.52, 0.226, 440, 68.52, 69.292, 0.772, 1676, 0, 69.292, 69.302, 0.01, 1,     1.008,
 448, 1, 68.362, 68.362, 68.563, 0.2, 62, 68.563, 69.388, 0.825, 1423, 0, 69.388, 69.401, 0.013, 27,     1.039,
 440, 1, 67.574, 67.574, 67.612, 0.038, 61, 67.612, 69.408, 1.796, 1853, 0, 69.408, 69.471, 0.063, 139,     1.897,
 449, 1, 68.409, 68.409, 68.575, 0.166, 25, 68.575, 69.517, 0.942, 1543, 0, 69.517, 69.527, 0.01, 15,     1.118,
 450, 1, 68.533, 68.533, 68.607, 0.074, 27, 68.607, 69.541, 0.934, 1541, 0, 69.541, 69.571, 0.03, 60,     1.038,
 451, 1, 68.907, 68.907, 68.96, 0.053, 125, 68.96, 69.69, 0.73, 1239, 0, 69.69, 69.776, 0.086, 172,     0.869,
 453, 1, 69.089, 69.089, 69.262, 0.173, 332, 69.262, 69.989, 0.727, 1580, 0, 69.989, 69.999, 0.01, 20,     0.910,
 454, 1, 69.468, 69.468, 69.498, 0.03, 58, 69.498, 70.214, 0.716, 1499, 0, 70.214, 70.224, 0.01, 9,     0.756,
 446, 1, 68.197, 68.197, 68.575, 0.378, 756, 68.575, 70.406, 1.831, 1940, 0, 70.406, 70.551, 0.145, 291,     2.354,
 455, 1, 69.886, 69.886, 70.044, 0.158, 316, 70.044, 70.768, 0.725, 1570, 0, 70.768, 70.782, 0.013, 27,     0.896,
 458, 1, 70.221, 70.221, 70.231, 0.01, 8, 70.231, 71.066, 0.835, 1273, 0, 71.066, 71.076, 0.01, 2,     0.855,
 456, 1, 70.076, 70.076, 70.137, 0.061, 139, 70.137, 70.981, 0.845, 2081, 0, 70.981, 71.211, 0.23, 459,     1.135,
 459, 1, 70.313, 70.313, 70.337, 0.024, 48, 70.337, 71.231, 0.894, 1371, 0, 71.231, 71.241, 0.01, 18,     0.928,
 452, 1, 68.999, 68.999, 69.038, 0.039, 51, 69.038, 70.664, 1.626, 2023, 0, 70.664, 71.251, 0.587, 1156,     2.252,
 460, 1, 70.345, 70.345, 70.433, 0.088, 176, 70.433, 71.316, 0.883, 1554, 0, 71.316, 71.347, 0.031, 80,     1.001,
 461, 1, 70.384, 70.384, 70.491, 0.107, 224, 70.491, 71.489, 0.998, 1397, 0, 71.489, 71.522, 0.033, 66,     1.138,
 462, 1, 70.586, 70.586, 70.641, 0.055, 97, 70.641, 71.531, 0.89, 1319, 0, 71.531, 71.722, 0.191, 400,     1.136,
 457, 1, 70.177, 70.177, 70.187, 0.01, 5, 70.187, 71.434, 1.247, 1171, 0, 71.434, 71.806, 0.372, 744,     1.629,
 464, 1, 71.162, 71.162, 71.179, 0.017, 34, 71.179, 71.896, 0.717, 914, 0, 71.896, 71.979, 0.083, 158,     0.817,
 465, 1, 71.243, 71.243, 71.248, 0.005, 13, 71.248, 71.979, 0.731, 1196, 0, 71.979, 72, 0.021, 55,     0.757,
 463, 1, 70.641, 70.641, 70.7, 0.059, 104, 70.7, 71.95, 1.249, 1839, 0, 71.95, 72.209, 0.259, 502,     1.568,
 466, 1, 71.396, 71.396, 71.503, 0.107, 201, 71.503, 72.228, 0.725, 1578, 0, 72.228, 72.228, 0, 6,     0.832,
 468, 1, 71.503, 71.503, 71.513, 0.01, 10, 71.513, 72.228, 0.715, 1682, 0, 72.228, 72.269, 0.041, 51,     0.766,
 467, 1, 71.479, 71.479, 71.616, 0.137, 291, 71.616, 72.449, 0.833, 1602, 0, 72.449, 72.478, 0.029, 58,     0.999,
 470, 1, 71.738, 71.738, 71.776, 0.038, 76, 71.776, 72.51, 0.734, 2053, 0, 72.51, 72.52, 0.01, 14,     0.782,
 471, 1, 71.909, 71.909, 71.948, 0.039, 79, 71.948, 72.67, 0.722, 1529, 0, 72.67, 72.68, 0.01, 20,     0.772,
 473, 1, 72.077, 72.077, 72.092, 0.016, 31, 72.092, 72.899, 0.807, 1695, 0, 72.899, 72.909, 0.01, 16,     0.833,
 475, 1, 72.352, 72.352, 72.395, 0.043, 4, 72.395, 73.142, 0.747, 1330, 0, 73.142, 73.16, 0.019, 37,     0.808,
 477, 1, 72.487, 72.487, 72.501, 0.014, 31, 72.501, 73.22, 0.719, 1251, 0, 73.22, 73.235, 0.015, 30,     0.748,
 472, 1, 71.935, 71.935, 72.007, 0.072, 113, 72.007, 72.776, 0.769, 1029, 0, 72.776, 73.255, 0.479, 925,     1.319,
 469, 1, 71.713, 71.713, 72.381, 0.668, 1345, 72.381, 73.097, 0.716, 1270, 0, 73.097, 73.255, 0.158, 295,     1.542,
 476, 1, 72.444, 72.444, 72.472, 0.028, 55, 72.472, 73.192, 0.72, 1243, 0, 73.192, 73.275, 0.083, 151,     0.830,
 478, 1, 72.559, 72.559, 72.573, 0.014, 28, 72.573, 73.347, 0.773, 1324, 0, 73.347, 73.441, 0.094, 188,     0.881,
 479, 1, 72.594, 72.594, 72.717, 0.124, 241, 72.717, 73.45, 0.733, 1611, 0, 73.45, 73.537, 0.086, 193,     0.943,
 474, 1, 72.129, 72.129, 73.064, 0.934, 1876, 73.064, 73.789, 0.726, 1192, 0, 73.789, 73.804, 0.015, 30,     1.675,
 481, 1, 73.054, 73.054, 73.197, 0.144, 268, 73.197, 73.92, 0.722, 1543, 0, 73.92, 73.953, 0.034, 63,     0.900,
 483, 1, 73.268, 73.268, 73.302, 0.034, 83, 73.302, 74.108, 0.806, 1534, 0, 74.108, 74.118, 0.01, 19,     0.850,
 482, 1, 73.181, 73.181, 73.209, 0.028, 9, 73.209, 74.041, 0.832, 1672, 0, 74.041, 74.128, 0.087, 161,     0.947,
 484, 1, 73.427, 73.427, 73.437, 0.01, 21, 73.437, 74.29, 0.853, 1130, 0, 74.29, 74.3, 0.01, 8,     0.873,
 485, 1, 73.592, 73.592, 73.704, 0.112, 232, 73.704, 74.468, 0.764, 977, 0, 74.468, 74.54, 0.072, 136,     0.949,
 486, 1, 73.808, 73.808, 73.97, 0.162, 326, 73.97, 74.694, 0.724, 1761, 0, 74.694, 74.716, 0.022, 44,     0.908,
 488, 1, 74.036, 74.036, 74.348, 0.313, 15, 74.348, 75.082, 0.734, 1573, 0, 75.082, 75.098, 0.016, 32,     1.063,
 480, 1, 72.861, 72.861, 74.334, 1.474, 2952, 74.334, 75.053, 0.719, 818, 0, 75.053, 75.224, 0.17, 341,     2.363,
 489, 1, 74.101, 74.101, 74.463, 0.362, 225, 74.463, 75.183, 0.72, 1084, 0, 75.183, 75.281, 0.097, 195,     1.180,
 490, 1, 74.453, 74.453, 74.483, 0.03, 38, 74.483, 75.303, 0.82, 1459, 0, 75.303, 75.337, 0.034, 68,     0.884,
 491, 1, 74.826, 74.826, 74.942, 0.117, 225, 74.942, 75.66, 0.718, 593, 0, 75.66, 75.792, 0.132, 263,     0.966,
 492, 1, 74.942, 74.942, 75.533, 0.591, 1183, 75.533, 76.249, 0.716, 1155, 0, 76.249, 76.281, 0.032, 42,     1.339,
 493, 1, 75.013, 75.013, 75.564, 0.551, 61, 75.564, 76.372, 0.808, 1280, 0, 76.372, 76.382, 0.01, 21,     1.370,
 495, 1, 75.159, 75.159, 75.592, 0.433, 17, 75.592, 76.415, 0.823, 1079, 0, 76.415, 76.437, 0.022, 45,     1.279,
 496, 1, 75.618, 75.618, 75.784, 0.165, 331, 75.784, 76.675, 0.892, 1855, 0, 76.675, 76.685, 0.01, 12,     1.067,
 497, 1, 75.651, 75.651, 75.811, 0.16, 33, 75.811, 76.755, 0.944, 1035, 0, 76.755, 76.814, 0.058, 117,     1.163,
 498, 1, 75.811, 75.811, 75.835, 0.024, 36, 75.835, 76.877, 1.042, 2366, 0, 76.877, 76.911, 0.034, 68,     1.100,
 499, 1, 75.844, 75.844, 75.86, 0.016, 28, 75.86, 76.897, 1.037, 1220, 0, 76.897, 76.931, 0.034, 65,     1.087,
 500, 1, 76.011, 76.011, 76.052, 0.04, 65, 76.052, 76.933, 0.881, 1132, 0, 76.933, 76.962, 0.029, 62,     0.951,
 494, 1, 75.106, 75.106, 75.578, 0.472, 2, 75.578, 76.383, 0.805, 1202, 0, 76.383, 77.085, 0.702, 1405,     1.979,
 501, 1, 76.1, 76.1, 76.4, 0.301, 580, 76.4, 77.394, 0.993, 1922, 0, 77.394, 77.631, 0.237, 475,     1.532,
 502, 1, 76.146, 76.146, 77.628, 1.482, 2456, 77.628, 78.35, 0.722, 1638, 0, 78.35, 78.37, 0.019, 39,     2.224,
 503, 1, 76.269, 76.269, 77.64, 1.371, 3, 77.64, 78.374, 0.734, 1167, 0, 78.374, 78.416, 0.042, 74,     2.148,
 505, 1, 76.705, 76.705, 77.688, 0.983, 9, 77.688, 78.44, 0.752, 2030, 0, 78.44, 78.453, 0.013, 26,     1.748,
 504, 1, 76.337, 76.337, 77.674, 1.337, 40, 77.674, 78.406, 0.732, 1234, 0, 78.406, 78.469, 0.063, 126,     2.132,
 506, 1, 76.742, 76.742, 77.734, 0.992, 73, 77.734, 78.624, 0.89, 532, 0, 78.624, 78.634, 0.01, 21,     1.892,
 507, 1, 76.778, 76.778, 77.768, 0.989, 43, 77.768, 78.656, 0.888, 959, 0, 78.656, 78.686, 0.03, 60,     1.908,
 508, 1, 76.949, 76.949, 77.802, 0.852, 39, 77.802, 78.85, 1.048, 1766, 0, 78.85, 78.868, 0.018, 36,     1.919,
 509, 1, 77.031, 77.031, 77.816, 0.785, 21, 77.816, 78.874, 1.058, 1189, 0, 78.874, 78.886, 0.013, 37,     1.855,
 511, 1, 77.306, 77.306, 77.84, 0.533, 3, 77.84, 79.099, 1.259, 1008, 0, 79.099, 79.109, 0.01, 27,     1.803,
 513, 1, 77.524, 77.524, 78.095, 0.571, 118, 78.095, 79.196, 1.101, 1618, 0, 79.196, 79.216, 0.019, 39,     1.692,
 510, 1, 77.209, 77.209, 77.83, 0.621, 18, 77.83, 78.942, 1.113, 1036, 0, 78.942, 79.259, 0.317, 634,     2.050,
 514, 1, 78.13, 78.13, 78.24, 0.11, 213, 78.24, 79.38, 1.14, 1212, 0, 79.38, 79.39, 0.01, 20,     1.260,
 515, 1, 78.555, 78.555, 78.677, 0.123, 265, 78.677, 79.635, 0.958, 1788, 0, 79.635, 79.736, 0.101, 202,     1.181,
 516, 1, 78.858, 78.858, 78.941, 0.083, 136, 78.941, 79.9, 0.959, 1129, 0, 79.9, 79.922, 0.022, 44,     1.064,
 517, 1, 79.208, 79.208, 79.233, 0.026, 39, 79.233, 80.163, 0.93, 1052, 0, 80.163, 80.219, 0.056, 112,     1.012,
 512, 1, 77.353, 77.353, 78.033, 0.68, 386, 78.033, 79.13, 1.097, 1582, 0, 79.13, 80.321, 1.191, 2383,     2.968,
 518, 1, 79.367, 79.367, 79.394, 0.027, 56, 79.394, 80.35, 0.956, 1885, 0, 80.35, 80.361, 0.01, 16,     0.994,
 487, 1, 73.96, 73.96, 79.711, 5.751, 11444, 79.711, 80.445, 0.733, 992, 0, 80.445, 80.46, 0.015, 30,     6.500,
 519, 1, 79.454, 79.454, 79.454, 0, 9, 79.454, 80.412, 0.959, 1642, 0, 80.412, 80.607, 0.195, 390,     1.154,
 520, 1, 79.472, 79.472, 79.877, 0.405, 814, 79.877, 80.616, 0.739, 1699, 0, 80.616, 80.674, 0.058, 132,     1.201,
 523, 1, 80.355, 80.355, 80.395, 0.04, 56, 80.395, 81.118, 0.723, 738, 0, 81.118, 81.17, 0.053, 78,     0.815,
 524, 1, 80.631, 80.631, 80.641, 0.01, 16, 80.641, 81.355, 0.714, 1525, 0, 81.355, 81.387, 0.032, 55,     0.756,
 525, 1, 81.037, 81.037, 81.076, 0.04, 79, 81.076, 81.801, 0.725, 1967, 0, 81.801, 81.845, 0.044, 80,     0.808,
 527, 1, 81.212, 81.212, 81.24, 0.027, 34, 81.24, 82.051, 0.812, 1227, 0, 82.051, 82.109, 0.058, 116,     0.897,
 528, 1, 81.344, 81.344, 81.354, 0.01, 17, 81.354, 82.188, 0.834, 1692, 0, 82.188, 82.272, 0.085, 169,     0.928,
 526, 1, 81.123, 81.123, 81.206, 0.083, 165, 81.206, 81.945, 0.74, 1363, 0, 81.945, 82.286, 0.341, 682,     1.163,
 529, 1, 81.715, 81.715, 81.773, 0.058, 117, 81.773, 82.489, 0.716, 1654, 0, 82.489, 82.5, 0.01, 21,     0.785,
 530, 1, 81.927, 81.927, 82.081, 0.155, 310, 82.081, 82.798, 0.716, 1704, 0, 82.798, 82.835, 0.037, 74,     0.908,
 521, 1, 80.254, 80.254, 80.266, 0.012, 24, 80.266, 80.982, 0.716, 1203, 0, 80.982, 82.973, 1.99, 3981,     2.718,
 531, 1, 82.029, 82.029, 82.115, 0.087, 58, 82.115, 82.841, 0.726, 1867, 0, 82.841, 83.175, 0.334, 655,     1.147,
 532, 1, 82.313, 82.313, 82.379, 0.066, 140, 82.379, 83.095, 0.717, 1632, 0, 83.095, 83.211, 0.116, 232,     0.898,
 534, 1, 82.329, 82.329, 82.506, 0.177, 166, 82.506, 83.36, 0.854, 1564, 0, 83.36, 83.43, 0.07, 140,     1.101,
 535, 1, 82.643, 82.643, 82.671, 0.028, 57, 82.671, 83.549, 0.878, 1838, 0, 83.549, 83.575, 0.026, 53,     0.933,
 536, 1, 82.766, 82.766, 82.776, 0.01, 6, 82.776, 83.61, 0.833, 1935, 0, 83.61, 83.647, 0.037, 74,     0.880,
 537, 1, 82.788, 82.788, 82.798, 0.01, 23, 82.798, 83.61, 0.811, 1574, 0, 83.61, 83.659, 0.049, 98,     0.871,
 538, 1, 82.871, 82.871, 83.019, 0.148, 262, 83.019, 83.798, 0.78, 1295, 0, 83.798, 83.815, 0.016, 33,     0.944,
 540, 1, 83.099, 83.099, 83.132, 0.033, 66, 83.132, 83.859, 0.727, 1601, 0, 83.859, 83.876, 0.016, 33,     0.777,
 539, 1, 82.964, 82.964, 83.031, 0.066, 6, 83.031, 83.859, 0.829, 1029, 0, 83.859, 83.938, 0.078, 157,     0.973,
 533, 1, 82.32, 82.32, 82.423, 0.103, 88, 82.423, 83.145, 0.723, 1787, 0, 83.145, 84.329, 1.184, 2368,     2.009,
 522, 1, 80.316, 80.316, 84.07, 3.754, 7508, 84.07, 84.786, 0.717, 2065, 0, 84.786, 84.806, 0.02, 39,     4.490,
 542, 1, 83.52, 83.52, 84.084, 0.563, 19, 84.084, 84.85, 0.766, 1297, 0, 84.85, 84.944, 0.094, 188,     1.424,
 543, 1, 83.584, 83.584, 84.194, 0.61, 205, 84.194, 84.917, 0.723, 935, 0, 84.917, 84.964, 0.047, 80,     1.380,
 544, 1, 83.798, 83.798, 84.793, 0.995, 1182, 84.793, 85.503, 0.71, 1578, 0, 85.503, 85.543, 0.04, 79,     1.745,
 545, 1, 83.856, 83.856, 84.857, 1.001, 128, 84.857, 85.577, 0.72, 1383, 0, 85.577, 85.587, 0.01, 18,     1.731,
 547, 1, 83.919, 83.919, 84.925, 1.006, 29, 84.925, 85.752, 0.827, 1758, 0, 85.752, 85.789, 0.037, 74,     1.870,
 548, 1, 83.957, 83.957, 84.939, 0.982, 1, 84.939, 85.772, 0.833, 897, 0, 85.772, 85.82, 0.048, 96,     1.863,
 549, 1, 84.022, 84.022, 85.023, 1.001, 164, 85.023, 85.844, 0.821, 1297, 0, 85.844, 85.869, 0.025, 49,     1.847,
 550, 1, 84.316, 84.316, 85.335, 1.019, 606, 85.335, 86.047, 0.713, 966, 0, 86.047, 86.14, 0.093, 185,     1.824,
 546, 1, 83.896, 83.896, 84.891, 0.995, 33, 84.891, 85.618, 0.727, 1766, 0, 85.618, 86.183, 0.565, 1130,     2.287,
 552, 1, 84.56, 84.56, 85.569, 1.009, 58, 85.569, 86.466, 0.897, 1685, 0, 86.466, 86.492, 0.026, 52,     1.932,
 553, 1, 84.591, 84.591, 85.623, 1.032, 85, 85.623, 86.552, 0.929, 1802, 0, 86.552, 86.567, 0.014, 29,     1.975,
 555, 1, 84.796, 84.796, 85.662, 0.866, 46, 85.662, 86.606, 0.944, 1516, 0, 86.606, 86.685, 0.079, 158,     1.889,
 557, 1, 85.081, 85.081, 85.915, 0.834, 30, 85.915, 86.807, 0.892, 1913, 0, 86.807, 86.817, 0.01, 3,     1.736,
 551, 1, 84.509, 84.509, 85.531, 1.022, 371, 85.531, 86.302, 0.771, 1365, 0, 86.302, 86.827, 0.525, 1035,     2.318,
 554, 1, 84.753, 84.753, 85.637, 0.885, 19, 85.637, 86.552, 0.915, 816, 0, 86.552, 86.891, 0.339, 679,     2.139,
 541, 1, 83.164, 83.164, 85.881, 2.718, 5436, 85.881, 86.807, 0.926, 1017, 0, 86.807, 86.911, 0.104, 206,     3.748,
 558, 1, 85.09, 85.09, 85.953, 0.864, 61, 85.953, 86.968, 1.015, 1346, 0, 86.968, 87.005, 0.037, 75,     1.916,
 556, 1, 85.03, 85.03, 86.131, 1.101, 903, 86.131, 87.057, 0.926, 1773, 0, 87.057, 87.067, 0.01, 16,     2.037,
 560, 1, 85.129, 85.129, 86.145, 1.016, 2, 86.145, 87.057, 0.912, 1722, 0, 87.057, 87.124, 0.067, 134,     1.995,
 561, 1, 85.265, 85.265, 86.215, 0.95, 137, 86.215, 87.227, 1.012, 1435, 0, 87.227, 87.279, 0.052, 75,     2.014,
 559, 1, 85.095, 85.095, 86.195, 1.1, 475, 86.195, 87.105, 0.91, 1613, 0, 87.105, 87.316, 0.211, 417,     2.221,
 562, 1, 85.335, 85.335, 86.245, 0.911, 83, 86.245, 87.306, 1.061, 1873, 0, 87.306, 87.316, 0.01, 1,     1.981,
 564, 1, 86.211, 86.211, 86.255, 0.044, 2, 86.255, 87.306, 1.051, 1282, 0, 87.306, 87.326, 0.02, 31,     1.115,
 563, 1, 85.463, 85.463, 86.331, 0.868, 207, 86.331, 87.354, 1.023, 1568, 0, 87.354, 87.364, 0.01, 2,     1.901,
 566, 1, 86.418, 86.418, 86.467, 0.049, 84, 86.467, 87.562, 1.095, 1001, 0, 87.562, 87.572, 0.01, 1,     1.153,
 569, 1, 86.939, 86.939, 86.972, 0.033, 54, 86.972, 88.002, 1.03, 1493, 0, 88.002, 88.014, 0.012, 24,     1.075,
 567, 1, 86.677, 86.677, 86.986, 0.31, 605, 86.986, 88.079, 1.092, 963, 0, 88.079, 88.228, 0.149, 298,     1.551,
 570, 1, 87.192, 87.192, 87.209, 0.017, 46, 87.209, 88.251, 1.042, 1178, 0, 88.251, 88.338, 0.087, 168,     1.146,
 572, 1, 87.301, 87.301, 87.357, 0.056, 112, 87.357, 88.36, 1.003, 1750, 0, 88.36, 88.37, 0.01, 22,     1.069,
 571, 1, 87.282, 87.282, 87.31, 0.028, 57, 87.31, 88.328, 1.018, 1369, 0, 88.328, 88.424, 0.097, 193,     1.143,
 573, 1, 87.362, 87.362, 87.362, 0, 6, 87.362, 88.501, 1.138, 1095, 0, 88.501, 88.521, 0.02, 41,     1.159,
 574, 1, 87.671, 87.671, 87.701, 0.029, 59, 87.701, 88.595, 0.895, 1031, 0, 88.595, 88.618, 0.022, 45,     0.947,
 575, 1, 87.908, 87.908, 87.971, 0.063, 126, 87.971, 88.698, 0.727, 1864, 0, 88.698, 88.728, 0.03, 60,     0.820,
 576, 1, 88.143, 88.143, 88.196, 0.053, 106, 88.196, 88.909, 0.714, 1744, 0, 88.909, 88.919, 0.01, 11,     0.777,
 577, 1, 88.31, 88.31, 88.32, 0.01, 9, 88.32, 89.036, 0.716, 885, 0, 89.036, 89.051, 0.015, 30,     0.741,
 565, 1, 86.286, 86.286, 86.331, 0.045, 54, 86.331, 87.484, 1.153, 1643, 0, 87.484, 89.41, 1.927, 3853,     3.124,
 579, 1, 88.684, 88.684, 88.697, 0.013, 27, 88.697, 89.413, 0.715, 1665, 0, 89.413, 89.446, 0.033, 71,     0.762,
 568, 1, 86.717, 86.717, 86.791, 0.074, 149, 86.791, 87.819, 1.028, 1408, 0, 87.819, 89.623, 1.804, 3609,     2.907,
 582, 1, 88.862, 88.862, 88.888, 0.026, 27, 88.888, 89.61, 0.722, 1591, 0, 89.61, 89.623, 0.014, 28,     0.761,
 581, 1, 88.848, 88.848, 88.895, 0.047, 81, 88.895, 89.674, 0.779, 1613, 0, 89.674, 89.71, 0.037, 73,     0.862,
 583, 1, 88.895, 88.895, 89.001, 0.106, 228, 89.001, 89.732, 0.73, 1672, 0, 89.732, 89.78, 0.049, 97,     0.885,
 580, 1, 88.827, 88.827, 88.858, 0.031, 56, 88.858, 89.57, 0.712, 1241, 0, 89.57, 89.798, 0.229, 458,     0.971,
 584, 1, 89.028, 89.028, 89.038, 0.01, 11, 89.038, 89.819, 0.781, 1086, 0, 89.819, 89.829, 0.01, 15,     0.801,
 578, 1, 88.626, 88.626, 88.733, 0.108, 208, 88.733, 89.456, 0.722, 1890, 0, 89.456, 89.916, 0.461, 922,     1.291,
 586, 1, 89.22, 89.22, 89.245, 0.025, 54, 89.245, 90.102, 0.858, 2400, 0, 90.102, 90.133, 0.031, 62,     0.913,
 587, 1, 89.285, 89.285, 89.317, 0.032, 78, 89.317, 90.172, 0.855, 1959, 0, 90.172, 90.183, 0.01, 21,     0.898,
 585, 1, 89.117, 89.117, 89.245, 0.128, 254, 89.245, 90.068, 0.824, 1635, 0, 90.068, 90.271, 0.203, 404,     1.154,
 588, 1, 89.408, 89.408, 89.418, 0.01, 21, 89.418, 90.318, 0.9, 1454, 0, 90.318, 90.328, 0.01, 10,     0.920,
 589, 1, 89.465, 89.465, 89.481, 0.016, 44, 89.481, 90.358, 0.877, 1520, 0, 90.358, 90.368, 0.01, 5,     0.903,
 591, 1, 89.665, 89.665, 89.751, 0.086, 162, 89.751, 90.765, 1.014, 1523, 0, 90.765, 90.865, 0.1, 199,     1.200,
 593, 1, 90.272, 90.272, 90.377, 0.105, 222, 90.377, 91.572, 1.195, 1716, 0, 91.572, 91.595, 0.023, 46,     1.323,
 594, 1, 90.479, 90.479, 90.484, 0.005, 18, 90.484, 91.696, 1.212, 1718, 0, 91.696, 91.706, 0.01, 3,     1.227,
 595, 1, 90.534, 90.534, 90.548, 0.014, 28, 90.548, 91.77, 1.222, 1947, 0, 91.77, 91.78, 0.01, 2,     1.246,
 592, 1, 90.067, 90.067, 90.117, 0.051, 91, 90.117, 91.402, 1.285, 1544, 0, 91.402, 91.853, 0.451, 902,     1.786,
 597, 1, 90.888, 90.888, 90.916, 0.028, 57, 90.916, 92.072, 1.156, 1705, 0, 92.072, 92.092, 0.02, 40,     1.204,
 599, 1, 91.01, 91.01, 91.05, 0.04, 50, 91.05, 92.202, 1.152, 1304, 0, 92.202, 92.232, 0.03, 51,     1.222,
 596, 1, 90.868, 90.868, 90.896, 0.028, 53, 90.896, 91.952, 1.056, 1242, 0, 91.952, 92.535, 0.583, 1167,     1.667,
 600, 1, 91.476, 91.476, 91.497, 0.02, 60, 91.497, 92.332, 0.835, 1896, 0, 92.332, 92.778, 0.446, 893,     1.302,
 590, 1, 89.471, 89.471, 89.628, 0.157, 312, 89.628, 90.515, 0.887, 1260, 0, 90.515, 92.963, 2.448, 4896,     3.492,
 602, 1, 92.123, 92.123, 92.202, 0.079, 139, 92.202, 93.045, 0.843, 1525, 0, 93.045, 93.055, 0.01, 14,     0.932,
 603, 1, 92.135, 92.135, 92.216, 0.081, 4, 92.216, 93.065, 0.849, 1700, 0, 93.065, 93.075, 0.01, 1,     0.940,
 601, 1, 91.86, 91.86, 93.409, 1.55, 3100, 93.409, 94.126, 0.717, 1734, 0, 94.126, 94.17, 0.044, 84,     2.311,
 605, 1, 92.364, 92.364, 93.445, 1.081, 71, 93.445, 94.16, 0.715, 1508, 0, 94.16, 94.226, 0.066, 131,     1.862,
 609, 1, 93.046, 93.046, 93.805, 0.759, 5, 93.805, 94.522, 0.717, 1212, 0, 94.522, 94.532, 0.01, 3,     1.486,
 608, 1, 92.784, 92.784, 93.791, 1.007, 18, 93.791, 94.507, 0.717, 1961, 0, 94.507, 94.584, 0.077, 154,     1.800,
 606, 1, 92.513, 92.513, 93.699, 1.186, 508, 93.699, 94.421, 0.722, 1209, 0, 94.421, 94.66, 0.24, 480,     2.147,
 607, 1, 92.707, 92.707, 93.78, 1.073, 163, 93.78, 94.507, 0.727, 2022, 0, 94.507, 94.676, 0.168, 310,     1.969,
 611, 1, 93.207, 93.207, 93.905, 0.699, 149, 93.905, 94.757, 0.851, 1603, 0, 94.757, 94.767, 0.01, 11,     1.560,
 610, 1, 93.169, 93.169, 93.815, 0.646, 15, 93.815, 94.757, 0.941, 1879, 0, 94.757, 94.813, 0.056, 113,     1.644,
 612, 1, 93.445, 93.445, 94.245, 0.8, 651, 94.245, 95.026, 0.78, 1252, 0, 95.026, 95.062, 0.036, 38,     1.617,
 613, 1, 93.623, 93.623, 94.252, 0.628, 11, 94.252, 95.196, 0.944, 1397, 0, 95.196, 95.206, 0.01, 6,     1.582,
 614, 1, 93.725, 93.725, 94.281, 0.557, 59, 94.281, 95.266, 0.985, 1094, 0, 95.266, 95.276, 0.01, 6,     1.552,
 604, 1, 92.339, 92.339, 94.374, 2.035, 4063, 94.374, 95.28, 0.907, 1793, 0, 95.28, 95.317, 0.037, 53,     2.978,
 615, 1, 93.969, 93.969, 94.596, 0.626, 597, 94.596, 95.454, 0.858, 1477, 0, 95.454, 95.464, 0.01, 3,     1.495,
 617, 1, 94.252, 94.252, 94.61, 0.358, 26, 94.61, 95.531, 0.921, 1178, 0, 95.531, 95.552, 0.022, 43,     1.301,
 619, 1, 94.43, 94.43, 94.7, 0.27, 68, 94.7, 95.531, 0.831, 1639, 0, 95.531, 95.589, 0.059, 117,     1.159,
 620, 1, 94.622, 94.622, 94.941, 0.318, 482, 94.941, 95.708, 0.767, 1274, 0, 95.708, 95.718, 0.01, 8,     1.095,
 618, 1, 94.395, 94.395, 94.654, 0.259, 89, 94.654, 95.531, 0.877, 1737, 0, 95.531, 95.791, 0.26, 521,     1.396,
 621, 1, 94.659, 94.659, 94.975, 0.315, 54, 94.975, 95.78, 0.806, 1783, 0, 95.78, 95.811, 0.031, 23,     1.152,
 622, 1, 94.716, 94.716, 95.094, 0.378, 233, 95.094, 95.819, 0.725, 1188, 0, 95.819, 95.935, 0.116, 248,     1.219,
 616, 1, 94.161, 94.161, 95.213, 1.052, 1679, 95.213, 96.03, 0.817, 1562, 0, 96.03, 96.052, 0.022, 44,     1.891,
 624, 1, 95.084, 95.084, 95.227, 0.143, 4, 95.227, 96.03, 0.803, 1525, 0, 96.03, 96.072, 0.042, 71,     0.988,
 598, 1, 90.905, 90.905, 90.905, 0, 9, 90.905, 92.02, 1.115, 1123, 0, 92.02, 96.157, 4.138, 8276,     5.253,
 625, 1, 95.164, 95.164, 95.316, 0.153, 173, 95.316, 96.217, 0.901, 1711, 0, 96.217, 96.27, 0.053, 106,     1.107,
 626, 1, 95.209, 95.209, 95.328, 0.119, 16, 95.328, 96.279, 0.951, 1986, 0, 96.279, 96.289, 0.01, 29,     1.080,
 627, 1, 95.391, 95.391, 95.423, 0.032, 59, 95.423, 96.471, 1.048, 1420, 0, 96.471, 96.481, 0.01, 14,     1.090,
 629, 1, 95.719, 95.719, 95.764, 0.046, 99, 95.764, 96.597, 0.833, 1861, 0, 96.597, 96.672, 0.075, 150,     0.953,
 630, 1, 95.996, 95.996, 95.996, 0, 1, 95.996, 96.72, 0.724, 2037, 0, 96.72, 96.73, 0.01, 8,     0.734,
 628, 1, 95.66, 95.66, 95.701, 0.041, 85, 95.701, 96.537, 0.836, 1591, 0, 96.537, 96.744, 0.206, 413,     1.084,
 631, 1, 96.271, 96.271, 96.322, 0.051, 103, 96.322, 97.038, 0.716, 1546, 0, 97.038, 97.084, 0.046, 93,     0.813,
 633, 1, 96.516, 96.516, 96.64, 0.123, 5, 96.64, 97.378, 0.738, 1874, 0, 97.378, 97.398, 0.02, 27,     0.881,
 632, 1, 96.337, 96.337, 96.626, 0.288, 580, 96.626, 97.352, 0.726, 1518, 0, 97.352, 97.597, 0.246, 491,     1.260,
 635, 1, 96.779, 96.779, 96.851, 0.071, 128, 96.851, 97.635, 0.784, 2078, 0, 97.635, 97.665, 0.03, 64,     0.885,
 636, 1, 96.827, 96.827, 96.909, 0.082, 87, 96.909, 97.649, 0.74, 1697, 0, 97.649, 97.845, 0.196, 392,     1.018,
 637, 1, 97.081, 97.081, 97.111, 0.03, 43, 97.111, 97.853, 0.742, 1723, 0, 97.853, 97.853, 0, 9,     0.773,
 639, 1, 97.337, 97.337, 97.382, 0.044, 93, 97.382, 98.105, 0.724, 1289, 0, 98.105, 98.115, 0.01, 8,     0.778,
 640, 1, 97.384, 97.384, 97.394, 0.01, 17, 97.394, 98.115, 0.722, 1544, 0, 98.115, 98.152, 0.037, 74,     0.769,
 638, 1, 97.325, 97.325, 97.335, 0.01, 20, 97.335, 98.059, 0.723, 1516, 0, 98.059, 98.172, 0.114, 191,     0.847,
 641, 1, 97.726, 97.726, 97.739, 0.013, 27, 97.739, 98.485, 0.746, 1639, 0, 98.485, 98.527, 0.042, 84,     0.802,
 642, 1, 97.74, 97.74, 97.764, 0.023, 50, 97.764, 98.566, 0.802, 1382, 0, 98.566, 98.62, 0.054, 108,     0.880,
 643, 1, 97.816, 97.816, 97.922, 0.106, 229, 97.922, 98.639, 0.717, 1288, 0, 98.639, 98.66, 0.021, 42,     0.844,
 644, 1, 97.864, 97.864, 97.95, 0.086, 56, 97.95, 98.734, 0.785, 1672, 0, 98.734, 98.784, 0.049, 99,     0.920,
 634, 1, 96.745, 96.745, 96.767, 0.022, 47, 96.767, 97.601, 0.835, 1571, 0, 97.601, 98.997, 1.396, 2800,     2.252,
 645, 1, 97.928, 97.928, 98.384, 0.456, 868, 98.384, 99.109, 0.725, 963, 0, 99.109, 99.149, 0.04, 69,     1.220,
 647, 1, 98.643, 98.643, 98.653, 0.01, 22, 98.653, 99.378, 0.725, 1505, 0, 99.378, 99.388, 0.01, 3,     0.745,
 646, 1, 98.086, 98.086, 98.398, 0.312, 21, 98.398, 99.129, 0.731, 1210, 0, 99.129, 99.438, 0.309, 619,     1.352,
 648, 1, 98.658, 98.658, 98.705, 0.047, 78, 98.705, 99.421, 0.716, 1371, 0, 99.421, 99.528, 0.107, 214,     0.870,
 649, 1, 98.844, 98.844, 98.844, 0, 17, 98.844, 99.565, 0.721, 1422, 0, 99.565, 99.577, 0.013, 25,     0.733,
 650, 1, 98.948, 98.948, 98.982, 0.034, 53, 98.982, 99.702, 0.72, 1089, 0, 99.702, 99.741, 0.04, 70,     0.794,
 651, 1, 99.006, 99.006, 99.016, 0.01, 1, 99.016, 99.742, 0.726, 1439, 0, 99.742, 99.798, 0.056, 114,     0.792,
 654, 1, 99.184, 99.184, 99.863, 0.679, 55, 99.863, 100.588, 0.725, 1736, 0, 100.588, 100.621, 0.032, 65,     1.437,
 653, 1, 99.162, 99.162, 99.836, 0.673, 1221, 99.836, 100.569, 0.734, 1507, 0, 100.569, 100.641, 0.072, 114,     1.478,
 655, 1, 99.291, 99.291, 99.984, 0.693, 237, 99.984, 100.713, 0.729, 1908, 0, 100.713, 100.787, 0.075, 149,     1.496,
 652, 1, 99.088, 99.088, 99.225, 0.137, 275, 99.225, 99.953, 0.728, 1405, 0, 99.953, 100.88, 0.927, 1846,     1.792,
 656, 1, 99.372, 99.372, 100.004, 0.632, 25, 100.004, 100.723, 0.719, 1844, 0, 100.723, 100.9, 0.177, 339,     1.528,
 657, 1, 99.772, 99.772, 100.143, 0.371, 279, 100.143, 100.87, 0.727, 1360, 0, 100.87, 100.982, 0.112, 221,     1.210,
 658, 1, 99.974, 99.974, 100.157, 0.183, 17, 100.157, 100.881, 0.724, 1547, 0, 100.881, 101.09, 0.209, 420,     1.116,
 660, 1, 100.082, 100.082, 100.26, 0.178, 120, 100.26, 101.13, 0.87, 1195, 0, 101.13, 101.14, 0.01, 12,     1.058,
 659, 1, 100.039, 100.039, 100.191, 0.153, 65, 100.191, 100.972, 0.781, 1496, 0, 100.972, 101.16, 0.188, 364,     1.121,
 661, 1, 100.482, 100.482, 100.607, 0.125, 213, 100.607, 101.389, 0.782, 1171, 0, 101.389, 101.399, 0.01, 7,     0.917,
 663, 1, 100.619, 100.619, 100.703, 0.084, 154, 100.703, 101.483, 0.78, 1746, 0, 101.483, 101.499, 0.016, 31,     0.880,
 662, 1, 100.539, 100.539, 100.619, 0.08, 13, 100.619, 101.409, 0.791, 1616, 0, 101.409, 101.543, 0.133, 267,     1.004,
 666, 1, 101.266, 101.266, 101.266, 0, 1, 101.266, 101.994, 0.728, 1810, 0, 101.994, 102.004, 0.01, 3,     0.738,
 665, 1, 101.187, 101.187, 101.197, 0.01, 19, 101.197, 101.919, 0.722, 1391, 0, 101.919, 102.109, 0.191, 381,     0.922,
 667, 1, 101.33, 101.33, 101.34, 0.01, 14, 101.34, 102.144, 0.804, 2222, 0, 102.144, 102.208, 0.064, 128,     0.878,
 669, 1, 101.516, 101.516, 101.561, 0.045, 72, 101.561, 102.412, 0.851, 1639, 0, 102.412, 102.488, 0.075, 144,     0.972,
 623, 1, 94.975, 94.975, 101.609, 6.635, 13001, 101.609, 102.507, 0.898, 1885, 0, 102.507, 102.548, 0.041, 93,     7.574,
 670, 1, 101.65, 101.65, 101.678, 0.028, 61, 101.678, 102.675, 0.997, 1255, 0, 102.675, 102.71, 0.035, 69,     1.060,
 671, 1, 102.01, 102.01, 102.02, 0.01, 13, 102.02, 102.745, 0.725, 1942, 0, 102.745, 102.755, 0.01, 11,     0.745,
 668, 1, 101.367, 101.367, 101.367, 0, 1, 101.367, 102.232, 0.865, 1566, 0, 102.232, 102.765, 0.533, 1055,     1.398,
 672, 1, 102.072, 102.072, 102.079, 0.007, 13, 102.079, 102.903, 0.824, 1912, 0, 102.903, 102.984, 0.082, 163,     0.912,
 673, 1, 102.129, 102.129, 102.197, 0.067, 98, 102.197, 103.011, 0.814, 1318, 0, 103.011, 103.021, 0.01, 33,     0.892,
 674, 1, 102.14, 102.14, 102.197, 0.056, 75, 102.197, 103.061, 0.864, 1229, 0, 103.061, 103.087, 0.026, 53,     0.947,
 675, 1, 102.222, 102.222, 102.235, 0.013, 25, 102.235, 103.186, 0.951, 1531, 0, 103.186, 103.257, 0.071, 142,     1.035,
 676, 1, 102.266, 102.266, 102.278, 0.012, 24, 102.278, 103.271, 0.993, 1212, 0, 103.271, 103.38, 0.109, 205,     1.113,
 679, 1, 102.37, 102.37, 102.388, 0.017, 35, 102.388, 103.435, 1.047, 1457, 0, 103.435, 103.472, 0.037, 74,     1.102,
 677, 1, 102.293, 102.293, 102.412, 0.119, 247, 102.412, 103.521, 1.109, 1724, 0, 103.521, 103.531, 0.01, 7,     1.238,
 678, 1, 102.325, 102.325, 102.335, 0.01, 5, 102.335, 103.42, 1.085, 1494, 0, 103.42, 103.789, 0.369, 738,     1.464,
 680, 1, 102.421, 102.421, 102.504, 0.082, 171, 102.504, 103.669, 1.166, 1356, 0, 103.669, 103.818, 0.148, 297,     1.396,
 682, 1, 103.055, 103.055, 103.118, 0.063, 116, 103.118, 103.939, 0.821, 1572, 0, 103.939, 103.96, 0.021, 42,     0.905,
 681, 1, 103.016, 103.016, 103.165, 0.149, 298, 103.165, 104.026, 0.861, 1216, 0, 104.026, 104.036, 0.01, 17,     1.020,
 683, 1, 103.809, 103.809, 103.82, 0.011, 22, 103.82, 104.532, 0.712, 1633, 0, 104.532, 104.552, 0.02, 23,     0.743,
 684, 1, 103.939, 103.939, 103.985, 0.046, 109, 103.985, 104.706, 0.721, 1406, 0, 104.706, 104.716, 0.01, 6,     0.777,
 686, 1, 104.14, 104.14, 104.17, 0.029, 63, 104.17, 104.892, 0.723, 981, 0, 104.892, 104.902, 0.01, 1,     0.762,
 685, 1, 104.077, 104.077, 104.243, 0.166, 326, 104.243, 104.955, 0.712, 1447, 0, 104.955, 105.168, 0.212, 425,     1.091,
 688, 1, 104.53, 104.53, 104.671, 0.141, 283, 104.671, 105.396, 0.724, 1952, 0, 105.396, 105.407, 0.011, 22,     0.877,
 689, 1, 104.574, 104.574, 104.685, 0.112, 7, 104.685, 105.43, 0.744, 1139, 0, 105.43, 105.45, 0.02, 40,     0.876,
 687, 1, 104.233, 104.233, 104.857, 0.624, 1248, 104.857, 105.583, 0.726, 1646, 0, 105.583, 105.619, 0.035, 71,     1.386,
 690, 1, 104.864, 104.864, 104.924, 0.06, 118, 104.924, 105.645, 0.721, 1610, 0, 105.645, 105.655, 0.01, 1,     0.791,
 692, 1, 105.264, 105.264, 105.288, 0.024, 48, 105.288, 106.097, 0.808, 1489, 0, 106.097, 106.11, 0.013, 44,     0.846,
 691, 1, 105.215, 105.215, 105.314, 0.099, 187, 105.314, 106.163, 0.849, 1582, 0, 106.163, 106.301, 0.138, 277,     1.086,
 694, 1, 105.454, 105.454, 105.546, 0.092, 160, 105.546, 106.327, 0.781, 1374, 0, 106.327, 106.337, 0.01, 6,     0.883,
 693, 1, 105.379, 105.379, 105.695, 0.316, 632, 105.695, 106.435, 0.74, 1656, 0, 106.435, 106.54, 0.106, 211,     1.162,
 695, 1, 105.856, 105.856, 105.856, 0, 12, 105.856, 106.621, 0.765, 1390, 0, 106.621, 106.681, 0.06, 120,     0.825,
 696, 1, 105.977, 105.977, 105.982, 0.005, 21, 105.982, 106.826, 0.844, 1115, 0, 106.826, 106.883, 0.057, 106,     0.907,
 697, 1, 106.044, 106.044, 106.106, 0.062, 104, 106.106, 106.944, 0.839, 1701, 0, 106.944, 106.954, 0.01, 7,     0.910,
 698, 1, 106.112, 106.112, 106.112, 0, 2, 106.112, 107.083, 0.971, 1630, 0, 107.083, 107.158, 0.075, 150,     1.046,
 699, 1, 106.461, 106.461, 106.494, 0.033, 48, 106.494, 107.206, 0.712, 1521, 0, 107.206, 107.254, 0.048, 96,     0.793,
 700, 1, 106.484, 106.484, 106.632, 0.148, 286, 106.632, 107.353, 0.721, 1768, 0, 107.353, 107.363, 0.01, 17,     0.879,
 702, 1, 106.604, 106.604, 106.632, 0.029, 22, 106.632, 107.394, 0.762, 1863, 0, 107.394, 107.404, 0.01, 20,     0.800,
 701, 1, 106.561, 106.561, 106.614, 0.052, 103, 106.614, 107.338, 0.724, 1255, 0, 107.338, 107.423, 0.085, 171,     0.862,
 705, 1, 107.062, 107.062, 107.069, 0.007, 20, 107.069, 107.786, 0.717, 972, 0, 107.786, 107.812, 0.025, 51,     0.750,
 704, 1, 106.757, 106.757, 106.808, 0.051, 118, 106.808, 107.643, 0.835, 1108, 0, 107.643, 107.832, 0.189, 348,     1.075,
 703, 1, 106.632, 106.632, 106.749, 0.117, 234, 106.749, 107.602, 0.853, 1600, 0, 107.602, 107.866, 0.264, 538,     1.234,
 706, 1, 107.112, 107.112, 107.261, 0.149, 300, 107.261, 107.978, 0.717, 1426, 0, 107.978, 108.015, 0.036, 87,     0.902,
 664, 1, 100.64, 100.64, 100.751, 0.111, 96, 100.751, 101.483, 0.732, 1762, 0, 101.483, 108.216, 6.733, 13467,     7.576,
 708, 1, 107.432, 107.432, 107.487, 0.055, 93, 107.487, 108.204, 0.716, 1790, 0, 108.204, 108.236, 0.033, 56,     0.804,
 710, 1, 107.751, 107.751, 107.808, 0.057, 87, 107.808, 108.525, 0.717, 1202, 0, 108.525, 108.682, 0.157, 314,     0.931,
 711, 1, 107.77, 107.77, 107.989, 0.219, 348, 107.989, 108.771, 0.782, 1556, 0, 108.771, 108.859, 0.088, 176,     1.089,
 712, 1, 108.055, 108.055, 108.273, 0.218, 431, 108.273, 109.021, 0.749, 1719, 0, 109.021, 109.041, 0.02, 21,     0.986,
 713, 1, 108.308, 108.308, 108.414, 0.107, 194, 108.414, 109.137, 0.723, 1633, 0, 109.137, 109.147, 0.01, 1,     0.840,
 714, 1, 108.34, 108.34, 108.428, 0.089, 14, 108.428, 109.214, 0.786, 1600, 0, 109.214, 109.265, 0.05, 101,     0.925,
 709, 1, 107.705, 107.705, 108.91, 1.206, 2406, 108.91, 109.633, 0.723, 1668, 0, 109.633, 109.715, 0.082, 163,     2.010,
 717, 1, 109.013, 109.013, 109.013, 0, 12, 109.013, 109.858, 0.845, 1377, 0, 109.858, 109.894, 0.036, 66,     0.881,
 718, 1, 109.078, 109.078, 109.131, 0.053, 96, 109.131, 109.884, 0.753, 1696, 0, 109.884, 109.916, 0.032, 64,     0.838,
 719, 1, 109.116, 109.116, 109.145, 0.029, 28, 109.145, 110.107, 0.962, 1113, 0, 110.107, 110.117, 0.01, 10,     1.001,
 720, 1, 109.145, 109.145, 109.155, 0.01, 3, 109.155, 110.12, 0.965, 1179, 0, 110.12, 110.184, 0.064, 134,     1.039,
 707, 1, 107.284, 107.284, 107.284, 0, 17, 107.284, 108.004, 0.72, 1885, 0, 108.004, 110.208, 2.204, 4409,     2.924,
 721, 1, 109.444, 109.444, 109.503, 0.06, 131, 109.503, 110.44, 0.936, 1713, 0, 110.44, 110.493, 0.053, 106,     1.049,
 722, 1, 109.47, 109.47, 109.517, 0.047, 7, 109.517, 110.619, 1.102, 1554, 0, 110.619, 110.649, 0.03, 55,     1.179,
 716, 1, 108.822, 108.822, 108.959, 0.137, 98, 108.959, 109.679, 0.72, 1792, 0, 109.679, 110.719, 1.04, 2065,     1.897,
 723, 1, 110.056, 110.056, 110.074, 0.017, 46, 110.074, 110.869, 0.795, 1814, 0, 110.869, 110.901, 0.032, 58,     0.845,
 724, 1, 110.158, 110.158, 110.199, 0.04, 81, 110.199, 110.949, 0.75, 1201, 0, 110.949, 110.949, 0, 14,     0.791,
 725, 1, 110.199, 110.199, 110.238, 0.04, 79, 110.238, 111.14, 0.902, 1073, 0, 111.14, 111.208, 0.068, 118,     1.010,
 726, 1, 110.423, 110.423, 110.423, 0, 1, 110.423, 111.198, 0.776, 1163, 0, 111.198, 111.208, 0.01, 1,     0.786,
 727, 1, 110.652, 110.652, 110.849, 0.197, 396, 110.849, 111.578, 0.729, 1227, 0, 111.578, 111.588, 0.01, 18,     0.936,
 728, 1, 110.694, 110.694, 110.869, 0.176, 34, 110.869, 111.637, 0.767, 1373, 0, 111.637, 111.66, 0.023, 47,     0.967,
 729, 1, 110.736, 110.736, 110.899, 0.163, 50, 110.899, 111.647, 0.747, 1634, 0, 111.647, 111.68, 0.034, 33,     0.944,
 730, 1, 110.969, 110.969, 111.138, 0.169, 338, 111.138, 111.85, 0.712, 1571, 0, 111.85, 111.93, 0.081, 161,     0.962,
 731, 1, 111.151, 111.151, 111.162, 0.011, 28, 111.162, 111.894, 0.731, 1807, 0, 111.894, 112.015, 0.121, 247,     0.864,
 732, 1, 111.229, 111.229, 111.29, 0.061, 122, 111.29, 112.105, 0.815, 2038, 0, 112.105, 112.129, 0.024, 48,     0.900,
 715, 1, 108.432, 108.432, 111.241, 2.809, 5626, 111.241, 112.105, 0.864, 946, 0, 112.105, 112.149, 0.044, 57,     3.717,
 733, 1, 111.317, 111.317, 111.43, 0.113, 227, 111.43, 112.171, 0.741, 1629, 0, 112.171, 112.181, 0.01, 2,     0.864,
 734, 1, 111.345, 111.345, 111.455, 0.11, 236, 111.455, 112.191, 0.737, 1645, 0, 112.191, 112.247, 0.056, 112,     0.903,
 735, 1, 111.716, 111.716, 111.742, 0.026, 52, 111.742, 112.467, 0.725, 1422, 0, 112.467, 112.497, 0.03, 22,     0.781,
 737, 1, 112.034, 112.034, 112.046, 0.011, 28, 112.046, 112.769, 0.724, 1883, 0, 112.769, 112.781, 0.012, 24,     0.747,
 739, 1, 112.269, 112.269, 112.494, 0.226, 13, 112.494, 113.21, 0.715, 1449, 0, 113.21, 113.22, 0.01, 10,     0.951,
 738, 1, 112.261, 112.261, 112.48, 0.219, 446, 112.48, 113.2, 0.719, 1380, 0, 113.2, 113.244, 0.044, 89,     0.983,
 740, 1, 112.306, 112.306, 112.6, 0.294, 211, 112.6, 113.332, 0.732, 1220, 0, 113.332, 113.345, 0.013, 27,     1.039,
 741, 1, 112.689, 112.689, 112.699, 0.01, 8, 112.699, 113.411, 0.713, 1545, 0, 113.411, 113.421, 0.01, 9,     0.733,
 742, 1, 112.743, 112.743, 112.766, 0.023, 46, 112.766, 113.492, 0.725, 1743, 0, 113.492, 113.502, 0.01, 7,     0.758,
 736, 1, 111.91, 111.91, 112.795, 0.884, 1769, 112.795, 113.512, 0.717, 1583, 0, 113.512, 113.616, 0.105, 209,     1.706,
 743, 1, 112.993, 112.993, 113.009, 0.015, 40, 113.009, 113.721, 0.713, 1665, 0, 113.721, 113.752, 0.031, 62,     0.759,
 746, 1, 113.214, 113.214, 113.379, 0.165, 338, 113.379, 114.108, 0.728, 1368, 0, 114.108, 114.13, 0.022, 44,     0.916,
 747, 1, 113.241, 113.241, 113.41, 0.169, 30, 113.41, 114.133, 0.723, 1784, 0, 114.133, 114.143, 0.01, 11,     0.902,
 748, 1, 113.273, 113.273, 113.466, 0.193, 86, 113.466, 114.195, 0.729, 1216, 0, 114.195, 114.231, 0.036, 85,     0.958,
 745, 1, 113.145, 113.145, 113.197, 0.052, 119, 113.197, 113.914, 0.718, 1689, 0, 113.914, 114.347, 0.433, 866,     1.202,
 744, 1, 113.023, 113.023, 113.48, 0.457, 906, 113.48, 114.394, 0.914, 1329, 0, 114.394, 114.71, 0.315, 616,     1.687,
 749, 1, 113.75, 113.75, 113.75, 0, 10, 113.75, 114.859, 1.108, 1334, 0, 114.859, 114.921, 0.062, 110,     1.170,
 750, 1, 114.021, 114.021, 114.042, 0.021, 47, 114.042, 115.16, 1.118, 1095, 0, 115.16, 115.291, 0.13, 276,     1.269,
 753, 1, 114.332, 114.332, 114.357, 0.025, 49, 114.357, 115.358, 1.002, 1157, 0, 115.358, 115.368, 0.01, 16,     1.036,
 752, 1, 114.163, 114.163, 114.163, 0, 1, 114.163, 115.209, 1.046, 1236, 0, 115.209, 115.378, 0.169, 334,     1.215,
 754, 1, 114.361, 114.361, 114.388, 0.027, 28, 114.388, 115.43, 1.042, 2013, 0, 115.43, 115.44, 0.01, 7,     1.079,
 755, 1, 114.393, 114.393, 114.393, 0, 1, 114.393, 115.47, 1.077, 1096, 0, 115.47, 115.497, 0.027, 54,     1.104,
 756, 1, 114.42, 114.42, 114.449, 0.028, 37, 114.449, 115.61, 1.162, 1789, 0, 115.61, 115.722, 0.112, 223,     1.302,
 751, 1, 114.139, 114.139, 114.361, 0.222, 445, 114.361, 115.41, 1.049, 1266, 0, 115.41, 115.897, 0.487, 975,     1.758,
 757, 1, 115.081, 115.081, 115.093, 0.012, 24, 115.093, 115.909, 0.816, 876, 0, 115.909, 115.941, 0.032, 59,     0.860,
 759, 1, 115.345, 115.345, 115.389, 0.045, 63, 115.389, 116.159, 0.769, 2043, 0, 116.159, 116.396, 0.238, 476,     1.052,
 758, 1, 115.198, 115.198, 115.702, 0.504, 1003, 115.702, 116.421, 0.719, 1958, 0, 116.421, 116.496, 0.075, 160,     1.298,
 760, 1, 115.724, 115.724, 115.724, 0, 4, 115.724, 116.46, 0.736, 1236, 0, 116.46, 116.57, 0.11, 221,     0.847,
 761, 1, 115.732, 115.732, 115.778, 0.046, 93, 115.778, 116.504, 0.726, 1486, 0, 116.504, 116.608, 0.104, 224,     0.876,
 762, 1, 115.957, 115.957, 115.957, 0, 3, 115.957, 116.683, 0.726, 1632, 0, 116.683, 116.696, 0.013, 42,     0.739,
 763, 1, 116.085, 116.085, 116.095, 0.01, 14, 116.095, 116.82, 0.725, 1338, 0, 116.82, 116.839, 0.019, 39,     0.755,
 766, 1, 116.374, 116.374, 116.499, 0.125, 251, 116.499, 117.215, 0.716, 1144, 0, 117.215, 117.258, 0.043, 85,     0.884,
 767, 1, 116.479, 116.479, 116.545, 0.066, 102, 116.545, 117.264, 0.719, 1497, 0, 117.264, 117.309, 0.044, 103,     0.830,
 764, 1, 116.17, 116.17, 116.18, 0.01, 10, 116.18, 116.913, 0.733, 1360, 0, 116.913, 117.628, 0.715, 1430,     1.458,
 765, 1, 116.289, 116.289, 116.299, 0.01, 14, 116.299, 117.022, 0.723, 1166, 0, 117.022, 117.841, 0.819, 1639,     1.552,
 769, 1, 117.106, 117.106, 117.122, 0.016, 32, 117.122, 118.012, 0.89, 1935, 0, 118.012, 118.022, 0.01, 18,     0.916,
 770, 1, 117.307, 117.307, 117.324, 0.017, 34, 117.324, 118.062, 0.738, 2203, 0, 118.062, 118.072, 0.01, 1,     0.765,
 768, 1, 116.974, 116.974, 117.053, 0.079, 150, 117.053, 117.985, 0.931, 1416, 0, 117.985, 118.194, 0.21, 420,     1.220,
 771, 1, 117.376, 117.376, 117.408, 0.032, 59, 117.408, 118.212, 0.804, 1367, 0, 118.212, 118.23, 0.019, 37,     0.855,
 772, 1, 117.433, 117.433, 117.531, 0.098, 198, 117.531, 118.311, 0.78, 1551, 0, 118.311, 118.385, 0.074, 148,     0.953,
 773, 1, 117.602, 117.602, 117.612, 0.01, 8, 117.612, 118.471, 0.86, 1779, 0, 118.471, 118.481, 0.01, 7,     0.880,
 777, 1, 118.038, 118.038, 118.048, 0.01, 10, 118.048, 118.761, 0.713, 1800, 0, 118.761, 118.776, 0.016, 31,     0.738,
 776, 1, 117.87, 117.87, 117.946, 0.076, 8, 117.946, 118.741, 0.795, 1317, 0, 118.741, 118.837, 0.097, 193,     0.967,
 775, 1, 117.84, 117.84, 117.932, 0.092, 175, 117.932, 118.721, 0.789, 1570, 0, 118.721, 118.938, 0.217, 434,     1.098,
 780, 1, 118.179, 118.179, 118.189, 0.01, 6, 118.189, 118.992, 0.803, 1342, 0, 118.992, 119.002, 0.01, 16,     0.823,
 779, 1, 118.156, 118.156, 118.293, 0.136, 273, 118.293, 119.173, 0.88, 1710, 0, 119.173, 119.183, 0.01, 18,     1.027,
 781, 1, 118.209, 118.209, 118.47, 0.261, 519, 118.47, 119.242, 0.772, 1164, 0, 119.242, 119.302, 0.06, 111,     1.093,
 778, 1, 118.059, 118.059, 118.179, 0.121, 239, 118.179, 118.972, 0.793, 1890, 0, 118.972, 119.339, 0.367, 734,     1.280,
 782, 1, 118.86, 118.86, 118.87, 0.01, 1, 118.87, 119.736, 0.867, 1207, 0, 119.736, 119.786, 0.05, 100,     0.927,
 784, 1, 118.945, 118.945, 118.955, 0.01, 13, 118.955, 119.776, 0.821, 709, 0, 119.776, 119.806, 0.03, 50,     0.861,
 783, 1, 118.882, 118.882, 118.892, 0.01, 1, 118.892, 119.756, 0.865, 1815, 0, 119.756, 119.941, 0.185, 369,     1.059,
 774, 1, 117.801, 117.801, 117.932, 0.131, 223, 117.932, 118.662, 0.73, 1290, 0, 118.662, 119.967, 1.305, 2611,     2.167,
 785, 1, 119.022, 119.022, 119.032, 0.01, 19, 119.032, 119.948, 0.916, 1455, 0, 119.948, 120.183, 0.235, 485,     1.161,
 786, 1, 119.349, 119.349, 119.359, 0.01, 1, 119.359, 120.261, 0.902, 1726, 0, 120.261, 120.272, 0.01, 21,     0.922,
 788, 1, 119.675, 119.675, 119.744, 0.069, 123, 119.744, 120.455, 0.711, 1237, 0, 120.455, 120.482, 0.027, 54,     0.807,
 789, 1, 119.734, 119.734, 120.02, 0.286, 570, 120.02, 120.794, 0.774, 950, 0, 120.794, 120.804, 0.01, 5,     1.070,
 787, 1, 119.472, 119.472, 119.482, 0.01, 3, 119.482, 120.275, 0.793, 2081, 0, 120.275, 120.894, 0.619, 1246,     1.422,
 790, 1, 120.203, 120.203, 120.252, 0.049, 98, 120.252, 120.963, 0.712, 2071, 0, 120.963, 120.973, 0.01, 1,     0.771,
 791, 1, 120.43, 120.43, 120.527, 0.097, 177, 120.527, 121.243, 0.716, 1586, 0, 121.243, 121.253, 0.01, 14,     0.823,
 793, 1, 120.805, 120.805, 120.82, 0.015, 30, 120.82, 121.55, 0.73, 1858, 0, 121.55, 121.563, 0.013, 27,     0.758,
 794, 1, 120.851, 120.851, 120.893, 0.042, 50, 120.893, 121.613, 0.72, 1707, 0, 121.613, 121.634, 0.021, 42,     0.783,
 792, 1, 120.702, 120.702, 120.927, 0.225, 432, 120.927, 121.639, 0.712, 1536, 0, 121.639, 121.651, 0.012, 34,     0.948,
 795, 1, 120.992, 120.992, 121.002, 0.01, 13, 121.002, 121.713, 0.711, 1473, 0, 121.713, 121.731, 0.019, 37,     0.739,
 796, 1, 121.088, 121.088, 121.098, 0.01, 16, 121.098, 121.962, 0.864, 1405, 0, 121.962, 121.972, 0.01, 5,     0.884,
 798, 1, 121.984, 121.984, 122.048, 0.064, 112, 122.048, 122.764, 0.716, 1070, 0, 122.764, 122.88, 0.116, 232,     0.896,
 799, 1, 122.051, 122.051, 122.143, 0.092, 176, 122.143, 122.975, 0.832, 1320, 0, 122.975, 122.985, 0.01, 37,     0.934,
 797, 1, 121.266, 121.266, 122.428, 1.162, 2304, 122.428, 123.194, 0.766, 786, 0, 123.194, 123.223, 0.029, 59,     1.958,
 803, 1, 122.25, 122.25, 122.512, 0.262, 145, 122.512, 123.273, 0.762, 1559, 0, 123.273, 123.3, 0.026, 53,     1.050,
 800, 1, 122.118, 122.118, 122.183, 0.064, 75, 122.183, 123.024, 0.841, 1531, 0, 123.024, 123.418, 0.394, 788,     1.300,
 804, 1, 122.428, 122.428, 122.523, 0.095, 15, 122.523, 123.443, 0.921, 1250, 0, 123.443, 123.453, 0.01, 17,     1.026,
 802, 1, 122.235, 122.235, 122.523, 0.288, 346, 122.523, 123.429, 0.906, 1598, 0, 123.429, 123.463, 0.034, 50,     1.228,
 805, 1, 122.667, 122.667, 122.667, 0, 2, 122.667, 123.523, 0.856, 1002, 0, 123.523, 123.542, 0.019, 38,     0.875,
 801, 1, 122.133, 122.133, 122.347, 0.214, 329, 122.347, 123.168, 0.821, 1278, 0, 123.168, 123.587, 0.419, 838,     1.454,
 806, 1, 122.751, 122.751, 122.907, 0.156, 295, 122.907, 123.693, 0.786, 1170, 0, 123.693, 123.704, 0.011, 22,     0.953,
 809, 1, 123.164, 123.164, 123.174, 0.01, 40, 123.174, 123.949, 0.775, 1542, 0, 123.949, 123.959, 0.01, 20,     0.796,
 808, 1, 123.13, 123.13, 123.14, 0.01, 21, 123.14, 123.929, 0.789, 1312, 0, 123.929, 123.969, 0.04, 64,     0.839,
 807, 1, 123.034, 123.034, 123.044, 0.01, 5, 123.044, 123.773, 0.729, 1589, 0, 123.773, 124.097, 0.323, 659,     1.062,
 810, 1, 123.301, 123.301, 123.325, 0.024, 48, 123.325, 124.064, 0.738, 1414, 0, 124.064, 124.148, 0.084, 169,     0.847,
 811, 1, 123.776, 123.776, 123.798, 0.022, 44, 123.798, 124.519, 0.721, 1750, 0, 124.519, 124.538, 0.019, 38,     0.762,
 812, 1, 123.812, 123.812, 123.823, 0.01, 11, 123.823, 124.549, 0.727, 1486, 0, 124.549, 124.603, 0.053, 107,     0.790,
 813, 1, 124.09, 124.09, 124.435, 0.345, 691, 124.435, 125.15, 0.715, 1893, 0, 125.15, 125.172, 0.022, 44,     1.082,
 817, 1, 124.591, 124.591, 124.613, 0.022, 5, 124.613, 125.338, 0.725, 1275, 0, 125.338, 125.348, 0.01, 11,     0.757,
 815, 1, 124.524, 124.524, 124.599, 0.075, 163, 124.599, 125.324, 0.725, 1695, 0, 125.324, 125.358, 0.034, 56,     0.834,
 816, 1, 124.584, 124.584, 124.66, 0.076, 140, 124.66, 125.535, 0.875, 1167, 0, 125.535, 125.564, 0.029, 59,     0.980,
 819, 1, 124.729, 124.729, 124.783, 0.055, 109, 124.783, 125.587, 0.803, 1551, 0, 125.587, 125.597, 0.01, 2,     0.868,
 818, 1, 124.617, 124.617, 124.862, 0.245, 482, 124.862, 125.649, 0.787, 1013, 0, 125.649, 125.759, 0.111, 221,     1.142,
 814, 1, 124.45, 124.45, 124.559, 0.11, 195, 124.559, 125.286, 0.726, 1212, 0, 125.286, 126.115, 0.829, 1659,     1.665,
 820, 1, 124.968, 124.968, 124.995, 0.027, 48, 124.995, 125.837, 0.842, 1759, 0, 125.837, 126.234, 0.397, 795,     1.266,
 821, 1, 125.875, 125.875, 125.899, 0.024, 55, 125.899, 126.634, 0.735, 1399, 0, 126.634, 126.681, 0.047, 80,     0.806,
 822, 1, 125.917, 125.917, 125.948, 0.031, 71, 125.948, 126.838, 0.89, 1316, 0, 126.838, 126.848, 0.01, 4,     0.931,
 823, 1, 125.969, 125.969, 125.979, 0.01, 1, 125.979, 126.858, 0.879, 1347, 0, 126.858, 126.869, 0.01, 21,     0.899,
 824, 1, 126.143, 126.143, 126.143, 0, 4, 126.143, 126.926, 0.783, 1427, 0, 126.926, 126.978, 0.052, 103,     0.834,
 825, 1, 126.23, 126.23, 126.24, 0.01, 16, 126.24, 127.108, 0.868, 1675, 0, 127.108, 127.124, 0.016, 31,     0.893,
 826, 1, 126.281, 126.281, 126.309, 0.028, 55, 126.309, 127.14, 0.831, 1492, 0, 127.14, 127.314, 0.174, 349,     1.033,
 827, 1, 126.379, 126.379, 126.379, 0, 4, 126.379, 127.189, 0.811, 1550, 0, 127.189, 127.355, 0.165, 315,     0.976,
 828, 1, 126.383, 126.383, 126.415, 0.032, 68, 126.415, 127.39, 0.974, 2183, 0, 127.39, 127.39, 0, 1,     1.006,
 830, 1, 126.555, 126.555, 126.813, 0.258, 503, 126.813, 127.688, 0.875, 1880, 0, 127.688, 127.736, 0.048, 108,     1.181,
 829, 1, 126.404, 126.404, 126.799, 0.395, 770, 126.799, 127.646, 0.847, 1036, 0, 127.646, 127.948, 0.302, 604,     1.543,
 834, 1, 127.025, 127.025, 127.035, 0.01, 21, 127.035, 127.937, 0.902, 1766, 0, 127.937, 127.968, 0.031, 62,     0.943,
 835, 1, 127.123, 127.123, 127.123, 0, 1, 127.123, 128.131, 1.008, 1407, 0, 128.131, 128.147, 0.016, 38,     1.024,
 831, 1, 126.617, 126.617, 126.899, 0.283, 194, 126.899, 127.875, 0.976, 1496, 0, 127.875, 128.196, 0.321, 626,     1.580,
 832, 1, 126.842, 126.842, 126.853, 0.011, 23, 126.853, 127.855, 1.002, 1848, 0, 127.855, 128.251, 0.396, 792,     1.409,
 833, 1, 126.929, 126.929, 126.948, 0.019, 39, 126.948, 127.895, 0.947, 1348, 0, 127.895, 128.352, 0.457, 918,     1.423,
 838, 1, 127.657, 127.657, 127.668, 0.01, 12, 127.668, 128.441, 0.774, 1349, 0, 128.441, 128.488, 0.047, 77,     0.831,
 836, 1, 127.434, 127.434, 127.555, 0.122, 246, 127.555, 128.401, 0.846, 1344, 0, 128.401, 128.556, 0.155, 311,     1.123,
 839, 1, 127.855, 127.855, 127.866, 0.011, 23, 127.866, 128.63, 0.764, 1621, 0, 128.63, 128.68, 0.05, 106,     0.826,
 841, 1, 128.09, 128.09, 128.19, 0.1, 145, 128.19, 128.902, 0.712, 1554, 0, 128.902, 128.912, 0.01, 1,     0.822,
 840, 1, 128.049, 128.049, 128.116, 0.067, 119, 128.116, 128.842, 0.725, 1558, 0, 128.842, 129.006, 0.164, 329,     0.957,
 842, 1, 128.226, 128.226, 128.248, 0.022, 44, 128.248, 129.075, 0.827, 1468, 0, 129.075, 129.105, 0.03, 57,     0.879,
 843, 1, 128.273, 128.273, 128.304, 0.03, 40, 128.304, 129.164, 0.861, 1383, 0, 129.164, 129.177, 0.012, 25,     0.903,
 844, 1, 128.304, 128.304, 128.362, 0.058, 118, 128.362, 129.164, 0.802, 1507, 0, 129.164, 129.197, 0.032, 42,     0.893,
 845, 1, 128.392, 128.392, 128.432, 0.039, 54, 128.432, 129.325, 0.893, 1335, 0, 129.325, 129.336, 0.011, 22,     0.943,
 846, 1, 128.601, 128.601, 129.958, 1.357, 2715, 129.958, 130.674, 0.716, 1589, 0, 130.674, 130.743, 0.069, 125,     2.142,
 847, 1, 128.701, 128.701, 131.222, 2.522, 2530, 131.222, 131.941, 0.719, 1500, 0, 131.941, 131.968, 0.028, 55,     3.268,
 849, 1, 128.903, 128.903, 131.281, 2.378, 12, 131.281, 132.045, 0.764, 1742, 0, 132.045, 132.055, 0.01, 3,     3.152,
 850, 1, 129.011, 129.011, 131.293, 2.282, 16, 131.293, 132.076, 0.784, 1410, 0, 132.076, 132.086, 0.01, 6,     3.076,
 848, 1, 128.748, 128.748, 131.267, 2.518, 89, 131.267, 132.045, 0.778, 1314, 0, 132.045, 132.096, 0.052, 97,     3.348,
 851, 1, 129.068, 129.068, 131.305, 2.237, 19, 131.305, 132.19, 0.886, 1607, 0, 132.19, 132.253, 0.062, 125,     3.185,
 852, 1, 129.116, 129.116, 131.362, 2.245, 105, 131.362, 132.326, 0.965, 1802, 0, 132.326, 132.368, 0.042, 47,     3.252,
 837, 1, 127.545, 127.545, 133.013, 5.468, 10931, 133.013, 133.736, 0.723, 1287, 0, 133.736, 133.823, 0.087, 175,     6.278,
 856, 1, 129.539, 129.539, 133.087, 3.548, 3, 133.087, 133.805, 0.718, 1713, 0, 133.805, 133.848, 0.043, 86,     4.309,
 855, 1, 129.529, 129.529, 133.073, 3.544, 25, 133.073, 133.805, 0.732, 1834, 0, 133.805, 133.879, 0.074, 149,     4.351,
 854, 1, 129.311, 129.311, 133.059, 3.748, 62, 133.059, 133.773, 0.714, 1951, 0, 133.773, 134.069, 0.296, 582,     4.758,
 859, 1, 130.119, 130.119, 133.188, 3.069, 4, 133.188, 134.059, 0.871, 1216, 0, 134.059, 134.079, 0.02, 27,     3.960,
 858, 1, 130.063, 130.063, 133.178, 3.114, 134, 133.178, 134.031, 0.853, 1792, 0, 134.031, 134.099, 0.068, 127,     4.036,
 860, 1, 130.292, 130.292, 133.239, 2.947, 92, 133.239, 134.247, 1.008, 1540, 0, 134.247, 134.266, 0.019, 39,     3.975,
 861, 1, 130.54, 130.54, 133.273, 2.733, 56, 133.273, 134.281, 1.008, 1398, 0, 134.281, 134.319, 0.038, 73,     3.779,
 862, 1, 130.698, 130.698, 133.362, 2.664, 179, 133.362, 134.309, 0.947, 1709, 0, 134.309, 134.339, 0.03, 46,     3.641,
 857, 1, 129.568, 129.568, 133.111, 3.543, 48, 133.111, 133.997, 0.886, 1858, 0, 133.997, 134.448, 0.451, 903,     4.881,
 864, 1, 130.95, 130.95, 133.437, 2.488, 63, 133.437, 134.538, 1.101, 1540, 0, 134.538, 134.556, 0.018, 37,     3.607,
 863, 1, 130.797, 130.797, 133.396, 2.599, 31, 133.396, 134.503, 1.107, 1943, 0, 134.503, 134.576, 0.073, 147,     3.779,
 865, 1, 130.968, 130.968, 133.471, 2.503, 43, 133.471, 134.56, 1.089, 1508, 0, 134.56, 134.596, 0.036, 71,     3.628,
 866, 1, 131.537, 131.537, 133.495, 1.958, 33, 133.495, 134.76, 1.265, 1474, 0, 134.76, 134.77, 0.01, 2,     3.233,
 867, 1, 131.668, 131.668, 133.55, 1.882, 84, 133.55, 134.788, 1.238, 1934, 0, 134.788, 134.82, 0.032, 48,     3.152,
 868, 1, 131.711, 131.711, 133.584, 1.873, 65, 133.584, 134.81, 1.226, 1201, 0, 134.81, 134.861, 0.051, 102,     3.150,
 853, 1, 129.199, 129.199, 133.657, 4.458, 4591, 133.657, 135.016, 1.359, 1496, 0, 135.016, 135.084, 0.068, 136,     5.885,
 870, 1, 131.821, 131.821, 133.695, 1.874, 64, 133.695, 135.06, 1.365, 1166, 0, 135.06, 135.104, 0.044, 85,     3.282,
 873, 1, 132.449, 132.449, 133.79, 1.341, 28, 133.79, 135.287, 1.497, 1583, 0, 135.287, 135.328, 0.041, 64,     2.879,
 875, 1, 132.574, 132.574, 133.828, 1.254, 35, 133.828, 135.318, 1.49, 996, 0, 135.318, 135.338, 0.02, 32,     2.764,
 874, 1, 132.539, 132.539, 133.804, 1.265, 15, 133.804, 135.318, 1.514, 1150, 0, 135.318, 135.348, 0.03, 47,     2.809,
 869, 1, 131.753, 131.753, 133.742, 1.989, 316, 133.742, 135.06, 1.318, 981, 0, 135.06, 135.358, 0.298, 591,     3.605,
 876, 1, 132.6, 132.6, 134.026, 1.426, 376, 134.026, 135.514, 1.488, 1592, 0, 135.514, 135.524, 0.01, 18,     2.924,
 872, 1, 132.299, 132.299, 133.776, 1.477, 50, 133.776, 135.265, 1.489, 1400, 0, 135.265, 136.561, 1.296, 2592,     4.262,
 878, 1, 133.155, 133.155, 136.089, 2.934, 16, 136.089, 136.813, 0.724, 1893, 0, 136.813, 136.832, 0.019, 39,     3.677,
 871, 1, 132.186, 132.186, 136.075, 3.888, 4760, 136.075, 136.801, 0.726, 1301, 0, 136.801, 136.843, 0.042, 84,     4.656,
 879, 1, 133.178, 133.178, 136.103, 2.925, 26, 136.103, 136.833, 0.73, 1082, 0, 136.833, 136.843, 0.01, 11,     3.665,
 880, 1, 133.2, 133.2, 136.287, 3.087, 369, 136.287, 137.006, 0.719, 1365, 0, 137.006, 137.043, 0.037, 39,     3.842,
 882, 1, 133.265, 133.265, 136.368, 3.103, 23, 136.368, 137.085, 0.717, 1436, 0, 137.085, 137.111, 0.026, 63,     3.846,
 881, 1, 133.244, 133.244, 136.354, 3.11, 135, 136.354, 137.085, 0.731, 1875, 0, 137.085, 137.147, 0.062, 125,     3.903,
 883, 1, 134.979, 134.979, 136.45, 1.471, 165, 136.45, 137.31, 0.86, 1656, 0, 137.31, 137.32, 0.01, 1,     2.341,
 877, 1, 132.847, 132.847, 136.503, 3.656, 4954, 136.503, 137.344, 0.841, 1647, 0, 137.344, 137.425, 0.081, 162,     4.578,
 886, 1, 135.296, 135.296, 136.65, 1.353, 238, 136.65, 137.611, 0.961, 1394, 0, 137.611, 137.621, 0.01, 19,     2.325,
 887, 1, 135.654, 135.654, 136.684, 1.03, 43, 136.684, 137.764, 1.081, 1818, 0, 137.764, 137.824, 0.06, 118,     2.171,
 888, 1, 135.879, 135.879, 136.708, 0.828, 42, 136.708, 137.814, 1.107, 1788, 0, 137.814, 137.834, 0.02, 37,     1.955,
 889, 1, 135.916, 135.916, 136.738, 0.821, 48, 136.738, 137.869, 1.132, 1715, 0, 137.869, 137.879, 0.01, 19,     1.963,
 890, 1, 136.109, 136.109, 136.782, 0.673, 71, 136.782, 137.869, 1.088, 1970, 0, 137.869, 137.983, 0.113, 227,     1.874,
 885, 1, 135.153, 135.153, 136.515, 1.362, 16, 136.515, 137.504, 0.989, 1652, 0, 137.504, 138.057, 0.553, 1107,     2.904,
 892, 1, 136.395, 136.395, 137.041, 0.646, 463, 137.041, 138.118, 1.078, 1562, 0, 138.118, 138.13, 0.012, 23,     1.735,
 891, 1, 136.243, 136.243, 136.81, 0.567, 27, 136.81, 138.013, 1.204, 1470, 0, 138.013, 138.14, 0.127, 254,     1.897,
 893, 1, 136.422, 136.422, 137.055, 0.633, 16, 137.055, 138.118, 1.064, 1515, 0, 138.118, 138.15, 0.031, 54,     1.728,
 894, 1, 136.88, 136.88, 137.089, 0.209, 29, 137.089, 138.263, 1.175, 1029, 0, 138.263, 138.297, 0.034, 68,     1.418,
 896, 1, 137.143, 137.143, 137.172, 0.029, 57, 137.172, 138.376, 1.204, 1190, 0, 138.376, 138.523, 0.148, 295,     1.380,
 895, 1, 136.986, 136.986, 137.103, 0.117, 11, 137.103, 138.32, 1.217, 1777, 0, 138.32, 138.543, 0.224, 421,     1.557,
 897, 1, 137.208, 137.208, 137.278, 0.07, 140, 137.278, 138.573, 1.295, 961, 0, 138.573, 138.598, 0.025, 61,     1.390,
 898, 1, 137.239, 137.239, 137.324, 0.085, 91, 137.324, 138.625, 1.301, 1817, 0, 138.625, 138.673, 0.048, 81,     1.435,
 899, 1, 137.415, 137.415, 137.448, 0.032, 65, 137.448, 138.762, 1.314, 1203, 0, 138.762, 138.772, 0.01, 1,     1.357,
 884, 1, 135.149, 135.149, 138.411, 3.262, 3922, 138.411, 139.272, 0.861, 870, 0, 139.272, 139.321, 0.05, 100,     4.173,
 901, 1, 137.628, 137.628, 138.437, 0.808, 52, 138.437, 139.326, 0.89, 1515, 0, 139.326, 139.386, 0.06, 117,     1.758,
 902, 1, 137.779, 137.779, 138.731, 0.952, 589, 138.731, 139.535, 0.804, 1635, 0, 139.535, 139.561, 0.025, 51,     1.782,
 904, 1, 138.086, 138.086, 138.952, 0.866, 2, 138.952, 139.666, 0.714, 1642, 0, 139.666, 139.682, 0.016, 32,     1.596,
 903, 1, 138.03, 138.03, 138.938, 0.908, 415, 138.938, 139.656, 0.718, 1591, 0, 139.656, 139.696, 0.04, 58,     1.666,
 905, 1, 138.097, 138.097, 138.96, 0.864, 12, 138.96, 139.696, 0.736, 1524, 0, 139.696, 139.706, 0.01, 1,     1.610,
 906, 1, 138.319, 138.319, 138.99, 0.671, 59, 138.99, 139.79, 0.8, 1666, 0, 139.79, 139.809, 0.018, 37,     1.490,
 908, 1, 138.532, 138.532, 139.018, 0.486, 24, 139.018, 139.916, 0.898, 1644, 0, 139.916, 139.926, 0.01, 8,     1.394,
 909, 1, 138.761, 138.761, 139.031, 0.269, 6, 139.031, 139.946, 0.916, 1130, 0, 139.946, 139.974, 0.028, 55,     1.213,
 907, 1, 138.459, 138.459, 139.004, 0.545, 7, 139.004, 139.906, 0.902, 1205, 0, 139.906, 140.011, 0.105, 201,     1.552,
 910, 1, 138.96, 138.96, 139.425, 0.465, 786, 139.425, 140.196, 0.771, 1875, 0, 140.196, 140.206, 0.01, 4,     1.246,
 911, 1, 139.07, 139.07, 140.381, 1.312, 1883, 140.381, 141.199, 0.818, 1364, 0, 141.199, 141.229, 0.03, 56,     2.160,
 912, 1, 139.105, 139.105, 140.469, 1.365, 176, 140.469, 141.199, 0.73, 1248, 0, 141.199, 141.251, 0.052, 104,     2.147,
 913, 1, 139.168, 139.168, 140.483, 1.315, 7, 140.483, 141.299, 0.816, 1795, 0, 141.299, 141.387, 0.088, 175,     2.219,
 914, 1, 139.381, 139.381, 140.504, 1.122, 38, 140.504, 141.439, 0.936, 1251, 0, 141.439, 141.449, 0.01, 8,     2.068,
 915, 1, 139.571, 139.571, 140.513, 0.943, 19, 140.513, 141.459, 0.946, 1252, 0, 141.459, 141.566, 0.107, 214,     1.995,
 917, 1, 139.937, 139.937, 140.658, 0.721, 81, 140.658, 141.556, 0.897, 1973, 0, 141.556, 141.601, 0.045, 90,     1.663,
 918, 1, 139.956, 139.956, 140.683, 0.727, 38, 140.683, 141.695, 1.011, 1784, 0, 141.695, 141.705, 0.01, 6,     1.749,
 919, 1, 140.269, 140.269, 140.745, 0.476, 113, 140.745, 141.715, 0.969, 1714, 0, 141.715, 141.745, 0.03, 54,     1.475,
 920, 1, 140.447, 140.447, 140.924, 0.477, 327, 140.924, 141.944, 1.02, 1717, 0, 141.944, 142.026, 0.082, 165,     1.579,
 921, 1, 140.504, 140.504, 141.116, 0.612, 376, 141.116, 142.194, 1.078, 1693, 0, 142.194, 142.213, 0.019, 39,     1.710,
 922, 1, 140.599, 140.599, 141.606, 1.007, 981, 141.606, 142.462, 0.856, 1603, 0, 142.462, 142.696, 0.234, 480,     2.097,
 923, 1, 140.77, 140.77, 142.177, 1.407, 1142, 142.177, 142.975, 0.798, 1075, 0, 142.975, 143.06, 0.085, 170,     2.290,
 925, 1, 141.315, 141.315, 142.279, 0.964, 156, 142.279, 143.116, 0.837, 998, 0, 143.116, 143.126, 0.01, 17,     1.811,
 926, 1, 141.324, 141.324, 142.453, 1.129, 349, 142.453, 143.246, 0.793, 1635, 0, 143.246, 143.269, 0.023, 45,     1.945,
 924, 1, 141.084, 141.084, 142.201, 1.117, 30, 142.201, 142.995, 0.794, 1786, 0, 142.995, 143.318, 0.324, 648,     2.234,
 900, 1, 137.464, 137.464, 142.547, 5.084, 10172, 142.547, 143.397, 0.85, 1437, 0, 143.397, 143.407, 0.01, 10,     5.944,
 927, 1, 141.494, 141.494, 142.501, 1.006, 81, 142.501, 143.365, 0.865, 1516, 0, 143.365, 143.421, 0.056, 112,     1.927,
 928, 1, 141.577, 141.577, 142.561, 0.984, 96, 142.561, 143.491, 0.93, 1416, 0, 143.491, 143.501, 0.01, 1,     1.924,
 930, 1, 141.629, 141.629, 142.587, 0.958, 47, 142.587, 143.505, 0.918, 1049, 0, 143.505, 143.557, 0.052, 112,     1.928,
 929, 1, 141.585, 141.585, 142.7, 1.115, 306, 142.7, 143.618, 0.917, 1507, 0, 143.618, 143.628, 0.01, 1,     2.043,
 932, 1, 142.186, 142.186, 142.794, 0.608, 160, 142.794, 143.658, 0.864, 1337, 0, 143.658, 143.672, 0.013, 27,     1.486,
 933, 1, 142.341, 142.341, 143.205, 0.865, 812, 143.205, 143.995, 0.789, 1229, 0, 143.995, 144.056, 0.061, 123,     1.716,
 935, 1, 142.916, 142.916, 143.25, 0.334, 4, 143.25, 144.123, 0.873, 1528, 0, 144.123, 144.133, 0.01, 16,     1.217,
 931, 1, 142.087, 142.087, 143.236, 1.149, 1269, 143.236, 144.015, 0.778, 956, 0, 144.015, 144.159, 0.144, 288,     2.072,
 936, 1, 143.405, 143.405, 143.494, 0.088, 163, 143.494, 144.256, 0.763, 1449, 0, 144.256, 144.297, 0.041, 81,     0.892,
 937, 1, 143.453, 143.453, 143.657, 0.204, 328, 143.657, 144.384, 0.727, 2056, 0, 144.384, 144.394, 0.01, 3,     0.941,
 938, 1, 143.499, 143.499, 143.691, 0.192, 61, 143.691, 144.404, 0.713, 1243, 0, 144.404, 144.404, 0, 19,     0.905,
 939, 1, 143.697, 143.697, 143.871, 0.174, 338, 143.871, 144.584, 0.713, 915, 0, 144.584, 144.594, 0.011, 21,     0.897,
 941, 1, 143.882, 143.882, 143.892, 0.01, 9, 143.892, 144.658, 0.766, 1419, 0, 144.658, 144.671, 0.013, 26,     0.789,
 934, 1, 142.415, 142.415, 143.882, 1.467, 1339, 143.882, 144.634, 0.752, 1332, 0, 144.634, 144.688, 0.054, 109,     2.274,
 940, 1, 143.763, 143.763, 143.913, 0.15, 79, 143.913, 144.833, 0.92, 1851, 0, 144.833, 144.938, 0.105, 208,     1.175,
 942, 1, 144.276, 144.276, 144.276, 0, 12, 144.276, 145.157, 0.881, 1986, 0, 145.157, 145.177, 0.02, 30,     0.901,
 943, 1, 144.349, 144.349, 144.403, 0.054, 121, 144.403, 145.407, 1.003, 1165, 0, 145.407, 145.448, 0.041, 55,     1.099,
 944, 1, 144.372, 144.372, 144.393, 0.021, 28, 144.393, 145.336, 0.943, 1570, 0, 145.336, 145.553, 0.217, 434,     1.181,
 946, 1, 144.738, 144.738, 144.771, 0.034, 69, 144.771, 145.585, 0.814, 1611, 0, 145.585, 145.613, 0.028, 56,     0.875,
 945, 1, 144.705, 144.705, 144.723, 0.018, 26, 144.723, 145.565, 0.842, 1595, 0, 145.565, 145.653, 0.088, 175,     0.948,
 947, 1, 145.055, 145.055, 145.065, 0.01, 4, 145.065, 145.815, 0.75, 1241, 0, 145.815, 146.181, 0.366, 733,     1.126,
 950, 1, 145.472, 145.472, 145.482, 0.01, 7, 145.482, 146.198, 0.716, 1332, 0, 146.198, 146.408, 0.21, 420,     0.936,
 949, 1, 145.357, 145.357, 145.708, 0.351, 689, 145.708, 146.431, 0.723, 1590, 0, 146.431, 146.441, 0.01, 2,     1.084,
 951, 1, 145.892, 145.892, 145.91, 0.018, 35, 145.91, 146.632, 0.722, 1142, 0, 146.632, 146.818, 0.187, 374,     0.926,
 952, 1, 146.134, 146.134, 146.165, 0.03, 64, 146.165, 146.881, 0.716, 1028, 0, 146.881, 146.899, 0.018, 36,     0.765,
 953, 1, 146.19, 146.19, 146.226, 0.036, 49, 146.226, 147.004, 0.778, 2189, 0, 147.004, 147.042, 0.038, 77,     0.852,
 954, 1, 146.277, 146.277, 146.3, 0.022, 51, 146.3, 147.131, 0.831, 1213, 0, 147.131, 147.253, 0.122, 244,     0.976,
 955, 1, 146.469, 146.469, 146.569, 0.1, 179, 146.569, 147.29, 0.721, 1093, 0, 147.29, 147.495, 0.205, 411,     1.026,
 957, 1, 146.715, 146.715, 146.729, 0.013, 27, 146.729, 147.445, 0.716, 1783, 0, 147.445, 147.519, 0.075, 149,     0.804,
 958, 1, 147.06, 147.06, 147.077, 0.017, 37, 147.077, 147.808, 0.731, 833, 0, 147.808, 147.862, 0.054, 109,     0.802,
 959, 1, 147.108, 147.108, 147.141, 0.033, 80, 147.141, 147.876, 0.735, 884, 0, 147.876, 147.895, 0.019, 38,     0.787,
 960, 1, 147.16, 147.16, 147.283, 0.123, 257, 147.283, 148, 0.716, 1757, 0, 148, 148.035, 0.035, 70,     0.874,
 916, 1, 139.886, 139.886, 140.609, 0.723, 175, 140.609, 141.459, 0.85, 1145, 0, 141.459, 148.238, 6.778, 13557,     8.351,
 961, 1, 147.414, 147.414, 147.553, 0.138, 277, 147.553, 148.281, 0.729, 1231, 0, 148.281, 148.306, 0.024, 49,     0.891,
 962, 1, 147.476, 147.476, 147.601, 0.125, 96, 147.601, 148.317, 0.717, 1285, 0, 148.317, 148.379, 0.061, 123,     0.903,
 963, 1, 147.894, 147.894, 147.925, 0.031, 42, 147.925, 148.641, 0.716, 1206, 0, 148.641, 148.704, 0.063, 126,     0.811,
 964, 1, 148.098, 148.098, 148.109, 0.012, 23, 148.109, 148.853, 0.744, 911, 0, 148.853, 148.891, 0.038, 41,     0.794,
 965, 1, 148.17, 148.17, 148.209, 0.039, 88, 148.209, 148.996, 0.788, 1449, 0, 148.996, 149.071, 0.075, 149,     0.901,
 966, 1, 148.189, 148.189, 148.209, 0.02, 40, 148.209, 149.061, 0.853, 1570, 0, 149.061, 149.081, 0.02, 39,     0.893,
 948, 1, 145.176, 145.176, 145.186, 0.01, 7, 145.186, 145.918, 0.732, 2269, 0, 145.918, 149.101, 3.183, 6369,     3.925,
 967, 1, 148.393, 148.393, 148.431, 0.038, 82, 148.431, 149.154, 0.723, 2046, 0, 149.154, 149.164, 0.01, 14,     0.771,
 956, 1, 146.498, 146.498, 147.711, 1.213, 2426, 147.711, 148.53, 0.82, 1983, 0, 148.53, 149.174, 0.644, 1295,     2.676,
 968, 1, 148.617, 148.617, 148.637, 0.02, 51, 148.637, 149.364, 0.727, 1609, 0, 149.364, 149.374, 0.011, 21,     0.758,
 969, 1, 148.78, 148.78, 148.886, 0.106, 213, 148.886, 149.62, 0.734, 1078, 0, 149.62, 149.63, 0.01, 12,     0.850,
 971, 1, 149.293, 149.293, 149.315, 0.021, 27, 149.315, 150.075, 0.761, 1558, 0, 150.075, 150.1, 0.024, 49,     0.806,
 972, 1, 149.305, 149.305, 149.339, 0.034, 69, 149.339, 150.131, 0.792, 1128, 0, 150.131, 150.21, 0.079, 158,     0.905,
 974, 1, 149.582, 149.582, 149.597, 0.016, 33, 149.597, 150.313, 0.716, 1531, 0, 150.313, 150.326, 0.012, 25,     0.744,
 973, 1, 149.565, 149.565, 149.626, 0.062, 115, 149.626, 150.369, 0.743, 1747, 0, 150.369, 150.414, 0.044, 89,     0.849,
 976, 1, 149.707, 149.707, 149.834, 0.127, 255, 149.834, 150.55, 0.716, 1291, 0, 150.55, 150.572, 0.022, 41,     0.866,
 975, 1, 149.654, 149.654, 149.848, 0.194, 363, 149.848, 150.562, 0.714, 1579, 0, 150.562, 150.582, 0.02, 33,     0.928,
 970, 1, 149.163, 149.163, 149.163, 0, 10, 149.163, 149.993, 0.829, 1461, 0, 149.993, 150.783, 0.791, 1568,     1.620,
 978, 1, 150.053, 150.053, 150.06, 0.007, 14, 150.06, 150.773, 0.713, 1683, 0, 150.773, 150.783, 0.01, 6,     0.730,
 977, 1, 150.049, 150.049, 150.083, 0.034, 71, 150.083, 150.799, 0.716, 1797, 0, 150.799, 150.92, 0.12, 253,     0.870,
 979, 1, 150.081, 150.081, 150.162, 0.082, 168, 150.162, 150.937, 0.775, 1946, 0, 150.937, 150.947, 0.01, 17,     0.867,
 980, 1, 150.108, 150.108, 150.162, 0.054, 78, 150.162, 151.023, 0.861, 1497, 0, 151.023, 151.141, 0.118, 236,     1.033,
 981, 1, 150.364, 150.364, 150.407, 0.043, 57, 150.407, 151.187, 0.78, 1710, 0, 151.187, 151.377, 0.19, 380,     1.013,
 982, 1, 150.98, 150.98, 150.99, 0.01, 2, 150.99, 151.705, 0.716, 1588, 0, 151.705, 151.715, 0.01, 2,     0.736,
 983, 1, 151.058, 151.058, 151.069, 0.011, 23, 151.069, 151.783, 0.715, 1402, 0, 151.783, 151.793, 0.01, 11,     0.736,
 984, 1, 151.108, 151.108, 151.229, 0.121, 217, 151.229, 151.965, 0.735, 1808, 0, 151.965, 152.046, 0.082, 163,     0.938,
 987, 1, 151.602, 151.602, 151.602, 0, 14, 151.602, 152.331, 0.728, 1488, 0, 152.331, 152.341, 0.01, 1,     0.738,
 988, 1, 151.682, 151.682, 151.692, 0.01, 11, 151.692, 152.413, 0.721, 2142, 0, 152.413, 152.423, 0.01, 7,     0.741,
 986, 1, 151.4, 151.4, 151.735, 0.334, 673, 151.735, 152.451, 0.716, 1668, 0, 152.451, 152.568, 0.118, 235,     1.168,
 989, 1, 151.813, 151.813, 151.823, 0.01, 16, 151.823, 152.838, 1.016, 1697, 0, 152.838, 152.848, 0.01, 12,     1.036,
 985, 1, 151.356, 151.356, 151.38, 0.024, 49, 151.38, 152.095, 0.714, 1594, 0, 152.095, 152.858, 0.764, 1528,     1.502,
 990, 1, 151.856, 151.856, 151.89, 0.034, 67, 151.89, 152.89, 1.001, 1271, 0, 152.89, 153.234, 0.343, 687,     1.378,
 991, 1, 152.613, 152.613, 152.636, 0.023, 46, 152.636, 153.459, 0.822, 1318, 0, 153.459, 153.474, 0.016, 31,     0.861,
 992, 1, 152.638, 152.638, 152.649, 0.012, 26, 152.649, 153.495, 0.845, 1899, 0, 153.495, 153.505, 0.01, 20,     0.867,
 994, 1, 152.94, 152.94, 152.982, 0.042, 104, 152.982, 153.708, 0.726, 1530, 0, 153.708, 153.73, 0.022, 44,     0.790,
 995, 1, 152.999, 152.999, 153.008, 0.009, 8, 153.008, 153.75, 0.742, 1377, 0, 153.75, 153.782, 0.032, 64,     0.783,
 996, 1, 153.106, 153.106, 153.116, 0.01, 5, 153.116, 153.83, 0.714, 1174, 0, 153.83, 153.851, 0.022, 43,     0.745,
 997, 1, 153.133, 153.133, 153.154, 0.021, 48, 153.154, 153.948, 0.794, 1536, 0, 153.948, 153.978, 0.03, 48,     0.845,
 993, 1, 152.873, 152.873, 153.218, 0.345, 671, 153.218, 154, 0.782, 1453, 0, 154, 154.036, 0.036, 45,     1.163,
 998, 1, 153.415, 153.415, 153.447, 0.032, 57, 153.447, 154.197, 0.749, 1482, 0, 154.197, 154.223, 0.026, 52,     0.807,
 999, 1, 153.471, 153.471, 153.541, 0.07, 125, 153.541, 154.341, 0.8, 2211, 0, 154.341, 154.384, 0.043, 86,     0.913,
 1002, 1, 153.873, 153.873, 153.882, 0.01, 17, 153.882, 154.603, 0.72, 1322, 0, 154.603, 154.714, 0.111, 222,     0.841,
 1001, 1, 153.809, 153.809, 153.838, 0.029, 39, 153.838, 154.571, 0.733, 1137, 0, 154.571, 154.792, 0.221, 443,     0.983,
 1003, 1, 153.964, 153.964, 154.002, 0.038, 55, 154.002, 154.732, 0.73, 1065, 0, 154.732, 154.812, 0.08, 138,     0.848,
 1006, 1, 154.209, 154.209, 154.674, 0.466, 140, 154.674, 155.418, 0.744, 1390, 0, 155.418, 155.432, 0.014, 29,     1.224,
 1004, 1, 154.037, 154.037, 154.6, 0.563, 1128, 154.6, 155.31, 0.71, 1711, 0, 155.31, 155.53, 0.22, 440,     1.493,
 1008, 1, 154.568, 154.568, 154.702, 0.134, 17, 154.702, 155.569, 0.866, 1557, 0, 155.569, 155.678, 0.109, 219,     1.109,
 1005, 1, 154.144, 154.144, 154.716, 0.573, 1137, 154.716, 155.648, 0.931, 1120, 0, 155.648, 155.743, 0.096, 191,     1.600,
 1009, 1, 154.59, 154.59, 154.75, 0.161, 71, 154.75, 155.668, 0.918, 980, 0, 155.668, 155.833, 0.165, 330,     1.243,
 1000, 1, 153.784, 153.784, 153.809, 0.025, 51, 153.809, 154.539, 0.73, 1661, 0, 154.539, 155.85, 1.312, 2624,     2.067,
 1007, 1, 154.538, 154.538, 154.688, 0.15, 18, 154.688, 155.418, 0.73, 1057, 0, 155.418, 156.031, 0.613, 1227,     1.493,
 1011, 1, 155.231, 155.231, 155.244, 0.013, 27, 155.244, 156.149, 0.905, 1213, 0, 156.149, 156.189, 0.04, 79,     0.958,
 1010, 1, 155.112, 155.112, 155.282, 0.17, 354, 155.282, 156.169, 0.887, 1808, 0, 156.169, 156.199, 0.03, 46,     1.087,
 1012, 1, 155.529, 155.529, 155.539, 0.01, 11, 155.539, 156.326, 0.787, 1613, 0, 156.326, 156.351, 0.025, 50,     0.822,
 1013, 1, 155.645, 155.645, 155.743, 0.097, 212, 155.743, 156.476, 0.733, 1850, 0, 156.476, 156.499, 0.024, 47,     0.854,
 1015, 1, 155.716, 155.716, 155.785, 0.07, 49, 155.785, 156.51, 0.724, 985, 0, 156.51, 156.52, 0.01, 10,     0.804,
 1014, 1, 155.691, 155.691, 155.972, 0.28, 562, 155.972, 156.686, 0.714, 1486, 0, 156.686, 156.696, 0.01, 11,     1.005,
 1016, 1, 155.947, 155.947, 156.031, 0.084, 157, 156.031, 156.835, 0.805, 1403, 0, 156.835, 156.878, 0.042, 89,     0.931,
 1017, 1, 155.962, 155.962, 156.043, 0.081, 129, 156.043, 156.945, 0.902, 1470, 0, 156.945, 156.955, 0.01, 6,     0.993,
 1018, 1, 156.054, 156.054, 156.108, 0.054, 109, 156.108, 157.023, 0.915, 2072, 0, 157.023, 157.204, 0.181, 352,     1.150,
 1019, 1, 156.173, 156.173, 156.184, 0.011, 21, 156.184, 157.194, 1.01, 2014, 0, 157.194, 157.23, 0.036, 73,     1.057,
 1020, 1, 156.215, 156.215, 156.259, 0.044, 75, 156.259, 157.273, 1.014, 1238, 0, 157.273, 157.283, 0.01, 4,     1.068,
 1022, 1, 156.477, 156.477, 156.487, 0.01, 21, 156.487, 157.451, 0.964, 1495, 0, 157.451, 157.492, 0.041, 82,     1.015,
 1021, 1, 156.383, 156.383, 156.499, 0.116, 232, 156.499, 157.502, 1.003, 1736, 0, 157.502, 157.518, 0.016, 32,     1.135,
 1024, 1, 156.605, 156.605, 156.619, 0.013, 27, 156.619, 157.522, 0.903, 1555, 0, 157.522, 157.557, 0.035, 78,     0.952,
 1023, 1, 156.588, 156.588, 156.69, 0.102, 215, 156.69, 157.584, 0.894, 1777, 0, 157.584, 157.599, 0.015, 30,     1.011,
 1025, 1, 156.915, 156.915, 156.927, 0.012, 23, 156.927, 157.701, 0.774, 1895, 0, 157.701, 157.715, 0.014, 29,     0.800,
 1026, 1, 157.018, 157.018, 157.051, 0.032, 79, 157.051, 157.791, 0.74, 1306, 0, 157.791, 157.86, 0.07, 139,     0.842,
 1028, 1, 157.194, 157.194, 157.21, 0.017, 33, 157.21, 157.931, 0.721, 1306, 0, 157.931, 157.945, 0.014, 29,     0.752,
 1027, 1, 157.122, 157.122, 157.68, 0.557, 1115, 157.68, 158.409, 0.729, 1880, 0, 158.409, 158.419, 0.01, 15,     1.296,
 1030, 1, 157.787, 157.787, 157.787, 0, 2, 157.787, 158.525, 0.738, 1265, 0, 158.525, 158.535, 0.01, 5,     0.748,
 1029, 1, 157.706, 157.706, 157.753, 0.047, 107, 157.753, 158.477, 0.724, 1862, 0, 158.477, 158.566, 0.088, 177,     0.859,
 1031, 1, 157.864, 157.864, 157.874, 0.01, 10, 157.874, 158.658, 0.784, 2257, 0, 158.658, 158.711, 0.053, 106,     0.847,
 1032, 1, 157.993, 157.993, 158.035, 0.042, 73, 158.035, 158.774, 0.74, 1393, 0, 158.774, 158.813, 0.039, 84,     0.821,
 1034, 1, 158.138, 158.138, 158.168, 0.03, 34, 158.168, 159.032, 0.864, 1712, 0, 159.032, 159.096, 0.064, 133,     0.958,
 1033, 1, 158.101, 158.101, 158.232, 0.131, 270, 158.232, 159.282, 1.049, 1660, 0, 159.282, 159.307, 0.025, 51,     1.206,
 1035, 1, 158.294, 158.294, 158.31, 0.016, 32, 158.31, 159.349, 1.038, 1237, 0, 159.349, 159.375, 0.026, 53,     1.081,
 1036, 1, 158.343, 158.343, 158.432, 0.089, 193, 158.432, 159.413, 0.981, 1161, 0, 159.413, 159.467, 0.054, 107,     1.124,
 1037, 1, 158.424, 158.424, 158.432, 0.009, 26, 158.432, 159.506, 1.073, 1629, 0, 159.506, 159.516, 0.01, 10,     1.092,
 1040, 1, 158.99, 158.99, 159.001, 0.011, 22, 159.001, 159.79, 0.789, 1549, 0, 159.79, 159.8, 0.01, 6,     0.810,
 1041, 1, 159.03, 159.03, 159.069, 0.038, 77, 159.069, 159.857, 0.788, 1586, 0, 159.857, 159.915, 0.058, 116,     0.884,
 1039, 1, 158.472, 158.472, 158.512, 0.04, 55, 158.512, 159.599, 1.087, 1638, 0, 159.599, 160.064, 0.466, 932,     1.592,
 1042, 1, 159.119, 159.119, 159.39, 0.27, 527, 159.39, 160.118, 0.728, 1093, 0, 160.118, 160.139, 0.021, 42,     1.020,
 1044, 1, 159.227, 159.227, 159.442, 0.215, 75, 159.442, 160.158, 0.716, 1264, 0, 160.158, 160.258, 0.101, 201,     1.032,
 1046, 1, 159.392, 159.392, 159.488, 0.096, 2, 159.488, 160.266, 0.778, 2007, 0, 160.266, 160.276, 0.01, 34,     0.884,
 1043, 1, 159.212, 159.212, 159.478, 0.266, 513, 159.478, 160.196, 0.718, 1042, 0, 160.196, 160.477, 0.281, 562,     1.265,
 1047, 1, 159.478, 159.478, 159.641, 0.163, 299, 159.641, 160.422, 0.781, 1871, 0, 160.422, 160.497, 0.074, 117,     1.019,
 1049, 1, 159.778, 159.778, 159.778, 0, 4, 159.778, 160.617, 0.84, 1740, 0, 160.617, 160.64, 0.023, 45,     0.862,
 1048, 1, 159.631, 159.631, 159.788, 0.157, 321, 159.788, 160.676, 0.888, 1808, 0, 160.676, 160.723, 0.046, 93,     1.092,
 1038, 1, 158.44, 158.44, 158.446, 0.007, 16, 158.446, 159.536, 1.089, 1540, 0, 159.536, 160.763, 1.228, 2456,     2.323,
 1050, 1, 160.147, 160.147, 160.147, 0, 12, 160.147, 161.042, 0.894, 1841, 0, 161.042, 161.052, 0.01, 7,     0.904,
 1051, 1, 160.417, 160.417, 160.504, 0.087, 193, 160.504, 161.231, 0.727, 2021, 0, 161.231, 161.244, 0.013, 26,     0.827,
 1045, 1, 159.297, 159.297, 159.535, 0.238, 176, 159.535, 160.363, 0.828, 1629, 0, 160.363, 161.597, 1.234, 2469,     2.300,
 1052, 1, 160.679, 160.679, 160.821, 0.141, 252, 160.821, 161.73, 0.909, 1675, 0, 161.73, 161.74, 0.01, 8,     1.060,
 1053, 1, 160.911, 160.911, 160.951, 0.04, 81, 160.951, 161.852, 0.901, 1319, 0, 161.852, 161.862, 0.01, 20,     0.951,
 1054, 1, 161.141, 161.141, 161.141, 0, 16, 161.141, 162.102, 0.961, 1531, 0, 162.102, 162.146, 0.044, 86,     1.005,
 1055, 1, 161.175, 161.175, 161.185, 0.01, 11, 161.185, 162.136, 0.951, 1827, 0, 162.136, 162.146, 0.01, 5,     0.971,
 1056, 1, 161.205, 161.205, 161.291, 0.086, 184, 161.291, 162.177, 0.887, 1803, 0, 162.177, 162.208, 0.031, 62,     1.004,
 1058, 1, 161.523, 161.523, 161.523, 0, 6, 161.523, 162.252, 0.729, 1206, 0, 162.252, 162.262, 0.01, 8,     0.739,
 1059, 1, 161.549, 161.549, 161.559, 0.01, 6, 161.559, 162.362, 0.802, 1874, 0, 162.362, 162.464, 0.102, 205,     0.915,
 1061, 1, 161.583, 161.583, 161.831, 0.249, 315, 161.831, 162.561, 0.73, 948, 0, 162.561, 162.576, 0.014, 29,     0.993,
 1060, 1, 161.572, 161.572, 161.674, 0.102, 205, 161.674, 162.427, 0.753, 1487, 0, 162.427, 162.596, 0.169, 314,     1.024,
 1062, 1, 161.601, 161.601, 161.922, 0.321, 182, 161.922, 162.822, 0.9, 1693, 0, 162.822, 162.832, 0.01, 9,     1.231,
 1057, 1, 161.426, 161.426, 161.936, 0.511, 1016, 161.936, 162.873, 0.937, 2021, 0, 162.873, 162.883, 0.01, 7,     1.457,
 1063, 1, 162.004, 162.004, 162.031, 0.027, 31, 162.031, 162.935, 0.904, 1285, 0, 162.935, 163.008, 0.073, 146,     1.004,
 1064, 1, 162.043, 162.043, 162.055, 0.012, 24, 162.055, 163.087, 1.032, 2047, 0, 163.087, 163.097, 0.01, 18,     1.054,
 1065, 1, 162.077, 162.077, 162.121, 0.044, 81, 162.121, 163.143, 1.022, 1224, 0, 163.143, 163.167, 0.024, 47,     1.090,
 1066, 1, 162.123, 162.123, 162.32, 0.197, 394, 162.32, 163.189, 0.869, 833, 0, 163.189, 163.199, 0.01, 9,     1.076,
 1070, 1, 162.191, 162.191, 162.716, 0.525, 71, 162.716, 163.648, 0.932, 1064, 0, 163.648, 163.659, 0.011, 22,     1.468,
 1071, 1, 162.234, 162.234, 162.763, 0.528, 94, 162.763, 163.688, 0.925, 1945, 0, 163.688, 163.767, 0.078, 159,     1.532,
 1072, 1, 162.281, 162.281, 162.922, 0.641, 289, 162.922, 163.893, 0.971, 1188, 0, 163.893, 163.913, 0.02, 36,     1.632,
 1068, 1, 162.137, 162.137, 162.936, 0.799, 1229, 162.936, 163.903, 0.967, 1379, 0, 163.903, 163.982, 0.079, 121,     1.845,
 1073, 1, 163.119, 163.119, 163.131, 0.012, 24, 163.131, 164.096, 0.965, 1126, 0, 164.096, 164.106, 0.01, 10,     0.987,
 1069, 1, 162.175, 162.175, 162.68, 0.505, 11, 162.68, 163.636, 0.956, 1490, 0, 163.636, 164.239, 0.603, 1207,     2.063,
 1067, 1, 162.129, 162.129, 162.666, 0.537, 1074, 162.666, 163.598, 0.932, 1379, 0, 163.598, 164.499, 0.901, 1803,     2.370,
 1075, 1, 163.465, 163.465, 163.564, 0.1, 200, 163.564, 164.615, 1.05, 1475, 0, 164.615, 164.625, 0.01, 8,     1.160,
 1077, 1, 163.612, 163.612, 163.642, 0.03, 52, 163.642, 164.674, 1.032, 1381, 0, 164.674, 164.684, 0.01, 15,     1.072,
 1078, 1, 163.73, 163.73, 163.756, 0.026, 68, 163.756, 164.706, 0.95, 1414, 0, 164.706, 164.746, 0.04, 84,     1.016,
 1074, 1, 163.383, 163.383, 163.484, 0.101, 191, 163.484, 164.448, 0.964, 1688, 0, 164.448, 164.801, 0.352, 705,     1.418,
 1079, 1, 163.959, 163.959, 164.193, 0.234, 450, 164.193, 164.939, 0.746, 1336, 0, 164.939, 164.949, 0.01, 2,     0.990,
 1076, 1, 163.484, 163.484, 164.207, 0.723, 1436, 164.207, 164.939, 0.732, 1629, 0, 164.939, 164.967, 0.028, 44,     1.482,
 1082, 1, 164.104, 164.104, 164.249, 0.144, 55, 164.249, 164.967, 0.718, 1590, 0, 164.967, 165.02, 0.053, 89,     0.916,
 1080, 1, 164.004, 164.004, 164.221, 0.217, 53, 164.221, 164.957, 0.736, 1188, 0, 164.957, 165.092, 0.135, 286,     1.088,
 1083, 1, 164.254, 164.254, 164.283, 0.028, 35, 164.283, 165.198, 0.915, 1358, 0, 165.198, 165.248, 0.05, 100,     0.994,
 1081, 1, 164.052, 164.052, 164.283, 0.231, 121, 164.283, 165.198, 0.915, 1608, 0, 165.198, 165.261, 0.063, 110,     1.209,
 1085, 1, 164.639, 164.639, 164.65, 0.011, 37, 164.65, 165.365, 0.714, 1620, 0, 165.365, 165.383, 0.018, 37,     0.744,
 1087, 1, 164.729, 164.729, 164.756, 0.027, 59, 164.756, 165.474, 0.718, 1378, 0, 165.474, 165.597, 0.123, 246,     0.868,
 1084, 1, 164.385, 164.385, 164.531, 0.147, 294, 164.531, 165.261, 0.729, 1807, 0, 165.261, 165.61, 0.349, 698,     1.225,
 1088, 1, 164.82, 164.82, 164.853, 0.034, 67, 164.853, 165.565, 0.712, 1592, 0, 165.565, 165.632, 0.067, 134,     0.812,
 1090, 1, 165.094, 165.094, 165.43, 0.337, 654, 165.43, 166.147, 0.716, 1563, 0, 166.147, 166.157, 0.01, 11,     1.063,
 1089, 1, 165.02, 165.02, 165.104, 0.084, 162, 165.104, 165.815, 0.711, 971, 0, 165.815, 166.405, 0.59, 1181,     1.385,
 1091, 1, 165.74, 165.74, 165.839, 0.098, 192, 165.839, 166.573, 0.735, 1742, 0, 166.573, 166.583, 0.01, 11,     0.843,
 1092, 1, 165.777, 165.777, 165.866, 0.089, 54, 165.866, 166.596, 0.731, 1429, 0, 166.596, 166.606, 0.01, 1,     0.829,
 1095, 1, 166.29, 166.29, 169.549, 3.258, 30, 169.549, 170.267, 0.718, 1841, 0, 170.267, 170.295, 0.028, 56,     4.004,
 1094, 1, 165.957, 165.957, 169.515, 3.558, 1, 169.515, 170.231, 0.716, 1553, 0, 170.231, 170.339, 0.108, 212,     4.382,
 1096, 1, 166.495, 166.495, 169.6, 3.105, 103, 169.6, 170.329, 0.729, 1385, 0, 170.329, 170.339, 0.01, 2,     3.843,
 1097, 1, 166.651, 166.651, 169.666, 3.015, 107, 169.666, 170.488, 0.822, 1803, 0, 170.488, 170.501, 0.013, 27,     3.850,
 1098, 1, 166.678, 166.678, 169.694, 3.016, 57, 169.694, 170.518, 0.823, 1267, 0, 170.518, 170.528, 0.01, 13,     3.849,
 1093, 1, 165.839, 165.839, 169.501, 3.662, 7271, 169.501, 170.225, 0.724, 2178, 0, 170.225, 170.597, 0.372, 725,     4.758,
 1100, 1, 167.027, 167.027, 169.868, 2.841, 6, 169.868, 170.738, 0.87, 1986, 0, 170.738, 170.748, 0.01, 5,     3.721,
 1099, 1, 166.93, 166.93, 169.858, 2.927, 326, 169.858, 170.728, 0.87, 1285, 0, 170.728, 170.778, 0.05, 87,     3.847,
 1101, 1, 167.848, 167.848, 169.878, 2.03, 4, 169.878, 170.768, 0.89, 1802, 0, 170.768, 170.778, 0.01, 16,     2.930,
 1102, 1, 167.887, 167.887, 170.042, 2.155, 329, 170.042, 170.987, 0.945, 1416, 0, 170.987, 170.997, 0.01, 12,     3.110,
 1086, 1, 164.678, 164.678, 170.154, 5.476, 10953, 170.154, 171.025, 0.871, 1512, 0, 171.025, 171.049, 0.024, 49,     6.371,
 1103, 1, 167.913, 167.913, 170.161, 2.248, 230, 170.161, 171.087, 0.926, 1687, 0, 171.087, 171.146, 0.06, 119,     3.234,
 1104, 1, 168.045, 168.045, 170.161, 2.115, 6, 170.161, 171.237, 1.076, 479, 0, 171.237, 171.256, 0.019, 39,     3.211,
 1105, 1, 168.306, 168.306, 170.211, 1.904, 69, 170.211, 171.277, 1.066, 1377, 0, 171.277, 171.287, 0.01, 15,     2.980,
 1106, 1, 168.459, 168.459, 170.177, 1.718, 17, 170.177, 171.237, 1.06, 1435, 0, 171.237, 171.301, 0.064, 128,     2.842,
 1107, 1, 168.786, 168.786, 170.211, 1.425, 49, 170.211, 171.337, 1.126, 1383, 0, 171.337, 171.472, 0.135, 270,     2.686,
 1110, 1, 169.192, 169.192, 170.32, 1.128, 106, 170.32, 171.487, 1.167, 1847, 0, 171.487, 171.508, 0.022, 43,     2.316,
 1111, 1, 169.568, 169.568, 170.366, 0.798, 65, 170.366, 171.527, 1.161, 1731, 0, 171.527, 171.537, 0.01, 11,     1.969,
 1109, 1, 169.121, 169.121, 170.267, 1.145, 74, 170.267, 171.487, 1.22, 1138, 0, 171.487, 171.547, 0.06, 113,     2.425,
 1112, 1, 169.848, 169.848, 170.398, 0.55, 25, 170.398, 171.587, 1.189, 1217, 0, 171.587, 171.597, 0.01, 14,     1.749,
 1108, 1, 169.069, 169.069, 170.573, 1.504, 722, 170.573, 171.836, 1.263, 1915, 0, 171.836, 171.858, 0.023, 45,     2.790,
 1113, 1, 169.912, 169.912, 170.497, 0.585, 185, 170.497, 171.736, 1.239, 1321, 0, 171.736, 171.878, 0.143, 256,     1.967,
 1116, 1, 170.088, 170.088, 170.596, 0.508, 71, 170.596, 171.983, 1.387, 1122, 0, 171.983, 171.993, 0.01, 2,     1.905,
 1118, 1, 170.267, 170.267, 170.625, 0.357, 31, 170.625, 172.025, 1.4, 1437, 0, 172.025, 172.035, 0.01, 7,     1.768,
 1120, 1, 170.374, 170.374, 170.682, 0.309, 1, 170.682, 172.274, 1.592, 1100, 0, 172.274, 172.343, 0.069, 138,     1.970,
 1119, 1, 170.326, 170.326, 170.696, 0.37, 118, 170.696, 172.346, 1.65, 972, 0, 172.346, 172.363, 0.017, 40,     2.037,
 1117, 1, 170.161, 170.161, 170.668, 0.508, 192, 170.668, 172.239, 1.571, 1856, 0, 172.239, 172.381, 0.142, 284,     2.221,
 1115, 1, 170.069, 170.069, 170.559, 0.489, 91, 170.559, 171.776, 1.217, 1334, 0, 171.776, 172.397, 0.622, 1244,     2.328,
 1121, 1, 170.413, 170.413, 170.721, 0.308, 77, 170.721, 172.489, 1.768, 1627, 0, 172.489, 172.499, 0.01, 18,     2.086,
 1122, 1, 171.562, 171.562, 171.583, 0.021, 29, 171.583, 172.742, 1.159, 1736, 0, 172.742, 172.778, 0.036, 72,     1.216,
 1124, 1, 171.636, 171.636, 171.642, 0.006, 11, 171.642, 172.858, 1.217, 1374, 0, 172.858, 172.899, 0.041, 81,     1.263,
 1114, 1, 170.044, 170.044, 170.507, 0.463, 2, 170.507, 171.736, 1.229, 2028, 0, 171.736, 172.919, 1.183, 2332,     2.875,
 1123, 1, 171.615, 171.615, 171.625, 0.01, 12, 171.625, 172.782, 1.157, 1595, 0, 172.782, 172.919, 0.137, 272,     1.304,
 1126, 1, 171.752, 171.752, 171.752, 0, 2, 171.752, 172.991, 1.239, 1512, 0, 172.991, 173.001, 0.01, 3,     1.249,
 1125, 1, 171.642, 171.642, 171.734, 0.093, 197, 171.734, 172.991, 1.257, 969, 0, 172.991, 173.021, 0.03, 30,     1.380,
 1127, 1, 171.896, 171.896, 171.953, 0.058, 115, 171.953, 173.04, 1.087, 1826, 0, 173.04, 173.053, 0.013, 26,     1.157,
 1130, 1, 172.049, 172.049, 172.079, 0.03, 60, 172.079, 173.24, 1.161, 997, 0, 173.24, 173.318, 0.077, 155,     1.269,
 1129, 1, 171.977, 171.977, 172.105, 0.128, 242, 172.105, 173.292, 1.187, 2539, 0, 173.292, 173.338, 0.046, 71,     1.360,
 1128, 1, 171.964, 171.964, 171.974, 0.011, 21, 171.974, 173.107, 1.133, 1441, 0, 173.107, 173.485, 0.377, 755,     1.521,
 1131, 1, 172.084, 172.084, 172.22, 0.136, 258, 172.22, 173.49, 1.27, 1239, 0, 173.49, 173.504, 0.014, 28,     1.420,
 1135, 1, 172.443, 172.443, 172.443, 0, 5, 172.443, 173.795, 1.352, 1365, 0, 173.795, 173.805, 0.01, 4,     1.362,
 1132, 1, 172.317, 172.317, 172.412, 0.095, 189, 172.412, 173.748, 1.335, 2062, 0, 173.748, 173.825, 0.077, 144,     1.507,
 1134, 1, 172.437, 172.437, 172.467, 0.03, 59, 172.467, 174.01, 1.543, 1589, 0, 174.01, 174.02, 0.01, 11,     1.582,
 1136, 1, 172.492, 172.492, 172.603, 0.112, 225, 172.603, 174.306, 1.702, 1196, 0, 174.306, 174.372, 0.066, 134,     1.880,
 1137, 1, 173.039, 173.039, 173.099, 0.06, 119, 173.099, 174.506, 1.407, 1599, 0, 174.506, 174.553, 0.047, 94,     1.514,
 1139, 1, 173.239, 173.239, 173.269, 0.03, 40, 173.269, 174.611, 1.342, 1298, 0, 174.611, 174.65, 0.038, 77,     1.411,
 1133, 1, 172.412, 172.412, 172.437, 0.025, 35, 172.437, 173.738, 1.3, 1463, 0, 173.738, 174.738, 1.001, 2002,     2.326,
 1140, 1, 173.293, 173.293, 173.304, 0.011, 22, 173.304, 174.793, 1.489, 2049, 0, 174.793, 174.859, 0.065, 131,     1.566,
 1141, 1, 173.375, 173.375, 173.384, 0.009, 13, 173.384, 175.023, 1.639, 1114, 0, 175.023, 175.033, 0.01, 13,     1.659,
 1138, 1, 173.173, 173.173, 173.398, 0.225, 458, 173.398, 175.065, 1.667, 1115, 0, 175.065, 175.1, 0.035, 70,     1.927,
 1143, 1, 173.82, 173.82, 173.82, 0, 8, 173.82, 175.272, 1.452, 1501, 0, 175.272, 175.286, 0.013, 27,     1.465,
 1144, 1, 174.077, 174.077, 174.087, 0.01, 9, 174.087, 175.315, 1.228, 1846, 0, 175.315, 175.325, 0.01, 1,     1.248,
 1145, 1, 174.221, 174.221, 174.231, 0.01, 1, 174.231, 175.522, 1.291, 1461, 0, 175.522, 175.58, 0.057, 115,     1.359,
 1146, 1, 174.358, 174.358, 174.389, 0.03, 62, 174.389, 175.565, 1.176, 1347, 0, 175.565, 175.6, 0.035, 45,     1.241,
 1148, 1, 174.717, 174.717, 174.883, 0.166, 68, 174.883, 175.824, 0.941, 2057, 0, 175.824, 175.856, 0.032, 64,     1.140,
 1149, 1, 174.825, 174.825, 174.895, 0.07, 5, 174.895, 175.89, 0.995, 1727, 0, 175.89, 175.91, 0.02, 40,     1.085,
 1142, 1, 173.8, 173.8, 175.346, 1.547, 3094, 175.346, 176.073, 0.727, 1331, 0, 176.073, 176.083, 0.01, 15,     2.284,
 1147, 1, 174.617, 174.617, 174.849, 0.232, 470, 174.849, 175.772, 0.923, 1417, 0, 175.772, 176.095, 0.323, 646,     1.478,
 1150, 1, 174.895, 174.895, 174.929, 0.034, 37, 174.929, 176.041, 1.112, 1363, 0, 176.041, 176.194, 0.153, 291,     1.299,
 1151, 1, 175.433, 175.433, 175.47, 0.037, 90, 175.47, 176.184, 0.714, 1079, 0, 176.184, 176.223, 0.038, 77,     0.790,
 1152, 1, 175.459, 175.459, 175.571, 0.112, 201, 175.571, 176.31, 0.739, 1115, 0, 176.31, 176.336, 0.025, 51,     0.877,
 1154, 1, 175.594, 175.594, 175.639, 0.045, 77, 175.639, 176.433, 0.794, 1920, 0, 176.433, 176.443, 0.01, 1,     0.849,
 1156, 1, 175.763, 175.763, 175.852, 0.089, 145, 175.852, 176.803, 0.95, 1666, 0, 176.803, 176.813, 0.01, 13,     1.049,
 1155, 1, 175.673, 175.673, 175.693, 0.02, 22, 175.693, 176.626, 0.932, 1471, 0, 176.626, 176.846, 0.221, 442,     1.173,
 1157, 1, 176.211, 176.211, 176.244, 0.032, 65, 176.244, 176.966, 0.722, 1755, 0, 176.966, 176.983, 0.017, 34,     0.772,
 1153, 1, 175.486, 175.486, 175.5, 0.014, 33, 175.5, 176.298, 0.798, 1806, 0, 176.298, 177.003, 0.705, 1385,     1.517,
 1158, 1, 176.293, 176.293, 176.303, 0.01, 4, 176.303, 177.062, 0.759, 939, 0, 177.062, 177.145, 0.083, 166,     0.852,
 1159, 1, 176.591, 176.591, 176.648, 0.058, 115, 176.648, 177.379, 0.731, 1693, 0, 177.379, 177.389, 0.01, 14,     0.799,
 1161, 1, 176.971, 176.971, 176.971, 0, 3, 176.971, 177.687, 0.716, 934, 0, 177.687, 177.697, 0.01, 11,     0.726,
 1163, 1, 177.212, 177.212, 177.222, 0.01, 1, 177.222, 177.949, 0.727, 1118, 0, 177.949, 177.959, 0.01, 1,     0.747,
 1165, 1, 177.278, 177.278, 177.293, 0.015, 30, 177.293, 178.019, 0.726, 1785, 0, 178.019, 178.037, 0.018, 35,     0.758,
 1160, 1, 176.814, 176.814, 176.845, 0.031, 68, 176.845, 177.561, 0.716, 1273, 0, 177.561, 178.179, 0.619, 1238,     1.365,
 1166, 1, 177.587, 177.587, 177.596, 0.01, 14, 177.596, 178.321, 0.724, 1585, 0, 178.321, 178.393, 0.072, 144,     0.806,
 1164, 1, 177.223, 177.223, 177.704, 0.481, 960, 177.704, 178.416, 0.712, 1700, 0, 178.416, 178.464, 0.048, 96,     1.241,
 1169, 1, 177.802, 177.802, 177.844, 0.041, 63, 177.844, 178.57, 0.726, 1266, 0, 178.57, 178.618, 0.048, 97,     0.816,
 1168, 1, 177.767, 177.767, 178.02, 0.253, 504, 178.02, 178.738, 0.718, 1197, 0, 178.738, 178.748, 0.01, 3,     0.981,
 1170, 1, 178.032, 178.032, 178.058, 0.025, 27, 178.058, 178.779, 0.721, 1291, 0, 178.779, 178.82, 0.041, 81,     0.787,
 1171, 1, 178.121, 178.121, 178.132, 0.011, 22, 178.132, 178.848, 0.716, 1363, 0, 178.848, 178.874, 0.026, 52,     0.753,
 1172, 1, 178.254, 178.254, 178.263, 0.01, 22, 178.263, 178.998, 0.735, 1635, 0, 178.998, 179.056, 0.058, 116,     0.803,
 1173, 1, 178.332, 178.332, 178.357, 0.025, 44, 178.357, 179.073, 0.715, 1380, 0, 179.073, 179.083, 0.01, 8,     0.751,
 1174, 1, 178.41, 178.41, 178.558, 0.148, 285, 178.558, 179.281, 0.723, 969, 0, 179.281, 179.402, 0.121, 242,     0.992,
 1175, 1, 178.854, 178.854, 178.894, 0.04, 57, 178.894, 179.626, 0.732, 1571, 0, 179.626, 179.693, 0.067, 134,     0.839,
 1162, 1, 177.16, 177.16, 177.173, 0.013, 26, 177.173, 177.886, 0.714, 1732, 0, 177.886, 179.864, 1.977, 3955,     2.704,
 1176, 1, 178.999, 178.999, 179.064, 0.065, 127, 179.064, 179.908, 0.843, 1699, 0, 179.908, 179.924, 0.017, 33,     0.925,
 1177, 1, 179.036, 179.036, 179.06, 0.025, 41, 179.06, 179.876, 0.815, 1736, 0, 179.876, 180.052, 0.176, 353,     1.016,
 1178, 1, 179.064, 179.064, 179.093, 0.029, 66, 179.093, 179.94, 0.847, 1356, 0, 179.94, 180.078, 0.138, 277,     1.014,
 1179, 1, 179.134, 179.134, 179.151, 0.018, 49, 179.151, 180.125, 0.974, 2002, 0, 180.125, 180.135, 0.01, 4,     1.001,
 1180, 1, 179.218, 179.218, 179.417, 0.199, 372, 179.417, 180.269, 0.852, 1601, 0, 180.269, 180.282, 0.012, 25,     1.064,
 1181, 1, 179.472, 179.472, 179.481, 0.009, 13, 179.481, 180.44, 0.959, 1320, 0, 180.44, 180.499, 0.06, 119,     1.027,
 1184, 1, 179.728, 179.728, 179.746, 0.019, 45, 179.746, 180.624, 0.877, 1320, 0, 180.624, 180.658, 0.034, 69,     0.930,
 1182, 1, 179.602, 179.602, 179.722, 0.119, 250, 179.722, 180.519, 0.797, 1346, 0, 180.519, 180.682, 0.163, 334,     1.080,
 1185, 1, 180.015, 180.015, 180.028, 0.013, 27, 180.028, 180.957, 0.929, 1479, 0, 180.957, 180.977, 0.02, 24,     0.962,
 1167, 1, 177.694, 177.694, 177.812, 0.118, 218, 177.812, 178.53, 0.718, 1602, 0, 178.53, 181.125, 2.595, 5191,     3.431,
 1187, 1, 180.144, 180.144, 180.165, 0.02, 41, 180.165, 181.137, 0.972, 1508, 0, 181.137, 181.165, 0.028, 56,     1.021,
 1189, 1, 180.572, 180.572, 180.65, 0.078, 138, 180.65, 181.374, 0.724, 1958, 0, 181.374, 181.438, 0.064, 127,     0.867,
 1191, 1, 180.708, 180.708, 180.736, 0.028, 63, 180.736, 181.575, 0.839, 1543, 0, 181.575, 181.586, 0.011, 21,     0.878,
 1192, 1, 180.898, 180.898, 180.933, 0.035, 68, 180.933, 181.678, 0.745, 1619, 0, 181.678, 181.743, 0.065, 130,     0.846,
 1190, 1, 180.64, 180.64, 180.702, 0.062, 104, 180.702, 181.428, 0.726, 1502, 0, 181.428, 181.794, 0.366, 732,     1.154,
 1193, 1, 181.174, 181.174, 181.174, 0, 1, 181.174, 182.007, 0.833, 1908, 0, 182.007, 182.019, 0.012, 24,     0.845,
 1186, 1, 180.028, 180.028, 180.049, 0.021, 28, 180.049, 181.018, 0.969, 1962, 0, 181.018, 182.038, 1.02, 2041,     2.010,
 1183, 1, 179.621, 179.621, 179.685, 0.064, 128, 179.685, 180.44, 0.754, 1661, 0, 180.44, 182.114, 1.675, 3348,     2.493,
 1195, 1, 181.803, 181.803, 181.893, 0.09, 186, 181.893, 182.609, 0.716, 1301, 0, 182.609, 182.643, 0.034, 67,     0.840,
 1188, 1, 180.529, 180.529, 180.736, 0.207, 387, 180.736, 181.468, 0.732, 1626, 0, 181.468, 182.663, 1.194, 2358,     2.134,
 1194, 1, 181.484, 181.484, 181.576, 0.092, 185, 181.576, 182.316, 0.74, 1643, 0, 182.316, 182.663, 0.346, 670,     1.179,
 1196, 1, 181.82, 181.82, 181.829, 0.01, 33, 181.829, 182.555, 0.726, 1224, 0, 182.555, 182.663, 0.107, 215,     0.843,
 1197, 1, 181.869, 181.869, 181.978, 0.11, 230, 181.978, 182.704, 0.726, 1106, 0, 182.704, 182.704, 0, 4,     0.835,
 1198, 1, 182.222, 182.222, 182.222, 0, 2, 182.222, 182.94, 0.718, 1321, 0, 182.94, 182.953, 0.013, 26,     0.731,
 1200, 1, 182.956, 182.956, 182.984, 0.028, 55, 182.984, 183.698, 0.714, 1562, 0, 183.698, 183.725, 0.028, 55,     0.769,
 1199, 1, 182.921, 182.921, 182.931, 0.01, 7, 182.931, 183.671, 0.74, 1559, 0, 183.671, 183.745, 0.074, 114,     0.824,
 1202, 1, 183.075, 183.075, 183.127, 0.052, 123, 183.127, 183.85, 0.723, 1412, 0, 183.85, 183.87, 0.02, 36,     0.795,
 1203, 1, 183.162, 183.162, 183.172, 0.01, 16, 183.172, 183.92, 0.748, 1128, 0, 183.92, 183.968, 0.048, 97,     0.806,
 1204, 1, 183.195, 183.195, 183.195, 0, 7, 183.195, 183.947, 0.752, 1363, 0, 183.947, 184.006, 0.06, 119,     0.812,
 1201, 1, 182.992, 182.992, 183.317, 0.324, 667, 183.317, 184.099, 0.782, 1464, 0, 184.099, 184.109, 0.01, 17,     1.117,
 1205, 1, 183.229, 183.229, 183.271, 0.042, 46, 183.271, 184.041, 0.77, 1623, 0, 184.041, 184.151, 0.11, 220,     0.922,
 1206, 1, 183.309, 183.309, 183.317, 0.008, 22, 183.317, 184.17, 0.853, 1551, 0, 184.17, 184.214, 0.044, 88,     0.905,
 1207, 1, 183.893, 183.893, 183.903, 0.01, 24, 183.903, 184.628, 0.725, 1501, 0, 184.628, 184.639, 0.011, 22,     0.746,
 1208, 1, 183.987, 183.987, 183.997, 0.01, 10, 183.997, 184.714, 0.717, 1403, 0, 184.714, 184.784, 0.07, 140,     0.797,
 1209, 1, 184.04, 184.04, 184.065, 0.025, 51, 184.065, 184.784, 0.719, 1389, 0, 184.784, 184.829, 0.044, 90,     0.789,
 1211, 1, 184.297, 184.297, 184.297, 0, 8, 184.297, 185.018, 0.721, 1510, 0, 185.018, 185.049, 0.031, 63,     0.752,
 1210, 1, 184.052, 184.052, 184.523, 0.471, 935, 184.523, 185.231, 0.708, 2327, 0, 185.231, 185.249, 0.018, 35,     1.197,
 1212, 1, 184.533, 184.533, 184.543, 0.01, 16, 184.543, 185.267, 0.724, 1506, 0, 185.267, 185.286, 0.019, 39,     0.753,
 1213, 1, 184.816, 184.816, 184.836, 0.019, 39, 184.836, 185.55, 0.714, 1270, 0, 185.55, 185.56, 0.01, 15,     0.744,
 1214, 1, 184.945, 184.945, 184.957, 0.012, 25, 184.957, 185.676, 0.719, 1523, 0, 185.676, 185.701, 0.024, 49,     0.756,
 1215, 1, 185.062, 185.062, 185.105, 0.043, 90, 185.105, 185.82, 0.715, 1208, 0, 185.82, 185.879, 0.06, 119,     0.817,
 1216, 1, 185.19, 185.19, 185.2, 0.01, 28, 185.2, 185.915, 0.716, 1620, 0, 185.915, 185.955, 0.04, 79,     0.765,
 1217, 1, 185.283, 185.283, 185.295, 0.012, 24, 185.295, 186.011, 0.716, 1614, 0, 186.011, 186.184, 0.173, 346,     0.901,
 1219, 1, 185.823, 185.823, 185.832, 0.009, 19, 185.832, 186.712, 0.88, 1427, 0, 186.712, 186.752, 0.039, 79,     0.929,
 1220, 1, 185.851, 185.851, 185.861, 0.01, 14, 185.861, 186.732, 0.871, 1249, 0, 186.732, 186.808, 0.076, 151,     0.956,
 1218, 1, 185.716, 185.716, 185.726, 0.01, 14, 185.726, 186.449, 0.723, 1516, 0, 186.449, 186.866, 0.417, 834,     1.150,
 1221, 1, 186.445, 186.445, 186.457, 0.012, 25, 186.457, 187.197, 0.74, 1827, 0, 187.197, 187.218, 0.021, 42,     0.774,
 1222, 1, 186.545, 186.545, 186.559, 0.014, 29, 186.559, 187.275, 0.716, 1523, 0, 187.275, 187.285, 0.01, 18,     0.740,
 1223, 1, 186.618, 186.618, 186.628, 0.01, 3, 186.628, 187.345, 0.717, 1432, 0, 187.345, 187.355, 0.01, 20,     0.737,
 1224, 1, 186.662, 186.662, 186.716, 0.054, 98, 186.716, 187.433, 0.717, 1423, 0, 187.433, 187.443, 0.01, 16,     0.781,
 1226, 1, 186.753, 186.753, 186.785, 0.032, 64, 186.785, 187.517, 0.733, 1764, 0, 187.517, 187.533, 0.016, 31,     0.780,
 1227, 1, 186.825, 186.825, 186.835, 0.01, 20, 186.835, 187.547, 0.712, 1416, 0, 187.547, 187.559, 0.012, 23,     0.734,
 1229, 1, 187.387, 187.387, 187.405, 0.018, 22, 187.405, 188.119, 0.714, 1737, 0, 188.119, 188.151, 0.032, 37,     0.763,
 1228, 1, 187.044, 187.044, 187.425, 0.381, 767, 187.425, 188.151, 0.726, 1548, 0, 188.151, 188.188, 0.037, 75,     1.145,
 1225, 1, 186.706, 186.706, 186.865, 0.159, 314, 186.865, 187.606, 0.741, 1433, 0, 187.606, 188.309, 0.703, 1407,     1.603,
 1230, 1, 187.618, 187.618, 187.816, 0.198, 363, 187.816, 188.532, 0.716, 1166, 0, 188.532, 188.586, 0.054, 108,     0.968,
 1231, 1, 187.91, 187.91, 187.92, 0.01, 15, 187.92, 188.65, 0.73, 1798, 0, 188.65, 188.661, 0.012, 23,     0.751,
 1233, 1, 188.233, 188.233, 188.253, 0.019, 39, 188.253, 188.969, 0.717, 1564, 0, 188.969, 188.979, 0.01, 9,     0.746,
 1232, 1, 188.147, 188.147, 188.221, 0.074, 134, 188.221, 188.935, 0.715, 1373, 0, 188.935, 189.001, 0.066, 132,     0.855,
 1234, 1, 188.364, 188.364, 188.376, 0.012, 24, 188.376, 189.095, 0.72, 2031, 0, 189.095, 189.201, 0.106, 211,     0.837,
 1235, 1, 188.573, 188.573, 188.632, 0.059, 100, 188.632, 189.345, 0.713, 1830, 0, 189.345, 189.355, 0.01, 19,     0.782,
 1236, 1, 188.766, 188.766, 188.776, 0.01, 18, 188.776, 189.501, 0.724, 1570, 0, 189.501, 189.528, 0.028, 55,     0.762,
 1238, 1, 188.792, 188.792, 188.792, 0, 1, 188.792, 189.533, 0.74, 1213, 0, 189.533, 189.533, 0, 5,     0.740,
 1239, 1, 188.808, 188.808, 188.808, 0, 3, 188.808, 189.594, 0.787, 1621, 0, 189.594, 189.76, 0.166, 319,     0.952,
 1241, 1, 189.025, 189.025, 189.062, 0.038, 66, 189.062, 189.86, 0.798, 1330, 0, 189.86, 189.87, 0.01, 2,     0.845,
 1237, 1, 188.781, 188.781, 188.888, 0.108, 197, 188.888, 189.785, 0.897, 763, 0, 189.785, 190.077, 0.292, 585,     1.297,
 1245, 1, 189.359, 189.359, 189.395, 0.036, 84, 189.395, 190.121, 0.726, 1578, 0, 190.121, 190.131, 0.01, 8,     0.772,
 1244, 1, 189.332, 189.332, 189.428, 0.096, 211, 189.428, 190.144, 0.716, 1757, 0, 190.144, 190.159, 0.015, 30,     0.827,
 1243, 1, 189.293, 189.293, 189.309, 0.016, 36, 189.309, 190.024, 0.715, 1379, 0, 190.024, 190.185, 0.161, 323,     0.892,
 1242, 1, 189.236, 189.236, 189.323, 0.088, 150, 189.323, 190.035, 0.712, 1432, 0, 190.035, 190.283, 0.248, 484,     1.047,
 1246, 1, 189.41, 189.41, 189.462, 0.053, 106, 189.462, 190.273, 0.811, 1365, 0, 190.273, 190.293, 0.02, 37,     0.883,
 1247, 1, 189.827, 189.827, 189.837, 0.01, 10, 189.837, 190.557, 0.72, 1682, 0, 190.557, 190.567, 0.01, 6,     0.740,
 1240, 1, 188.837, 188.837, 188.854, 0.018, 35, 188.854, 189.75, 0.896, 1241, 0, 189.75, 190.735, 0.985, 1970,     1.898,
 1248, 1, 190.14, 190.14, 190.347, 0.208, 432, 190.347, 191.064, 0.717, 2376, 0, 191.064, 191.269, 0.205, 410,     1.129,
 1249, 1, 190.752, 190.752, 190.771, 0.019, 37, 190.771, 191.792, 1.021, 1239, 0, 191.792, 191.802, 0.01, 10,     1.050,
 1251, 1, 190.839, 190.839, 190.853, 0.015, 21, 190.853, 192.041, 1.188, 1639, 0, 192.041, 192.061, 0.02, 40,     1.222,
 1252, 1, 190.909, 190.909, 190.919, 0.01, 20, 190.919, 192.071, 1.152, 1432, 0, 192.071, 192.081, 0.01, 8,     1.172,
 1250, 1, 190.771, 190.771, 191.071, 0.3, 604, 191.071, 192.307, 1.236, 1805, 0, 192.307, 192.365, 0.058, 117,     1.594,
 1253, 1, 191.637, 191.637, 191.663, 0.025, 52, 191.663, 192.374, 0.711, 1377, 0, 192.374, 192.426, 0.052, 122,     0.789,
 1254, 1, 191.653, 191.653, 191.717, 0.064, 129, 191.717, 192.438, 0.721, 1438, 0, 192.438, 192.45, 0.012, 24,     0.797,
 1256, 1, 191.764, 191.764, 191.774, 0.01, 4, 191.774, 192.557, 0.783, 1651, 0, 192.557, 192.627, 0.07, 140,     0.863,
 1255, 1, 191.703, 191.703, 191.884, 0.181, 347, 191.884, 192.6, 0.716, 988, 0, 192.6, 192.7, 0.1, 200,     0.997,
 1257, 1, 191.943, 191.943, 191.972, 0.029, 58, 191.972, 192.688, 0.716, 1131, 0, 192.688, 192.721, 0.032, 65,     0.778,
 1258, 1, 192.021, 192.021, 192.032, 0.012, 23, 192.032, 192.752, 0.72, 1676, 0, 192.752, 192.798, 0.047, 93,     0.778,
 1259, 1, 192.347, 192.347, 192.379, 0.032, 27, 192.379, 193.095, 0.716, 1392, 0, 193.095, 193.106, 0.011, 21,     0.759,
 1260, 1, 192.501, 192.501, 192.511, 0.01, 13, 192.511, 193.242, 0.731, 1175, 0, 193.242, 193.334, 0.092, 184,     0.833,
 1261, 1, 192.526, 192.526, 192.526, 0, 10, 192.526, 193.262, 0.737, 1371, 0, 193.262, 193.368, 0.106, 212,     0.843,
 1262, 1, 192.756, 192.756, 192.825, 0.069, 146, 192.825, 193.542, 0.716, 1933, 0, 193.542, 193.577, 0.035, 70,     0.820,
 1264, 1, 192.941, 192.941, 192.951, 0.01, 1, 192.951, 193.667, 0.716, 1352, 0, 193.667, 193.777, 0.109, 219,     0.836,
 1267, 1, 193.155, 193.155, 193.221, 0.066, 133, 193.221, 193.933, 0.712, 806, 0, 193.933, 194.019, 0.085, 171,     0.864,
 1265, 1, 192.968, 192.968, 193.039, 0.071, 124, 193.039, 193.753, 0.714, 1462, 0, 193.753, 194.039, 0.285, 550,     1.070,
 1266, 1, 193.052, 193.052, 193.07, 0.018, 37, 193.07, 193.803, 0.733, 1524, 0, 193.803, 194.039, 0.235, 437,     0.987,
 1270, 1, 193.341, 193.341, 193.384, 0.044, 33, 193.384, 194.105, 0.721, 1299, 0, 194.105, 194.204, 0.099, 199,     0.864,
 1271, 1, 193.412, 193.412, 193.422, 0.01, 16, 193.422, 194.183, 0.76, 1296, 0, 194.183, 194.224, 0.041, 49,     0.812,
 1269, 1, 193.245, 193.245, 193.356, 0.111, 58, 193.356, 194.073, 0.717, 1895, 0, 194.073, 194.374, 0.301, 586,     1.129,
 1272, 1, 193.567, 193.567, 193.63, 0.063, 136, 193.63, 194.364, 0.734, 1558, 0, 194.364, 194.461, 0.097, 194,     0.894,
 1273, 1, 194.103, 194.103, 194.113, 0.01, 14, 194.113, 194.831, 0.718, 1523, 0, 194.831, 194.97, 0.139, 278,     0.867,
 1268, 1, 193.198, 193.198, 193.327, 0.129, 213, 193.327, 194.043, 0.716, 1462, 0, 194.043, 194.982, 0.939, 1875,     1.783,
 1274, 1, 194.23, 194.23, 194.254, 0.024, 47, 194.254, 194.982, 0.728, 2005, 0, 194.982, 195.013, 0.031, 62,     0.783,
 1275, 1, 194.304, 194.304, 194.314, 0.01, 14, 194.314, 195.035, 0.721, 1540, 0, 195.035, 195.066, 0.031, 62,     0.762,
 1276, 1, 194.697, 194.697, 194.707, 0.01, 10, 194.707, 195.429, 0.722, 1604, 0, 195.429, 195.52, 0.09, 181,     0.823,
 1278, 1, 194.753, 194.753, 194.905, 0.153, 251, 194.905, 195.642, 0.737, 1467, 0, 195.642, 195.679, 0.037, 74,     0.927,
 1277, 1, 194.741, 194.741, 194.78, 0.039, 79, 194.78, 195.56, 0.78, 1810, 0, 195.56, 195.725, 0.165, 329,     0.984,
 1281, 1, 195.043, 195.043, 195.208, 0.165, 78, 195.208, 195.925, 0.717, 1715, 0, 195.925, 195.935, 0.01, 3,     0.892,
 1280, 1, 195.017, 195.017, 195.157, 0.141, 24, 195.157, 195.905, 0.748, 1269, 0, 195.905, 196.027, 0.121, 243,     1.010,
 1279, 1, 194.84, 194.84, 195.143, 0.303, 461, 195.143, 195.86, 0.717, 1171, 0, 195.86, 196.072, 0.212, 424,     1.232,
 1284, 1, 195.536, 195.536, 195.84, 0.303, 55, 195.84, 196.556, 0.716, 1546, 0, 196.556, 196.566, 0.01, 15,     1.030,
 1283, 1, 195.367, 195.367, 195.812, 0.446, 910, 195.812, 196.544, 0.732, 1463, 0, 196.544, 196.672, 0.128, 257,     1.305,
 1285, 1, 195.943, 195.943, 195.977, 0.035, 69, 195.977, 196.694, 0.716, 1556, 0, 196.694, 196.746, 0.053, 105,     0.803,
 1282, 1, 195.056, 195.056, 195.222, 0.166, 2, 195.222, 195.957, 0.735, 1195, 0, 195.957, 196.86, 0.902, 1805,     1.803,
 1286, 1, 196.129, 196.129, 196.269, 0.139, 279, 196.269, 196.991, 0.723, 1619, 0, 196.991, 197.011, 0.02, 40,     0.882,
 1287, 1, 196.305, 196.305, 196.315, 0.01, 17, 196.315, 197.031, 0.716, 1357, 0, 197.031, 197.09, 0.059, 117,     0.785,
 1288, 1, 196.394, 196.394, 196.405, 0.011, 41, 196.405, 197.133, 0.729, 1860, 0, 197.133, 197.149, 0.016, 32,     0.756,
 1289, 1, 196.501, 196.501, 196.541, 0.039, 69, 196.541, 197.281, 0.741, 1624, 0, 197.281, 197.329, 0.048, 95,     0.827,
 1290, 1, 196.72, 196.72, 196.737, 0.017, 33, 196.737, 197.455, 0.718, 2070, 0, 197.455, 197.475, 0.02, 40,     0.755,
 1291, 1, 197.125, 197.125, 197.2, 0.075, 155, 197.2, 197.926, 0.727, 1564, 0, 197.926, 198.099, 0.173, 331,     0.975,
 1293, 1, 197.404, 197.404, 197.51, 0.106, 226, 197.51, 198.231, 0.721, 1736, 0, 198.231, 198.249, 0.018, 36,     0.845,
 1294, 1, 197.447, 197.447, 197.543, 0.097, 33, 197.543, 198.259, 0.716, 1443, 0, 198.259, 198.346, 0.087, 173,     0.899,
 1295, 1, 197.785, 197.785, 197.869, 0.084, 168, 197.869, 198.584, 0.716, 1391, 0, 198.584, 198.677, 0.093, 168,     0.892,
 1292, 1, 197.152, 197.152, 197.268, 0.116, 103, 197.268, 198.046, 0.778, 1387, 0, 198.046, 198.704, 0.658, 1317,     1.552,
 1296, 1, 197.851, 197.851, 197.944, 0.094, 152, 197.944, 198.667, 0.723, 1639, 0, 198.667, 198.822, 0.155, 311,     0.972,
 1297, 1, 198.062, 198.062, 198.15, 0.089, 177, 198.15, 198.877, 0.727, 1923, 0, 198.877, 198.887, 0.01, 15,     0.825,
 1298, 1, 198.431, 198.431, 198.441, 0.01, 18, 198.441, 199.157, 0.716, 1629, 0, 199.157, 199.203, 0.046, 92,     0.772,
 1299, 1, 198.694, 198.694, 198.703, 0.01, 7, 198.703, 199.442, 0.739, 1696, 0, 199.442, 199.528, 0.085, 171,     0.834,
 1301, 1, 198.766, 198.766, 198.936, 0.17, 229, 198.936, 199.65, 0.714, 1412, 0, 199.65, 199.66, 0.01, 7,     0.894,
 1302, 1, 198.825, 198.825, 198.948, 0.123, 17, 198.948, 199.692, 0.744, 1089, 0, 199.692, 199.819, 0.128, 240,     0.995,
 1303, 1, 198.858, 198.858, 199.008, 0.151, 121, 199.008, 199.809, 0.801, 1626, 0, 199.809, 199.894, 0.084, 169,     1.036,
 1305, 1, 199.067, 199.067, 199.331, 0.263, 180, 199.331, 200.149, 0.818, 1487, 0, 200.149, 200.159, 0.01, 16,     1.091,
 1304, 1, 199.021, 199.021, 199.241, 0.22, 437, 199.241, 200.149, 0.908, 1556, 0, 200.149, 200.324, 0.175, 351,     1.303,
 1306, 1, 199.118, 199.118, 199.49, 0.372, 318, 199.49, 200.221, 0.731, 1943, 0, 200.221, 200.364, 0.144, 287,     1.246,
 1300, 1, 198.731, 198.731, 198.804, 0.073, 146, 198.804, 199.541, 0.737, 1436, 0, 199.541, 200.878, 1.337, 2675,     2.147,
 1307, 1, 200.078, 200.078, 200.293, 0.215, 430, 200.293, 201.014, 0.722, 1346, 0, 201.014, 201.094, 0.079, 159,     1.016,
 1308, 1, 200.161, 200.161, 200.306, 0.146, 17, 200.306, 201.101, 0.794, 1434, 0, 201.101, 201.111, 0.01, 33,     0.950,
 1309, 1, 200.315, 200.315, 200.346, 0.031, 79, 200.346, 201.236, 0.89, 1648, 0, 201.236, 201.264, 0.028, 39,     0.949,
 1310, 1, 200.667, 200.667, 200.733, 0.067, 131, 200.733, 202.355, 1.622, 1096, 0, 202.355, 202.379, 0.024, 47,     1.712,
 1312, 1, 200.751, 200.751, 200.846, 0.095, 166, 200.846, 202.531, 1.685, 1219, 0, 202.531, 202.618, 0.087, 175,     1.868,
 1313, 1, 200.817, 200.817, 201.08, 0.262, 468, 201.08, 202.778, 1.698, 1166, 0, 202.778, 202.788, 0.01, 12,     1.970,
 1314, 1, 200.85, 200.85, 201.157, 0.306, 154, 201.157, 202.788, 1.631, 1540, 0, 202.788, 202.881, 0.093, 168,     2.031,
 1315, 1, 201.125, 201.125, 201.171, 0.046, 9, 201.171, 202.871, 1.701, 1186, 0, 202.871, 202.901, 0.03, 46,     1.777,
 1318, 1, 201.69, 201.69, 201.827, 0.137, 270, 201.827, 203.039, 1.212, 1295, 0, 203.039, 203.049, 0.01, 2,     1.359,
 1317, 1, 201.519, 201.519, 201.519, 0, 13, 201.519, 203.029, 1.51, 1710, 0, 203.029, 203.075, 0.046, 92,     1.556,
 1316, 1, 201.478, 201.478, 201.511, 0.033, 66, 201.511, 203.009, 1.498, 1627, 0, 203.009, 203.131, 0.122, 232,     1.653,
 1263, 1, 192.834, 192.834, 201.883, 9.049, 18115, 201.883, 203.121, 1.239, 943, 0, 203.121, 203.151, 0.03, 51,    10.318,
 1319, 1, 201.784, 201.784, 201.897, 0.112, 126, 201.897, 203.259, 1.362, 1289, 0, 203.259, 203.314, 0.055, 111,     1.530,
 1321, 1, 202.117, 202.117, 202.124, 0.007, 15, 202.124, 203.508, 1.384, 1252, 0, 203.508, 203.687, 0.178, 357,     1.569,
 1322, 1, 202.196, 202.196, 202.215, 0.019, 33, 202.215, 203.758, 1.542, 1591, 0, 203.758, 203.768, 0.01, 14,     1.572,
 1320, 1, 202.074, 202.074, 202.084, 0.01, 10, 202.084, 203.291, 1.207, 1628, 0, 203.291, 203.905, 0.615, 1230,     1.831,
 1324, 1, 202.507, 202.507, 202.517, 0.01, 7, 202.517, 204.054, 1.537, 1686, 0, 204.054, 204.073, 0.019, 38,     1.566,
 1311, 1, 200.711, 200.711, 200.763, 0.052, 56, 200.763, 202.521, 1.758, 1526, 0, 202.521, 204.356, 1.835, 3671,     3.645,
 1323, 1, 202.445, 202.445, 202.65, 0.206, 396, 202.65, 204.263, 1.613, 1791, 0, 204.263, 204.376, 0.113, 204,     1.932,
 1325, 1, 203.358, 203.358, 203.549, 0.191, 382, 203.549, 204.553, 1.004, 1693, 0, 204.553, 204.606, 0.054, 107,     1.249,
 1326, 1, 203.708, 203.708, 203.718, 0.01, 20, 203.718, 204.644, 0.926, 1672, 0, 204.644, 204.656, 0.012, 25,     0.949,
 1327, 1, 203.724, 203.724, 203.732, 0.008, 26, 203.732, 204.762, 1.03, 996, 0, 204.762, 204.792, 0.03, 59,     1.068,
 1328, 1, 203.857, 203.857, 203.883, 0.025, 51, 203.883, 204.894, 1.011, 1013, 0, 204.894, 204.955, 0.061, 123,     1.098,
 1329, 1, 204.522, 204.522, 204.537, 0.015, 33, 204.537, 205.25, 0.713, 1434, 0, 205.25, 205.265, 0.015, 30,     0.743,
 1331, 1, 204.588, 204.588, 204.598, 0.01, 14, 204.598, 205.32, 0.722, 1134, 0, 205.32, 205.344, 0.024, 48,     0.756,
 1330, 1, 204.541, 204.541, 204.84, 0.299, 583, 204.84, 205.57, 0.73, 1440, 0, 205.57, 205.594, 0.024, 48,     1.053,
 1333, 1, 204.664, 204.664, 204.888, 0.224, 92, 204.888, 205.612, 0.724, 1643, 0, 205.612, 205.624, 0.012, 24,     0.959,
 1334, 1, 204.697, 204.697, 204.914, 0.217, 52, 204.914, 205.82, 0.906, 955, 0, 205.82, 205.83, 0.011, 21,     1.133,
 1335, 1, 205.053, 205.053, 205.123, 0.071, 142, 205.123, 205.861, 0.738, 1652, 0, 205.861, 205.901, 0.04, 79,     0.848,
 1337, 1, 205.275, 205.275, 205.45, 0.175, 367, 205.45, 206.179, 0.728, 1575, 0, 206.179, 206.352, 0.173, 346,     1.077,
 1332, 1, 204.655, 204.655, 204.977, 0.323, 649, 204.977, 205.82, 0.842, 1423, 0, 205.82, 206.392, 0.572, 1112,     1.737,
 1338, 1, 205.61, 205.61, 205.62, 0.01, 7, 205.62, 206.429, 0.809, 1398, 0, 206.429, 206.439, 0.01, 10,     0.829,
 1339, 1, 205.66, 205.66, 205.708, 0.048, 60, 205.708, 206.519, 0.81, 1995, 0, 206.519, 206.674, 0.156, 311,     1.014,
 1341, 1, 205.84, 205.84, 205.868, 0.028, 55, 205.868, 206.943, 1.076, 1615, 0, 206.943, 206.953, 0.01, 1,     1.113,
 1340, 1, 205.786, 205.786, 205.804, 0.018, 35, 205.804, 206.729, 0.926, 1651, 0, 206.729, 207.008, 0.279, 558,     1.222,
 1336, 1, 205.247, 205.247, 206.249, 1.002, 1987, 206.249, 207.098, 0.85, 1681, 0, 207.098, 207.123, 0.025, 50,     1.877,
 1344, 1, 206.165, 206.165, 206.298, 0.132, 53, 206.298, 207.233, 0.935, 2104, 0, 207.233, 207.246, 0.013, 26,     1.080,
 1342, 1, 205.965, 205.965, 206.249, 0.284, 564, 206.249, 207.199, 0.95, 2115, 0, 207.199, 207.266, 0.067, 103,     1.301,
 1345, 1, 206.266, 206.266, 206.31, 0.044, 8, 206.31, 207.273, 0.963, 1332, 0, 207.273, 207.283, 0.01, 19,     1.017,
 1343, 1, 205.975, 205.975, 206.345, 0.37, 179, 206.345, 207.364, 1.018, 1477, 0, 207.364, 207.374, 0.01, 8,     1.398,
 1346, 1, 206.335, 206.335, 206.37, 0.034, 69, 206.37, 207.456, 1.086, 2055, 0, 207.456, 207.496, 0.04, 64,     1.160,
 1348, 1, 206.445, 206.445, 206.501, 0.056, 90, 206.501, 207.526, 1.024, 1048, 0, 207.526, 207.536, 0.01, 2,     1.091,
 1347, 1, 206.43, 206.43, 206.513, 0.083, 152, 206.513, 207.613, 1.1, 1718, 0, 207.613, 207.641, 0.028, 56,     1.211,
 1349, 1, 206.672, 206.672, 206.682, 0.01, 7, 206.682, 207.705, 1.023, 1830, 0, 207.705, 207.726, 0.021, 42,     1.054,
 1350, 1, 206.755, 206.755, 206.755, 0, 1, 206.755, 207.996, 1.241, 1692, 0, 207.996, 208.016, 0.02, 40,     1.261,
 1351, 1, 206.817, 206.817, 206.827, 0.01, 15, 206.827, 208.283, 1.456, 1759, 0, 208.283, 208.67, 0.386, 773,     1.852,
 1352, 1, 207.016, 207.016, 207.043, 0.028, 35, 207.043, 208.763, 1.72, 1597, 0, 208.763, 208.798, 0.036, 71,     1.783,
 1353, 1, 207.049, 207.049, 207.049, 0, 5, 207.049, 208.8, 1.751, 1599, 0, 208.8, 208.935, 0.136, 274,     1.886,
 1354, 1, 207.146, 207.146, 207.215, 0.069, 133, 207.215, 209.299, 2.085, 2074, 0, 209.299, 209.398, 0.098, 197,     2.252,
 1355, 1, 207.425, 207.425, 207.435, 0.01, 14, 207.435, 209.805, 2.37, 983, 0, 209.805, 209.828, 0.023, 46,     2.403,
 1356, 1, 207.659, 207.659, 207.685, 0.026, 33, 207.685, 210.315, 2.63, 1577, 0, 210.315, 210.331, 0.016, 31,     2.672,
 1357, 1, 207.72, 207.72, 207.73, 0.01, 30, 207.73, 210.403, 2.673, 1407, 0, 210.403, 210.439, 0.036, 72,     2.719,
 1358, 1, 207.848, 207.848, 207.903, 0.055, 89, 207.903, 210.565, 2.662, 2200, 0, 210.565, 210.601, 0.036, 80,     2.753,
 1359, 1, 208.152, 208.152, 208.223, 0.071, 152, 208.223, 210.814, 2.591, 2136, 0, 210.814, 210.855, 0.041, 81,     2.703,
 1360, 1, 208.215, 208.215, 208.235, 0.02, 26, 208.235, 210.907, 2.672, 1151, 0, 210.907, 211.023, 0.116, 232,     2.807,
 1361, 1, 208.375, 208.375, 208.416, 0.041, 92, 208.416, 211.036, 2.62, 1444, 0, 211.036, 211.046, 0.01, 16,     2.670,
 1363, 1, 208.502, 208.502, 208.512, 0.01, 1, 208.512, 211.157, 2.645, 1151, 0, 211.157, 211.232, 0.075, 123,     2.730,
 1362, 1, 208.43, 208.43, 208.652, 0.222, 444, 208.652, 211.234, 2.582, 1567, 0, 211.234, 211.244, 0.01, 8,     2.814,
 1364, 1, 208.923, 208.923, 208.923, 0, 12, 208.923, 211.406, 2.482, 922, 0, 211.406, 211.479, 0.073, 147,     2.556,
 1366, 1, 209.048, 209.048, 209.058, 0.01, 7, 209.058, 211.567, 2.508, 1309, 0, 211.567, 211.581, 0.014, 28,     2.532,
 1365, 1, 208.996, 208.996, 209.035, 0.039, 53, 209.035, 211.498, 2.463, 1274, 0, 211.498, 211.662, 0.164, 328,     2.666,
 1367, 1, 209.118, 209.118, 209.127, 0.009, 20, 209.127, 211.662, 2.535, 1849, 0, 211.662, 211.796, 0.134, 269,     2.679,
 1369, 1, 209.684, 209.684, 209.797, 0.113, 226, 209.797, 211.817, 2.02, 1185, 0, 211.817, 211.856, 0.039, 49,     2.172,
 1370, 1, 209.711, 209.711, 209.811, 0.099, 13, 209.811, 211.911, 2.1, 1196, 0, 211.911, 211.926, 0.015, 30,     2.214,
 1371, 1, 210.096, 210.096, 210.188, 0.091, 173, 210.188, 212.323, 2.136, 993, 0, 212.323, 212.38, 0.057, 114,     2.284,
 1372, 1, 210.407, 210.407, 210.417, 0.01, 21, 210.417, 212.573, 2.157, 856, 0, 212.573, 212.603, 0.03, 41,     2.197,
 1373, 1, 210.456, 210.456, 210.622, 0.166, 332, 210.622, 212.748, 2.126, 1553, 0, 212.748, 212.758, 0.01, 9,     2.301,
 1374, 1, 210.583, 210.583, 210.636, 0.052, 26, 210.636, 212.813, 2.177, 1467, 0, 212.813, 212.843, 0.03, 50,     2.259,
 1375, 1, 210.64, 210.64, 210.686, 0.046, 69, 210.686, 212.833, 2.147, 1785, 0, 212.833, 212.864, 0.031, 63,     2.224,
 1378, 1, 211.167, 211.167, 211.197, 0.03, 46, 211.197, 213.18, 1.983, 1730, 0, 213.18, 213.207, 0.028, 55,     2.040,
 1377, 1, 210.858, 210.858, 210.94, 0.081, 164, 210.94, 213.077, 2.137, 1763, 0, 213.077, 213.293, 0.216, 433,     2.435,
 1376, 1, 210.698, 210.698, 210.709, 0.011, 21, 210.709, 212.93, 2.221, 2184, 0, 212.93, 213.543, 0.613, 1227,     2.845,
 1382, 1, 211.537, 211.537, 211.576, 0.038, 41, 211.576, 213.584, 2.008, 1617, 0, 213.584, 213.599, 0.015, 30,     2.062,
 1381, 1, 211.433, 211.433, 211.477, 0.043, 94, 211.477, 213.506, 2.029, 1477, 0, 213.506, 213.638, 0.132, 265,     2.205,
 1384, 1, 211.772, 211.772, 211.978, 0.207, 218, 211.978, 213.684, 1.706, 1568, 0, 213.684, 213.723, 0.038, 77,     1.951,
 1383, 1, 211.675, 211.675, 211.868, 0.193, 397, 211.868, 213.604, 1.736, 1327, 0, 213.604, 213.743, 0.138, 249,     2.068,
 1386, 1, 211.968, 211.968, 212.018, 0.05, 53, 212.018, 213.834, 1.816, 1532, 0, 213.834, 213.844, 0.01, 7,     1.876,
 1380, 1, 211.306, 211.306, 211.41, 0.104, 56, 211.41, 213.429, 2.02, 1393, 0, 213.429, 213.86, 0.43, 861,     2.554,
 1385, 1, 211.898, 211.898, 211.988, 0.091, 14, 211.988, 213.756, 1.768, 1681, 0, 213.756, 213.876, 0.12, 241,     1.979,
 1387, 1, 212.139, 212.139, 212.149, 0.01, 12, 212.149, 214.204, 2.056, 1678, 0, 214.204, 214.214, 0.01, 13,     2.076,
 1368, 1, 209.191, 209.191, 211.382, 2.191, 4383, 211.382, 213.328, 1.947, 1048, 0, 213.328, 214.281, 0.953, 1907,     5.091,
 1389, 1, 212.238, 212.238, 212.776, 0.539, 265, 212.776, 214.332, 1.556, 1350, 0, 214.332, 214.343, 0.011, 21,     2.105,
 1390, 1, 212.267, 212.267, 212.802, 0.535, 43, 212.802, 214.376, 1.575, 1342, 0, 214.376, 214.406, 0.03, 59,     2.139,
 1388, 1, 212.216, 212.216, 212.644, 0.428, 844, 212.644, 214.26, 1.617, 1608, 0, 214.26, 214.438, 0.178, 356,     2.223,
 1391, 1, 212.557, 212.557, 212.836, 0.278, 34, 212.836, 214.454, 1.619, 1345, 0, 214.454, 214.482, 0.028, 56,     1.925,
 1393, 1, 212.62, 212.62, 213.323, 0.703, 9, 213.323, 214.878, 1.555, 1377, 0, 214.878, 214.895, 0.017, 34,     2.276,
 1392, 1, 212.579, 212.579, 213.309, 0.73, 936, 213.309, 214.844, 1.535, 1314, 0, 214.844, 215.103, 0.259, 503,     2.525,
 1394, 1, 213.41, 213.41, 213.41, 0, 4, 213.41, 215.279, 1.869, 1612, 0, 215.279, 215.374, 0.095, 163,     1.964,
 1396, 1, 213.546, 213.546, 213.719, 0.173, 346, 213.719, 215.72, 2.002, 1319, 0, 215.72, 215.735, 0.015, 30,     2.189,
 1397, 1, 213.61, 213.61, 213.73, 0.12, 20, 213.73, 215.786, 2.056, 1282, 0, 215.786, 215.812, 0.026, 53,     2.203,
 1395, 1, 213.537, 213.537, 213.537, 0, 5, 213.537, 215.603, 2.067, 1674, 0, 215.603, 215.825, 0.221, 443,     2.288,
 1398, 1, 213.655, 213.655, 213.74, 0.085, 11, 213.74, 215.859, 2.119, 1337, 0, 215.859, 215.896, 0.037, 75,     2.241,
 1399, 1, 213.73, 213.73, 214.616, 0.886, 1742, 214.616, 216.388, 1.772, 1237, 0, 216.388, 216.411, 0.024, 47,     2.681,
 1400, 1, 214.18, 214.18, 214.637, 0.457, 29, 214.637, 216.486, 1.848, 1113, 0, 216.486, 216.514, 0.028, 56,     2.333,
 1401, 1, 214.297, 214.297, 214.677, 0.38, 65, 214.677, 216.566, 1.888, 2058, 0, 216.566, 216.576, 0.01, 1,     2.279,
 1402, 1, 214.454, 214.454, 214.709, 0.255, 63, 214.709, 216.628, 1.919, 1800, 0, 216.628, 216.686, 0.059, 117,     2.232,
 1404, 1, 214.583, 214.583, 214.802, 0.219, 94, 214.802, 216.818, 2.015, 1224, 0, 216.818, 216.828, 0.01, 3,     2.244,
 1403, 1, 214.539, 214.539, 214.755, 0.217, 64, 214.755, 216.746, 1.99, 1362, 0, 216.746, 216.964, 0.218, 437,     2.425,
 1405, 1, 214.606, 214.606, 214.839, 0.233, 68, 214.839, 216.996, 2.157, 1486, 0, 216.996, 216.996, 0, 7,     2.390,
 1406, 1, 214.627, 214.627, 214.852, 0.225, 2, 214.852, 217.068, 2.215, 937, 0, 217.068, 217.078, 0.01, 15,     2.450,
 1407, 1, 215.034, 215.034, 215.058, 0.024, 30, 215.058, 217.166, 2.107, 1368, 0, 217.166, 217.21, 0.044, 89,     2.176,
 1408, 1, 215.059, 215.059, 215.069, 0.01, 10, 215.069, 217.264, 2.195, 1424, 0, 217.264, 217.274, 0.01, 13,     2.215,
 1409, 1, 215.212, 215.212, 215.392, 0.18, 351, 215.392, 217.395, 2.003, 1635, 0, 217.395, 217.442, 0.047, 94,     2.230,
 1411, 1, 215.612, 215.612, 215.618, 0.006, 24, 215.618, 217.58, 1.962, 967, 0, 217.58, 217.598, 0.018, 36,     1.986,
 1410, 1, 215.545, 215.545, 215.604, 0.059, 96, 215.604, 217.513, 1.91, 1441, 0, 217.513, 217.655, 0.142, 280,     2.110,
 1412, 1, 215.695, 215.695, 215.703, 0.008, 17, 215.703, 217.677, 1.974, 1764, 0, 217.677, 217.687, 0.01, 4,     1.992,
 1413, 1, 215.719, 215.719, 215.729, 0.01, 6, 215.729, 217.763, 2.034, 1817, 0, 217.763, 217.952, 0.189, 377,     2.233,
 1379, 1, 211.232, 211.232, 214.937, 3.706, 7430, 214.937, 217.146, 2.208, 1470, 0, 217.146, 217.972, 0.826, 1615,     6.740,
 1415, 1, 216.126, 216.126, 216.155, 0.029, 42, 216.155, 218.144, 1.989, 1250, 0, 218.144, 218.169, 0.024, 49,     2.043,
 1414, 1, 216.053, 216.053, 216.145, 0.091, 189, 216.145, 218.08, 1.935, 1668, 0, 218.08, 218.181, 0.101, 203,     2.127,
 1416, 1, 216.145, 216.145, 216.155, 0.01, 1, 216.155, 218.176, 2.021, 1027, 0, 218.176, 218.201, 0.024, 49,     2.056,
 1417, 1, 216.885, 216.885, 216.944, 0.06, 119, 216.944, 218.394, 1.45, 1660, 0, 218.394, 218.433, 0.038, 97,     1.548,
 1420, 1, 217.144, 217.144, 217.166, 0.022, 43, 217.166, 218.529, 1.364, 1357, 0, 218.529, 218.597, 0.068, 136,     1.453,
 1418, 1, 216.979, 216.979, 216.989, 0.01, 6, 216.989, 218.435, 1.446, 2140, 0, 218.435, 218.688, 0.253, 511,     1.709,
 1419, 1, 217.09, 217.09, 217.246, 0.156, 312, 217.246, 218.649, 1.404, 1653, 0, 218.649, 218.699, 0.05, 86,     1.609,
 1422, 1, 217.202, 217.202, 217.292, 0.09, 87, 217.292, 218.781, 1.488, 896, 0, 218.781, 218.842, 0.061, 122,     1.640,
 1421, 1, 217.171, 217.171, 217.306, 0.136, 281, 217.306, 218.846, 1.54, 1670, 0, 218.846, 218.869, 0.023, 55,     1.699,
 1426, 1, 217.919, 217.919, 217.97, 0.051, 103, 217.97, 219.288, 1.318, 1606, 0, 219.288, 219.364, 0.076, 139,     1.445,
 1424, 1, 217.565, 217.565, 217.575, 0.01, 27, 217.575, 219.03, 1.456, 1602, 0, 219.03, 219.429, 0.399, 798,     1.864,
 1427, 1, 218.228, 218.228, 218.243, 0.015, 48, 218.243, 219.447, 1.204, 1788, 0, 219.447, 219.457, 0.01, 12,     1.229,
 1425, 1, 217.87, 217.87, 217.88, 0.01, 17, 217.88, 219.189, 1.309, 1584, 0, 219.189, 219.637, 0.448, 896,     1.766,
 1428, 1, 218.274, 218.274, 218.356, 0.082, 153, 218.356, 219.679, 1.322, 1232, 0, 219.679, 219.689, 0.01, 1,     1.415,
 1429, 1, 218.361, 218.361, 218.385, 0.024, 57, 218.385, 219.697, 1.312, 1197, 0, 219.697, 219.88, 0.183, 382,     1.519,
 1431, 1, 218.91, 218.91, 219.021, 0.111, 240, 219.021, 219.949, 0.928, 1035, 0, 219.949, 219.959, 0.01, 18,     1.048,
 1430, 1, 218.877, 218.877, 218.887, 0.01, 20, 218.887, 219.929, 1.042, 1645, 0, 219.929, 219.969, 0.04, 88,     1.092,
 1432, 1, 219.278, 219.278, 219.332, 0.054, 108, 219.332, 220.201, 0.869, 1133, 0, 220.201, 220.211, 0.01, 10,     0.933,
 1433, 1, 219.422, 219.422, 219.789, 0.367, 743, 219.789, 220.517, 0.728, 1690, 0, 220.517, 220.551, 0.034, 68,     1.129,
 1435, 1, 219.516, 219.516, 219.812, 0.296, 30, 219.812, 220.576, 0.764, 1155, 0, 220.576, 220.618, 0.042, 84,     1.102,
 1436, 1, 219.546, 219.546, 219.888, 0.342, 152, 219.888, 220.619, 0.73, 1817, 0, 220.619, 220.629, 0.01, 2,     1.083,
 1437, 1, 219.569, 219.569, 219.902, 0.333, 15, 219.902, 220.691, 0.789, 2194, 0, 220.691, 220.728, 0.036, 73,     1.158,
 1434, 1, 219.439, 219.439, 219.926, 0.488, 978, 219.926, 220.769, 0.842, 1129, 0, 220.769, 220.807, 0.038, 76,     1.368,
 1438, 1, 219.601, 219.601, 219.98, 0.38, 128, 219.98, 220.831, 0.85, 1190, 0, 220.831, 220.844, 0.013, 26,     1.243,
 1439, 1, 219.812, 219.812, 220.038, 0.226, 214, 220.038, 220.869, 0.83, 771, 0, 220.869, 220.879, 0.01, 16,     1.066,
 1440, 1, 220.07, 220.07, 220.083, 0.013, 27, 220.083, 220.941, 0.858, 1281, 0, 220.941, 220.961, 0.02, 40,     0.891,
 1442, 1, 220.277, 220.277, 220.335, 0.058, 102, 220.335, 221.062, 0.727, 1688, 0, 221.062, 221.072, 0.01, 2,     0.795,
 1443, 1, 220.354, 220.354, 220.364, 0.01, 13, 220.364, 221.081, 0.717, 1496, 0, 221.081, 221.091, 0.01, 20,     0.737,
 1444, 1, 220.438, 220.438, 220.476, 0.038, 76, 220.476, 221.202, 0.726, 1497, 0, 221.202, 221.217, 0.014, 29,     0.778,
 1441, 1, 220.257, 220.257, 220.643, 0.386, 756, 220.643, 221.371, 0.729, 1148, 0, 221.371, 221.381, 0.01, 10,     1.125,
 1445, 1, 220.633, 220.633, 220.753, 0.12, 251, 220.753, 221.483, 0.73, 1126, 0, 221.483, 221.493, 0.01, 10,     0.861,
 1447, 1, 221.174, 221.174, 221.262, 0.088, 139, 221.262, 221.978, 0.716, 1384, 0, 221.978, 222, 0.023, 45,     0.826,
 1446, 1, 221.046, 221.046, 221.276, 0.23, 441, 221.276, 222.001, 0.725, 1524, 0, 222.001, 222.076, 0.076, 152,     1.030,
 1448, 1, 221.498, 221.498, 221.553, 0.055, 100, 221.553, 222.292, 0.739, 1952, 0, 222.292, 222.302, 0.01, 18,     0.803,
 1449, 1, 221.543, 221.543, 221.593, 0.05, 83, 221.593, 222.304, 0.711, 1301, 0, 222.304, 222.326, 0.022, 33,     0.783,
 1450, 1, 221.618, 221.618, 221.618, 0, 8, 221.618, 222.359, 0.741, 1002, 0, 222.359, 222.469, 0.11, 221,     0.851,
 1452, 1, 221.816, 221.816, 221.877, 0.061, 99, 221.877, 222.615, 0.738, 1863, 0, 222.615, 222.677, 0.062, 124,     0.861,
 1423, 1, 217.406, 217.406, 218.322, 0.916, 1800, 218.322, 219.604, 1.281, 1557, 0, 219.604, 222.721, 3.117, 6235,     5.315,
 1451, 1, 221.745, 221.745, 221.845, 0.1, 217, 221.845, 222.568, 0.723, 1578, 0, 222.568, 222.752, 0.184, 372,     1.007,
 1454, 1, 222.086, 222.086, 222.138, 0.052, 72, 222.138, 222.855, 0.717, 1260, 0, 222.855, 222.874, 0.019, 39,     0.788,
 1455, 1, 222.272, 222.272, 222.313, 0.041, 64, 222.313, 223.046, 0.733, 1296, 0, 223.046, 223.063, 0.017, 34,     0.791,
 1453, 1, 221.894, 221.894, 222.516, 0.622, 1232, 222.516, 223.234, 0.718, 1644, 0, 223.234, 223.244, 0.01, 12,     1.350,
 1456, 1, 222.506, 222.506, 222.516, 0.01, 10, 222.516, 223.234, 0.718, 1708, 0, 223.234, 223.455, 0.221, 443,     0.949,
 1457, 1, 222.711, 222.711, 222.757, 0.046, 71, 222.757, 223.483, 0.726, 1135, 0, 223.483, 223.493, 0.01, 3,     0.782,
 1458, 1, 222.912, 222.912, 222.933, 0.021, 59, 222.933, 223.662, 0.729, 977, 0, 223.662, 223.677, 0.016, 31,     0.766,
 1459, 1, 222.936, 222.936, 222.967, 0.031, 46, 222.967, 223.689, 0.722, 1729, 0, 223.689, 223.72, 0.031, 62,     0.784,
 1460, 1, 223.067, 223.067, 223.077, 0.01, 1, 223.077, 223.819, 0.742, 1501, 0, 223.819, 223.849, 0.03, 59,     0.781,
 1461, 1, 223.129, 223.129, 223.138, 0.01, 6, 223.138, 223.85, 0.712, 1364, 0, 223.85, 223.86, 0.01, 16,     0.732,
 1462, 1, 223.906, 223.906, 223.949, 0.043, 73, 223.949, 224.658, 0.709, 1631, 0, 224.658, 224.679, 0.021, 42,     0.773,
 1464, 1, 224.028, 224.028, 224.038, 0.01, 23, 224.038, 224.754, 0.716, 1377, 0, 224.754, 224.767, 0.013, 30,     0.739,
 1463, 1, 223.949, 223.949, 223.949, 0, 8, 223.949, 224.704, 0.755, 1606, 0, 224.704, 224.867, 0.163, 327,     0.918,
 1465, 1, 224.108, 224.108, 224.226, 0.118, 218, 224.226, 225.016, 0.791, 1874, 0, 225.016, 225.099, 0.083, 166,     0.991,
 1467, 1, 224.266, 224.266, 224.266, 0, 1, 224.266, 225.156, 0.89, 1412, 0, 225.156, 225.202, 0.045, 79,     0.936,
 1469, 1, 224.481, 224.481, 224.491, 0.01, 8, 224.491, 225.266, 0.775, 1139, 0, 225.266, 225.293, 0.026, 53,     0.811,
 1466, 1, 224.227, 224.227, 224.381, 0.154, 311, 224.381, 225.252, 0.871, 1192, 0, 225.252, 225.313, 0.06, 97,     1.086,
 1470, 1, 224.703, 224.703, 224.727, 0.025, 24, 224.727, 225.443, 0.716, 1658, 0, 225.443, 225.458, 0.014, 29,     0.755,
 1468, 1, 224.321, 224.321, 224.367, 0.046, 70, 224.367, 225.214, 0.847, 1654, 0, 225.214, 225.482, 0.268, 537,     1.161,
 1472, 1, 225.028, 225.028, 225.041, 0.013, 31, 225.041, 225.775, 0.734, 1473, 0, 225.775, 225.848, 0.073, 147,     0.821,
 1471, 1, 224.727, 224.727, 224.761, 0.034, 35, 224.761, 225.489, 0.728, 1184, 0, 225.489, 226.1, 0.61, 1235,     1.372,
 1473, 1, 225.066, 225.066, 225.168, 0.103, 206, 225.168, 225.885, 0.716, 1460, 0, 225.885, 226.12, 0.235, 432,     1.054,
 1474, 1, 225.324, 225.324, 225.349, 0.025, 33, 225.349, 226.065, 0.716, 2061, 0, 226.065, 226.12, 0.054, 73,     0.796,
 1475, 1, 225.67, 225.67, 225.68, 0.01, 7, 225.68, 226.396, 0.716, 1356, 0, 226.396, 226.435, 0.038, 77,     0.765,
 1476, 1, 225.735, 225.735, 225.842, 0.107, 216, 225.842, 226.558, 0.716, 1656, 0, 226.558, 226.618, 0.06, 121,     0.884,
 1478, 1, 226.034, 226.034, 226.044, 0.01, 13, 226.044, 226.761, 0.716, 1005, 0, 226.761, 226.782, 0.021, 42,     0.747,
 1480, 1, 226.2, 226.2, 226.21, 0.01, 13, 226.21, 226.925, 0.715, 1625, 0, 226.925, 226.946, 0.022, 43,     0.746,
 1482, 1, 226.394, 226.394, 226.407, 0.013, 26, 226.407, 227.436, 1.029, 1767, 0, 227.436, 227.447, 0.011, 22,     1.053,
 1479, 1, 226.183, 226.183, 226.359, 0.176, 335, 226.359, 227.436, 1.077, 1657, 0, 227.436, 227.499, 0.063, 126,     1.316,
 1483, 1, 226.861, 226.861, 226.871, 0.01, 18, 226.871, 227.686, 0.815, 1637, 0, 227.686, 227.716, 0.03, 30,     0.855,
 1481, 1, 226.279, 226.279, 226.609, 0.329, 678, 226.609, 227.489, 0.88, 1299, 0, 227.489, 227.87, 0.381, 763,     1.591,
 1485, 1, 226.952, 226.952, 226.999, 0.047, 73, 226.999, 227.94, 0.941, 789, 0, 227.94, 228.009, 0.069, 120,     1.057,
 1484, 1, 226.933, 226.933, 227.083, 0.151, 302, 227.083, 227.94, 0.857, 1879, 0, 227.94, 228.009, 0.069, 131,     1.076,
 1487, 1, 227.214, 227.214, 227.214, 0, 1, 227.214, 228.197, 0.984, 747, 0, 228.197, 228.27, 0.073, 146,     1.056,
 1488, 1, 227.379, 227.379, 227.461, 0.082, 159, 227.461, 228.26, 0.799, 1204, 0, 228.26, 228.282, 0.022, 36,     0.902,
 1490, 1, 227.526, 227.526, 227.536, 0.01, 10, 227.536, 228.462, 0.926, 1660, 0, 228.462, 228.472, 0.01, 4,     0.946,
 1489, 1, 227.423, 227.423, 227.526, 0.103, 195, 227.526, 228.462, 0.936, 1652, 0, 228.462, 228.492, 0.03, 31,     1.069,
 1486, 1, 227.125, 227.125, 227.359, 0.234, 476, 227.359, 228.197, 0.838, 1259, 0, 228.197, 228.582, 0.385, 770,     1.457,
 1491, 1, 227.779, 227.779, 227.789, 0.01, 17, 227.789, 228.717, 0.927, 714, 0, 228.717, 228.795, 0.078, 118,     1.015,
 1493, 1, 228.127, 228.127, 228.132, 0.005, 20, 228.132, 228.972, 0.84, 1650, 0, 228.972, 229.005, 0.033, 31,     0.878,
 1494, 1, 228.167, 228.167, 228.233, 0.066, 121, 228.233, 229.065, 0.832, 1801, 0, 229.065, 229.092, 0.027, 54,     0.925,
 1492, 1, 227.999, 227.999, 228.283, 0.284, 568, 228.283, 229.238, 0.956, 1725, 0, 229.238, 229.298, 0.059, 119,     1.299,
 1496, 1, 228.711, 228.711, 228.721, 0.01, 12, 228.721, 229.511, 0.79, 1703, 0, 229.511, 229.541, 0.03, 30,     0.830,
 1495, 1, 228.561, 228.561, 228.623, 0.061, 133, 228.623, 229.488, 0.865, 1110, 0, 229.488, 229.623, 0.135, 270,     1.061,
 1499, 1, 228.901, 228.901, 228.963, 0.063, 44, 228.963, 229.761, 0.797, 1422, 0, 229.761, 229.782, 0.021, 42,     0.881,
 1500, 1, 229.016, 229.016, 229.062, 0.046, 105, 229.062, 229.814, 0.752, 1196, 0, 229.814, 229.836, 0.022, 44,     0.820,
 1497, 1, 228.87, 228.87, 228.941, 0.071, 135, 228.941, 229.749, 0.807, 1297, 0, 229.749, 229.856, 0.107, 210,     0.985,
 1501, 1, 229.025, 229.025, 229.093, 0.068, 62, 229.093, 229.999, 0.906, 1930, 0, 229.999, 230.009, 0.01, 17,     0.984,
 1498, 1, 228.896, 228.896, 229.29, 0.394, 754, 229.29, 230.071, 0.781, 2037, 0, 230.071, 230.242, 0.171, 341,     1.346,
 1502, 1, 229.338, 229.338, 229.48, 0.142, 284, 229.48, 230.254, 0.774, 1306, 0, 230.254, 230.371, 0.116, 207,     1.033,
 1503, 1, 229.79, 229.79, 229.816, 0.026, 53, 229.816, 230.52, 0.704, 1552, 0, 230.52, 230.643, 0.123, 247,     0.853,
 1505, 1, 229.952, 229.952, 229.999, 0.047, 94, 229.999, 230.715, 0.716, 1614, 0, 230.715, 230.725, 0.01, 2,     0.773,
 1504, 1, 229.88, 229.88, 229.894, 0.014, 28, 229.894, 230.609, 0.715, 1664, 0, 230.609, 230.754, 0.145, 290,     0.874,
 1507, 1, 230.345, 230.345, 230.345, 0, 1, 230.345, 231.056, 0.711, 1585, 0, 231.056, 231.066, 0.01, 1,     0.721,
 1508, 1, 230.381, 230.381, 230.391, 0.01, 3, 230.391, 231.125, 0.734, 2189, 0, 231.125, 231.135, 0.01, 6,     0.754,
 1506, 1, 230.295, 230.295, 230.381, 0.086, 154, 230.381, 231.093, 0.712, 1587, 0, 231.093, 231.374, 0.281, 563,     1.079,
 1509, 1, 230.792, 230.792, 230.802, 0.01, 3, 230.802, 231.53, 0.727, 1649, 0, 231.53, 231.544, 0.014, 29,     0.752,
 1512, 1, 231.102, 231.102, 231.112, 0.01, 18, 231.112, 231.834, 0.722, 1558, 0, 231.834, 231.844, 0.01, 12,     0.742,
 1510, 1, 230.829, 230.829, 230.84, 0.012, 23, 230.84, 231.564, 0.724, 1935, 0, 231.564, 231.901, 0.337, 649,     1.073,
 1511, 1, 231.039, 231.039, 231.083, 0.044, 88, 231.083, 231.814, 0.731, 1492, 0, 231.814, 231.928, 0.114, 229,     0.890,
 1514, 1, 231.668, 231.668, 231.683, 0.014, 46, 231.683, 232.399, 0.716, 1157, 0, 232.399, 232.409, 0.01, 12,     0.741,
 1513, 1, 231.64, 231.64, 231.646, 0.006, 22, 231.646, 232.366, 0.72, 2044, 0, 232.366, 232.44, 0.074, 148,     0.801,
 1516, 1, 231.813, 231.813, 231.863, 0.05, 101, 231.863, 232.578, 0.715, 2056, 0, 232.578, 232.588, 0.01, 15,     0.775,
 1515, 1, 231.723, 231.723, 232.219, 0.496, 992, 232.219, 232.935, 0.716, 1613, 0, 232.935, 233.005, 0.07, 141,     1.282,
 1517, 1, 232.195, 232.195, 232.25, 0.055, 111, 232.25, 232.977, 0.726, 1682, 0, 232.977, 233.026, 0.049, 99,     0.831,
 1518, 1, 232.551, 232.551, 232.694, 0.143, 258, 232.694, 233.424, 0.73, 1382, 0, 233.424, 233.46, 0.036, 72,     0.909,
 1520, 1, 232.624, 232.624, 232.708, 0.084, 17, 232.708, 233.501, 0.793, 1735, 0, 233.501, 233.594, 0.092, 185,     0.970,
 1522, 1, 232.66, 232.66, 232.736, 0.076, 7, 232.736, 233.642, 0.906, 1448, 0, 233.642, 233.652, 0.01, 14,     0.991,
 1521, 1, 232.647, 232.647, 232.722, 0.074, 3, 232.722, 233.578, 0.856, 1583, 0, 233.578, 233.885, 0.307, 614,     1.237,
 1523, 1, 233.125, 233.125, 233.203, 0.078, 131, 233.203, 233.927, 0.724, 1349, 0, 233.927, 233.937, 0.01, 14,     0.812,
 1524, 1, 233.52, 233.52, 233.536, 0.016, 31, 233.536, 234.261, 0.725, 1220, 0, 234.261, 234.322, 0.061, 122,     0.802,
 1525, 1, 233.601, 233.601, 233.611, 0.01, 8, 233.611, 234.331, 0.721, 1548, 0, 234.331, 234.391, 0.06, 139,     0.791,
 1526, 1, 233.658, 233.658, 233.674, 0.016, 31, 233.674, 234.522, 0.848, 1389, 0, 234.522, 234.574, 0.052, 104,     0.916,
 1519, 1, 232.589, 232.589, 233.725, 1.136, 2273, 233.725, 234.581, 0.856, 1801, 0, 234.581, 234.591, 0.01, 33,     2.002,
 1527, 1, 233.712, 233.712, 233.831, 0.119, 238, 233.831, 234.691, 0.86, 1709, 0, 234.691, 234.703, 0.012, 24,     0.991,
 1530, 1, 234.048, 234.048, 234.134, 0.086, 163, 234.134, 234.949, 0.815, 1532, 0, 234.949, 234.959, 0.01, 12,     0.911,
 1528, 1, 233.841, 233.841, 233.988, 0.147, 295, 233.988, 234.841, 0.853, 1422, 0, 234.841, 234.969, 0.128, 255,     1.128,
 1531, 1, 234.072, 234.072, 234.242, 0.17, 201, 234.242, 234.959, 0.717, 1216, 0, 234.959, 235.024, 0.065, 130,     0.952,
 1532, 1, 234.099, 234.099, 234.267, 0.168, 49, 234.267, 235.041, 0.774, 1129, 0, 235.041, 235.103, 0.062, 124,     1.004,
 1533, 1, 234.109, 234.109, 234.301, 0.191, 63, 234.301, 235.09, 0.789, 1422, 0, 235.09, 235.198, 0.108, 216,     1.089,
 1534, 1, 234.46, 234.46, 234.486, 0.026, 61, 234.486, 235.34, 0.854, 1598, 0, 235.34, 235.35, 0.01, 1,     0.890,
 1535, 1, 234.506, 234.506, 234.526, 0.021, 33, 234.526, 235.448, 0.922, 2432, 0, 235.448, 235.458, 0.01, 6,     0.953,
 1536, 1, 234.748, 234.748, 234.766, 0.018, 36, 234.766, 235.589, 0.823, 1807, 0, 235.589, 235.65, 0.06, 121,     0.902,
 1477, 1, 225.97, 225.97, 226.004, 0.035, 31, 226.004, 226.725, 0.721, 998, 0, 226.725, 235.977, 9.253, 18499,    10.008,
 1537, 1, 235.222, 235.222, 235.246, 0.024, 58, 235.246, 236.109, 0.863, 1919, 0, 236.109, 236.133, 0.024, 47,     0.911,
 1529, 1, 233.875, 233.875, 235.335, 1.461, 2911, 235.335, 236.207, 0.872, 1305, 0, 236.207, 236.692, 0.484, 969,     2.817,
 1538, 1, 235.483, 235.483, 235.939, 0.456, 924, 235.939, 236.653, 0.714, 1638, 0, 236.653, 236.712, 0.059, 105,     1.229,
 1540, 1, 235.644, 235.644, 235.987, 0.343, 91, 235.987, 236.719, 0.732, 1411, 0, 236.719, 236.729, 0.01, 26,     1.085,
 1542, 1, 235.953, 235.953, 236.088, 0.135, 30, 236.088, 236.946, 0.858, 1271, 0, 236.946, 236.956, 0.01, 17,     1.004,
 1543, 1, 235.977, 235.977, 236.112, 0.135, 32, 236.112, 236.968, 0.856, 1684, 0, 236.968, 236.99, 0.022, 43,     1.013,
 1541, 1, 235.856, 235.856, 236.054, 0.198, 135, 236.054, 236.912, 0.857, 1746, 0, 236.912, 237.109, 0.198, 396,     1.254,
 1545, 1, 236.148, 236.148, 236.205, 0.057, 103, 236.205, 237.161, 0.956, 1404, 0, 237.161, 237.171, 0.01, 10,     1.023,
 1544, 1, 236.118, 236.118, 236.152, 0.035, 73, 236.152, 237.123, 0.971, 2073, 0, 237.123, 237.276, 0.153, 307,     1.159,
 1546, 1, 236.205, 236.205, 236.215, 0.01, 4, 236.215, 237.196, 0.981, 1966, 0, 237.196, 237.302, 0.106, 223,     1.096,
 1547, 1, 236.309, 236.309, 236.464, 0.155, 292, 236.464, 237.411, 0.947, 1396, 0, 237.411, 237.545, 0.134, 283,     1.236,
 1548, 1, 236.489, 236.489, 238.058, 1.569, 3139, 238.058, 238.911, 0.853, 1398, 0, 238.911, 238.921, 0.01, 12,     2.432,
 1549, 1, 236.573, 236.573, 238.072, 1.499, 8, 238.072, 238.95, 0.878, 1864, 0, 238.95, 238.995, 0.044, 107,     2.422,
 1551, 1, 236.968, 236.968, 238.167, 1.199, 94, 238.167, 239.141, 0.974, 1829, 0, 239.141, 239.161, 0.02, 40,     2.193,
 1552, 1, 237.156, 237.156, 238.201, 1.045, 52, 238.201, 239.161, 0.96, 1714, 0, 239.161, 239.196, 0.035, 70,     2.040,
 1553, 1, 237.579, 237.579, 238.221, 0.641, 27, 238.221, 239.205, 0.984, 1299, 0, 239.205, 239.298, 0.094, 205,     1.719,
 1554, 1, 237.641, 237.641, 238.231, 0.589, 20, 238.231, 239.352, 1.121, 2028, 0, 239.352, 239.362, 0.01, 17,     1.721,
 1550, 1, 236.942, 236.942, 238.111, 1.168, 57, 238.111, 239.102, 0.991, 1386, 0, 239.102, 239.597, 0.496, 971,     2.655,
 1555, 1, 237.74, 237.74, 238.801, 1.061, 1120, 238.801, 239.86, 1.059, 1534, 0, 239.86, 239.87, 0.01, 15,     2.130,
 1556, 1, 237.949, 237.949, 238.835, 0.886, 29, 238.835, 239.913, 1.078, 2383, 0, 239.913, 239.924, 0.011, 22,     1.975,
 1557, 1, 237.981, 237.981, 238.92, 0.939, 136, 238.92, 239.913, 0.993, 1814, 0, 239.913, 239.95, 0.037, 75,     1.969,
 1558, 1, 238.052, 238.052, 238.952, 0.9, 31, 238.952, 239.954, 1.002, 1058, 0, 239.954, 240.016, 0.062, 132,     1.965,
 1559, 1, 238.073, 238.073, 239.125, 1.052, 347, 239.125, 240.11, 0.985, 1464, 0, 240.11, 240.12, 0.01, 17,     2.047,
 1560, 1, 238.138, 238.138, 239.38, 1.242, 480, 239.38, 240.18, 0.8, 1678, 0, 240.18, 240.213, 0.033, 63,     2.075,
 1561, 1, 238.602, 238.602, 239.394, 0.791, 9, 239.394, 240.18, 0.786, 1660, 0, 240.18, 240.233, 0.053, 90,     1.631,
 1562, 1, 238.675, 238.675, 239.408, 0.733, 13, 239.408, 240.203, 0.795, 1299, 0, 240.203, 240.269, 0.066, 132,     1.594,
 1566, 1, 239.062, 239.062, 239.554, 0.492, 1, 239.554, 240.452, 0.898, 1806, 0, 240.452, 240.462, 0.01, 7,     1.400,
 1564, 1, 238.924, 238.924, 239.526, 0.603, 209, 239.526, 240.429, 0.903, 1693, 0, 240.429, 240.476, 0.047, 94,     1.552,
 1565, 1, 238.996, 238.996, 239.54, 0.544, 11, 239.54, 240.429, 0.889, 1289, 0, 240.429, 240.597, 0.167, 335,     1.601,
 1569, 1, 239.277, 239.277, 239.782, 0.505, 278, 239.782, 240.682, 0.901, 1394, 0, 240.682, 240.692, 0.01, 5,     1.416,
 1568, 1, 239.224, 239.224, 239.643, 0.419, 1, 239.643, 240.682, 1.04, 1441, 0, 240.682, 240.792, 0.109, 219,     1.568,
 1570, 1, 239.577, 239.577, 239.805, 0.228, 34, 239.805, 240.702, 0.898, 1328, 0, 240.702, 240.868, 0.165, 322,     1.291,
 1563, 1, 238.801, 238.801, 239.422, 0.621, 6, 239.422, 240.359, 0.937, 1185, 0, 240.359, 240.948, 0.589, 1179,     2.148,
 1571, 1, 239.619, 239.619, 239.855, 0.236, 88, 239.855, 240.858, 1.003, 1578, 0, 240.858, 240.968, 0.11, 216,     1.349,
 1567, 1, 239.158, 239.158, 239.631, 0.473, 153, 239.631, 240.608, 0.978, 1855, 0, 240.608, 241.091, 0.483, 966,     1.933,
 1574, 1, 240.706, 240.706, 240.717, 0.01, 40, 240.717, 241.606, 0.889, 1179, 0, 241.606, 241.682, 0.077, 153,     0.976,
 1575, 1, 240.795, 240.795, 240.819, 0.024, 48, 240.819, 241.715, 0.896, 1992, 0, 241.715, 241.773, 0.058, 78,     0.978,
 1576, 1, 240.965, 240.965, 240.965, 0, 12, 240.965, 241.715, 0.749, 1011, 0, 241.715, 241.843, 0.128, 256,     0.877,
 1572, 1, 239.919, 239.919, 240.231, 0.312, 597, 240.231, 241.189, 0.957, 1367, 0, 241.189, 241.969, 0.78, 1560,     2.049,
 1577, 1, 241.025, 241.025, 241.057, 0.031, 63, 241.057, 241.973, 0.916, 1823, 0, 241.973, 241.985, 0.012, 34,     0.960,
 1578, 1, 241.086, 241.086, 241.116, 0.03, 54, 241.116, 241.993, 0.877, 1818, 0, 241.993, 241.993, 0, 9,     0.907,
 1573, 1, 240.082, 240.082, 240.332, 0.25, 181, 240.332, 241.456, 1.123, 2019, 0, 241.456, 242.048, 0.592, 1184,     1.965,
 1579, 1, 241.107, 241.107, 241.226, 0.119, 208, 241.226, 242.105, 0.879, 1411, 0, 242.105, 242.115, 0.011, 21,     1.008,
 1580, 1, 241.15, 241.15, 241.26, 0.11, 31, 241.26, 242.223, 0.963, 1232, 0, 242.223, 242.276, 0.054, 107,     1.126,
 1581, 1, 241.195, 241.195, 241.406, 0.211, 291, 241.406, 242.354, 0.949, 1187, 0, 242.354, 242.4, 0.046, 92,     1.206,
 1582, 1, 241.226, 241.226, 241.667, 0.44, 493, 241.667, 242.478, 0.811, 1552, 0, 242.478, 242.497, 0.019, 38,     1.271,
 1583, 1, 241.787, 241.787, 242.064, 0.278, 555, 242.064, 242.87, 0.805, 1483, 0, 242.87, 242.885, 0.016, 31,     1.098,
 1539, 1, 235.501, 235.501, 241.97, 6.469, 12939, 241.97, 242.751, 0.781, 1589, 0, 242.751, 243.034, 0.283, 566,     7.532,
 1587, 1, 242.38, 242.38, 242.395, 0.015, 37, 242.395, 243.262, 0.867, 1445, 0, 243.262, 243.262, 0, 4,     0.883,
 1584, 1, 241.962, 241.962, 242.078, 0.116, 193, 242.078, 242.981, 0.902, 1741, 0, 242.981, 243.464, 0.483, 967,     1.502,
 1589, 1, 242.551, 242.551, 242.577, 0.026, 31, 242.577, 243.486, 0.909, 1676, 0, 243.486, 243.496, 0.01, 10,     0.945,
 1588, 1, 242.542, 242.542, 242.553, 0.011, 21, 242.553, 243.486, 0.933, 1568, 0, 243.486, 243.555, 0.069, 138,     1.012,
 1590, 1, 242.687, 242.687, 242.758, 0.071, 131, 242.758, 243.512, 0.754, 1603, 0, 243.512, 243.575, 0.063, 107,     0.888,
 1592, 1, 242.965, 242.965, 242.975, 0.01, 19, 242.975, 243.743, 0.767, 875, 0, 243.743, 243.766, 0.024, 47,     0.801,
 1591, 1, 242.758, 242.758, 242.819, 0.061, 113, 242.819, 243.743, 0.924, 914, 0, 243.743, 243.786, 0.043, 48,     1.029,
 1586, 1, 242.298, 242.298, 243.064, 0.766, 1512, 243.064, 243.801, 0.737, 1128, 0, 243.801, 243.811, 0.01, 5,     1.513,
 1593, 1, 243.173, 243.173, 243.173, 0, 5, 243.173, 244, 0.827, 1753, 0, 244, 244.061, 0.061, 115,     0.888,
 1594, 1, 243.222, 243.222, 243.232, 0.01, 15, 243.232, 244.051, 0.82, 986, 0, 244.051, 244.081, 0.03, 46,     0.860,
 1596, 1, 243.477, 243.477, 243.502, 0.025, 28, 243.502, 244.25, 0.748, 1132, 0, 244.25, 244.26, 0.01, 3,     0.784,
 1595, 1, 243.422, 243.422, 243.516, 0.094, 189, 243.516, 244.25, 0.734, 973, 0, 244.25, 244.474, 0.224, 448,     1.053,
 1598, 1, 244.048, 244.048, 244.08, 0.032, 35, 244.08, 244.808, 0.728, 1773, 0, 244.808, 244.818, 0.01, 8,     0.770,
 1599, 1, 244.38, 244.38, 244.39, 0.01, 20, 244.39, 245.122, 0.732, 1870, 0, 245.122, 245.234, 0.111, 223,     0.854,
 1601, 1, 244.499, 244.499, 244.541, 0.042, 88, 244.541, 245.273, 0.732, 1639, 0, 245.273, 245.358, 0.084, 169,     0.859,
 1597, 1, 243.721, 243.721, 244.636, 0.915, 1804, 244.636, 245.361, 0.725, 1565, 0, 245.361, 245.374, 0.013, 33,     1.653,
 1600, 1, 244.449, 244.449, 244.483, 0.035, 69, 244.483, 245.215, 0.731, 1052, 0, 245.215, 245.543, 0.328, 657,     1.094,
 1604, 1, 244.993, 244.993, 244.993, 0, 2, 244.993, 245.7, 0.707, 1730, 0, 245.7, 245.71, 0.01, 1,     0.717,
 1603, 1, 244.909, 244.909, 244.96, 0.051, 115, 244.96, 245.686, 0.726, 1572, 0, 245.686, 245.746, 0.06, 121,     0.838,
 1605, 1, 245.075, 245.075, 245.106, 0.03, 61, 245.106, 245.95, 0.844, 1685, 0, 245.95, 245.96, 0.01, 15,     0.885,
 1606, 1, 245.258, 245.258, 245.324, 0.066, 142, 245.324, 246.2, 0.875, 1521, 0, 246.2, 246.23, 0.03, 61,     0.972,
 1608, 1, 245.436, 245.436, 245.513, 0.077, 139, 245.513, 246.242, 0.729, 1986, 0, 246.242, 246.31, 0.068, 136,     0.874,
 1610, 1, 245.559, 245.559, 245.573, 0.014, 28, 245.573, 246.449, 0.876, 1817, 0, 246.449, 246.449, 0, 9,     0.890,
 1609, 1, 245.538, 245.538, 245.548, 0.01, 13, 245.548, 246.441, 0.893, 1488, 0, 246.441, 246.472, 0.031, 62,     0.934,
 1607, 1, 245.345, 245.345, 245.355, 0.01, 18, 245.355, 246.2, 0.845, 1991, 0, 246.2, 246.688, 0.488, 977,     1.343,
 1611, 1, 246.156, 246.156, 246.166, 0.01, 4, 246.166, 246.944, 0.779, 1633, 0, 246.944, 246.954, 0.01, 4,     0.799,
 1613, 1, 246.251, 246.251, 246.26, 0.009, 4, 246.26, 247.29, 1.031, 1550, 0, 247.29, 247.3, 0.01, 16,     1.049,
 1602, 1, 244.867, 244.867, 246.25, 1.383, 2766, 246.25, 247.268, 1.019, 1698, 0, 247.268, 247.35, 0.082, 155,     2.484,
 1612, 1, 246.218, 246.218, 246.218, 0, 13, 246.218, 246.993, 0.775, 1335, 0, 246.993, 247.37, 0.378, 739,     1.153,
 1614, 1, 246.276, 246.276, 246.37, 0.094, 200, 246.37, 247.528, 1.158, 1729, 0, 247.528, 247.538, 0.01, 20,     1.262,
 1615, 1, 246.398, 246.398, 246.423, 0.025, 50, 246.423, 247.54, 1.117, 1614, 0, 247.54, 247.54, 0, 1,     1.142,
 1617, 1, 246.762, 246.762, 246.762, 0, 1, 246.762, 247.702, 0.94, 1409, 0, 247.702, 247.833, 0.131, 262,     1.071,
 1618, 1, 247.007, 247.007, 247.089, 0.082, 151, 247.089, 247.801, 0.712, 1206, 0, 247.801, 247.964, 0.163, 291,     0.956,
 1620, 1, 247.06, 247.06, 247.149, 0.089, 119, 247.149, 247.874, 0.725, 1936, 0, 247.874, 248.002, 0.128, 253,     0.942,
 1621, 1, 247.248, 247.248, 247.273, 0.025, 51, 247.273, 247.992, 0.719, 1720, 0, 247.992, 248.022, 0.03, 47,     0.775,
 1619, 1, 247.035, 247.035, 247.287, 0.252, 494, 247.287, 248.039, 0.752, 1303, 0, 248.039, 248.039, 0, 6,     1.004,
 1623, 1, 247.441, 247.441, 247.481, 0.04, 69, 247.481, 248.288, 0.807, 1331, 0, 248.288, 248.349, 0.061, 122,     0.908,
 1622, 1, 247.343, 247.343, 247.451, 0.109, 204, 247.451, 248.247, 0.796, 1933, 0, 248.247, 248.413, 0.166, 328,     1.071,
 1625, 1, 247.689, 247.689, 247.771, 0.082, 143, 247.771, 248.499, 0.727, 2231, 0, 248.499, 248.509, 0.01, 13,     0.820,
 1626, 1, 247.776, 247.776, 247.855, 0.079, 169, 247.855, 248.59, 0.734, 1115, 0, 248.59, 248.625, 0.035, 70,     0.849,
 1616, 1, 246.601, 246.601, 246.61, 0.01, 11, 246.61, 247.603, 0.993, 1539, 0, 247.603, 248.652, 1.048, 2097,     2.051,
 1627, 1, 248.067, 248.067, 248.175, 0.107, 215, 248.175, 248.89, 0.715, 2010, 0, 248.89, 248.935, 0.046, 91,     0.868,
 1628, 1, 248.105, 248.105, 248.278, 0.173, 328, 248.278, 248.994, 0.716, 1672, 0, 248.994, 249.023, 0.029, 58,     0.918,
 1629, 1, 248.211, 248.211, 248.232, 0.02, 41, 248.232, 248.948, 0.716, 1644, 0, 248.948, 249.149, 0.201, 403,     0.938,
 1630, 1, 248.241, 248.241, 248.433, 0.191, 380, 248.433, 249.151, 0.718, 1787, 0, 249.151, 249.178, 0.027, 58,     0.937,
 1585, 1, 242.098, 242.098, 242.133, 0.035, 58, 242.133, 242.981, 0.847, 1525, 0, 242.981, 249.333, 6.352, 12705,     7.235,
 1631, 1, 248.588, 248.588, 248.624, 0.036, 54, 248.624, 249.365, 0.741, 2091, 0, 249.365, 249.387, 0.022, 43,     0.799,
 1632, 1, 248.756, 248.756, 248.766, 0.01, 9, 248.766, 249.481, 0.715, 1654, 0, 249.481, 249.501, 0.019, 39,     0.745,
 1633, 1, 248.838, 248.838, 249.078, 0.24, 491, 249.078, 249.794, 0.716, 1593, 0, 249.794, 249.829, 0.035, 70,     0.992,
 1634, 1, 249.484, 249.484, 249.514, 0.03, 59, 249.514, 250.231, 0.717, 1191, 0, 250.231, 250.241, 0.01, 2,     0.756,
 1635, 1, 249.529, 249.529, 249.683, 0.155, 311, 249.683, 250.42, 0.737, 1321, 0, 250.42, 250.435, 0.015, 30,     0.907,
 1638, 1, 249.892, 249.892, 249.936, 0.044, 52, 249.936, 250.65, 0.714, 873, 0, 250.65, 250.66, 0.01, 19,     0.768,
 1636, 1, 249.806, 249.806, 249.905, 0.1, 204, 249.905, 250.632, 0.727, 1455, 0, 250.632, 250.707, 0.075, 146,     0.901,
 1637, 1, 249.858, 249.858, 250.022, 0.164, 329, 250.022, 250.748, 0.726, 1695, 0, 250.748, 250.81, 0.061, 123,     0.952,
 1640, 1, 249.977, 249.977, 250.147, 0.171, 252, 250.147, 250.9, 0.753, 1764, 0, 250.9, 250.974, 0.074, 148,     0.997,
 1624, 1, 247.474, 247.474, 247.587, 0.113, 232, 247.587, 248.392, 0.805, 1167, 0, 248.392, 251.276, 2.884, 5768,     3.802,
 1641, 1, 250.008, 250.008, 250.409, 0.402, 497, 250.409, 251.209, 0.8, 1712, 0, 251.209, 251.417, 0.208, 400,     1.409,
 1639, 1, 249.926, 249.926, 250.789, 0.863, 1706, 250.789, 251.505, 0.716, 1108, 0, 251.505, 251.518, 0.013, 26,     1.592,
 1643, 1, 250.331, 250.331, 250.803, 0.472, 13, 250.803, 251.537, 0.734, 1222, 0, 251.537, 251.625, 0.088, 176,     1.295,
 1644, 1, 250.436, 250.436, 250.837, 0.401, 31, 250.837, 251.569, 0.732, 1381, 0, 251.569, 251.751, 0.181, 363,     1.314,
 1642, 1, 250.072, 250.072, 251.399, 1.327, 1980, 251.399, 252.165, 0.766, 1600, 0, 252.165, 252.181, 0.017, 33,     2.109,
 1646, 1, 250.616, 250.616, 251.425, 0.809, 40, 251.425, 252.195, 0.77, 1253, 0, 252.195, 252.205, 0.01, 11,     1.589,
 1647, 1, 251.053, 251.053, 251.587, 0.534, 318, 251.587, 252.445, 0.858, 826, 0, 252.445, 252.457, 0.012, 25,     1.404,
 1645, 1, 250.591, 250.591, 251.552, 0.961, 1430, 251.552, 252.299, 0.747, 1609, 0, 252.299, 252.539, 0.24, 481,     1.948,
 1652, 1, 251.489, 251.489, 251.61, 0.12, 14, 251.61, 252.59, 0.98, 1511, 0, 252.59, 252.6, 0.01, 18,     1.111,
 1650, 1, 251.285, 251.285, 251.6, 0.315, 34, 251.6, 252.549, 0.949, 1623, 0, 252.549, 252.635, 0.086, 191,     1.350,
 1654, 1, 251.587, 251.587, 251.63, 0.043, 6, 251.63, 252.699, 1.069, 2028, 0, 252.699, 252.719, 0.02, 40,     1.132,
 1648, 1, 251.096, 251.096, 251.566, 0.469, 15, 251.566, 252.34, 0.774, 1333, 0, 252.34, 252.731, 0.391, 783,     1.635,
 1649, 1, 251.246, 251.246, 251.58, 0.334, 14, 251.58, 252.418, 0.838, 1569, 0, 252.418, 252.751, 0.333, 632,     1.505,
 1651, 1, 251.433, 251.433, 251.802, 0.369, 413, 251.802, 252.798, 0.997, 1394, 0, 252.798, 253.112, 0.314, 628,     1.679,
 1657, 1, 252.737, 252.737, 252.747, 0.01, 1, 252.747, 253.473, 0.726, 1207, 0, 253.473, 253.483, 0.01, 17,     0.746,
 1655, 1, 251.64, 251.64, 252.625, 0.985, 1972, 252.625, 253.347, 0.722, 1258, 0, 253.347, 253.496, 0.149, 297,     1.856,
 1658, 1, 252.784, 252.784, 252.794, 0.01, 10, 252.794, 253.513, 0.719, 1753, 0, 253.513, 253.523, 0.01, 18,     0.739,
 1659, 1, 252.822, 252.822, 252.833, 0.011, 21, 252.833, 253.553, 0.72, 1408, 0, 253.553, 253.593, 0.041, 81,     0.771,
 1660, 1, 252.958, 252.958, 252.968, 0.01, 14, 252.968, 253.684, 0.716, 1008, 0, 253.684, 253.694, 0.01, 1,     0.736,
 1661, 1, 252.964, 252.964, 252.998, 0.034, 61, 252.998, 253.736, 0.738, 1258, 0, 253.736, 253.751, 0.015, 30,     0.787,
 1656, 1, 252.72, 252.72, 253.036, 0.315, 621, 253.036, 253.762, 0.727, 1745, 0, 253.762, 253.782, 0.02, 40,     1.062,
 1663, 1, 253.036, 253.036, 253.072, 0.037, 50, 253.072, 253.802, 0.73, 1530, 0, 253.802, 253.812, 0.01, 2,     0.777,
 1664, 1, 253.072, 253.072, 253.106, 0.034, 32, 253.106, 253.934, 0.828, 1095, 0, 253.934, 254.026, 0.091, 183,     0.953,
 1665, 1, 253.125, 253.125, 253.292, 0.167, 325, 253.292, 254.184, 0.892, 1571, 0, 254.184, 254.194, 0.01, 18,     1.069,
 1667, 1, 253.213, 253.213, 253.302, 0.089, 14, 253.302, 254.236, 0.934, 1276, 0, 254.236, 254.246, 0.01, 14,     1.033,
 1666, 1, 253.21, 253.21, 253.312, 0.102, 70, 253.312, 254.262, 0.95, 1554, 0, 254.262, 254.277, 0.014, 29,     1.067,
 1669, 1, 254.018, 254.018, 254.04, 0.022, 26, 254.04, 254.768, 0.728, 1309, 0, 254.768, 254.779, 0.011, 22,     0.761,
 1670, 1, 254.052, 254.052, 254.062, 0.01, 4, 254.062, 254.788, 0.725, 1264, 0, 254.788, 254.788, 0, 11,     0.735,
 1668, 1, 254.011, 254.011, 254.072, 0.061, 118, 254.072, 254.807, 0.735, 1317, 0, 254.807, 254.817, 0.01, 20,     0.806,
 1672, 1, 254.556, 254.556, 254.566, 0.01, 38, 254.566, 255.315, 0.748, 1372, 0, 255.315, 255.349, 0.034, 68,     0.792,
 1673, 1, 254.818, 254.818, 254.828, 0.01, 14, 254.828, 255.555, 0.726, 1432, 0, 255.555, 255.565, 0.01, 18,     0.746,
 1662, 1, 253.003, 253.003, 253.272, 0.269, 541, 253.272, 254.068, 0.796, 1712, 0, 254.068, 255.68, 1.612, 3210,     2.677,
 1674, 1, 254.944, 254.944, 254.954, 0.01, 9, 254.954, 255.67, 0.717, 1544, 0, 255.67, 255.68, 0.01, 11,     0.737,
 1671, 1, 254.477, 254.477, 254.983, 0.506, 1013, 254.983, 255.7, 0.718, 1647, 0, 255.7, 255.761, 0.06, 121,     1.284,
 1676, 1, 255.134, 255.134, 255.144, 0.01, 16, 255.144, 255.86, 0.716, 1731, 0, 255.86, 255.89, 0.03, 60,     0.756,
 1675, 1, 255.076, 255.076, 255.088, 0.012, 29, 255.088, 255.804, 0.717, 1569, 0, 255.804, 255.913, 0.108, 217,     0.837,
 1677, 1, 255.345, 255.345, 255.369, 0.024, 49, 255.369, 256.084, 0.714, 1176, 0, 256.084, 256.175, 0.091, 182,     0.830,
 1678, 1, 255.44, 255.44, 255.45, 0.01, 15, 255.45, 256.162, 0.712, 1331, 0, 256.162, 256.197, 0.035, 70,     0.757,
 1679, 1, 255.475, 255.475, 255.553, 0.077, 167, 255.553, 256.274, 0.721, 654, 0, 256.274, 256.286, 0.012, 25,     0.811,
 1681, 1, 255.661, 255.661, 255.757, 0.096, 196, 255.757, 256.473, 0.717, 1514, 0, 256.473, 256.506, 0.033, 66,     0.846,
 1682, 1, 255.786, 255.786, 256.045, 0.259, 525, 256.045, 256.761, 0.715, 1465, 0, 256.761, 256.772, 0.012, 23,     0.986,
 1684, 1, 256.143, 256.143, 256.153, 0.01, 8, 256.153, 256.887, 0.734, 1599, 0, 256.887, 256.897, 0.01, 4,     0.754,
 1683, 1, 256.038, 256.038, 256.143, 0.105, 162, 256.143, 256.855, 0.712, 1285, 0, 256.855, 256.999, 0.143, 287,     0.961,
 1685, 1, 256.18, 256.18, 256.19, 0.01, 1, 256.19, 257.021, 0.831, 1694, 0, 257.021, 257.103, 0.082, 132,     0.923,
 1680, 1, 255.593, 255.593, 256.955, 1.362, 2711, 256.955, 257.738, 0.783, 1287, 0, 257.738, 257.738, 0, 8,     2.145,
 1686, 1, 256.729, 256.729, 256.985, 0.256, 513, 256.985, 257.839, 0.854, 1410, 0, 257.839, 257.849, 0.01, 15,     1.120,
 1687, 1, 256.955, 256.955, 257.016, 0.061, 107, 257.016, 257.964, 0.948, 1677, 0, 257.964, 257.974, 0.01, 1,     1.018,
 1690, 1, 257.03, 257.03, 257.061, 0.031, 63, 257.061, 257.987, 0.926, 1593, 0, 257.987, 257.997, 0.01, 9,     0.967,
 1688, 1, 256.995, 256.995, 257.005, 0.01, 12, 257.005, 257.899, 0.893, 967, 0, 257.899, 258.012, 0.113, 227,     1.016,
 1691, 1, 257.091, 257.091, 257.187, 0.097, 199, 257.187, 258.152, 0.965, 1673, 0, 258.152, 258.279, 0.127, 255,     1.188,
 1689, 1, 257.016, 257.016, 257.152, 0.136, 265, 257.152, 258.097, 0.945, 1631, 0, 258.097, 258.387, 0.29, 580,     1.371,
 1653, 1, 251.514, 251.514, 251.62, 0.105, 4, 251.62, 252.668, 1.048, 1447, 0, 252.668, 258.609, 5.942, 11884,     7.095,
 1692, 1, 257.177, 257.177, 257.348, 0.17, 322, 257.348, 258.731, 1.383, 1419, 0, 258.731, 258.826, 0.095, 190,     1.649,
 1693, 1, 258.078, 258.078, 258.138, 0.06, 93, 258.138, 259.732, 1.594, 1032, 0, 259.732, 259.755, 0.023, 46,     1.677,
 1695, 1, 258.201, 258.201, 258.227, 0.026, 42, 258.227, 259.937, 1.711, 1915, 0, 259.937, 260.103, 0.166, 333,     1.903,
 1696, 1, 258.289, 258.289, 258.301, 0.012, 33, 258.301, 260.121, 1.82, 1291, 0, 260.121, 260.147, 0.026, 52,     1.858,
 1697, 1, 258.547, 258.547, 258.56, 0.013, 26, 258.56, 260.24, 1.68, 1308, 0, 260.24, 260.254, 0.014, 27,     1.707,
 1694, 1, 258.091, 258.091, 258.638, 0.546, 1084, 258.638, 260.512, 1.874, 1526, 0, 260.512, 260.522, 0.01, 1,     2.431,
 1698, 1, 258.605, 258.605, 258.618, 0.013, 28, 258.618, 260.49, 1.872, 1587, 0, 260.49, 260.554, 0.063, 127,     1.949,
 1700, 1, 258.793, 258.793, 258.825, 0.032, 46, 258.825, 260.77, 1.944, 1249, 0, 260.77, 260.814, 0.044, 88,     2.020,
 1699, 1, 258.74, 258.74, 258.772, 0.032, 78, 258.772, 260.756, 1.984, 1398, 0, 260.756, 260.834, 0.078, 130,     2.094,
 1701, 1, 259.06, 259.06, 259.07, 0.01, 7, 259.07, 261.016, 1.946, 1502, 0, 261.016, 261.046, 0.03, 42,     1.986,
 1702, 1, 259.155, 259.155, 259.167, 0.012, 30, 259.167, 261.137, 1.97, 1951, 0, 261.137, 261.147, 0.01, 17,     1.992,
 1703, 1, 259.19, 259.19, 259.19, 0, 9, 259.19, 261.191, 2.001, 1241, 0, 261.191, 261.283, 0.092, 184,     2.093,
 1704, 1, 259.341, 259.341, 259.365, 0.024, 51, 259.365, 261.286, 1.921, 1212, 0, 261.286, 261.3, 0.014, 35,     1.960,
 1705, 1, 259.619, 259.619, 259.662, 0.043, 64, 259.662, 261.545, 1.882, 1814, 0, 261.545, 261.559, 0.014, 29,     1.940,
 1706, 1, 259.682, 259.682, 259.682, 0, 3, 259.682, 261.641, 1.959, 1281, 0, 261.641, 261.668, 0.027, 54,     1.986,
 1707, 1, 259.71, 259.71, 259.735, 0.026, 51, 259.735, 261.706, 1.97, 1531, 0, 261.706, 261.87, 0.164, 334,     2.160,
 1708, 1, 260.189, 260.189, 260.199, 0.01, 17, 260.199, 262.047, 1.848, 1313, 0, 262.047, 262.105, 0.058, 116,     1.916,
 1709, 1, 260.297, 260.297, 260.305, 0.008, 16, 260.305, 262.218, 1.913, 1474, 0, 262.218, 262.244, 0.026, 55,     1.947,
 1710, 1, 260.461, 260.461, 260.515, 0.054, 86, 260.515, 262.546, 2.031, 1513, 0, 262.546, 262.556, 0.01, 17,     2.095,
 1711, 1, 260.488, 260.488, 260.515, 0.027, 63, 260.515, 262.577, 2.062, 1413, 0, 262.577, 262.635, 0.058, 115,     2.147,
 1712, 1, 260.678, 260.678, 260.688, 0.01, 2, 260.688, 262.736, 2.048, 1790, 0, 262.736, 262.746, 0.01, 7,     2.068,
 1713, 1, 260.812, 260.812, 260.882, 0.069, 139, 260.882, 262.796, 1.914, 1866, 0, 262.796, 262.815, 0.019, 38,     2.002,
 1715, 1, 261.259, 261.259, 261.42, 0.162, 331, 261.42, 263.156, 1.736, 1533, 0, 263.156, 263.175, 0.019, 38,     1.917,
 1716, 1, 261.323, 261.323, 261.571, 0.247, 269, 261.571, 263.304, 1.734, 1215, 0, 263.304, 263.314, 0.01, 16,     1.991,
 1714, 1, 261.104, 261.104, 261.585, 0.48, 946, 261.585, 263.501, 1.917, 1818, 0, 263.501, 263.553, 0.052, 104,     2.449,
 1717, 1, 261.669, 261.669, 261.693, 0.024, 63, 261.693, 263.562, 1.869, 1808, 0, 263.562, 263.576, 0.014, 45,     1.907,
 1718, 1, 262.094, 262.094, 262.38, 0.286, 587, 262.38, 263.757, 1.377, 1908, 0, 263.757, 263.767, 0.01, 4,     1.673,
 1719, 1, 262.351, 262.351, 262.618, 0.266, 514, 262.618, 263.906, 1.288, 1642, 0, 263.906, 263.919, 0.014, 27,     1.568,
 1722, 1, 262.662, 262.662, 262.662, 0, 1, 262.662, 264.077, 1.415, 1130, 0, 264.077, 264.107, 0.03, 56,     1.445,
 1723, 1, 262.791, 262.791, 262.801, 0.01, 19, 262.801, 264.097, 1.296, 1848, 0, 264.097, 264.138, 0.041, 81,     1.346,
 1720, 1, 262.5, 262.5, 262.656, 0.156, 320, 262.656, 264.007, 1.351, 1925, 0, 264.007, 264.234, 0.228, 456,     1.735,
 1721, 1, 262.544, 262.544, 262.861, 0.317, 474, 262.861, 264.256, 1.395, 1810, 0, 264.256, 264.266, 0.01, 20,     1.722,
 1724, 1, 263.216, 263.216, 263.226, 0.01, 10, 263.226, 264.405, 1.179, 1351, 0, 264.405, 264.765, 0.359, 719,     1.548,
 1726, 1, 263.466, 263.466, 263.502, 0.035, 71, 263.502, 264.604, 1.102, 1675, 0, 264.604, 264.922, 0.318, 631,     1.455,
 1729, 1, 264.06, 264.06, 264.197, 0.137, 25, 264.197, 264.932, 0.735, 1268, 0, 264.932, 264.942, 0.01, 9,     0.882,
 1728, 1, 263.62, 263.62, 264.183, 0.563, 613, 264.183, 264.912, 0.729, 2222, 0, 264.912, 265.06, 0.148, 296,     1.440,
 1727, 1, 263.486, 263.486, 264.472, 0.986, 1941, 264.472, 265.197, 0.725, 972, 0, 265.197, 265.27, 0.073, 143,     1.784,
 1732, 1, 264.524, 264.524, 264.534, 0.01, 11, 264.534, 265.411, 0.877, 1626, 0, 265.411, 265.459, 0.048, 91,     0.935,
 1734, 1, 264.658, 264.658, 264.691, 0.033, 32, 264.691, 265.449, 0.758, 2253, 0, 265.449, 265.483, 0.034, 68,     0.825,
 1733, 1, 264.604, 264.604, 264.657, 0.053, 106, 264.657, 265.437, 0.78, 1316, 0, 265.437, 265.535, 0.098, 196,     0.931,
 1735, 1, 264.86, 264.86, 264.87, 0.01, 11, 264.87, 265.614, 0.744, 1574, 0, 265.614, 265.624, 0.01, 2,     0.764,
 1725, 1, 263.45, 263.45, 263.876, 0.426, 820, 263.876, 264.656, 0.779, 1602, 0, 264.656, 265.778, 1.123, 2246,     2.328,
 1737, 1, 265.082, 265.082, 265.112, 0.03, 27, 265.112, 265.91, 0.798, 1117, 0, 265.91, 265.941, 0.031, 62,     0.859,
 1736, 1, 264.934, 264.934, 265.112, 0.178, 345, 265.112, 265.864, 0.752, 1272, 0, 265.864, 266.019, 0.155, 310,     1.085,
 1741, 1, 265.386, 265.386, 265.445, 0.059, 8, 265.445, 266.187, 0.742, 1347, 0, 266.187, 266.197, 0.01, 17,     0.811,
 1739, 1, 265.186, 265.186, 265.261, 0.075, 161, 265.261, 265.996, 0.735, 1544, 0, 265.996, 266.235, 0.239, 479,     1.049,
 1738, 1, 265.153, 265.153, 265.516, 0.363, 736, 265.516, 266.259, 0.744, 2342, 0, 266.259, 266.269, 0.01, 5,     1.117,
 1740, 1, 265.347, 265.347, 265.433, 0.086, 172, 265.433, 266.147, 0.714, 1575, 0, 266.147, 266.283, 0.136, 272,     0.936,
 1731, 1, 264.341, 264.341, 264.395, 0.054, 104, 264.395, 265.187, 0.792, 1650, 0, 265.187, 266.531, 1.344, 2689,     2.190,
 1743, 1, 266.13, 266.13, 266.142, 0.012, 24, 266.142, 266.972, 0.83, 1786, 0, 266.972, 267.053, 0.08, 161,     0.922,
 1730, 1, 264.142, 264.142, 264.211, 0.069, 13, 264.211, 265.111, 0.9, 1612, 0, 265.111, 267.107, 1.996, 3992,     2.965,
 1745, 1, 266.369, 266.369, 266.404, 0.035, 62, 266.404, 267.23, 0.826, 1638, 0, 267.23, 267.24, 0.01, 11,     0.871,
 1746, 1, 266.462, 266.462, 266.462, 0, 10, 266.462, 267.26, 0.797, 1415, 0, 267.26, 267.279, 0.019, 38,     0.816,
 1748, 1, 266.716, 266.716, 266.765, 0.049, 70, 266.765, 267.493, 0.728, 1689, 0, 267.493, 267.513, 0.02, 40,     0.796,
 1747, 1, 266.648, 266.648, 266.687, 0.039, 60, 266.687, 267.405, 0.718, 1884, 0, 267.405, 267.55, 0.145, 290,     0.902,
 1749, 1, 266.899, 266.899, 266.909, 0.01, 7, 266.909, 267.659, 0.75, 1909, 0, 267.659, 267.701, 0.042, 84,     0.802,
 1751, 1, 267.01, 267.01, 267.164, 0.153, 33, 267.164, 267.882, 0.718, 1935, 0, 267.882, 267.903, 0.022, 43,     0.893,
 1744, 1, 266.21, 266.21, 267.145, 0.935, 1870, 267.145, 267.882, 0.737, 1655, 0, 267.882, 268.141, 0.26, 513,     1.931,
 1750, 1, 266.979, 266.979, 267.21, 0.231, 462, 267.21, 268.101, 0.892, 1417, 0, 268.101, 268.165, 0.063, 127,     1.186,
 1754, 1, 267.164, 267.164, 267.238, 0.074, 18, 267.238, 268.131, 0.894, 1775, 0, 268.131, 268.185, 0.053, 88,     1.021,
 1752, 1, 267.107, 267.107, 267.224, 0.116, 112, 267.224, 268.131, 0.908, 1443, 0, 268.131, 268.287, 0.156, 311,     1.180,
 1753, 1, 267.127, 267.127, 267.332, 0.205, 218, 267.332, 268.418, 1.085, 1920, 0, 268.418, 268.428, 0.01, 10,     1.300,
 1755, 1, 267.637, 267.637, 267.641, 0.004, 14, 267.641, 268.667, 1.026, 1490, 0, 268.667, 268.677, 0.01, 27,     1.040,
 1756, 1, 268.103, 268.103, 268.226, 0.123, 254, 268.226, 269.108, 0.882, 1435, 0, 269.108, 269.342, 0.233, 467,     1.239,
 1757, 1, 268.504, 268.504, 268.514, 0.01, 8, 268.514, 269.381, 0.868, 1415, 0, 269.381, 269.391, 0.01, 13,     0.888,
 1759, 1, 268.709, 268.709, 268.719, 0.01, 11, 268.719, 269.639, 0.92, 1224, 0, 269.639, 269.669, 0.03, 51,     0.960,
 1758, 1, 268.582, 268.582, 268.592, 0.01, 7, 268.592, 269.607, 1.015, 1326, 0, 269.607, 269.689, 0.082, 139,     1.107,
 1760, 1, 268.914, 268.914, 269.081, 0.167, 334, 269.081, 269.793, 0.712, 1856, 0, 269.793, 269.803, 0.01, 5,     0.889,
 1762, 1, 269.182, 269.182, 269.192, 0.01, 3, 269.192, 269.921, 0.729, 1930, 0, 269.921, 269.945, 0.023, 46,     0.762,
 1763, 1, 269.247, 269.247, 269.257, 0.01, 15, 269.257, 269.972, 0.716, 1893, 0, 269.972, 269.982, 0.01, 6,     0.736,
 1761, 1, 269.091, 269.091, 269.155, 0.064, 128, 269.155, 269.892, 0.736, 1154, 0, 269.892, 270.02, 0.128, 218,     0.929,
 1742, 1, 265.405, 265.405, 265.459, 0.054, 15, 265.459, 266.198, 0.739, 1910, 0, 266.198, 270.061, 3.863, 7709,     4.656,
 1764, 1, 269.295, 269.295, 269.303, 0.007, 17, 269.303, 270.051, 0.748, 1484, 0, 270.051, 270.061, 0.01, 18,     0.766,
 1765, 1, 269.307, 269.307, 269.341, 0.034, 77, 269.341, 270.141, 0.8, 1548, 0, 270.141, 270.224, 0.083, 166,     0.917,
 1766, 1, 269.348, 269.348, 269.355, 0.007, 23, 269.355, 270.171, 0.816, 1946, 0, 270.171, 270.234, 0.063, 107,     0.885,
 1767, 1, 269.54, 269.54, 269.617, 0.077, 122, 269.617, 270.33, 0.713, 1240, 0, 270.33, 270.382, 0.052, 104,     0.842,
 1768, 1, 269.621, 269.621, 269.639, 0.019, 32, 269.639, 270.39, 0.751, 1476, 0, 270.39, 270.43, 0.04, 83,     0.809,
 1769, 1, 270.065, 270.065, 270.065, 0, 1, 270.065, 270.889, 0.824, 1163, 0, 270.889, 270.952, 0.063, 97,     0.887,
 1770, 1, 270.129, 270.129, 270.139, 0.01, 15, 270.139, 271.025, 0.886, 1325, 0, 271.025, 271.095, 0.07, 139,     0.966,
 1772, 1, 270.309, 270.309, 270.326, 0.017, 33, 270.326, 271.169, 0.843, 1701, 0, 271.169, 271.191, 0.022, 44,     0.882,
 1771, 1, 270.226, 270.226, 270.243, 0.017, 49, 270.243, 271.149, 0.906, 1961, 0, 271.149, 271.237, 0.088, 177,     1.011,
 1773, 1, 270.429, 270.429, 270.443, 0.014, 29, 270.443, 271.275, 0.832, 1486, 0, 271.275, 271.725, 0.45, 901,     1.296,
 1777, 1, 271.041, 271.041, 271.051, 0.01, 31, 271.051, 271.776, 0.725, 1375, 0, 271.776, 271.801, 0.025, 50,     0.760,
 1774, 1, 270.474, 270.474, 270.666, 0.192, 368, 270.666, 271.604, 0.938, 1375, 0, 271.604, 271.864, 0.26, 509,     1.390,
 1778, 1, 271.127, 271.127, 271.137, 0.01, 1, 271.137, 271.854, 0.717, 1071, 0, 271.854, 271.874, 0.02, 29,     0.747,
 1775, 1, 270.706, 270.706, 270.832, 0.125, 251, 270.832, 271.674, 0.842, 1572, 0, 271.674, 271.922, 0.248, 483,     1.215,
 1776, 1, 270.733, 270.733, 270.738, 0.006, 22, 270.738, 271.662, 0.923, 1301, 0, 271.662, 271.977, 0.315, 631,     1.245,
 1779, 1, 271.183, 271.183, 271.285, 0.102, 196, 271.285, 272, 0.715, 1434, 0, 272, 272.072, 0.073, 146,     0.890,
 1781, 1, 271.991, 271.991, 272.018, 0.027, 55, 272.018, 272.74, 0.721, 1459, 0, 272.74, 272.79, 0.05, 100,     0.799,
 1780, 1, 271.917, 271.917, 272.041, 0.123, 238, 272.041, 272.762, 0.721, 1380, 0, 272.762, 272.81, 0.048, 69,     0.892,
 1784, 1, 272.275, 272.275, 272.275, 0, 1, 272.275, 273.011, 0.737, 1470, 0, 273.011, 273.049, 0.037, 67,     0.774,
 1782, 1, 272.217, 272.217, 272.217, 0, 4, 272.217, 273.011, 0.794, 1428, 0, 273.011, 273.116, 0.105, 210,     0.899,
 1783, 1, 272.268, 272.268, 272.283, 0.015, 47, 272.283, 273.219, 0.937, 1720, 0, 273.219, 273.229, 0.01, 5,     0.962,
 1785, 1, 272.335, 272.335, 272.345, 0.01, 7, 272.345, 273.261, 0.916, 1733, 0, 273.261, 273.271, 0.01, 17,     0.936,
 1787, 1, 272.49, 272.49, 272.594, 0.104, 215, 272.594, 273.47, 0.876, 1705, 0, 273.47, 273.489, 0.019, 37,     0.998,
 1788, 1, 272.532, 272.532, 272.608, 0.076, 7, 272.608, 273.49, 0.882, 2002, 0, 273.49, 273.535, 0.045, 93,     1.003,
 1786, 1, 272.442, 272.442, 272.623, 0.18, 366, 272.623, 273.51, 0.887, 1114, 0, 273.51, 273.555, 0.045, 71,     1.113,
 1789, 1, 272.623, 272.623, 272.633, 0.01, 13, 272.633, 273.561, 0.928, 1312, 0, 273.561, 273.561, 0, 12,     0.938,
 1790, 1, 272.644, 272.644, 272.667, 0.023, 46, 272.667, 273.735, 1.067, 1538, 0, 273.735, 273.762, 0.028, 48,     1.118,
 1791, 1, 273.219, 273.219, 273.229, 0.01, 13, 273.229, 274.002, 0.773, 1236, 0, 274.002, 274.021, 0.019, 54,     0.802,
 1793, 1, 273.459, 273.459, 273.459, 0, 9, 273.459, 274.265, 0.806, 1387, 0, 274.265, 274.292, 0.027, 54,     0.833,
 1794, 1, 273.466, 273.466, 273.466, 0, 8, 273.466, 274.392, 0.925, 1130, 0, 274.392, 274.411, 0.02, 40,     0.945,
 1795, 1, 273.502, 273.502, 273.512, 0.01, 18, 273.512, 274.401, 0.89, 1236, 0, 274.401, 274.421, 0.02, 21,     0.920,
 1796, 1, 273.531, 273.531, 273.557, 0.026, 64, 273.557, 274.493, 0.936, 898, 0, 274.493, 274.579, 0.086, 172,     1.048,
 1797, 1, 273.544, 273.544, 273.627, 0.083, 141, 273.627, 274.523, 0.896, 1346, 0, 274.523, 274.677, 0.154, 309,     1.133,
 1792, 1, 273.425, 273.425, 273.702, 0.277, 562, 273.702, 274.654, 0.952, 751, 0, 274.654, 274.749, 0.095, 168,     1.324,
 1798, 1, 273.663, 273.663, 273.761, 0.098, 168, 273.761, 274.752, 0.991, 1393, 0, 274.752, 274.805, 0.053, 112,     1.141,
 1799, 1, 273.974, 273.974, 274.041, 0.066, 122, 274.041, 274.907, 0.867, 1940, 0, 274.907, 274.917, 0.01, 13,     0.943,
 1800, 1, 274.174, 274.174, 274.221, 0.047, 87, 274.221, 275.157, 0.937, 1317, 0, 275.157, 275.18, 0.023, 56,     1.006,
 1801, 1, 274.288, 274.288, 274.292, 0.004, 13, 274.292, 275.28, 0.988, 779, 0, 275.28, 275.324, 0.043, 87,     1.036,
 1802, 1, 274.33, 274.33, 274.338, 0.008, 14, 274.338, 275.406, 1.068, 1734, 0, 275.406, 275.42, 0.014, 27,     1.090,
 1803, 1, 274.393, 274.393, 274.433, 0.04, 55, 274.433, 275.406, 0.974, 1413, 0, 275.406, 275.444, 0.037, 74,     1.051,
 1805, 1, 275.033, 275.033, 275.083, 0.05, 111, 275.083, 275.931, 0.849, 1680, 0, 275.931, 275.941, 0.01, 3,     0.909,
 1807, 1, 275.462, 275.462, 275.472, 0.01, 1, 275.472, 276.193, 0.721, 1745, 0, 276.193, 276.345, 0.151, 307,     0.883,
 1808, 1, 275.514, 275.514, 275.517, 0.004, 15, 275.517, 276.314, 0.797, 932, 0, 276.314, 276.365, 0.05, 97,     0.851,
 1809, 1, 275.559, 275.559, 275.624, 0.065, 124, 275.624, 276.525, 0.901, 1216, 0, 276.525, 276.642, 0.117, 234,     1.083,
 1811, 1, 275.68, 275.68, 275.69, 0.01, 21, 275.69, 276.696, 1.005, 1798, 0, 276.696, 276.706, 0.01, 7,     1.026,
 1810, 1, 275.637, 275.637, 275.69, 0.053, 107, 275.69, 276.696, 1.005, 1380, 0, 276.696, 276.766, 0.07, 140,     1.128,
 1806, 1, 275.225, 275.225, 275.289, 0.064, 109, 275.289, 276.018, 0.729, 1514, 0, 276.018, 276.934, 0.915, 1831,     1.708,
 1812, 1, 275.725, 275.725, 275.789, 0.064, 108, 275.789, 276.945, 1.156, 1936, 0, 276.945, 276.986, 0.041, 82,     1.261,
 1813, 1, 276.06, 276.06, 276.165, 0.106, 208, 276.165, 276.945, 0.78, 1178, 0, 276.945, 277.011, 0.066, 132,     0.952,
 1814, 1, 276.155, 276.155, 276.387, 0.232, 449, 276.387, 277.195, 0.808, 1513, 0, 277.195, 277.228, 0.033, 66,     1.072,
 1815, 1, 276.416, 276.416, 276.426, 0.01, 15, 276.426, 277.195, 0.768, 1392, 0, 277.195, 277.262, 0.067, 134,     0.845,
 1816, 1, 276.489, 276.489, 276.513, 0.024, 48, 276.513, 277.306, 0.793, 2024, 0, 277.306, 277.349, 0.043, 86,     0.860,
 1817, 1, 276.542, 276.542, 276.573, 0.031, 49, 276.573, 277.444, 0.871, 1507, 0, 277.444, 277.454, 0.01, 5,     0.912,
 1818, 1, 276.652, 276.652, 276.662, 0.01, 7, 276.662, 277.444, 0.781, 1314, 0, 277.444, 277.454, 0.01, 7,     0.801,
 1819, 1, 276.675, 276.675, 276.758, 0.082, 165, 276.758, 277.565, 0.807, 1615, 0, 277.565, 277.575, 0.01, 13,     0.900,
 1820, 1, 276.971, 276.971, 277.031, 0.06, 101, 277.031, 277.814, 0.783, 1678, 0, 277.814, 277.824, 0.01, 9,     0.853,
 1822, 1, 277.123, 277.123, 277.133, 0.01, 10, 277.133, 277.964, 0.831, 1054, 0, 277.964, 277.974, 0.01, 18,     0.851,
 1821, 1, 277.048, 277.048, 277.146, 0.098, 202, 277.146, 277.964, 0.818, 1520, 0, 277.964, 277.974, 0.01, 1,     0.926,
 1824, 1, 277.236, 277.236, 277.264, 0.028, 58, 277.264, 278.076, 0.812, 1771, 0, 278.076, 278.195, 0.119, 238,     0.960,
 1823, 1, 277.215, 277.215, 277.23, 0.015, 30, 277.23, 278.064, 0.834, 1062, 0, 278.064, 278.341, 0.277, 554,     1.126,
 1825, 1, 277.39, 277.39, 277.414, 0.024, 46, 277.414, 278.489, 1.074, 1314, 0, 278.489, 278.499, 0.01, 4,     1.109,
 1826, 1, 277.493, 277.493, 277.551, 0.058, 116, 277.551, 278.739, 1.188, 1745, 0, 278.739, 278.986, 0.248, 460,     1.493,
 1828, 1, 278.196, 278.196, 278.523, 0.327, 655, 278.523, 279.239, 0.717, 1192, 0, 279.239, 279.438, 0.199, 398,     1.242,
 1827, 1, 278.051, 278.051, 278.842, 0.792, 1545, 278.842, 279.603, 0.761, 1527, 0, 279.603, 279.603, 0, 9,     1.553,
 1831, 1, 278.503, 278.503, 278.868, 0.365, 26, 278.868, 279.693, 0.825, 1623, 0, 279.693, 279.713, 0.019, 39,     1.209,
 1830, 1, 278.392, 278.392, 278.854, 0.463, 13, 278.854, 279.675, 0.821, 1431, 0, 279.675, 279.732, 0.056, 113,     1.340,
 1832, 1, 278.788, 278.788, 278.882, 0.094, 1, 278.882, 279.788, 0.906, 1819, 0, 279.788, 279.802, 0.014, 27,     1.013,
 1834, 1, 279.063, 279.063, 279.094, 0.031, 30, 279.094, 279.96, 0.866, 1537, 0, 279.96, 280, 0.04, 44,     0.937,
 1833, 1, 278.913, 278.913, 279.063, 0.15, 303, 279.063, 279.94, 0.877, 1431, 0, 279.94, 280.135, 0.194, 389,     1.221,
 1835, 1, 279.108, 279.108, 279.162, 0.054, 110, 279.162, 280.12, 0.958, 1493, 0, 280.12, 280.154, 0.034, 30,     1.046,
 1836, 1, 279.176, 279.176, 279.254, 0.078, 129, 279.254, 280.21, 0.956, 1793, 0, 280.21, 280.24, 0.03, 60,     1.064,
 1837, 1, 279.212, 279.212, 279.28, 0.068, 29, 279.28, 280.287, 1.007, 918, 0, 280.287, 280.314, 0.027, 54,     1.101,
 1838, 1, 279.46, 279.46, 279.511, 0.051, 96, 279.511, 280.541, 1.03, 1257, 0, 280.541, 280.56, 0.019, 37,     1.100,
 1829, 1, 278.23, 278.23, 279.48, 1.25, 1893, 279.48, 280.459, 0.979, 1447, 0, 280.459, 280.635, 0.176, 353,     2.405,
 1839, 1, 279.511, 279.511, 279.739, 0.228, 418, 279.739, 280.877, 1.138, 1439, 0, 280.877, 280.888, 0.01, 21,     1.376,
 1840, 1, 280.26, 280.26, 280.27, 0.01, 18, 280.27, 280.992, 0.722, 1088, 0, 280.992, 281.002, 0.01, 11,     0.742,
 1841, 1, 280.358, 280.358, 280.37, 0.012, 25, 280.37, 281.086, 0.716, 1442, 0, 281.086, 281.216, 0.129, 259,     0.858,
 1842, 1, 280.51, 280.51, 280.525, 0.015, 30, 280.525, 281.248, 0.723, 1329, 0, 281.248, 281.264, 0.015, 31,     0.753,
 1843, 1, 280.571, 280.571, 280.595, 0.024, 42, 280.595, 281.38, 0.785, 1827, 0, 281.38, 281.435, 0.055, 115,     0.864,
 1844, 1, 280.674, 280.674, 280.728, 0.055, 109, 280.728, 281.503, 0.775, 1462, 0, 281.503, 281.513, 0.01, 1,     0.839,
 1845, 1, 280.775, 280.775, 280.775, 0, 5, 280.775, 281.601, 0.826, 1246, 0, 281.601, 281.706, 0.104, 209,     0.931,
 1846, 1, 281.031, 281.031, 281.041, 0.01, 15, 281.041, 281.753, 0.712, 1990, 0, 281.753, 281.763, 0.01, 1,     0.732,
 1847, 1, 281.111, 281.111, 281.125, 0.014, 39, 281.125, 281.841, 0.716, 1580, 0, 281.841, 281.918, 0.077, 153,     0.806,
 1804, 1, 274.462, 274.462, 274.497, 0.035, 81, 274.497, 275.518, 1.021, 1008, 0, 275.518, 282.619, 7.101, 14202,     8.157,
 1848, 1, 281.303, 281.303, 281.763, 0.459, 896, 281.763, 282.681, 0.918, 1562, 0, 282.681, 282.717, 0.036, 37,     1.413,
 1849, 1, 281.671, 281.671, 281.729, 0.057, 95, 281.729, 282.471, 0.742, 1350, 0, 282.471, 282.765, 0.294, 581,     1.093,
 1850, 1, 281.681, 281.681, 281.777, 0.096, 79, 281.777, 282.721, 0.944, 1581, 0, 282.721, 282.775, 0.054, 103,     1.093,
 1851, 1, 281.83, 281.83, 281.84, 0.01, 18, 281.84, 282.97, 1.13, 1545, 0, 282.97, 282.996, 0.026, 39,     1.166,
 1853, 1, 282.208, 282.208, 282.274, 0.066, 111, 282.274, 283.206, 0.933, 1686, 0, 283.206, 283.249, 0.042, 85,     1.041,
 1852, 1, 282.135, 282.135, 282.34, 0.204, 401, 282.34, 283.22, 0.88, 1595, 0, 283.22, 283.249, 0.029, 37,     1.113,
 1855, 1, 282.422, 282.422, 282.43, 0.008, 10, 282.43, 283.456, 1.026, 1195, 0, 283.456, 283.58, 0.124, 248,     1.158,
 1856, 1, 282.836, 282.836, 282.855, 0.019, 38, 282.855, 283.588, 0.733, 1376, 0, 283.588, 283.603, 0.014, 47,     0.766,
 1858, 1, 282.941, 282.941, 282.951, 0.01, 21, 282.951, 283.722, 0.771, 1566, 0, 283.722, 283.764, 0.041, 83,     0.823,
 1854, 1, 282.289, 282.289, 283.022, 0.734, 1469, 283.022, 283.751, 0.729, 1570, 0, 283.751, 283.79, 0.038, 77,     1.501,
 1857, 1, 282.908, 282.908, 282.927, 0.019, 39, 282.927, 283.67, 0.743, 1643, 0, 283.67, 283.918, 0.248, 496,     1.010,
 1860, 1, 283.11, 283.11, 283.138, 0.028, 56, 283.138, 283.934, 0.797, 944, 0, 283.934, 284.094, 0.159, 319,     0.984,
 1859, 1, 283.096, 283.096, 283.096, 0, 3, 283.096, 283.838, 0.743, 1904, 0, 283.838, 284.23, 0.392, 784,     1.135,
 1862, 1, 283.456, 283.456, 283.481, 0.026, 39, 283.481, 284.196, 0.714, 1819, 0, 284.196, 284.25, 0.054, 85,     0.795,
 1863, 1, 283.494, 283.494, 283.536, 0.042, 85, 283.536, 284.253, 0.717, 1487, 0, 284.253, 284.263, 0.01, 8,     0.769,
 1861, 1, 283.387, 283.387, 283.447, 0.06, 109, 283.447, 284.164, 0.716, 1262, 0, 284.164, 284.321, 0.157, 314,     0.933,
 1866, 1, 284.48, 284.48, 284.508, 0.028, 39, 284.508, 285.44, 0.933, 1507, 0, 285.44, 285.486, 0.046, 91,     1.006,
 1867, 1, 284.702, 284.702, 284.702, 0, 11, 284.702, 285.63, 0.928, 1801, 0, 285.63, 285.7, 0.07, 132,     0.998,
 1868, 1, 284.796, 284.796, 284.806, 0.01, 13, 284.806, 285.668, 0.862, 1420, 0, 285.668, 285.7, 0.032, 59,     0.904,
 1864, 1, 283.783, 283.783, 283.965, 0.182, 365, 283.965, 284.693, 0.728, 1426, 0, 284.693, 285.739, 1.047, 2094,     1.956,
 1869, 1, 284.851, 284.851, 284.861, 0.01, 14, 284.861, 285.69, 0.829, 1534, 0, 285.69, 285.778, 0.088, 176,     0.927,
 1871, 1, 284.908, 284.908, 285.099, 0.191, 51, 285.099, 285.949, 0.85, 2179, 0, 285.949, 286.001, 0.051, 103,     1.093,
 1865, 1, 283.936, 283.936, 285.073, 1.137, 2275, 285.073, 285.927, 0.854, 1221, 0, 285.927, 286.021, 0.093, 161,     2.085,
 1873, 1, 285.028, 285.028, 285.166, 0.139, 17, 285.166, 286.139, 0.973, 1692, 0, 286.139, 286.149, 0.01, 13,     1.121,
 1874, 1, 285.05, 285.05, 285.209, 0.16, 85, 285.209, 286.199, 0.99, 2175, 0, 286.199, 286.209, 0.01, 6,     1.159,
 1872, 1, 284.959, 284.959, 285.152, 0.193, 74, 285.152, 285.949, 0.797, 1704, 0, 285.949, 286.23, 0.281, 562,     1.270,
 1875, 1, 285.367, 285.367, 285.417, 0.05, 92, 285.417, 286.431, 1.014, 1428, 0, 286.431, 286.441, 0.01, 6,     1.074,
 1876, 1, 285.549, 285.549, 285.578, 0.029, 34, 285.578, 286.451, 0.873, 2124, 0, 286.451, 286.481, 0.03, 24,     0.932,
 1877, 1, 285.644, 285.644, 285.673, 0.03, 51, 285.673, 286.701, 1.028, 1177, 0, 286.701, 286.701, 0, 20,     1.057,
 1870, 1, 284.864, 284.864, 285.177, 0.313, 627, 285.177, 286.177, 1, 1206, 0, 286.177, 286.824, 0.647, 1295,     1.961,
 1878, 1, 286.301, 286.301, 286.301, 0, 2, 286.301, 287.659, 1.358, 1456, 0, 287.659, 287.701, 0.042, 69,     1.400,
 1879, 1, 286.462, 286.462, 286.492, 0.03, 48, 286.492, 287.71, 1.218, 1843, 0, 287.71, 287.71, 0, 13,     1.247,
 1880, 1, 286.511, 286.511, 286.516, 0.005, 17, 286.516, 287.71, 1.194, 844, 0, 287.71, 287.95, 0.24, 475,     1.439,
 1882, 1, 286.568, 286.568, 286.612, 0.044, 88, 286.612, 287.94, 1.328, 1390, 0, 287.94, 287.962, 0.022, 42,     1.394,
 1884, 1, 287.019, 287.019, 287.093, 0.075, 134, 287.093, 288.419, 1.326, 1520, 0, 288.419, 288.461, 0.041, 83,     1.442,
 1885, 1, 287.179, 287.179, 287.189, 0.01, 17, 287.189, 288.447, 1.258, 1185, 0, 288.447, 288.471, 0.024, 33,     1.292,
 1881, 1, 286.55, 286.55, 287.209, 0.658, 1302, 287.209, 288.471, 1.262, 1789, 0, 288.471, 288.493, 0.022, 43,     1.942,
 1887, 1, 287.544, 287.544, 287.544, 0, 18, 287.544, 288.691, 1.146, 1719, 0, 288.691, 288.746, 0.056, 112,     1.202,
 1888, 1, 287.609, 287.609, 287.699, 0.09, 158, 287.699, 288.97, 1.271, 1627, 0, 288.97, 289.011, 0.041, 81,     1.402,
 1889, 1, 287.665, 287.665, 287.721, 0.056, 35, 287.721, 288.97, 1.249, 1800, 0, 288.97, 289.031, 0.06, 100,     1.365,
 1891, 1, 288.036, 288.036, 288.088, 0.051, 103, 288.088, 289.205, 1.118, 995, 0, 289.205, 289.215, 0.01, 1,     1.179,
 1892, 1, 288.12, 288.12, 288.178, 0.058, 104, 288.178, 289.23, 1.051, 1271, 0, 289.23, 289.265, 0.035, 70,     1.144,
 1890, 1, 287.845, 287.845, 287.855, 0.01, 1, 287.855, 289.191, 1.337, 1604, 0, 289.191, 289.311, 0.119, 239,     1.466,
 1883, 1, 286.999, 286.999, 287.009, 0.01, 4, 287.009, 288.19, 1.181, 1469, 0, 288.19, 289.425, 1.236, 2472,     2.426,
 1894, 1, 288.45, 288.45, 288.45, 0, 18, 288.45, 289.474, 1.024, 1380, 0, 289.474, 289.591, 0.117, 235,     1.141,
 1895, 1, 288.62, 288.62, 288.671, 0.051, 76, 288.671, 289.493, 0.821, 1306, 0, 289.493, 289.611, 0.118, 219,     0.991,
 1893, 1, 288.42, 288.42, 288.43, 0.01, 16, 288.43, 289.442, 1.012, 1498, 0, 289.442, 289.678, 0.237, 474,     1.258,
 1896, 1, 288.689, 288.689, 288.772, 0.084, 178, 288.772, 289.695, 0.923, 1320, 0, 289.695, 289.705, 0.01, 4,     1.016,
 1898, 1, 288.888, 288.888, 288.964, 0.076, 163, 288.964, 289.755, 0.79, 1169, 0, 289.755, 289.765, 0.01, 13,     0.876,
 1897, 1, 288.782, 288.782, 288.839, 0.057, 114, 288.839, 289.735, 0.896, 1604, 0, 289.735, 289.827, 0.092, 163,     1.045,
 1886, 1, 287.251, 287.251, 289.016, 1.765, 3531, 289.016, 289.991, 0.975, 1170, 0, 289.991, 290.035, 0.044, 88,     2.784,
 1900, 1, 289.32, 289.32, 289.33, 0.01, 1, 289.33, 290.24, 0.91, 1311, 0, 290.24, 290.25, 0.01, 6,     0.930,
 1901, 1, 289.483, 289.483, 289.514, 0.031, 29, 289.514, 290.26, 0.746, 1217, 0, 290.26, 290.273, 0.012, 25,     0.789,
 1899, 1, 289.22, 289.22, 289.22, 0, 12, 289.22, 290.21, 0.99, 1369, 0, 290.21, 290.493, 0.282, 565,     1.273,
 1902, 1, 289.868, 289.868, 289.898, 0.03, 61, 289.898, 290.614, 0.716, 1218, 0, 290.614, 290.624, 0.01, 17,     0.756,
 1903, 1, 290.023, 290.023, 290.065, 0.042, 53, 290.065, 290.782, 0.717, 1691, 0, 290.782, 290.842, 0.06, 102,     0.819,
 1904, 1, 290.151, 290.151, 290.271, 0.12, 217, 290.271, 291.003, 0.732, 1762, 0, 291.003, 291.035, 0.032, 59,     0.884,
 1906, 1, 290.638, 290.638, 290.648, 0.01, 19, 290.648, 291.382, 0.734, 1748, 0, 291.382, 291.402, 0.021, 41,     0.764,
 1907, 1, 290.665, 290.665, 290.702, 0.037, 80, 290.702, 291.414, 0.712, 1284, 0, 291.414, 291.424, 0.01, 8,     0.759,
 1910, 1, 290.71, 290.71, 290.732, 0.022, 40, 290.732, 291.632, 0.9, 1646, 0, 291.632, 291.644, 0.012, 23,     0.934,
 1911, 1, 290.741, 290.741, 290.794, 0.053, 125, 290.794, 291.675, 0.881, 1732, 0, 291.675, 291.685, 0.01, 2,     0.944,
 1909, 1, 290.7, 290.7, 290.71, 0.01, 10, 290.71, 291.612, 0.902, 1138, 0, 291.612, 291.737, 0.125, 250,     1.037,
 1908, 1, 290.692, 290.692, 290.722, 0.03, 51, 290.722, 291.632, 0.91, 1946, 0, 291.632, 291.792, 0.159, 319,     1.100,
 1912, 1, 291.043, 291.043, 291.075, 0.032, 57, 291.075, 291.862, 0.787, 1459, 0, 291.862, 291.913, 0.051, 103,     0.871,
 1905, 1, 290.607, 290.607, 290.648, 0.041, 79, 290.648, 291.382, 0.734, 1417, 0, 291.382, 291.949, 0.568, 1136,     1.343,
 1913, 1, 291.351, 291.351, 291.512, 0.161, 312, 291.512, 292.237, 0.725, 2005, 0, 292.237, 292.247, 0.01, 9,     0.896,
 1915, 1, 291.47, 291.47, 291.512, 0.042, 82, 291.512, 292.248, 0.736, 1433, 0, 292.248, 292.287, 0.038, 80,     0.817,
 1916, 1, 291.585, 291.585, 291.595, 0.01, 11, 291.595, 292.327, 0.732, 1524, 0, 292.327, 292.364, 0.037, 74,     0.779,
 1917, 1, 291.782, 291.782, 291.822, 0.04, 51, 291.822, 292.534, 0.712, 1831, 0, 292.534, 292.544, 0.01, 8,     0.762,
 1914, 1, 291.421, 291.421, 291.468, 0.048, 96, 291.468, 292.185, 0.717, 1677, 0, 292.185, 292.581, 0.396, 793,     1.160,
 1918, 1, 291.99, 291.99, 292.007, 0.017, 44, 292.007, 292.729, 0.722, 1346, 0, 292.729, 292.747, 0.019, 37,     0.758,
 1920, 1, 292.415, 292.415, 292.436, 0.021, 41, 292.436, 293.152, 0.716, 1889, 0, 293.152, 293.288, 0.136, 272,     0.873,
 1919, 1, 292.021, 292.021, 292.072, 0.051, 78, 292.072, 292.838, 0.765, 1404, 0, 292.838, 293.41, 0.572, 1144,     1.388,
 1921, 1, 292.537, 292.537, 292.708, 0.171, 343, 292.708, 293.432, 0.724, 1320, 0, 293.432, 293.473, 0.041, 82,     0.936,
 1922, 1, 292.694, 292.694, 292.722, 0.028, 63, 292.722, 293.456, 0.734, 1416, 0, 293.456, 293.708, 0.251, 503,     1.014,
 1923, 1, 293.109, 293.109, 293.119, 0.01, 27, 293.119, 293.835, 0.716, 1217, 0, 293.835, 293.862, 0.027, 54,     0.753,
 1925, 1, 293.148, 293.148, 293.153, 0.005, 15, 293.153, 293.869, 0.716, 1366, 0, 293.869, 293.892, 0.024, 61,     0.744,
 1924, 1, 293.124, 293.124, 293.177, 0.053, 117, 293.177, 293.893, 0.716, 1295, 0, 293.893, 293.903, 0.01, 9,     0.779,
 1927, 1, 293.978, 293.978, 293.99, 0.012, 25, 293.99, 294.719, 0.729, 1242, 0, 294.719, 294.729, 0.01, 7,     0.751,
 1926, 1, 293.902, 293.902, 293.923, 0.021, 56, 293.923, 294.655, 0.732, 1983, 0, 294.655, 294.74, 0.085, 171,     0.838,
 1930, 1, 294.178, 294.178, 294.178, 0, 3, 294.178, 295.013, 0.834, 1771, 0, 295.013, 295.023, 0.01, 15,     0.844,
 1929, 1, 294.123, 294.123, 294.216, 0.093, 173, 294.216, 295.23, 1.014, 1694, 0, 295.23, 295.24, 0.01, 13,     1.117,
 1932, 1, 294.811, 294.811, 294.821, 0.01, 8, 294.821, 295.661, 0.84, 1713, 0, 295.661, 295.818, 0.156, 313,     1.007,
 1933, 1, 295.124, 295.124, 295.134, 0.01, 10, 295.134, 295.857, 0.724, 1426, 0, 295.857, 295.867, 0.01, 8,     0.744,
 1928, 1, 294.078, 294.078, 294.088, 0.01, 1, 294.088, 294.981, 0.892, 1446, 0, 294.981, 295.904, 0.923, 1846,     1.825,
 1935, 1, 295.303, 295.303, 295.33, 0.027, 56, 295.33, 296.107, 0.776, 1284, 0, 296.107, 296.193, 0.086, 172,     0.890,
 1936, 1, 295.321, 295.321, 295.36, 0.04, 42, 295.36, 296.129, 0.768, 1819, 0, 296.129, 296.241, 0.112, 224,     0.920,
 1931, 1, 294.724, 294.724, 294.808, 0.085, 170, 294.808, 295.524, 0.715, 2056, 0, 295.524, 296.272, 0.748, 1497,     1.548,
 1934, 1, 295.296, 295.296, 295.582, 0.286, 565, 295.582, 296.356, 0.774, 1377, 0, 296.356, 296.366, 0.01, 3,     1.070,
 1938, 1, 295.635, 295.635, 295.645, 0.01, 1, 295.645, 296.504, 0.859, 1692, 0, 296.504, 296.519, 0.015, 31,     0.885,
 1937, 1, 295.519, 295.519, 295.532, 0.014, 27, 295.532, 296.254, 0.722, 1297, 0, 296.254, 296.666, 0.412, 825,     1.148,
 1939, 1, 295.67, 295.67, 295.695, 0.025, 46, 295.695, 296.615, 0.92, 1471, 0, 296.615, 296.781, 0.166, 333,     1.112,
 1940, 1, 295.786, 295.786, 295.811, 0.025, 43, 295.811, 296.767, 0.956, 1043, 0, 296.767, 296.801, 0.034, 59,     1.016,
 1942, 1, 295.804, 295.804, 295.853, 0.049, 84, 295.853, 296.864, 1.011, 1293, 0, 296.864, 296.923, 0.059, 118,     1.119,
 1941, 1, 295.801, 295.801, 295.853, 0.052, 104, 295.853, 296.813, 0.96, 1557, 0, 296.813, 297.004, 0.191, 382,     1.203,
 1943, 1, 296.065, 296.065, 296.152, 0.087, 191, 296.152, 297.024, 0.873, 1689, 0, 297.024, 297.112, 0.087, 175,     1.047,
 1946, 1, 296.439, 296.439, 296.492, 0.053, 118, 296.492, 297.213, 0.722, 1297, 0, 297.213, 297.223, 0.01, 8,     0.785,
 1947, 1, 296.5, 296.5, 296.546, 0.045, 84, 296.546, 297.262, 0.717, 1446, 0, 297.262, 297.284, 0.022, 30,     0.784,
 1944, 1, 296.248, 296.248, 296.34, 0.092, 153, 296.34, 297.062, 0.723, 1223, 0, 297.062, 297.304, 0.242, 469,     1.056,
 1945, 1, 296.433, 296.433, 296.838, 0.405, 810, 296.838, 297.685, 0.847, 1560, 0, 297.685, 297.704, 0.019, 39,     1.271,
 1948, 1, 296.561, 296.561, 296.561, 0, 1, 296.561, 297.274, 0.713, 2053, 0, 297.274, 297.756, 0.482, 964,     1.195,
 1950, 1, 296.713, 296.713, 296.887, 0.174, 99, 296.887, 297.732, 0.845, 1781, 0, 297.732, 297.772, 0.04, 81,     1.059,
 1952, 1, 296.827, 296.827, 296.942, 0.116, 73, 296.942, 297.792, 0.85, 2701, 0, 297.792, 297.813, 0.021, 41,     0.986,
 1951, 1, 296.792, 296.792, 296.899, 0.107, 20, 296.899, 297.772, 0.874, 1659, 0, 297.772, 297.913, 0.141, 282,     1.121,
 1953, 1, 296.862, 296.862, 296.952, 0.09, 8, 296.952, 297.942, 0.989, 2288, 0, 297.942, 298.066, 0.124, 248,     1.204,
 1954, 1, 297.028, 297.028, 297.419, 0.391, 796, 297.419, 298.191, 0.772, 1645, 0, 298.191, 298.207, 0.015, 31,     1.179,
 1955, 1, 297.068, 297.068, 297.458, 0.39, 52, 297.458, 298.28, 0.822, 1756, 0, 298.28, 298.411, 0.131, 263,     1.343,
 1957, 1, 297.503, 297.503, 297.885, 0.383, 6, 297.885, 298.695, 0.81, 1423, 0, 298.695, 298.714, 0.019, 38,     1.212,
 1956, 1, 297.463, 297.463, 297.871, 0.409, 828, 297.871, 298.594, 0.723, 1324, 0, 298.594, 298.744, 0.15, 300,     1.282,
 1949, 1, 296.601, 296.601, 298.506, 1.905, 3790, 298.506, 299.222, 0.716, 1582, 0, 299.222, 299.251, 0.029, 58,     2.650,
 1960, 1, 298.025, 298.025, 298.548, 0.524, 7, 298.548, 299.345, 0.796, 1298, 0, 299.345, 299.355, 0.01, 20,     1.330,
 1961, 1, 298.078, 298.078, 298.592, 0.515, 55, 298.592, 299.534, 0.942, 1790, 0, 299.534, 299.61, 0.076, 152,     1.532,
 1962, 1, 298.457, 298.457, 298.623, 0.166, 99, 298.623, 299.597, 0.974, 1186, 0, 299.597, 299.651, 0.054, 80,     1.195,
 1963, 1, 298.476, 298.476, 298.623, 0.147, 22, 298.623, 299.726, 1.104, 1739, 0, 299.726, 299.772, 0.046, 92,     1.297,
 1965, 1, 298.96, 298.96, 298.981, 0.021, 25, 298.981, 299.849, 0.868, 1605, 0, 299.849, 299.863, 0.014, 28,     0.903,
 1964, 1, 298.929, 298.929, 299.117, 0.188, 365, 299.117, 299.849, 0.731, 1742, 0, 299.849, 299.891, 0.043, 85,     0.962,
 1967, 1, 299.208, 299.208, 299.334, 0.126, 263, 299.334, 300.231, 0.897, 1074, 0, 300.231, 300.244, 0.013, 26,     1.036,
 1968, 1, 299.297, 299.297, 299.346, 0.049, 12, 299.346, 300.292, 0.946, 1696, 0, 300.292, 300.307, 0.014, 29,     1.010,
 1969, 1, 299.32, 299.32, 299.386, 0.067, 71, 299.386, 300.347, 0.961, 1168, 0, 300.347, 300.357, 0.01, 4,     1.038,
 1966, 1, 299.149, 299.149, 299.703, 0.555, 1117, 299.703, 300.75, 1.046, 1458, 0, 300.75, 300.771, 0.021, 42,     1.622,
 1972, 1, 299.636, 299.636, 299.944, 0.308, 28, 299.944, 301.073, 1.128, 1685, 0, 301.073, 301.083, 0.01, 9,     1.447,
 1971, 1, 299.419, 299.419, 299.93, 0.511, 455, 299.93, 301.008, 1.077, 1607, 0, 301.008, 301.093, 0.085, 162,     1.674,
 1958, 1, 297.793, 297.793, 298.572, 0.78, 1375, 298.572, 299.472, 0.9, 1198, 0, 299.472, 301.113, 1.641, 3269,     3.320,
 1970, 1, 299.377, 299.377, 300.004, 0.627, 1224, 300.004, 301.096, 1.091, 1201, 0, 301.096, 301.113, 0.017, 20,     1.736,
 1959, 1, 297.975, 297.975, 298.538, 0.564, 46, 298.538, 299.274, 0.736, 1253, 0, 299.274, 301.138, 1.864, 3728,     3.163,
 1973, 1, 299.671, 299.671, 299.956, 0.285, 6, 299.956, 301.096, 1.139, 1355, 0, 301.096, 301.267, 0.171, 330,     1.596,
 1975, 1, 299.909, 299.909, 300.705, 0.796, 1375, 300.705, 301.598, 0.893, 1470, 0, 301.598, 301.617, 0.019, 38,     1.708,
 1976, 1, 300.012, 300.012, 300.737, 0.725, 42, 300.737, 301.598, 0.861, 1487, 0, 301.598, 301.657, 0.059, 83,     1.646,
 1977, 1, 300.021, 300.021, 300.767, 0.746, 38, 300.767, 301.763, 0.996, 1227, 0, 301.763, 301.773, 0.01, 19,     1.752,
 1979, 1, 300.245, 300.245, 301.153, 0.907, 752, 301.153, 301.876, 0.723, 1368, 0, 301.876, 301.886, 0.01, 11,     1.641,
 1978, 1, 300.19, 300.19, 300.777, 0.587, 21, 300.777, 301.834, 1.057, 1322, 0, 301.834, 301.896, 0.062, 120,     1.706,
 1980, 1, 300.298, 300.298, 301.167, 0.868, 15, 301.167, 302.019, 0.852, 1498, 0, 302.019, 302.068, 0.048, 97,     1.769,
 1981, 1, 300.381, 300.381, 301.296, 0.915, 259, 301.296, 302.108, 0.811, 1493, 0, 302.108, 302.208, 0.1, 201,     1.827,
 1982, 1, 300.767, 300.767, 301.343, 0.576, 83, 301.343, 302.128, 0.785, 1271, 0, 302.128, 302.288, 0.16, 304,     1.521,
 1983, 1, 300.845, 300.845, 301.907, 1.062, 1097, 301.907, 302.639, 0.733, 1865, 0, 302.639, 302.649, 0.01, 11,     1.805,
 1984, 1, 300.9, 300.9, 303.093, 2.193, 2374, 303.093, 303.823, 0.729, 1443, 0, 303.823, 303.862, 0.039, 79,     2.962,
 1985, 1, 301.063, 301.063, 303.136, 2.072, 85, 303.136, 303.875, 0.739, 1196, 0, 303.875, 303.885, 0.01, 14,     2.821,
 1986, 1, 301.825, 301.825, 303.17, 1.345, 34, 303.17, 303.887, 0.717, 434, 0, 303.887, 303.906, 0.019, 43,     2.081,
 1987, 1, 301.874, 301.874, 303.226, 1.352, 113, 303.226, 304.072, 0.846, 1753, 0, 304.072, 304.112, 0.039, 79,     2.238,
 1988, 1, 301.926, 301.926, 303.238, 1.312, 3, 303.238, 304.124, 0.886, 1511, 0, 304.124, 304.134, 0.01, 1,     2.208,
 1989, 1, 302.025, 302.025, 303.272, 1.246, 32, 303.272, 304.143, 0.872, 1346, 0, 304.143, 304.206, 0.063, 145,     2.181,
 1990, 1, 302.33, 302.33, 303.306, 0.976, 30, 303.306, 304.209, 0.904, 1801, 0, 304.209, 304.219, 0.01, 18,     1.890,
 1992, 1, 302.733, 302.733, 303.332, 0.599, 4, 303.332, 304.373, 1.042, 1934, 0, 304.373, 304.392, 0.019, 37,     1.659,
 1993, 1, 302.823, 302.823, 303.366, 0.542, 62, 303.366, 304.393, 1.028, 1156, 0, 304.393, 304.413, 0.02, 43,     1.590,
 1994, 1, 302.854, 302.854, 303.376, 0.521, 2, 303.376, 304.469, 1.094, 1525, 0, 304.469, 304.479, 0.01, 6,     1.625,
 1995, 1, 303.016, 303.016, 303.396, 0.38, 22, 303.396, 304.571, 1.176, 1852, 0, 304.571, 304.653, 0.082, 150,     1.637,
 1996, 1, 303.238, 303.238, 303.406, 0.168, 14, 303.406, 304.623, 1.218, 1707, 0, 304.623, 304.681, 0.057, 115,     1.443,
 1997, 1, 304.551, 304.551, 304.688, 0.137, 273, 304.688, 305.407, 0.72, 1881, 0, 305.407, 305.437, 0.03, 60,     0.886,
 1998, 1, 304.688, 304.688, 304.696, 0.008, 1, 304.696, 305.427, 0.732, 1573, 0, 305.427, 305.437, 0.01, 1,     0.750,
 1991, 1, 302.354, 302.354, 303.32, 0.965, 18, 303.32, 304.321, 1.002, 1655, 0, 304.321, 305.464, 1.142, 2285,     3.109,
 1999, 1, 304.782, 304.782, 305.152, 0.37, 726, 305.152, 305.963, 0.81, 1778, 0, 305.963, 305.973, 0.01, 3,     1.190,
 2000, 1, 305.05, 305.05, 305.211, 0.162, 115, 305.211, 306.075, 0.863, 2137, 0, 306.075, 306.143, 0.068, 136,     1.093,
 2001, 1, 305.202, 305.202, 305.271, 0.069, 120, 305.271, 306.109, 0.837, 690, 0, 306.109, 306.19, 0.082, 163,     0.988,
 2002, 1, 305.386, 305.386, 305.722, 0.336, 675, 305.722, 306.438, 0.716, 1550, 0, 306.438, 306.448, 0.01, 20,     1.062,
 2003, 1, 305.566, 305.566, 305.736, 0.17, 1, 305.736, 306.464, 0.728, 1480, 0, 306.464, 306.474, 0.01, 17,     0.908,
 2006, 1, 305.819, 305.819, 305.854, 0.035, 37, 305.854, 306.687, 0.834, 1290, 0, 306.687, 306.697, 0.01, 16,     0.878,
 2007, 1, 306.236, 306.236, 306.251, 0.015, 30, 306.251, 306.979, 0.728, 1803, 0, 306.979, 307.14, 0.161, 322,     0.904,
 2009, 1, 306.694, 306.694, 306.704, 0.01, 18, 306.704, 307.426, 0.722, 1258, 0, 307.426, 307.568, 0.142, 283,     0.874,
 2005, 1, 305.711, 305.711, 305.764, 0.053, 24, 305.764, 306.492, 0.729, 1010, 0, 306.492, 307.587, 1.095, 2191,     1.877,
 2008, 1, 306.524, 306.524, 306.593, 0.069, 138, 306.593, 307.336, 0.743, 1734, 0, 307.336, 307.716, 0.38, 746,     1.192,
 2010, 1, 307.026, 307.026, 307.036, 0.01, 17, 307.036, 307.762, 0.726, 1226, 0, 307.762, 307.796, 0.034, 69,     0.770,
 1974, 1, 299.828, 299.828, 307.109, 7.281, 14283, 307.109, 307.955, 0.846, 1382, 0, 307.955, 307.965, 0.01, 5,     8.137,
 2011, 1, 307.347, 307.347, 307.388, 0.041, 81, 307.388, 308.236, 0.848, 1162, 0, 308.236, 308.367, 0.131, 262,     1.020,
 2004, 1, 305.625, 305.625, 305.75, 0.124, 13, 305.75, 306.477, 0.728, 1501, 0, 306.477, 308.387, 1.91, 3806,     2.762,
 2012, 1, 307.847, 307.847, 307.908, 0.061, 100, 307.908, 308.64, 0.732, 1391, 0, 308.64, 308.65, 0.01, 3,     0.803,
 2013, 1, 308.039, 308.039, 308.073, 0.034, 58, 308.073, 308.8, 0.727, 1778, 0, 308.8, 308.899, 0.099, 219,     0.860,
 2014, 1, 308.308, 308.308, 308.317, 0.01, 14, 308.317, 309.029, 0.712, 1554, 0, 309.029, 309.092, 0.062, 125,     0.784,
 2015, 1, 308.415, 308.415, 308.425, 0.01, 13, 308.425, 309.166, 0.741, 1453, 0, 309.166, 309.176, 0.01, 2,     0.761,
 2017, 1, 308.595, 308.595, 308.808, 0.213, 427, 308.808, 309.536, 0.728, 1390, 0, 309.536, 309.586, 0.05, 106,     0.991,
 2016, 1, 308.543, 308.543, 308.559, 0.016, 32, 308.559, 309.283, 0.724, 1089, 0, 309.283, 309.766, 0.483, 966,     1.223,
 2019, 1, 309.052, 309.052, 309.052, 0, 4, 309.052, 309.766, 0.714, 1185, 0, 309.766, 309.776, 0.01, 7,     0.724,
 2018, 1, 308.766, 308.766, 309.064, 0.298, 600, 309.064, 309.798, 0.734, 1350, 0, 309.798, 310.027, 0.229, 459,     1.261,
 2022, 1, 309.146, 309.146, 309.156, 0.01, 17, 309.156, 310.047, 0.892, 1690, 0, 310.047, 310.067, 0.02, 31,     0.922,
 2020, 1, 309.095, 309.095, 309.133, 0.038, 77, 309.133, 310.015, 0.882, 2027, 0, 310.015, 310.145, 0.129, 259,     1.050,
 2024, 1, 309.387, 309.387, 309.397, 0.01, 5, 309.397, 310.357, 0.96, 1701, 0, 310.357, 310.382, 0.024, 49,     0.995,
 2025, 1, 309.452, 309.452, 309.536, 0.085, 170, 309.536, 310.572, 1.035, 1453, 0, 310.572, 310.598, 0.026, 52,     1.146,
 2026, 1, 309.483, 309.483, 309.671, 0.189, 393, 309.671, 310.607, 0.935, 2004, 0, 310.607, 310.641, 0.034, 52,     1.158,
 2027, 1, 309.546, 309.546, 309.794, 0.248, 479, 309.794, 310.797, 1.003, 977, 0, 310.797, 310.807, 0.01, 2,     1.261,
 2023, 1, 309.161, 309.161, 309.397, 0.236, 477, 309.397, 310.357, 0.96, 1127, 0, 310.357, 310.833, 0.476, 952,     1.672,
 2029, 1, 310.019, 310.019, 310.068, 0.05, 80, 310.068, 311.047, 0.978, 1463, 0, 311.047, 311.081, 0.034, 50,     1.062,
 2021, 1, 309.124, 309.124, 309.345, 0.222, 428, 309.345, 310.278, 0.933, 1258, 0, 310.278, 311.116, 0.837, 1666,     1.992,
 2030, 1, 310.232, 310.232, 310.268, 0.036, 53, 310.268, 311.106, 0.838, 1558, 0, 311.106, 311.116, 0.01, 10,     0.884,
 2028, 1, 309.637, 309.637, 309.883, 0.246, 408, 309.883, 310.856, 0.973, 1573, 0, 310.856, 311.162, 0.306, 612,     1.525,
 2033, 1, 310.546, 310.546, 310.556, 0.01, 3, 310.556, 311.355, 0.799, 1751, 0, 311.355, 311.377, 0.022, 43,     0.831,
 2031, 1, 310.299, 310.299, 310.47, 0.171, 320, 310.47, 311.32, 0.851, 1549, 0, 311.32, 311.47, 0.149, 315,     1.171,
 2032, 1, 310.525, 310.525, 310.746, 0.221, 442, 310.746, 311.47, 0.725, 1786, 0, 311.47, 311.541, 0.07, 142,     1.016,
 2035, 1, 310.752, 310.752, 310.779, 0.026, 66, 310.779, 311.552, 0.773, 1401, 0, 311.552, 311.562, 0.01, 7,     0.809,
 2037, 1, 310.828, 310.828, 310.84, 0.012, 40, 310.84, 311.606, 0.766, 1595, 0, 311.606, 311.619, 0.014, 27,     0.791,
 2036, 1, 310.797, 310.797, 310.806, 0.008, 22, 310.806, 311.586, 0.78, 1762, 0, 311.586, 311.669, 0.083, 167,     0.872,
 2038, 1, 311.034, 311.034, 311.203, 0.169, 343, 311.203, 312.004, 0.802, 1489, 0, 312.004, 312.017, 0.012, 25,     0.983,
 2041, 1, 311.219, 311.219, 311.397, 0.178, 148, 311.397, 312.26, 0.863, 1792, 0, 312.26, 312.284, 0.024, 48,     1.065,
 2040, 1, 311.2, 311.2, 311.311, 0.111, 33, 311.311, 312.171, 0.861, 2178, 0, 312.171, 312.299, 0.127, 255,     1.099,
 2039, 1, 311.174, 311.174, 311.284, 0.11, 137, 311.284, 312.141, 0.857, 1806, 0, 312.141, 312.334, 0.192, 385,     1.160,
 2034, 1, 310.654, 310.654, 311.655, 1, 1972, 311.655, 312.421, 0.767, 950, 0, 312.421, 312.454, 0.033, 65,     1.800,
 2042, 1, 311.483, 311.483, 311.516, 0.033, 55, 311.516, 312.393, 0.878, 1399, 0, 312.393, 312.465, 0.072, 143,     0.982,
 2044, 1, 311.77, 311.77, 311.83, 0.06, 114, 311.83, 312.556, 0.726, 1658, 0, 312.556, 312.577, 0.021, 42,     0.807,
 2043, 1, 311.69, 311.69, 311.729, 0.039, 98, 311.729, 312.51, 0.781, 1868, 0, 312.51, 312.621, 0.111, 222,     0.930,
 2045, 1, 311.854, 311.854, 311.918, 0.064, 148, 311.918, 312.643, 0.725, 1489, 0, 312.643, 312.663, 0.019, 39,     0.809,
 2046, 1, 311.952, 311.952, 312.005, 0.053, 124, 312.005, 312.721, 0.716, 1834, 0, 312.721, 312.779, 0.058, 116,     0.827,
 2047, 1, 312.141, 312.141, 312.245, 0.104, 209, 312.245, 312.961, 0.716, 1750, 0, 312.961, 312.981, 0.02, 40,     0.840,
 2048, 1, 312.546, 312.546, 312.556, 0.01, 16, 312.556, 313.27, 0.714, 1938, 0, 313.27, 313.289, 0.019, 37,     0.743,
 2050, 1, 312.685, 312.685, 312.734, 0.048, 97, 312.734, 313.5, 0.766, 1871, 0, 313.5, 313.51, 0.01, 17,     0.825,
 2049, 1, 312.672, 312.672, 312.748, 0.076, 133, 312.748, 313.526, 0.779, 2031, 0, 313.526, 313.567, 0.04, 81,     0.895,
 2052, 1, 312.919, 312.919, 312.969, 0.051, 102, 312.969, 313.758, 0.789, 1372, 0, 313.758, 313.768, 0.01, 8,     0.849,
 2053, 1, 313.078, 313.078, 313.106, 0.028, 41, 313.106, 313.806, 0.7, 1427, 0, 313.806, 313.948, 0.142, 284,     0.870,
 2055, 1, 313.128, 313.128, 313.128, 0, 15, 313.128, 314.007, 0.879, 1560, 0, 314.007, 314.023, 0.016, 32,     0.895,
 2054, 1, 313.111, 313.111, 313.111, 0, 4, 313.111, 313.918, 0.807, 1463, 0, 313.918, 314.117, 0.199, 398,     1.006,
 2051, 1, 312.872, 312.872, 313.207, 0.335, 650, 313.207, 314.174, 0.967, 1120, 0, 314.174, 314.188, 0.014, 28,     1.316,
 2057, 1, 313.262, 313.262, 313.286, 0.023, 49, 313.286, 314.273, 0.988, 1733, 0, 314.273, 314.288, 0.015, 30,     1.026,
 2058, 1, 313.276, 313.276, 313.348, 0.072, 125, 313.348, 314.32, 0.972, 1763, 0, 314.32, 314.33, 0.01, 8,     1.055,
 2056, 1, 313.218, 313.218, 313.325, 0.107, 210, 313.325, 314.32, 0.995, 917, 0, 314.32, 314.33, 0.01, 4,     1.112,
 2061, 1, 314.99, 314.99, 315.026, 0.036, 79, 315.026, 315.741, 0.716, 1656, 0, 315.741, 315.81, 0.068, 137,     0.820,
 2059, 1, 314.965, 314.965, 315.156, 0.192, 384, 315.156, 315.872, 0.716, 1931, 0, 315.872, 315.9, 0.028, 56,     0.936,
 2060, 1, 314.976, 314.976, 314.986, 0.01, 8, 314.986, 315.701, 0.715, 1486, 0, 315.701, 315.957, 0.256, 512,     0.981,
 2063, 1, 315.766, 315.766, 315.8, 0.034, 86, 315.8, 316.517, 0.716, 1646, 0, 316.517, 316.55, 0.033, 66,     0.783,
 2062, 1, 315.734, 315.734, 315.744, 0.01, 12, 315.744, 316.466, 0.723, 1193, 0, 316.466, 316.647, 0.18, 361,     0.913,
 2066, 1, 316.737, 316.737, 316.747, 0.01, 8, 316.747, 317.462, 0.716, 1740, 0, 317.462, 317.508, 0.046, 91,     0.771,
 2065, 1, 316.572, 316.572, 316.775, 0.202, 411, 316.775, 317.494, 0.72, 1276, 0, 317.494, 317.581, 0.087, 173,     1.008,
 2067, 1, 316.893, 316.893, 316.903, 0.01, 18, 316.903, 317.635, 0.732, 1567, 0, 317.635, 317.715, 0.079, 159,     0.822,
 2068, 1, 316.969, 316.969, 316.969, 0, 10, 316.969, 317.699, 0.73, 1228, 0, 317.699, 317.735, 0.035, 32,     0.765,
 2070, 1, 317.103, 317.103, 317.148, 0.046, 61, 317.148, 317.865, 0.717, 1581, 0, 317.865, 317.875, 0.01, 2,     0.773,
 2071, 1, 317.118, 317.118, 317.162, 0.044, 74, 317.162, 317.897, 0.735, 1508, 0, 317.897, 318.376, 0.478, 957,     1.257,
 2073, 1, 317.811, 317.811, 317.821, 0.01, 14, 317.821, 318.545, 0.724, 1165, 0, 318.545, 318.562, 0.017, 33,     0.751,
 2072, 1, 317.686, 317.686, 317.78, 0.094, 188, 317.78, 318.501, 0.721, 1336, 0, 318.501, 318.582, 0.08, 125,     0.896,
 2075, 1, 317.876, 317.876, 317.931, 0.054, 109, 317.931, 318.663, 0.732, 1242, 0, 318.663, 318.703, 0.041, 81,     0.827,
 2074, 1, 317.851, 317.851, 317.886, 0.035, 67, 317.886, 318.604, 0.718, 1589, 0, 318.604, 318.751, 0.147, 294,     0.900,
 2064, 1, 315.892, 315.892, 315.902, 0.01, 4, 315.902, 316.716, 0.815, 1863, 0, 316.716, 319.093, 2.376, 4753,     3.201,
 2077, 1, 318.329, 318.329, 318.329, 0, 6, 318.329, 319.214, 0.885, 1287, 0, 319.214, 319.224, 0.01, 16,     0.895,
 2076, 1, 318.273, 318.273, 318.337, 0.063, 133, 318.337, 319.378, 1.041, 1279, 0, 319.378, 319.406, 0.028, 56,     1.133,
 2079, 1, 318.421, 318.421, 318.478, 0.058, 133, 318.478, 319.468, 0.99, 820, 0, 319.468, 319.48, 0.012, 23,     1.059,
 2078, 1, 318.345, 318.345, 318.363, 0.017, 40, 318.363, 319.428, 1.065, 1459, 0, 319.428, 319.563, 0.135, 270,     1.218,
 2080, 1, 318.49, 318.49, 318.507, 0.017, 34, 318.507, 319.618, 1.111, 1963, 0, 319.618, 319.66, 0.042, 85,     1.170,
 2081, 1, 318.671, 318.671, 318.695, 0.024, 63, 318.695, 319.718, 1.023, 1437, 0, 319.718, 319.728, 0.01, 10,     1.057,
 2069, 1, 317.079, 317.079, 317.09, 0.01, 21, 317.09, 317.805, 0.715, 1650, 0, 317.805, 319.914, 2.109, 4218,     2.834,
 2082, 1, 318.808, 318.808, 318.818, 0.01, 1, 318.818, 319.967, 1.15, 1516, 0, 319.967, 319.977, 0.01, 5,     1.170,
 2083, 1, 318.904, 318.904, 318.949, 0.044, 85, 318.949, 320.375, 1.426, 1572, 0, 320.375, 320.39, 0.015, 30,     1.486,
 2085, 1, 319.46, 319.46, 319.5, 0.04, 66, 319.5, 321.26, 1.759, 1483, 0, 321.26, 321.27, 0.01, 13,     1.810,
 2084, 1, 319.319, 319.319, 319.351, 0.032, 58, 319.351, 321.158, 1.807, 1612, 0, 321.158, 321.28, 0.122, 243,     1.961,
 2086, 1, 319.502, 319.502, 319.534, 0.032, 44, 319.534, 321.403, 1.869, 1807, 0, 321.403, 321.421, 0.017, 35,     1.919,
 2087, 1, 319.623, 319.623, 319.655, 0.032, 64, 319.655, 321.423, 1.769, 1767, 0, 321.423, 321.434, 0.01, 26,     1.811,
 2088, 1, 320.112, 320.112, 320.112, 0, 5, 320.112, 321.673, 1.561, 1417, 0, 321.673, 321.75, 0.077, 154,     1.638,
 2089, 1, 320.181, 320.181, 320.27, 0.089, 181, 320.27, 321.787, 1.517, 1414, 0, 321.787, 321.797, 0.01, 17,     1.616,
 2090, 1, 320.575, 320.575, 320.575, 0, 1, 320.575, 322.152, 1.577, 1798, 0, 322.152, 322.194, 0.042, 74,     1.619,
 2091, 1, 320.589, 320.589, 320.883, 0.294, 589, 320.883, 322.286, 1.403, 1477, 0, 322.286, 322.318, 0.033, 58,     1.730,
 2092, 1, 320.824, 320.824, 320.907, 0.083, 163, 320.907, 322.401, 1.495, 1961, 0, 322.401, 322.411, 0.01, 17,     1.588,
 2093, 1, 320.967, 320.967, 321.128, 0.161, 324, 321.128, 322.536, 1.407, 1776, 0, 322.536, 322.546, 0.01, 14,     1.579,
 2096, 1, 321.466, 321.466, 321.497, 0.031, 67, 321.497, 322.735, 1.237, 1480, 0, 322.735, 322.783, 0.048, 96,     1.317,
 2097, 1, 321.526, 321.526, 321.583, 0.057, 115, 321.583, 322.785, 1.201, 1186, 0, 322.785, 322.785, 0, 3,     1.259,
 2094, 1, 321.056, 321.056, 321.066, 0.01, 10, 321.066, 322.476, 1.41, 1783, 0, 322.476, 322.91, 0.435, 858,     1.854,
 2095, 1, 321.215, 321.215, 321.225, 0.01, 3, 321.225, 322.651, 1.426, 1355, 0, 322.651, 322.995, 0.344, 689,     1.780,
 2099, 1, 321.96, 321.96, 321.998, 0.038, 77, 321.998, 323.149, 1.152, 1471, 0, 323.149, 323.159, 0.01, 14,     1.199,
 2098, 1, 321.691, 321.691, 321.701, 0.01, 30, 321.701, 322.984, 1.283, 1690, 0, 322.984, 323.204, 0.221, 442,     1.513,
 2100, 1, 322.092, 322.092, 322.127, 0.035, 70, 322.127, 323.213, 1.086, 1219, 0, 323.213, 323.268, 0.054, 127,     1.175,
 2102, 1, 322.204, 322.204, 322.224, 0.019, 39, 322.224, 323.233, 1.009, 1511, 0, 323.233, 323.293, 0.06, 107,     1.089,
 2101, 1, 322.187, 322.187, 322.235, 0.048, 92, 322.235, 323.283, 1.049, 1451, 0, 323.283, 323.303, 0.02, 36,     1.116,
 2103, 1, 322.468, 322.468, 322.494, 0.026, 56, 322.494, 323.408, 0.914, 1398, 0, 323.408, 323.418, 0.01, 9,     0.950,
 2104, 1, 322.68, 322.68, 322.719, 0.039, 58, 322.719, 323.483, 0.764, 1338, 0, 323.483, 323.568, 0.086, 172,     0.889,
 2106, 1, 322.817, 322.817, 322.817, 0, 6, 322.817, 324.211, 1.393, 1423, 0, 324.211, 324.289, 0.078, 157,     1.472,
 2105, 1, 322.767, 322.767, 322.871, 0.105, 196, 322.871, 324.243, 1.372, 1859, 0, 324.243, 324.432, 0.189, 372,     1.665,
 2107, 1, 323.284, 323.284, 323.31, 0.027, 39, 323.31, 324.493, 1.182, 1513, 0, 324.493, 324.535, 0.043, 97,     1.251,
 2109, 1, 323.855, 323.855, 323.865, 0.01, 19, 323.865, 324.68, 0.815, 1714, 0, 324.68, 324.691, 0.011, 22,     0.836,
 2110, 1, 323.882, 323.882, 323.892, 0.01, 14, 323.892, 324.725, 0.832, 1832, 0, 324.725, 324.735, 0.01, 7,     0.852,
 2112, 1, 323.982, 323.982, 324.014, 0.032, 50, 324.014, 324.812, 0.798, 1772, 0, 324.812, 324.822, 0.01, 4,     0.840,
 2111, 1, 323.917, 323.917, 323.927, 0.01, 5, 323.927, 324.745, 0.818, 829, 0, 324.745, 324.841, 0.096, 193,     0.924,
 2108, 1, 323.752, 323.752, 323.77, 0.018, 36, 323.77, 324.561, 0.79, 1658, 0, 324.561, 324.881, 0.32, 617,     1.128,
 2114, 1, 324.098, 324.098, 324.167, 0.069, 153, 324.167, 324.94, 0.772, 1774, 0, 324.94, 324.964, 0.024, 49,     0.866,
 2115, 1, 324.143, 324.143, 324.181, 0.038, 3, 324.181, 324.974, 0.793, 1225, 0, 324.974, 325.076, 0.102, 212,     0.933,
 2113, 1, 324.043, 324.043, 324.214, 0.171, 342, 324.214, 324.994, 0.78, 1480, 0, 324.994, 325.076, 0.082, 164,     1.033,
 2116, 1, 324.221, 324.221, 324.272, 0.05, 79, 324.272, 325.066, 0.794, 1689, 0, 325.066, 325.148, 0.082, 165,     0.927,
 2117, 1, 324.278, 324.278, 324.278, 0, 8, 324.278, 325.185, 0.906, 1434, 0, 325.185, 325.216, 0.031, 63,     0.938,
 2118, 1, 324.362, 324.362, 324.372, 0.01, 26, 324.372, 325.315, 0.943, 1732, 0, 325.315, 325.341, 0.026, 52,     0.979,
 2119, 1, 324.432, 324.432, 324.484, 0.051, 98, 324.484, 325.565, 1.082, 1717, 0, 325.565, 325.968, 0.402, 805,     1.535,
 2123, 1, 325.117, 325.117, 325.127, 0.01, 21, 325.127, 326.243, 1.116, 1371, 0, 326.243, 326.253, 0.01, 16,     1.136,
 2122, 1, 324.889, 324.889, 324.948, 0.058, 109, 324.948, 326.012, 1.064, 1860, 0, 326.012, 326.32, 0.308, 617,     1.431,
 2125, 1, 325.231, 325.231, 325.52, 0.289, 100, 325.52, 326.513, 0.993, 1663, 0, 326.513, 326.539, 0.026, 52,     1.308,
 2126, 1, 325.446, 325.446, 325.571, 0.125, 97, 325.571, 326.572, 1.002, 1415, 0, 326.572, 326.585, 0.013, 26,     1.139,
 2127, 1, 325.561, 325.561, 325.581, 0.02, 20, 325.581, 326.694, 1.114, 1132, 0, 326.694, 326.707, 0.012, 25,     1.146,
 2128, 1, 325.592, 325.592, 325.761, 0.169, 334, 325.761, 326.781, 1.02, 1385, 0, 326.781, 326.865, 0.084, 169,     1.273,
 2120, 1, 324.721, 324.721, 325.47, 0.749, 1498, 325.47, 326.445, 0.975, 1554, 0, 326.445, 326.885, 0.44, 852,     2.164,
 2121, 1, 324.861, 324.861, 324.889, 0.029, 32, 324.889, 325.942, 1.052, 1226, 0, 325.942, 326.942, 1, 2001,     2.082,
 2129, 1, 325.84, 325.84, 325.85, 0.01, 1, 325.85, 326.834, 0.983, 1785, 0, 326.834, 327.008, 0.175, 334,     1.168,
 2124, 1, 325.198, 325.198, 325.97, 0.772, 1536, 325.97, 326.998, 1.028, 843, 0, 326.998, 327.083, 0.084, 169,     1.885,
 2131, 1, 326.063, 326.063, 326.092, 0.029, 59, 326.092, 327.198, 1.106, 1073, 0, 327.198, 327.215, 0.017, 34,     1.153,
 2132, 1, 326.187, 326.187, 326.282, 0.096, 201, 326.282, 327.334, 1.052, 1157, 0, 327.334, 327.38, 0.046, 92,     1.193,
 2133, 1, 326.422, 326.422, 326.432, 0.01, 9, 326.432, 327.534, 1.102, 1212, 0, 327.534, 327.606, 0.072, 144,     1.184,
 2134, 1, 326.483, 326.483, 326.508, 0.024, 49, 326.508, 327.697, 1.189, 1072, 0, 327.697, 327.707, 0.01, 8,     1.223,
 2130, 1, 326.023, 326.023, 326.133, 0.11, 226, 326.133, 327.248, 1.115, 1868, 0, 327.248, 327.79, 0.541, 1083,     1.766,
 2135, 1, 326.508, 326.508, 326.643, 0.136, 255, 326.643, 327.959, 1.315, 1873, 0, 327.959, 327.969, 0.01, 17,     1.461,
 2136, 1, 327.143, 327.143, 327.158, 0.014, 29, 327.158, 328.298, 1.14, 1305, 0, 328.298, 328.318, 0.02, 28,     1.175,
 2137, 1, 327.414, 327.414, 327.424, 0.01, 9, 327.424, 328.558, 1.135, 1355, 0, 328.558, 328.612, 0.054, 89,     1.198,
 2139, 1, 327.606, 327.606, 327.684, 0.078, 157, 327.684, 328.808, 1.125, 1551, 0, 328.808, 328.821, 0.013, 26,     1.216,
 2138, 1, 327.552, 327.552, 327.564, 0.012, 26, 327.564, 328.776, 1.213, 1561, 0, 328.776, 328.864, 0.088, 176,     1.312,
 2140, 1, 327.801, 327.801, 327.811, 0.01, 9, 327.811, 328.996, 1.185, 1207, 0, 328.996, 329.006, 0.01, 8,     1.205,
 2141, 1, 328.272, 328.272, 328.283, 0.011, 29, 328.283, 329.1, 0.817, 1624, 0, 329.1, 329.286, 0.186, 365,     1.014,
 2142, 1, 328.469, 328.469, 328.48, 0.011, 22, 328.48, 329.308, 0.828, 1695, 0, 329.308, 329.73, 0.422, 848,     1.261,
 2144, 1, 329.1, 329.1, 329.114, 0.014, 28, 329.114, 329.83, 0.716, 1945, 0, 329.83, 329.84, 0.01, 13,     0.740,
 2145, 1, 329.138, 329.138, 329.165, 0.027, 74, 329.165, 329.892, 0.727, 1661, 0, 329.892, 329.954, 0.062, 123,     0.816,
 2146, 1, 329.483, 329.483, 329.49, 0.008, 8, 329.49, 330.241, 0.75, 1451, 0, 330.241, 330.312, 0.071, 140,     0.829,
 2147, 1, 329.839, 329.839, 329.849, 0.01, 3, 329.849, 330.585, 0.737, 1596, 0, 330.585, 330.607, 0.022, 43,     0.768,
 2148, 1, 330.215, 330.215, 330.239, 0.024, 50, 330.239, 330.959, 0.72, 1571, 0, 330.959, 330.969, 0.01, 1,     0.754,
 2149, 1, 330.402, 330.402, 330.463, 0.061, 122, 330.463, 331.198, 0.735, 1378, 0, 331.198, 331.498, 0.3, 583,     1.096,
 2151, 1, 330.944, 330.944, 330.972, 0.028, 56, 330.972, 331.695, 0.722, 1221, 0, 331.695, 331.872, 0.178, 356,     0.928,
 2152, 1, 331.055, 331.055, 331.22, 0.165, 331, 331.22, 331.948, 0.728, 1375, 0, 331.948, 331.963, 0.015, 31,     0.909,
 2153, 1, 331.104, 331.104, 331.196, 0.092, 173, 331.196, 331.912, 0.716, 2018, 0, 331.912, 332.063, 0.151, 302,     0.959,
 2154, 1, 331.414, 331.414, 331.472, 0.058, 124, 331.472, 332.187, 0.715, 1193, 0, 332.187, 332.197, 0.01, 9,     0.783,
 2156, 1, 331.5, 331.5, 331.51, 0.009, 17, 331.51, 332.237, 0.727, 1495, 0, 332.237, 332.256, 0.019, 38,     0.756,
 2155, 1, 331.472, 331.472, 331.5, 0.029, 57, 331.5, 332.217, 0.717, 1687, 0, 332.217, 332.405, 0.188, 376,     0.933,
 2158, 1, 331.848, 331.848, 331.858, 0.01, 17, 331.858, 332.69, 0.832, 1110, 0, 332.69, 332.711, 0.021, 41,     0.863,
 2159, 1, 332.115, 332.115, 332.125, 0.01, 15, 332.125, 332.847, 0.723, 1895, 0, 332.847, 332.857, 0.01, 11,     0.743,
 2160, 1, 332.164, 332.164, 332.174, 0.01, 11, 332.174, 332.9, 0.726, 1323, 0, 332.9, 332.952, 0.052, 105,     0.788,
 2161, 1, 332.199, 332.199, 332.209, 0.01, 1, 332.209, 332.931, 0.722, 1433, 0, 332.931, 332.972, 0.041, 76,     0.773,
 2150, 1, 330.521, 330.521, 330.776, 0.255, 505, 330.776, 331.488, 0.712, 1395, 0, 331.488, 333.064, 1.577, 3154,     2.544,
 2162, 1, 332.367, 332.367, 332.449, 0.082, 151, 332.449, 333.181, 0.732, 1200, 0, 333.181, 333.211, 0.03, 21,     0.844,
 2163, 1, 332.587, 332.587, 332.596, 0.01, 4, 332.596, 333.309, 0.713, 1082, 0, 333.309, 333.376, 0.067, 134,     0.790,
 2165, 1, 332.669, 332.669, 332.69, 0.022, 63, 332.69, 333.431, 0.741, 1793, 0, 333.431, 333.441, 0.01, 8,     0.772,
 2164, 1, 332.632, 332.632, 332.704, 0.072, 120, 332.704, 333.431, 0.727, 1827, 0, 333.431, 333.461, 0.03, 56,     0.829,
 2167, 1, 333.176, 333.176, 333.285, 0.109, 193, 333.285, 334.018, 0.734, 1119, 0, 334.018, 334.028, 0.01, 15,     0.852,
 2143, 1, 328.698, 328.698, 328.725, 0.027, 26, 328.725, 329.558, 0.832, 1989, 0, 329.558, 334.252, 4.694, 9377,     5.554,
 2168, 1, 333.532, 333.532, 333.589, 0.057, 103, 333.589, 334.304, 0.715, 1153, 0, 334.304, 334.329, 0.025, 50,     0.797,
 2169, 1, 333.589, 333.589, 333.621, 0.032, 32, 333.621, 334.346, 0.725, 1675, 0, 334.346, 334.41, 0.064, 128,     0.821,
 2170, 1, 333.686, 333.686, 333.752, 0.065, 131, 333.752, 334.48, 0.728, 1971, 0, 334.48, 334.49, 0.01, 16,     0.804,
 2172, 1, 333.875, 333.875, 333.906, 0.032, 74, 333.906, 334.625, 0.719, 1568, 0, 334.625, 334.666, 0.041, 81,     0.791,
 2173, 1, 334.022, 334.022, 334.032, 0.01, 3, 334.032, 334.76, 0.728, 2212, 0, 334.76, 334.771, 0.01, 21,     0.749,
 2171, 1, 333.813, 333.813, 334.263, 0.45, 900, 334.263, 335.12, 0.857, 1332, 0, 335.12, 335.137, 0.017, 33,     1.324,
 2176, 1, 334.268, 334.268, 334.277, 0.01, 24, 334.277, 335.267, 0.99, 1182, 0, 335.267, 335.286, 0.019, 37,     1.018,
 2174, 1, 334.205, 334.205, 334.239, 0.034, 34, 334.239, 335.1, 0.861, 1035, 0, 335.1, 335.443, 0.343, 686,     1.238,
 2166, 1, 332.87, 332.87, 332.93, 0.06, 121, 332.93, 333.68, 0.75, 1367, 0, 333.68, 335.478, 1.798, 3596,     2.608,
 2177, 1, 334.412, 334.412, 334.508, 0.096, 192, 334.508, 335.405, 0.896, 1259, 0, 335.405, 335.563, 0.159, 317,     1.151,
 2178, 1, 334.837, 334.837, 334.847, 0.01, 9, 334.847, 335.882, 1.035, 1369, 0, 335.882, 335.902, 0.02, 29,     1.065,
 2179, 1, 334.869, 334.869, 334.952, 0.083, 184, 334.952, 335.892, 0.94, 1201, 0, 335.892, 335.912, 0.02, 38,     1.043,
 2175, 1, 334.263, 334.263, 334.519, 0.256, 513, 334.519, 335.627, 1.107, 916, 0, 335.627, 335.996, 0.369, 712,     1.732,
 2180, 1, 334.889, 334.889, 335.142, 0.253, 492, 335.142, 336.17, 1.028, 1596, 0, 336.17, 336.273, 0.104, 208,     1.385,
 2181, 1, 334.923, 334.923, 335.068, 0.145, 198, 335.068, 336.015, 0.947, 1609, 0, 336.015, 336.361, 0.346, 693,     1.438,
 2182, 1, 334.952, 334.952, 335.178, 0.226, 208, 335.178, 336.387, 1.209, 1878, 0, 336.387, 336.387, 0, 7,     1.435,
 2183, 1, 335.621, 335.621, 335.641, 0.021, 27, 335.641, 336.636, 0.995, 1692, 0, 336.636, 336.657, 0.021, 39,     1.036,
 2184, 1, 335.641, 335.641, 335.651, 0.01, 2, 335.651, 336.647, 0.996, 1839, 0, 336.647, 336.657, 0.01, 1,     1.016,
 2186, 1, 335.764, 335.764, 335.785, 0.021, 37, 335.785, 336.885, 1.101, 1623, 0, 336.885, 336.921, 0.035, 70,     1.157,
 2187, 1, 335.785, 335.785, 335.827, 0.042, 85, 335.827, 336.901, 1.075, 1904, 0, 336.901, 336.955, 0.054, 108,     1.171,
 2185, 1, 335.729, 335.729, 335.739, 0.01, 9, 335.739, 336.764, 1.025, 1351, 0, 336.764, 336.975, 0.211, 401,     1.246,
 2190, 1, 335.818, 335.818, 335.877, 0.059, 26, 335.877, 337.147, 1.271, 1655, 0, 337.147, 337.157, 0.01, 20,     1.339,
 2189, 1, 335.817, 335.817, 335.907, 0.09, 158, 335.907, 337.159, 1.253, 1844, 0, 337.159, 337.159, 0, 2,     1.343,
 2188, 1, 335.796, 335.796, 335.857, 0.061, 114, 335.857, 337.025, 1.169, 1529, 0, 337.025, 337.196, 0.17, 324,     1.400,
 2191, 1, 336.029, 336.029, 336.029, 0, 5, 336.029, 337.286, 1.256, 1639, 0, 337.286, 337.322, 0.036, 64,     1.293,
 2192, 1, 336.068, 336.068, 336.086, 0.017, 42, 336.086, 337.447, 1.361, 1143, 0, 337.447, 337.553, 0.106, 213,     1.485,
 2193, 1, 336.292, 336.292, 336.347, 0.055, 123, 336.347, 337.535, 1.188, 886, 0, 337.535, 337.623, 0.088, 176,     1.331,
 2195, 1, 336.543, 336.543, 336.589, 0.046, 100, 336.589, 337.658, 1.069, 1072, 0, 337.658, 337.69, 0.032, 65,     1.147,
 2194, 1, 336.529, 336.529, 336.539, 0.01, 32, 336.539, 337.658, 1.119, 1653, 0, 337.658, 337.72, 0.062, 125,     1.191,
 2197, 1, 336.661, 336.661, 336.692, 0.031, 32, 336.692, 337.709, 1.017, 1054, 0, 337.709, 337.74, 0.031, 59,     1.079,
 2198, 1, 336.697, 336.697, 336.803, 0.106, 222, 336.803, 337.784, 0.981, 1320, 0, 337.784, 337.794, 0.01, 4,     1.098,
 2196, 1, 336.566, 336.566, 336.999, 0.433, 866, 336.999, 338.157, 1.158, 1541, 0, 338.157, 338.167, 0.01, 12,     1.601,
 2157, 1, 331.596, 331.596, 331.596, 0, 9, 331.596, 332.484, 0.888, 1210, 0, 332.484, 338.322, 5.838, 11677,     6.727,
 2200, 1, 337.108, 337.108, 337.268, 0.16, 317, 337.268, 338.413, 1.145, 1560, 0, 338.413, 338.423, 0.01, 15,     1.315,
 2201, 1, 337.186, 337.186, 337.244, 0.058, 93, 337.244, 338.283, 1.039, 1151, 0, 338.283, 338.455, 0.172, 345,     1.269,
 2202, 1, 337.61, 337.61, 337.62, 0.01, 4, 337.62, 338.457, 0.837, 1480, 0, 338.457, 338.467, 0.01, 13,     0.857,
 2199, 1, 336.935, 336.935, 336.945, 0.01, 1, 336.945, 338.034, 1.089, 1219, 0, 338.034, 338.553, 0.519, 1029,     1.618,
 2206, 1, 338.061, 338.061, 338.071, 0.01, 17, 338.071, 338.791, 0.72, 1693, 0, 338.791, 338.801, 0.01, 21,     0.741,
 2204, 1, 337.822, 337.822, 337.936, 0.114, 201, 337.936, 338.671, 0.735, 1535, 0, 338.671, 338.879, 0.208, 417,     1.058,
 2205, 1, 337.881, 337.881, 337.991, 0.11, 110, 337.991, 338.707, 0.716, 1481, 0, 338.707, 338.932, 0.225, 451,     1.051,
 2207, 1, 338.077, 338.077, 338.085, 0.008, 20, 338.085, 338.921, 0.836, 1297, 0, 338.921, 338.952, 0.031, 55,     0.876,
 2203, 1, 337.688, 337.688, 338.416, 0.728, 1467, 338.416, 339.208, 0.792, 1466, 0, 339.208, 339.476, 0.268, 536,     1.789,
 2208, 1, 338.12, 338.12, 338.16, 0.039, 85, 338.16, 339.075, 0.915, 995, 0, 339.075, 339.612, 0.537, 1074,     1.491,
 2211, 1, 338.986, 338.986, 339.013, 0.027, 65, 339.013, 339.746, 0.732, 1812, 0, 339.746, 339.756, 0.01, 2,     0.770,
 2209, 1, 338.789, 338.789, 339.098, 0.309, 619, 339.098, 339.904, 0.806, 1818, 0, 339.904, 339.914, 0.01, 17,     1.126,
 2210, 1, 338.93, 338.93, 338.941, 0.011, 23, 338.941, 339.655, 0.714, 1893, 0, 339.655, 339.96, 0.305, 611,     1.030,
 2214, 1, 339.164, 339.164, 339.209, 0.045, 80, 339.209, 339.995, 0.786, 1555, 0, 339.995, 340.052, 0.057, 114,     0.888,
 2212, 1, 339.028, 339.028, 339.038, 0.01, 11, 339.038, 339.8, 0.762, 1701, 0, 339.8, 340.253, 0.453, 907,     1.225,
 2215, 1, 339.456, 339.456, 339.474, 0.018, 56, 339.474, 340.196, 0.723, 1091, 0, 340.196, 340.286, 0.09, 183,     0.831,
 2216, 1, 339.505, 339.505, 339.559, 0.054, 82, 339.559, 340.272, 0.713, 1675, 0, 340.272, 340.306, 0.034, 72,     0.801,
 2217, 1, 339.565, 339.565, 339.573, 0.008, 20, 339.573, 340.352, 0.78, 1472, 0, 340.352, 340.52, 0.167, 335,     0.955,
 2218, 1, 339.614, 339.614, 339.614, 0, 8, 339.614, 340.528, 0.914, 1669, 0, 340.528, 340.538, 0.01, 38,     0.924,
 2219, 1, 339.844, 339.844, 339.911, 0.067, 116, 339.911, 340.789, 0.878, 910, 0, 340.789, 340.828, 0.039, 78,     0.984,
 2213, 1, 339.126, 339.126, 339.955, 0.83, 1652, 339.955, 340.873, 0.918, 1412, 0, 340.873, 340.883, 0.01, 12,     1.757,
 2220, 1, 339.955, 339.955, 339.989, 0.034, 41, 339.989, 340.952, 0.962, 1446, 0, 340.952, 340.962, 0.01, 12,     1.006,
 2222, 1, 340.041, 340.041, 340.041, 0, 12, 340.041, 341.018, 0.977, 1604, 0, 341.018, 341.028, 0.01, 8,     0.987,
 2221, 1, 340.022, 340.022, 340.067, 0.045, 59, 340.067, 341.122, 1.055, 1398, 0, 341.122, 341.189, 0.067, 127,     1.167,
 2223, 1, 340.104, 340.104, 340.138, 0.034, 74, 340.138, 341.268, 1.13, 1531, 0, 341.268, 341.286, 0.019, 37,     1.182,
 2224, 1, 340.197, 340.197, 340.273, 0.076, 168, 340.273, 341.302, 1.029, 1604, 0, 341.302, 341.326, 0.024, 49,     1.129,
 2225, 1, 340.4, 340.4, 340.41, 0.01, 6, 340.41, 341.377, 0.967, 1553, 0, 341.377, 341.426, 0.048, 97,     1.026,
 2226, 1, 340.665, 340.665, 340.708, 0.043, 81, 340.708, 341.535, 0.827, 1800, 0, 341.535, 341.545, 0.01, 15,     0.880,
 2227, 1, 340.742, 340.742, 340.752, 0.01, 12, 340.752, 341.631, 0.879, 1004, 0, 341.631, 341.673, 0.042, 98,     0.931,
 2228, 1, 340.803, 340.803, 340.803, 0, 4, 340.803, 341.81, 1.008, 1067, 0, 341.81, 341.875, 0.065, 144,     1.073,
 2229, 1, 340.836, 340.836, 340.977, 0.141, 290, 340.977, 342.056, 1.079, 1555, 0, 342.056, 342.067, 0.012, 24,     1.231,
 2230, 1, 341.15, 341.15, 341.168, 0.018, 39, 341.168, 342.289, 1.121, 1216, 0, 342.289, 342.299, 0.01, 18,     1.150,
 2231, 1, 341.241, 341.241, 341.26, 0.019, 38, 341.26, 342.312, 1.053, 1400, 0, 342.312, 342.322, 0.01, 1,     1.082,
 2233, 1, 341.412, 341.412, 341.426, 0.014, 34, 341.426, 342.381, 0.954, 1638, 0, 342.381, 342.393, 0.012, 25,     0.981,
 2234, 1, 341.806, 341.806, 341.806, 0, 13, 341.806, 342.539, 0.732, 1252, 0, 342.539, 342.582, 0.043, 87,     0.776,
 2232, 1, 341.351, 341.351, 341.596, 0.245, 490, 341.596, 342.476, 0.88, 1598, 0, 342.476, 342.75, 0.274, 549,     1.399,
 2236, 1, 341.875, 341.875, 341.938, 0.063, 91, 341.938, 342.8, 0.862, 1140, 0, 342.8, 342.83, 0.03, 43,     0.955,
 2235, 1, 341.825, 341.825, 341.825, 0, 3, 341.825, 342.571, 0.746, 1179, 0, 342.571, 342.924, 0.354, 708,     1.099,
 2237, 1, 342.054, 342.054, 342.082, 0.028, 62, 342.082, 342.978, 0.897, 1068, 0, 342.978, 343.006, 0.027, 55,     0.952,
 2238, 1, 342.082, 342.082, 342.385, 0.303, 607, 342.385, 343.152, 0.768, 1017, 0, 343.152, 343.162, 0.01, 8,     1.081,
 2240, 1, 342.219, 342.219, 342.399, 0.18, 27, 342.399, 343.227, 0.829, 1496, 0, 343.227, 343.257, 0.029, 59,     1.038,
 2239, 1, 342.146, 342.146, 342.545, 0.399, 812, 342.545, 343.3, 0.755, 1321, 0, 343.3, 343.378, 0.078, 156,     1.232,
 2241, 1, 342.844, 342.844, 342.938, 0.094, 177, 342.938, 343.657, 0.719, 1640, 0, 343.657, 343.684, 0.027, 55,     0.840,
 2243, 1, 342.928, 342.928, 342.948, 0.02, 4, 342.948, 343.667, 0.719, 1585, 0, 343.667, 343.768, 0.101, 203,     0.840,
 2242, 1, 342.864, 342.864, 343.035, 0.171, 342, 343.035, 343.75, 0.716, 851, 0, 343.75, 343.788, 0.038, 70,     0.924,
 2244, 1, 343.202, 343.202, 343.21, 0.008, 22, 343.21, 343.928, 0.718, 1568, 0, 343.928, 343.96, 0.032, 64,     0.759,
 2245, 1, 343.445, 343.445, 343.445, 0, 11, 343.445, 344.173, 0.728, 1893, 0, 344.173, 344.229, 0.055, 111,     0.784,
 2246, 1, 343.471, 343.471, 343.593, 0.123, 246, 343.593, 344.309, 0.716, 1806, 0, 344.309, 344.343, 0.034, 68,     0.873,
 2247, 1, 343.615, 343.615, 343.637, 0.023, 46, 343.637, 344.349, 0.712, 1625, 0, 344.349, 344.349, 0, 10,     0.735,
 2248, 1, 343.702, 343.702, 343.734, 0.032, 65, 343.734, 344.446, 0.712, 1119, 0, 344.446, 344.456, 0.01, 2,     0.754,
 2249, 1, 343.724, 343.724, 343.78, 0.056, 102, 343.78, 344.559, 0.779, 1254, 0, 344.559, 344.569, 0.01, 17,     0.845,
 2250, 1, 343.77, 343.77, 343.78, 0.01, 7, 343.78, 344.601, 0.821, 1870, 0, 344.601, 344.708, 0.107, 200,     0.938,
 2251, 1, 343.808, 343.808, 343.833, 0.025, 52, 343.833, 344.629, 0.796, 1444, 0, 344.629, 344.756, 0.127, 255,     0.948,
 2252, 1, 344.078, 344.078, 344.078, 0, 14, 344.078, 344.809, 0.731, 1882, 0, 344.809, 344.822, 0.013, 26,     0.744,
 2253, 1, 344.085, 344.085, 344.269, 0.184, 363, 344.269, 344.987, 0.718, 1758, 0, 344.987, 345.058, 0.071, 116,     0.973,
 2256, 1, 344.326, 344.326, 344.332, 0.006, 26, 344.332, 345.227, 0.895, 1279, 0, 345.227, 345.237, 0.01, 21,     0.911,
 2254, 1, 344.242, 344.242, 344.269, 0.027, 47, 344.269, 345.058, 0.789, 1257, 0, 345.058, 345.318, 0.26, 502,     1.076,
 2255, 1, 344.303, 344.303, 344.36, 0.057, 114, 344.36, 345.308, 0.948, 1416, 0, 345.308, 345.349, 0.041, 81,     1.046,
 2257, 1, 344.483, 344.483, 344.517, 0.033, 70, 344.517, 345.436, 0.919, 1618, 0, 345.436, 345.446, 0.01, 11,     0.963,
 2258, 1, 344.578, 344.578, 344.697, 0.119, 229, 344.697, 345.558, 0.861, 1345, 0, 345.558, 345.607, 0.05, 99,     1.029,
 2259, 1, 345.347, 345.347, 345.402, 0.055, 111, 345.402, 346.13, 0.728, 988, 0, 346.13, 346.427, 0.297, 594,     1.080,
 2261, 1, 345.745, 345.745, 345.763, 0.019, 38, 345.763, 346.48, 0.716, 1859, 0, 346.48, 346.49, 0.01, 19,     0.745,
 2260, 1, 345.687, 345.687, 345.697, 0.01, 6, 345.697, 346.417, 0.72, 1357, 0, 346.417, 346.5, 0.083, 152,     0.813,
 2263, 1, 345.98, 345.98, 346.016, 0.036, 79, 346.016, 346.742, 0.726, 1921, 0, 346.742, 346.788, 0.046, 92,     0.808,
 2264, 1, 346.037, 346.037, 346.062, 0.025, 67, 346.062, 346.792, 0.73, 2287, 0, 346.792, 346.802, 0.01, 18,     0.765,
 2265, 1, 346.184, 346.184, 346.228, 0.044, 84, 346.228, 346.958, 0.73, 1480, 0, 346.958, 346.968, 0.01, 10,     0.784,
 2262, 1, 345.841, 345.841, 346.151, 0.31, 620, 346.151, 346.915, 0.764, 1420, 0, 346.915, 347.056, 0.141, 283,     1.215,
 2266, 1, 346.242, 346.242, 346.306, 0.063, 134, 346.306, 347.021, 0.716, 1839, 0, 347.021, 347.115, 0.093, 187,     0.873,
 2267, 1, 346.403, 346.403, 346.413, 0.01, 1, 346.413, 347.174, 0.761, 1215, 0, 347.174, 347.201, 0.027, 57,     0.798,
 2268, 1, 346.571, 346.571, 346.571, 0, 9, 346.571, 347.298, 0.727, 1419, 0, 347.298, 347.351, 0.053, 106,     0.780,
 2269, 1, 346.687, 346.687, 346.697, 0.01, 18, 346.697, 347.409, 0.711, 972, 0, 347.409, 347.48, 0.071, 142,     0.792,
 2272, 1, 347.133, 347.133, 347.143, 0.01, 19, 347.143, 347.904, 0.761, 1342, 0, 347.904, 347.914, 0.01, 15,     0.781,
 2270, 1, 346.721, 346.721, 346.977, 0.256, 521, 346.977, 347.704, 0.726, 1066, 0, 347.704, 347.927, 0.223, 451,     1.206,
 2273, 1, 347.233, 347.233, 347.252, 0.019, 38, 347.252, 348.048, 0.796, 1670, 0, 348.048, 348.062, 0.014, 29,     0.829,
 2271, 1, 346.96, 346.96, 347.314, 0.354, 707, 347.314, 348.117, 0.804, 971, 0, 348.117, 348.466, 0.349, 698,     1.506,
 2274, 1, 347.657, 347.657, 347.776, 0.119, 250, 347.776, 348.51, 0.734, 1415, 0, 348.51, 348.52, 0.01, 7,     0.863,
 2277, 1, 348.024, 348.024, 348.052, 0.027, 55, 348.052, 348.772, 0.721, 1411, 0, 348.772, 348.787, 0.014, 29,     0.763,
 2275, 1, 347.856, 347.856, 347.924, 0.068, 125, 347.924, 348.65, 0.726, 1615, 0, 348.65, 348.807, 0.156, 291,     0.951,
 2278, 1, 348.121, 348.121, 348.255, 0.134, 272, 348.255, 349.022, 0.766, 2050, 0, 349.022, 349.038, 0.016, 32,     0.917,
 2279, 1, 348.215, 348.215, 348.375, 0.16, 290, 348.375, 349.198, 0.822, 1847, 0, 349.198, 349.218, 0.02, 25,     1.003,
 2281, 1, 348.271, 348.271, 348.271, 0, 3, 348.271, 349.154, 0.884, 1516, 0, 349.154, 349.238, 0.083, 152,     0.967,
 2280, 1, 348.226, 348.226, 348.269, 0.043, 16, 348.269, 349.072, 0.802, 1120, 0, 349.072, 349.298, 0.226, 452,     1.071,
 2283, 1, 348.855, 348.855, 348.913, 0.058, 105, 348.913, 349.676, 0.762, 1748, 0, 349.676, 349.691, 0.015, 30,     0.835,
 2276, 1, 347.967, 347.967, 348.12, 0.153, 285, 348.12, 348.9, 0.78, 1919, 0, 348.9, 349.729, 0.829, 1648,     1.762,
 2285, 1, 348.969, 348.969, 348.982, 0.012, 27, 348.982, 349.719, 0.737, 1168, 0, 349.719, 349.739, 0.02, 33,     0.769,
 2284, 1, 348.959, 348.959, 349.008, 0.048, 90, 349.008, 349.938, 0.93, 1150, 0, 349.938, 350.032, 0.094, 207,     1.073,
 2286, 1, 349.122, 349.122, 349.122, 0, 17, 349.122, 350.036, 0.914, 866, 0, 350.036, 350.067, 0.031, 70,     0.945,
 2288, 1, 349.159, 349.159, 349.403, 0.244, 491, 349.403, 350.228, 0.825, 1580, 0, 350.228, 350.24, 0.012, 25,     1.082,
 2287, 1, 349.138, 349.138, 349.144, 0.006, 20, 349.144, 350.115, 0.971, 1609, 0, 350.115, 350.254, 0.139, 279,     1.116,
 2282, 1, 348.773, 348.773, 348.801, 0.027, 53, 348.801, 349.528, 0.727, 1424, 0, 349.528, 350.269, 0.741, 1483,     1.496,
 2289, 1, 349.443, 349.443, 349.57, 0.127, 271, 349.57, 350.288, 0.718, 1068, 0, 350.288, 350.315, 0.027, 54,     0.872,
 2291, 1, 349.775, 349.775, 349.785, 0.01, 15, 349.785, 350.496, 0.711, 1809, 0, 350.496, 350.506, 0.01, 2,     0.731,
 2290, 1, 349.666, 349.666, 349.697, 0.031, 30, 349.697, 350.413, 0.716, 1809, 0, 350.413, 350.524, 0.111, 222,     0.858,
 2293, 1, 350.227, 350.227, 350.255, 0.028, 51, 350.255, 350.976, 0.721, 1250, 0, 350.976, 350.995, 0.019, 38,     0.768,
 2292, 1, 350.058, 350.058, 350.068, 0.01, 3, 350.068, 350.784, 0.716, 1290, 0, 350.784, 351.015, 0.231, 425,     0.957,
 2294, 1, 350.297, 350.297, 350.334, 0.038, 82, 350.334, 351.064, 0.73, 1547, 0, 351.064, 351.094, 0.03, 34,     0.797,
 2295, 1, 350.373, 350.373, 350.404, 0.03, 49, 350.404, 351.228, 0.824, 1561, 0, 351.228, 351.239, 0.011, 22,     0.865,
 2296, 1, 350.394, 350.394, 350.415, 0.022, 28, 350.415, 351.314, 0.899, 694, 0, 351.314, 351.347, 0.033, 66,     0.953,
 2297, 1, 350.627, 350.627, 350.637, 0.01, 4, 350.637, 351.478, 0.841, 1656, 0, 351.478, 351.497, 0.019, 38,     0.870,
 2298, 1, 350.772, 350.772, 350.782, 0.01, 5, 350.782, 351.582, 0.8, 1481, 0, 351.582, 351.609, 0.026, 53,     0.837,
 2301, 1, 351.243, 351.243, 351.265, 0.022, 45, 351.265, 352.002, 0.737, 2101, 0, 352.002, 352.014, 0.012, 32,     0.772,
 2300, 1, 351.197, 351.197, 351.237, 0.04, 75, 351.237, 351.966, 0.729, 1699, 0, 351.966, 352.06, 0.094, 188,     0.862,
 2302, 1, 351.283, 351.283, 351.307, 0.024, 57, 351.307, 352.225, 0.918, 1114, 0, 352.225, 352.248, 0.023, 47,     0.965,
 2299, 1, 351.162, 351.162, 351.488, 0.326, 646, 351.488, 352.258, 0.77, 896, 0, 352.258, 352.293, 0.035, 89,     1.131,
 2303, 1, 351.491, 351.491, 351.558, 0.067, 142, 351.558, 352.275, 0.717, 1878, 0, 352.275, 352.293, 0.017, 35,     0.801,
 2305, 1, 351.792, 351.792, 351.792, 0, 3, 351.792, 352.738, 0.946, 2295, 0, 352.738, 352.749, 0.011, 22,     0.957,
 2304, 1, 351.767, 351.767, 352.073, 0.306, 608, 352.073, 352.81, 0.737, 1370, 0, 352.81, 352.86, 0.05, 111,     1.093,
 2306, 1, 352.034, 352.034, 352.048, 0.014, 27, 352.048, 352.79, 0.742, 1950, 0, 352.79, 352.88, 0.09, 146,     0.846,
 2307, 1, 352.052, 352.052, 352.29, 0.238, 483, 352.29, 353.059, 0.769, 1288, 0, 353.059, 353.083, 0.024, 48,     1.032,
 2308, 1, 352.23, 352.23, 352.24, 0.01, 3, 352.24, 353.039, 0.799, 2418, 0, 353.039, 353.365, 0.326, 652,     1.135,
 2310, 1, 352.473, 352.473, 352.483, 0.01, 15, 352.483, 353.299, 0.816, 1563, 0, 353.299, 353.41, 0.112, 223,     0.937,
 2311, 1, 352.607, 352.607, 352.695, 0.087, 166, 352.695, 353.419, 0.724, 1484, 0, 353.419, 353.429, 0.01, 23,     0.822,
 2312, 1, 352.881, 352.881, 353.016, 0.135, 256, 353.016, 353.74, 0.723, 1184, 0, 353.74, 353.769, 0.029, 59,     0.888,
 2313, 1, 353.058, 353.058, 353.074, 0.016, 32, 353.074, 353.789, 0.715, 1321, 0, 353.789, 353.802, 0.014, 38,     0.745,
 2309, 1, 352.371, 352.371, 352.419, 0.048, 108, 352.419, 353.237, 0.819, 1240, 0, 353.237, 353.838, 0.601, 1202,     1.467,
 2314, 1, 353.14, 353.14, 353.168, 0.027, 55, 353.168, 353.881, 0.713, 1652, 0, 353.881, 353.914, 0.033, 66,     0.773,
 2316, 1, 353.322, 353.322, 353.329, 0.007, 13, 353.329, 354.05, 0.721, 1104, 0, 354.05, 354.092, 0.042, 74,     0.770,
 2315, 1, 353.319, 353.319, 353.322, 0.003, 6, 353.322, 354.05, 0.728, 1028, 0, 354.05, 354.102, 0.052, 92,     0.783,
 2317, 1, 353.351, 353.351, 353.409, 0.058, 90, 353.409, 354.299, 0.89, 1744, 0, 354.299, 354.4, 0.101, 202,     1.049,
 2318, 1, 353.65, 353.65, 353.65, 0, 19, 353.65, 354.55, 0.9, 1449, 0, 354.55, 354.56, 0.01, 13,     0.910,
 2320, 1, 353.728, 353.728, 353.758, 0.029, 59, 353.758, 354.598, 0.84, 1308, 0, 354.598, 354.627, 0.029, 58,     0.898,
 2319, 1, 353.671, 353.671, 353.671, 0, 1, 353.671, 354.55, 0.878, 1238, 0, 354.55, 354.682, 0.132, 264,     1.010,
 2322, 1, 354.129, 354.129, 354.329, 0.2, 383, 354.329, 355.043, 0.714, 1655, 0, 355.043, 355.101, 0.058, 92,     0.972,
 2323, 1, 354.357, 354.357, 354.374, 0.017, 35, 354.374, 355.101, 0.727, 1515, 0, 355.101, 355.141, 0.04, 80,     0.784,
 2321, 1, 354.058, 354.058, 354.083, 0.025, 51, 354.083, 354.813, 0.73, 1340, 0, 354.813, 355.543, 0.73, 1428,     1.485,
 2325, 1, 354.844, 354.844, 354.872, 0.028, 48, 354.872, 355.663, 0.791, 1494, 0, 355.663, 355.676, 0.012, 25,     0.832,
 2324, 1, 354.702, 354.702, 354.902, 0.2, 378, 354.902, 355.881, 0.979, 1491, 0, 355.881, 356.041, 0.16, 321,     1.339,
 2326, 1, 354.941, 354.941, 355.024, 0.083, 137, 355.024, 356.131, 1.107, 1858, 0, 356.131, 356.205, 0.074, 148,     1.264,
 2329, 1, 355.224, 355.224, 355.234, 0.01, 5, 355.234, 356.421, 1.186, 990, 0, 356.421, 356.45, 0.03, 59,     1.226,
 2327, 1, 354.964, 354.964, 355.173, 0.209, 431, 355.173, 356.421, 1.248, 1617, 0, 356.421, 356.474, 0.053, 107,     1.510,
 2332, 1, 355.88, 355.88, 356.091, 0.211, 423, 356.091, 357.175, 1.084, 1653, 0, 357.175, 357.21, 0.035, 70,     1.329,
 2331, 1, 355.722, 355.722, 355.754, 0.032, 65, 355.754, 356.926, 1.172, 1645, 0, 356.926, 357.351, 0.425, 851,     1.629,
 2334, 1, 356.011, 356.011, 356.246, 0.235, 308, 356.246, 357.394, 1.147, 1327, 0, 357.394, 357.418, 0.024, 48,     1.407,
 2335, 1, 356.029, 356.029, 356.341, 0.312, 189, 356.341, 357.425, 1.084, 2206, 0, 357.425, 357.465, 0.04, 59,     1.437,
 2336, 1, 356.113, 356.113, 356.463, 0.35, 244, 356.463, 357.643, 1.181, 1374, 0, 357.643, 357.653, 0.01, 16,     1.540,
 2330, 1, 355.366, 355.366, 355.366, 0, 10, 355.366, 356.879, 1.513, 1665, 0, 356.879, 357.669, 0.79, 1580,     2.302,
 2337, 1, 356.236, 356.236, 356.525, 0.288, 103, 356.525, 357.685, 1.16, 1308, 0, 357.685, 357.715, 0.03, 24,     1.478,
 2339, 1, 356.742, 356.742, 356.752, 0.01, 10, 356.752, 357.934, 1.183, 1547, 0, 357.934, 357.974, 0.039, 79,     1.232,
 2338, 1, 356.269, 356.269, 356.539, 0.27, 2, 356.539, 357.892, 1.354, 1400, 0, 357.892, 358.036, 0.143, 262,     1.767,
 2333, 1, 355.889, 355.889, 357.348, 1.459, 2936, 357.348, 358.186, 0.838, 1576, 0, 358.186, 358.196, 0.01, 13,     2.308,
 2340, 1, 356.926, 356.926, 356.974, 0.047, 82, 356.974, 358.141, 1.168, 1913, 0, 358.141, 358.211, 0.07, 140,     1.285,
 2341, 1, 357.475, 357.475, 357.876, 0.402, 804, 357.876, 358.603, 0.726, 1392, 0, 358.603, 358.742, 0.139, 279,     1.267,
 2342, 1, 357.481, 357.481, 358.14, 0.659, 1331, 358.14, 358.868, 0.728, 1509, 0, 358.868, 358.878, 0.01, 14,     1.397,
 2344, 1, 357.656, 357.656, 358.185, 0.529, 80, 358.185, 358.902, 0.717, 1171, 0, 358.902, 358.953, 0.051, 102,     1.297,
 2345, 1, 357.71, 357.71, 358.211, 0.501, 44, 358.211, 358.94, 0.728, 1496, 0, 358.94, 359.003, 0.064, 127,     1.293,
 2347, 1, 357.94, 357.94, 358.565, 0.625, 5, 358.565, 359.291, 0.726, 1756, 0, 359.291, 359.303, 0.012, 24,     1.363,
 2343, 1, 357.491, 357.491, 358.579, 1.088, 1404, 358.579, 359.311, 0.732, 1642, 0, 359.311, 359.329, 0.017, 51,     1.837,
 2346, 1, 357.833, 357.833, 358.551, 0.718, 681, 358.551, 359.267, 0.716, 1768, 0, 359.267, 359.435, 0.167, 335,     1.602,
 2349, 1, 358.047, 358.047, 358.593, 0.546, 19, 358.593, 359.496, 0.903, 1092, 0, 359.496, 359.511, 0.015, 30,     1.464,
 2350, 1, 358.095, 358.095, 358.647, 0.552, 100, 358.647, 359.53, 0.883, 1065, 0, 359.53, 359.54, 0.01, 10,     1.445,
 2351, 1, 358.127, 358.127, 358.731, 0.603, 149, 358.731, 359.55, 0.819, 1855, 0, 359.55, 359.574, 0.024, 47,     1.447,
 2352, 1, 358.175, 358.175, 358.777, 0.602, 80, 358.777, 359.564, 0.787, 1214, 0, 359.564, 359.574, 0.01, 4,     1.399,
 2353, 1, 358.211, 358.211, 358.801, 0.589, 44, 358.801, 359.752, 0.951, 1347, 0, 359.752, 359.762, 0.01, 8,     1.550,
 2328, 1, 355.173, 355.173, 355.322, 0.149, 276, 355.322, 356.67, 1.347, 1530, 0, 356.67, 360.137, 3.468, 6936,     4.964,
 2354, 1, 359.734, 359.734, 359.744, 0.01, 3, 359.744, 360.465, 0.721, 1838, 0, 360.465, 360.554, 0.089, 178,     0.820,
 2355, 1, 359.932, 359.932, 359.932, 0, 1, 359.932, 360.649, 0.717, 1524, 0, 360.649, 360.659, 0.01, 12,     0.727,
 2348, 1, 357.953, 357.953, 358.838, 0.884, 542, 358.838, 359.802, 0.964, 1511, 0, 359.802, 360.669, 0.867, 1717,     2.715,
 2356, 1, 359.951, 359.951, 359.985, 0.034, 78, 359.985, 360.716, 0.732, 1625, 0, 360.716, 360.726, 0.01, 12,     0.775,
 2357, 1, 360.163, 360.163, 360.163, 0, 3, 360.163, 360.878, 0.715, 1815, 0, 360.878, 360.907, 0.029, 59,     0.745,
 2358, 1, 360.29, 360.29, 360.303, 0.013, 26, 360.303, 361.016, 0.713, 1242, 0, 361.016, 361.026, 0.01, 14,     0.736,
 2359, 1, 360.485, 360.485, 360.485, 0, 6, 360.485, 361.278, 0.793, 768, 0, 361.278, 361.288, 0.01, 1,     0.803,
 2361, 1, 360.819, 360.819, 360.827, 0.008, 7, 360.827, 361.565, 0.738, 1388, 0, 361.565, 361.575, 0.01, 1,     0.755,
 2360, 1, 360.798, 360.798, 360.827, 0.029, 56, 360.827, 361.551, 0.724, 1685, 0, 361.551, 361.636, 0.085, 170,     0.838,
 2363, 1, 361.022, 361.022, 361.104, 0.082, 164, 361.104, 361.826, 0.722, 1899, 0, 361.826, 361.836, 0.01, 3,     0.814,
 2362, 1, 360.918, 360.918, 361.276, 0.358, 718, 361.276, 361.984, 0.708, 1088, 0, 361.984, 361.994, 0.01, 3,     1.076,
 2365, 1, 361.147, 361.147, 361.31, 0.163, 49, 361.31, 362.076, 0.766, 1371, 0, 362.076, 362.188, 0.111, 223,     1.041,
 2366, 1, 361.446, 361.446, 361.497, 0.051, 97, 361.497, 362.206, 0.709, 1267, 0, 362.206, 362.233, 0.027, 54,     0.786,
 2364, 1, 361.066, 361.066, 362.765, 1.698, 3322, 362.765, 363.481, 0.717, 626, 0, 363.481, 363.576, 0.094, 160,     2.510,
 2368, 1, 362.05, 362.05, 363.058, 1.008, 587, 363.058, 363.781, 0.723, 1510, 0, 363.781, 363.791, 0.01, 6,     1.741,
 2372, 1, 362.226, 362.226, 365.101, 2.874, 105, 365.101, 365.818, 0.718, 1066, 0, 365.818, 365.828, 0.01, 3,     3.602,
 2373, 1, 362.259, 362.259, 365.115, 2.855, 4, 365.115, 365.83, 0.716, 1871, 0, 365.83, 365.849, 0.019, 42,     3.590,
 2374, 1, 362.492, 362.492, 365.194, 2.702, 158, 365.194, 366.013, 0.82, 1316, 0, 366.013, 366.023, 0.01, 1,     3.531,
 2369, 1, 362.112, 362.112, 364.686, 2.574, 3257, 364.686, 365.402, 0.716, 1818, 0, 365.402, 366.138, 0.737, 1474,     4.026,
 2370, 1, 362.149, 362.149, 365.016, 2.867, 645, 365.016, 365.763, 0.747, 1418, 0, 365.763, 366.158, 0.395, 782,     4.009,
 2375, 1, 363.094, 363.094, 365.279, 2.185, 171, 365.279, 366.045, 0.766, 1441, 0, 366.045, 366.158, 0.113, 188,     3.064,
 2376, 1, 363.19, 363.19, 365.458, 2.268, 359, 365.458, 366.293, 0.835, 1759, 0, 366.293, 366.469, 0.176, 353,     3.279,
 2377, 1, 363.266, 363.266, 365.633, 2.367, 350, 365.633, 366.599, 0.966, 1443, 0, 366.599, 366.609, 0.01, 21,     3.343,
 2379, 1, 363.882, 363.882, 365.686, 1.804, 86, 365.686, 366.83, 1.144, 2031, 0, 366.83, 366.864, 0.034, 67,     2.982,
 2378, 1, 363.849, 363.849, 365.643, 1.795, 10, 365.643, 366.8, 1.157, 1542, 0, 366.8, 366.925, 0.124, 249,     3.076,
 2380, 1, 364.424, 364.424, 365.979, 1.556, 580, 365.979, 367.28, 1.3, 1776, 0, 367.28, 367.29, 0.01, 20,     2.866,
 2381, 1, 364.472, 364.472, 365.989, 1.517, 18, 365.989, 367.314, 1.324, 1370, 0, 367.314, 367.324, 0.01, 17,     2.852,
 2382, 1, 364.571, 364.571, 365.999, 1.428, 2, 365.999, 367.359, 1.36, 1855, 0, 367.359, 367.406, 0.047, 95,     2.836,
 2383, 1, 364.712, 364.712, 366.009, 1.298, 3, 366.009, 367.546, 1.537, 1204, 0, 367.546, 367.596, 0.05, 89,     2.885,
 2385, 1, 364.872, 364.872, 366.223, 1.351, 286, 366.223, 367.834, 1.611, 1329, 0, 367.834, 367.847, 0.013, 26,     2.975,
 2387, 1, 365.087, 365.087, 366.278, 1.192, 23, 366.278, 367.873, 1.595, 910, 0, 367.873, 367.9, 0.027, 54,     2.814,
 2386, 1, 365.058, 365.058, 366.257, 1.2, 29, 366.257, 367.854, 1.597, 996, 0, 367.854, 367.993, 0.138, 291,     2.935,
 2384, 1, 364.848, 364.848, 366.074, 1.226, 98, 366.074, 367.586, 1.513, 1189, 0, 367.586, 368.006, 0.419, 839,     3.158,
 2371, 1, 362.173, 362.173, 365.048, 2.876, 46, 365.048, 365.789, 0.741, 1151, 0, 365.789, 368.047, 2.258, 4517,     5.875,
 2388, 1, 365.229, 365.229, 366.288, 1.06, 7, 366.288, 368.052, 1.764, 1728, 0, 368.052, 368.114, 0.061, 133,     2.885,
 2389, 1, 365.306, 365.306, 366.459, 1.154, 314, 366.459, 368.134, 1.675, 1111, 0, 368.134, 368.18, 0.046, 61,     2.874,
 2390, 1, 365.341, 365.341, 366.559, 1.218, 181, 366.559, 368.366, 1.807, 1125, 0, 368.366, 368.482, 0.116, 232,     3.141,
 2395, 1, 366.163, 366.163, 366.832, 0.669, 10, 366.832, 368.64, 1.808, 1632, 0, 368.64, 368.65, 0.01, 4,     2.487,
 2391, 1, 365.709, 365.709, 366.569, 0.861, 8, 366.569, 368.39, 1.82, 1371, 0, 368.39, 368.682, 0.292, 585,     2.973,
 2367, 1, 361.497, 361.497, 366.629, 5.132, 10264, 366.629, 368.564, 1.934, 1162, 0, 368.564, 368.721, 0.158, 316,     7.224,
 2394, 1, 366.126, 366.126, 366.818, 0.692, 338, 366.818, 368.616, 1.797, 1220, 0, 368.616, 368.741, 0.126, 226,     2.615,
 2393, 1, 366.077, 366.077, 366.649, 0.572, 25, 366.649, 368.594, 1.944, 1348, 0, 368.594, 368.841, 0.247, 495,     2.764,
 2392, 1, 365.773, 365.773, 366.859, 1.086, 559, 366.859, 368.813, 1.955, 1319, 0, 368.813, 368.853, 0.04, 61,     3.080,
 2400, 1, 367.009, 367.009, 367.059, 0.05, 82, 367.059, 369.063, 2.004, 1348, 0, 369.063, 369.073, 0.01, 10,     2.064,
 2401, 1, 367.106, 367.106, 367.204, 0.098, 197, 367.204, 369.117, 1.912, 1447, 0, 369.117, 369.127, 0.01, 21,     2.021,
 2399, 1, 366.808, 366.808, 366.929, 0.121, 25, 366.929, 368.897, 1.969, 1837, 0, 368.897, 369.138, 0.241, 482,     2.330,
 2402, 1, 367.132, 367.132, 367.272, 0.14, 137, 367.272, 369.147, 1.874, 1452, 0, 369.147, 369.157, 0.01, 24,     2.025,
 2397, 1, 366.676, 366.676, 366.873, 0.196, 2, 366.873, 368.843, 1.971, 1242, 0, 368.843, 369.377, 0.533, 1054,     2.700,
 2398, 1, 366.679, 366.679, 366.907, 0.228, 49, 366.907, 368.865, 1.959, 1791, 0, 368.865, 369.377, 0.511, 1023,     2.698,
 2405, 1, 367.494, 367.494, 367.537, 0.043, 58, 367.537, 369.408, 1.87, 1275, 0, 369.408, 369.485, 0.077, 154,     1.991,
 2406, 1, 367.513, 367.513, 367.537, 0.025, 30, 367.537, 369.58, 2.042, 1170, 0, 369.58, 369.625, 0.046, 91,     2.112,
 2409, 1, 368.059, 368.059, 368.059, 0, 1, 368.059, 369.877, 1.818, 1831, 0, 369.877, 369.888, 0.01, 21,     1.829,
 2407, 1, 367.999, 367.999, 368.07, 0.071, 142, 368.07, 369.907, 1.838, 1633, 0, 369.907, 369.957, 0.05, 88,     1.959,
 2403, 1, 367.217, 367.217, 367.305, 0.088, 53, 367.305, 369.33, 2.024, 1762, 0, 369.33, 370.041, 0.711, 1422,     2.824,
 2410, 1, 368.1, 368.1, 368.125, 0.025, 39, 368.125, 370.109, 1.984, 1281, 0, 370.109, 370.119, 0.01, 19,     2.019,
 2408, 1, 368.047, 368.047, 368.057, 0.01, 26, 368.057, 369.849, 1.792, 1684, 0, 369.849, 370.148, 0.298, 597,     2.101,
 2396, 1, 366.268, 366.268, 367.339, 1.07, 1006, 367.339, 369.347, 2.008, 1670, 0, 369.347, 370.171, 0.824, 1642,     3.902,
 2413, 1, 368.771, 368.771, 368.781, 0.01, 18, 368.781, 370.589, 1.808, 1297, 0, 370.589, 370.605, 0.017, 33,     1.834,
 2414, 1, 369.069, 369.069, 369.153, 0.084, 168, 369.153, 370.623, 1.47, 945, 0, 370.623, 370.632, 0.01, 13,     1.564,
 2415, 1, 369.374, 369.374, 369.546, 0.172, 344, 369.546, 370.666, 1.12, 1906, 0, 370.666, 370.676, 0.01, 13,     1.302,
 2412, 1, 368.303, 368.303, 368.313, 0.01, 6, 368.313, 370.339, 2.026, 1677, 0, 370.339, 370.758, 0.419, 839,     2.455,
 2404, 1, 367.339, 367.339, 367.339, 0, 5, 367.339, 369.367, 2.028, 1427, 0, 369.367, 371.124, 1.758, 3516,     3.786,
 2416, 1, 369.741, 369.741, 369.751, 0.01, 17, 369.751, 370.88, 1.129, 1655, 0, 370.88, 371.156, 0.276, 572,     1.416,
 2418, 1, 369.902, 369.902, 369.902, 0, 16, 369.902, 371.156, 1.254, 988, 0, 371.156, 371.194, 0.038, 75,     1.291,
 2417, 1, 369.843, 369.843, 369.88, 0.037, 93, 369.88, 371.129, 1.249, 1434, 0, 371.129, 371.323, 0.194, 398,     1.480,
 2420, 1, 370.03, 370.03, 370.224, 0.194, 69, 370.224, 371.406, 1.182, 1661, 0, 371.406, 371.419, 0.014, 27,     1.389,
 2419, 1, 369.968, 369.968, 370.19, 0.221, 438, 370.19, 371.382, 1.192, 1884, 0, 371.382, 371.486, 0.104, 170,     1.517,
 2421, 1, 370.206, 370.206, 370.348, 0.142, 220, 370.348, 371.641, 1.294, 1743, 0, 371.641, 371.651, 0.01, 8,     1.446,
 2424, 1, 370.847, 370.847, 370.85, 0.004, 21, 370.85, 371.935, 1.085, 1307, 0, 371.935, 371.945, 0.01, 19,     1.099,
 2423, 1, 370.735, 370.735, 370.767, 0.032, 51, 370.767, 371.923, 1.156, 1787, 0, 371.923, 372.107, 0.184, 353,     1.372,
 2425, 1, 371.015, 371.015, 371.057, 0.042, 74, 371.057, 372.193, 1.137, 1807, 0, 372.193, 372.244, 0.051, 110,     1.229,
 2426, 1, 371.047, 371.047, 371.087, 0.04, 57, 371.087, 372.346, 1.26, 1749, 0, 372.346, 372.36, 0.014, 27,     1.313,
 2428, 1, 371.168, 371.168, 371.191, 0.023, 3, 371.191, 372.422, 1.232, 1241, 0, 372.422, 372.434, 0.012, 23,     1.266,
 2429, 1, 371.413, 371.413, 371.472, 0.06, 114, 371.472, 372.64, 1.167, 1707, 0, 372.64, 372.65, 0.01, 19,     1.237,
 2430, 1, 371.442, 371.442, 371.482, 0.04, 4, 371.482, 372.673, 1.19, 1741, 0, 372.673, 372.7, 0.027, 55,     1.258,
 2431, 1, 371.841, 371.841, 372.01, 0.169, 339, 372.01, 372.864, 0.853, 1631, 0, 372.864, 372.874, 0.01, 1,     1.032,
 2432, 1, 372.033, 372.033, 372.08, 0.047, 111, 372.08, 372.89, 0.81, 1238, 0, 372.89, 372.921, 0.031, 63,     0.888,
 2433, 1, 372.168, 372.168, 372.347, 0.178, 350, 372.347, 373.113, 0.767, 1205, 0, 373.113, 373.123, 0.01, 15,     0.955,
 2434, 1, 372.231, 372.231, 372.367, 0.135, 40, 372.367, 373.139, 0.773, 1150, 0, 373.139, 373.222, 0.082, 165,     0.990,
 2435, 1, 373.007, 373.007, 373.007, 0, 1, 373.007, 373.723, 0.716, 1884, 0, 373.723, 373.763, 0.04, 80,     0.756,
 2436, 1, 373.294, 373.294, 373.305, 0.011, 22, 373.305, 374.101, 0.796, 1572, 0, 374.101, 374.111, 0.01, 11,     0.817,
 2437, 1, 373.611, 373.611, 373.621, 0.01, 16, 373.621, 374.344, 0.722, 1477, 0, 374.344, 374.372, 0.029, 57,     0.761,
 2438, 1, 373.646, 373.646, 373.765, 0.12, 240, 373.765, 374.488, 0.722, 1193, 0, 374.488, 374.503, 0.015, 30,     0.857,
 2427, 1, 371.098, 371.098, 371.177, 0.079, 160, 371.177, 372.39, 1.214, 1003, 0, 372.39, 374.515, 2.125, 4250,     3.417,
 2439, 1, 373.717, 373.717, 373.799, 0.082, 43, 373.799, 374.52, 0.721, 1464, 0, 374.52, 374.53, 0.01, 16,     0.813,
 2411, 1, 368.139, 368.139, 373.893, 5.754, 11514, 373.893, 374.64, 0.747, 1157, 0, 374.64, 374.685, 0.045, 90,     6.546,
 2441, 1, 373.968, 373.968, 373.978, 0.01, 20, 373.978, 374.78, 0.802, 1868, 0, 374.78, 374.79, 0.01, 20,     0.822,
 2440, 1, 373.936, 373.936, 373.955, 0.019, 39, 373.955, 374.747, 0.792, 1428, 0, 374.747, 374.82, 0.073, 147,     0.884,
 2443, 1, 374.059, 374.059, 374.198, 0.139, 261, 374.198, 375.279, 1.08, 1500, 0, 375.279, 375.316, 0.038, 75,     1.257,
 2445, 1, 374.166, 374.166, 374.399, 0.233, 260, 374.399, 375.399, 1, 1623, 0, 375.399, 375.508, 0.11, 219,     1.342,
 2448, 1, 374.482, 374.482, 374.492, 0.01, 8, 374.492, 375.612, 1.12, 1319, 0, 375.612, 375.622, 0.01, 15,     1.140,
 2446, 1, 374.226, 374.226, 374.434, 0.208, 66, 374.434, 375.51, 1.076, 1490, 0, 375.51, 375.66, 0.151, 305,     1.434,
 2447, 1, 374.379, 374.379, 374.482, 0.103, 95, 374.482, 375.529, 1.047, 1786, 0, 375.529, 375.77, 0.241, 466,     1.390,
 2450, 1, 374.649, 374.649, 374.659, 0.01, 8, 374.659, 375.778, 1.118, 1724, 0, 375.778, 375.778, 0, 9,     1.128,
 2442, 1, 373.987, 373.987, 374.685, 0.698, 1414, 374.685, 375.861, 1.177, 1215, 0, 375.861, 375.908, 0.047, 94,     1.922,
 2449, 1, 374.519, 374.519, 374.61, 0.091, 175, 374.61, 375.648, 1.038, 1381, 0, 375.648, 376.038, 0.391, 775,     1.519,
 2451, 1, 375.424, 375.424, 375.456, 0.032, 53, 375.456, 376.273, 0.818, 1779, 0, 376.273, 376.283, 0.01, 4,     0.860,
 2452, 1, 375.582, 375.582, 375.609, 0.027, 54, 375.609, 376.329, 0.719, 1198, 0, 376.329, 376.473, 0.144, 287,     0.890,
 2454, 1, 375.757, 375.757, 375.767, 0.01, 17, 375.767, 376.538, 0.771, 1325, 0, 376.538, 376.56, 0.021, 42,     0.802,
 2453, 1, 375.699, 375.699, 375.709, 0.01, 15, 375.709, 376.443, 0.734, 1377, 0, 376.443, 376.595, 0.153, 292,     0.897,
 2422, 1, 370.456, 370.456, 370.529, 0.074, 133, 370.529, 371.673, 1.144, 1552, 0, 371.673, 376.651, 4.978, 9957,     6.195,
 2456, 1, 375.812, 375.812, 375.852, 0.041, 47, 375.852, 376.692, 0.84, 1394, 0, 376.692, 376.702, 0.01, 3,     0.891,
 2457, 1, 375.926, 375.926, 375.945, 0.019, 36, 375.945, 376.835, 0.889, 1370, 0, 376.835, 376.846, 0.012, 27,     0.921,
 2458, 1, 375.97, 375.97, 375.98, 0.01, 18, 375.98, 376.968, 0.989, 1267, 0, 376.968, 376.978, 0.01, 17,     1.009,
 2455, 1, 375.81, 375.81, 375.969, 0.159, 310, 375.969, 376.948, 0.979, 1568, 0, 376.948, 377.009, 0.06, 121,     1.199,
 2459, 1, 376.042, 376.042, 376.042, 0, 9, 376.042, 377.084, 1.042, 1564, 0, 377.084, 377.155, 0.071, 142,     1.113,
 2461, 1, 376.964, 376.964, 376.995, 0.031, 71, 376.995, 377.798, 0.803, 1266, 0, 377.798, 377.856, 0.058, 124,     0.893,
 2462, 1, 376.995, 376.995, 377.067, 0.073, 130, 377.067, 377.844, 0.777, 1701, 0, 377.844, 377.923, 0.079, 128,     0.929,
 2464, 1, 377.183, 377.183, 377.193, 0.01, 7, 377.193, 377.974, 0.781, 1716, 0, 377.974, 378.028, 0.054, 108,     0.844,
 2465, 1, 377.194, 377.194, 377.203, 0.009, 7, 377.203, 378.093, 0.89, 1137, 0, 378.093, 378.166, 0.073, 146,     0.972,
 2460, 1, 376.163, 376.163, 376.192, 0.029, 49, 376.192, 377.2, 1.009, 1664, 0, 377.2, 378.186, 0.986, 1943,     2.024,
 2463, 1, 377.102, 377.102, 377.253, 0.151, 304, 377.253, 378.223, 0.97, 887, 0, 378.223, 378.233, 0.01, 1,     1.131,
 2466, 1, 377.665, 377.665, 377.719, 0.054, 92, 377.719, 378.555, 0.836, 1160, 0, 378.555, 378.581, 0.026, 52,     0.916,
 2467, 1, 377.709, 377.709, 377.719, 0.01, 7, 377.719, 378.604, 0.885, 1530, 0, 378.604, 378.752, 0.148, 279,     1.043,
 2468, 1, 377.836, 377.836, 378.14, 0.305, 628, 378.14, 378.866, 0.726, 1544, 0, 378.866, 378.876, 0.01, 2,     1.040,
 2470, 1, 378.202, 378.202, 378.349, 0.147, 294, 378.349, 379.065, 0.716, 1595, 0, 379.065, 379.092, 0.027, 54,     0.890,
 2469, 1, 377.879, 377.879, 377.944, 0.065, 110, 377.944, 378.816, 0.872, 1407, 0, 378.816, 379.112, 0.296, 562,     1.233,
 2473, 1, 378.554, 378.554, 378.587, 0.033, 65, 378.587, 379.315, 0.728, 1511, 0, 379.315, 379.325, 0.01, 2,     0.772,
 2471, 1, 378.296, 378.296, 378.363, 0.067, 113, 378.363, 379.077, 0.714, 1602, 0, 379.077, 379.659, 0.581, 1163,     1.363,
 2474, 1, 378.763, 378.763, 378.773, 0.01, 8, 378.773, 379.569, 0.796, 1178, 0, 379.569, 379.707, 0.138, 270,     0.944,
 2472, 1, 378.4, 378.4, 378.988, 0.588, 1142, 378.988, 379.707, 0.719, 1500, 0, 379.707, 379.737, 0.03, 43,     1.337,
 2444, 1, 374.08, 374.08, 374.269, 0.189, 142, 374.269, 375.363, 1.094, 1524, 0, 375.363, 379.818, 4.456, 8902,     5.738,
 2476, 1, 379.026, 379.026, 379.088, 0.062, 107, 379.088, 379.933, 0.844, 1495, 0, 379.933, 379.986, 0.053, 107,     0.960,
 2477, 1, 379.041, 379.041, 379.102, 0.061, 23, 379.102, 379.965, 0.862, 1386, 0, 379.965, 380, 0.035, 55,     0.959,
 2478, 1, 379.408, 379.408, 379.428, 0.021, 56, 379.428, 380.148, 0.72, 1482, 0, 380.148, 380.188, 0.039, 79,     0.780,
 2479, 1, 379.435, 379.435, 379.486, 0.051, 78, 379.486, 380.227, 0.741, 1338, 0, 380.227, 380.339, 0.112, 225,     0.903,
 2480, 1, 379.454, 379.454, 380.435, 0.98, 1880, 380.435, 381.16, 0.725, 1867, 0, 381.16, 381.177, 0.017, 35,     1.723,
 2483, 1, 379.966, 379.966, 380.548, 0.582, 4, 380.548, 381.409, 0.862, 1646, 0, 381.409, 381.481, 0.071, 143,     1.515,
 2481, 1, 379.779, 379.779, 380.464, 0.686, 49, 380.464, 381.178, 0.714, 1957, 0, 381.178, 381.502, 0.324, 649,     1.723,
 2484, 1, 380.202, 380.202, 380.676, 0.474, 221, 380.676, 381.428, 0.752, 1442, 0, 381.428, 381.626, 0.198, 397,     1.424,
 2485, 1, 380.425, 380.425, 380.713, 0.288, 74, 380.713, 381.589, 0.876, 1762, 0, 381.589, 381.646, 0.057, 99,     1.221,
 2486, 1, 380.74, 380.74, 380.763, 0.022, 48, 380.763, 381.659, 0.896, 1302, 0, 381.659, 381.829, 0.17, 341,     1.089,
 2487, 1, 380.866, 380.866, 380.876, 0.01, 9, 380.876, 381.688, 0.812, 1463, 0, 381.688, 381.929, 0.241, 466,     1.063,
 2488, 1, 380.902, 380.902, 381.021, 0.119, 221, 381.021, 381.919, 0.899, 1541, 0, 381.919, 381.929, 0.01, 6,     1.027,
 2489, 1, 380.998, 380.998, 381.207, 0.209, 350, 381.207, 381.987, 0.781, 1531, 0, 381.987, 381.997, 0.01, 13,     1.000,
 2482, 1, 379.881, 379.881, 380.534, 0.652, 109, 380.534, 381.34, 0.806, 1714, 0, 381.34, 382.017, 0.678, 1320,     2.136,
 2490, 1, 381.107, 381.107, 381.232, 0.125, 32, 381.232, 382.109, 0.877, 1633, 0, 382.109, 382.119, 0.01, 13,     1.012,
 2492, 1, 381.522, 381.522, 381.532, 0.01, 21, 381.532, 382.475, 0.943, 1356, 0, 382.475, 382.535, 0.059, 119,     1.012,
 2493, 1, 381.535, 381.535, 381.678, 0.143, 266, 381.678, 382.724, 1.046, 1491, 0, 382.724, 382.741, 0.017, 34,     1.206,
 2494, 1, 381.601, 381.601, 381.712, 0.111, 33, 381.712, 382.744, 1.032, 1664, 0, 382.744, 382.787, 0.043, 91,     1.186,
 2495, 1, 382.123, 382.123, 382.163, 0.039, 89, 382.163, 382.875, 0.713, 1251, 0, 382.875, 383.031, 0.155, 311,     0.908,
 2497, 1, 382.217, 382.217, 382.244, 0.027, 43, 382.244, 382.974, 0.73, 1429, 0, 382.974, 383.276, 0.303, 606,     1.059,
 2498, 1, 382.234, 382.234, 382.606, 0.372, 724, 382.606, 383.324, 0.718, 1627, 0, 383.324, 383.377, 0.053, 107,     1.143,
 2496, 1, 382.17, 382.17, 382.17, 0, 1, 382.17, 382.94, 0.77, 1562, 0, 382.94, 383.401, 0.461, 923,     1.231,
 2499, 1, 382.329, 382.329, 382.611, 0.282, 5, 382.611, 383.389, 0.778, 1658, 0, 383.389, 383.472, 0.083, 167,     1.143,
 2501, 1, 382.611, 382.611, 382.753, 0.142, 113, 382.753, 383.478, 0.725, 1478, 0, 383.478, 383.488, 0.01, 32,     0.877,
 2500, 1, 382.563, 382.563, 382.685, 0.121, 115, 382.685, 383.438, 0.754, 1995, 0, 383.438, 383.608, 0.169, 339,     1.044,
 2475, 1, 378.957, 378.957, 382.898, 3.941, 7874, 382.898, 383.69, 0.792, 2207, 0, 383.69, 383.726, 0.036, 72,     4.769,
 2502, 1, 383.012, 383.012, 383.083, 0.071, 142, 383.083, 383.94, 0.857, 1962, 0, 383.94, 384.023, 0.083, 166,     1.011,
 2491, 1, 381.15, 381.15, 381.27, 0.12, 51, 381.27, 382.211, 0.941, 1938, 0, 382.211, 384.17, 1.958, 3917,     3.020,
 2503, 1, 383.227, 383.227, 383.237, 0.01, 7, 383.237, 384.199, 0.961, 1939, 0, 384.199, 384.216, 0.018, 36,     0.989,
 2505, 1, 383.304, 383.304, 383.314, 0.01, 16, 383.314, 384.327, 1.013, 1773, 0, 384.327, 384.337, 0.01, 19,     1.033,
 2507, 1, 383.515, 383.515, 383.719, 0.204, 371, 383.719, 384.577, 0.858, 1036, 0, 384.577, 384.587, 0.01, 10,     1.072,
 2508, 1, 383.683, 383.683, 383.733, 0.05, 3, 383.733, 384.641, 0.908, 1566, 0, 384.641, 384.751, 0.111, 222,     1.068,
 2509, 1, 383.884, 383.884, 383.912, 0.028, 56, 383.912, 384.757, 0.845, 1921, 0, 384.757, 384.836, 0.079, 170,     0.953,
 2510, 1, 383.949, 383.949, 383.99, 0.041, 62, 383.99, 384.826, 0.836, 1588, 0, 384.826, 384.89, 0.064, 128,     0.941,
 2511, 1, 384.017, 384.017, 384.027, 0.01, 15, 384.027, 384.902, 0.876, 1163, 0, 384.902, 384.935, 0.033, 65,     0.918,
 2506, 1, 383.406, 383.406, 383.747, 0.341, 688, 383.747, 384.723, 0.976, 790, 0, 384.723, 384.955, 0.232, 428,     1.549,
 2512, 1, 384.109, 384.109, 384.15, 0.041, 65, 384.15, 384.982, 0.833, 1466, 0, 384.982, 385.101, 0.118, 237,     0.992,
 2515, 1, 384.416, 384.416, 384.516, 0.1, 42, 384.516, 385.241, 0.725, 1367, 0, 385.241, 385.251, 0.01, 4,     0.835,
 2516, 1, 384.462, 384.462, 384.53, 0.067, 5, 384.53, 385.265, 0.735, 1223, 0, 385.265, 385.294, 0.029, 59,     0.832,
 2504, 1, 383.248, 383.248, 383.258, 0.01, 9, 383.258, 384.245, 0.986, 1933, 0, 384.245, 385.31, 1.066, 2132,     2.062,
 2514, 1, 384.34, 384.34, 384.482, 0.142, 293, 384.482, 385.213, 0.731, 1611, 0, 385.213, 385.31, 0.097, 177,     0.970,
 2517, 1, 384.643, 384.643, 384.803, 0.16, 299, 384.803, 385.524, 0.721, 1450, 0, 385.524, 385.534, 0.01, 13,     0.891,
 2513, 1, 384.316, 384.316, 384.987, 0.671, 1343, 384.987, 385.84, 0.852, 1505, 0, 385.84, 385.886, 0.046, 89,     1.570,
 2518, 1, 385.298, 385.298, 385.361, 0.064, 117, 385.361, 386.151, 0.79, 1129, 0, 386.151, 386.281, 0.13, 260,     0.984,
 2519, 1, 385.375, 385.375, 385.385, 0.01, 11, 385.385, 386.292, 0.907, 1152, 0, 386.292, 386.312, 0.02, 25,     0.937,
 2520, 1, 385.401, 385.401, 385.401, 0, 2, 385.401, 386.357, 0.956, 1730, 0, 386.357, 386.421, 0.065, 130,     1.021,
 2521, 1, 385.635, 385.635, 385.649, 0.014, 30, 385.649, 386.39, 0.741, 1398, 0, 386.39, 386.441, 0.051, 65,     0.806,
 2522, 1, 385.696, 385.696, 385.785, 0.089, 185, 385.785, 386.5, 0.716, 1657, 0, 386.5, 386.51, 0.01, 19,     0.814,
 2523, 1, 385.836, 385.836, 385.872, 0.036, 57, 385.872, 386.586, 0.714, 1672, 0, 386.586, 386.623, 0.036, 45,     0.787,
 2524, 1, 386.13, 386.13, 386.169, 0.04, 57, 386.169, 386.891, 0.721, 812, 0, 386.891, 386.923, 0.033, 65,     0.794,
 2526, 1, 386.313, 386.313, 386.416, 0.103, 191, 386.416, 387.146, 0.73, 1500, 0, 387.146, 387.156, 0.01, 1,     0.843,
 2527, 1, 386.348, 386.348, 386.437, 0.089, 41, 386.437, 387.16, 0.724, 1611, 0, 387.16, 387.376, 0.216, 440,     1.028,
 2529, 1, 386.556, 386.556, 386.6, 0.043, 85, 386.6, 387.399, 0.799, 1599, 0, 387.399, 387.429, 0.03, 43,     0.873,
 2525, 1, 386.184, 386.184, 386.62, 0.435, 868, 386.62, 387.419, 0.799, 1488, 0, 387.419, 387.449, 0.03, 60,     1.265,
 2528, 1, 386.406, 386.406, 386.505, 0.099, 117, 386.505, 387.237, 0.732, 1257, 0, 387.237, 387.506, 0.269, 538,     1.100,
 2530, 1, 386.69, 386.69, 387.091, 0.401, 779, 387.091, 387.813, 0.722, 1208, 0, 387.813, 387.958, 0.145, 290,     1.268,
 2531, 1, 387.231, 387.231, 387.271, 0.041, 83, 387.271, 387.987, 0.716, 1739, 0, 387.987, 388.056, 0.069, 138,     0.825,
 2532, 1, 387.295, 387.295, 387.361, 0.066, 149, 387.361, 388.076, 0.715, 1135, 0, 388.076, 388.204, 0.128, 265,     0.910,
 2533, 1, 387.443, 387.443, 387.766, 0.323, 609, 387.766, 388.49, 0.724, 1356, 0, 388.49, 388.507, 0.017, 34,     1.064,
 2535, 1, 387.642, 387.642, 387.835, 0.193, 119, 387.835, 388.697, 0.862, 1556, 0, 388.697, 388.729, 0.031, 63,     1.087,
 2536, 1, 387.65, 387.65, 387.902, 0.252, 134, 387.902, 388.739, 0.837, 1619, 0, 388.739, 388.892, 0.153, 305,     1.242,
 2537, 1, 387.989, 387.989, 388.019, 0.03, 23, 388.019, 388.882, 0.863, 1660, 0, 388.882, 388.902, 0.02, 38,     0.914,
 2534, 1, 387.461, 387.461, 388.098, 0.637, 1256, 388.098, 388.947, 0.849, 1338, 0, 388.947, 388.958, 0.01, 21,     1.497,
 2538, 1, 388.152, 388.152, 388.402, 0.25, 505, 388.402, 389.125, 0.723, 1599, 0, 389.125, 389.181, 0.056, 112,     1.030,
 2540, 1, 388.427, 388.427, 388.695, 0.268, 546, 388.695, 389.446, 0.751, 581, 0, 389.446, 389.456, 0.01, 5,     1.029,
 2539, 1, 388.365, 388.365, 388.597, 0.232, 444, 388.597, 389.39, 0.793, 1259, 0, 389.39, 389.512, 0.122, 228,     1.147,
 2543, 1, 389.089, 389.089, 389.115, 0.026, 27, 389.115, 389.892, 0.777, 1327, 0, 389.892, 389.904, 0.012, 23,     0.815,
 2542, 1, 388.92, 388.92, 389.169, 0.249, 475, 389.169, 389.892, 0.723, 1599, 0, 389.892, 389.924, 0.031, 41,     1.004,
 2544, 1, 389.397, 389.397, 389.429, 0.032, 68, 389.429, 390.145, 0.716, 2018, 0, 390.145, 390.27, 0.125, 257,     0.873,
 2541, 1, 388.864, 388.864, 388.874, 0.01, 15, 388.874, 389.646, 0.772, 1158, 0, 389.646, 390.3, 0.654, 1301,     1.436,
 2545, 1, 389.661, 389.661, 389.661, 0, 4, 389.661, 390.384, 0.722, 1352, 0, 390.384, 390.409, 0.026, 52,     0.748,
 2546, 1, 389.75, 389.75, 389.76, 0.01, 20, 389.76, 390.519, 0.76, 1408, 0, 390.519, 390.535, 0.015, 31,     0.785,
 2548, 1, 389.859, 389.859, 389.869, 0.01, 9, 389.869, 390.57, 0.7, 1644, 0, 390.57, 390.705, 0.135, 270,     0.845,
 2547, 1, 389.835, 389.835, 390.143, 0.307, 581, 390.143, 390.869, 0.726, 1450, 0, 390.869, 390.94, 0.071, 142,     1.104,
 2549, 1, 390.526, 390.526, 390.628, 0.102, 204, 390.628, 391.378, 0.75, 1890, 0, 391.378, 391.395, 0.017, 34,     0.869,
 2550, 1, 390.589, 390.589, 390.618, 0.029, 60, 390.618, 391.328, 0.71, 1253, 0, 391.328, 391.495, 0.167, 334,     0.906,
 2552, 1, 390.963, 390.963, 390.978, 0.015, 30, 390.978, 391.694, 0.716, 2126, 0, 391.694, 391.764, 0.07, 139,     0.801,
 2551, 1, 390.786, 390.786, 391.103, 0.317, 651, 391.103, 391.828, 0.724, 1470, 0, 391.828, 391.838, 0.01, 2,     1.052,
 2553, 1, 391.547, 391.547, 391.837, 0.291, 582, 391.837, 392.553, 0.716, 1525, 0, 392.553, 392.648, 0.094, 198,     1.101,
 2554, 1, 391.716, 391.716, 391.771, 0.055, 110, 391.771, 392.489, 0.718, 1987, 0, 392.489, 392.656, 0.167, 330,     0.940,
 2555, 1, 391.748, 391.748, 392.18, 0.431, 807, 392.18, 392.897, 0.718, 700, 0, 392.897, 392.98, 0.083, 166,     1.232,
 2558, 1, 392.18, 392.18, 392.258, 0.079, 34, 392.258, 392.983, 0.725, 1136, 0, 392.983, 392.998, 0.015, 36,     0.819,
 2557, 1, 391.972, 391.972, 392.238, 0.266, 108, 392.238, 392.959, 0.721, 1720, 0, 392.959, 393.034, 0.075, 150,     1.062,
 2559, 1, 392.216, 392.216, 392.537, 0.321, 559, 392.537, 393.27, 0.733, 1421, 0, 393.27, 393.407, 0.137, 274,     1.191,
 2561, 1, 392.268, 392.268, 392.666, 0.398, 16, 392.666, 393.414, 0.748, 1435, 0, 393.414, 393.43, 0.016, 46,     1.161,
 2560, 1, 392.228, 392.228, 392.656, 0.428, 227, 392.656, 393.378, 0.722, 1476, 0, 393.378, 393.484, 0.106, 212,     1.256,
 2556, 1, 391.825, 391.825, 392.762, 0.937, 1842, 392.762, 393.628, 0.866, 1532, 0, 393.628, 393.638, 0.01, 1,     1.813,
 2563, 1, 392.321, 392.321, 392.861, 0.541, 165, 392.861, 393.684, 0.822, 1052, 0, 393.684, 393.694, 0.01, 13,     1.373,
 2564, 1, 392.939, 392.939, 392.949, 0.01, 11, 392.949, 393.888, 0.939, 1493, 0, 393.888, 393.898, 0.01, 4,     0.959,
 2562, 1, 392.295, 392.295, 393.015, 0.72, 698, 393.015, 393.911, 0.896, 1569, 0, 393.911, 394.199, 0.288, 583,     1.904,
 2565, 1, 393.004, 393.004, 393.059, 0.055, 98, 393.059, 394.024, 0.964, 1604, 0, 394.024, 394.318, 0.294, 589,     1.314,
 2566, 1, 393.49, 393.49, 393.539, 0.049, 99, 393.539, 394.278, 0.739, 1807, 0, 394.278, 394.338, 0.06, 89,     0.848,
 2567, 1, 393.513, 393.513, 393.61, 0.097, 201, 393.61, 394.395, 0.785, 1301, 0, 394.395, 394.442, 0.047, 94,     0.929,
 2568, 1, 393.68, 393.68, 393.68, 0, 8, 393.68, 394.537, 0.857, 1463, 0, 394.537, 394.547, 0.01, 11,     0.867,
 2569, 1, 393.704, 393.704, 393.762, 0.058, 94, 393.762, 394.655, 0.892, 1574, 0, 394.655, 394.715, 0.06, 111,     1.010,
 2571, 1, 393.793, 393.793, 393.793, 0, 2, 393.793, 394.665, 0.872, 1469, 0, 394.665, 394.735, 0.07, 133,     0.942,
 2572, 1, 394.023, 394.023, 394.033, 0.01, 17, 394.033, 394.906, 0.873, 1388, 0, 394.906, 394.926, 0.02, 31,     0.903,
 2573, 1, 394.058, 394.058, 394.188, 0.13, 248, 394.188, 395.056, 0.868, 1735, 0, 395.056, 395.071, 0.015, 30,     1.013,
 2575, 1, 394.12, 394.12, 394.214, 0.095, 7, 394.214, 395.166, 0.952, 1671, 0, 395.166, 395.238, 0.072, 144,     1.119,
 2574, 1, 394.093, 394.093, 394.202, 0.109, 27, 394.202, 395.156, 0.954, 1656, 0, 395.156, 395.258, 0.102, 179,     1.165,
 2576, 1, 394.139, 394.139, 394.474, 0.335, 505, 394.474, 395.417, 0.944, 1534, 0, 395.417, 395.427, 0.01, 4,     1.289,
 2570, 1, 393.767, 393.767, 394.328, 0.561, 1132, 394.328, 395.406, 1.077, 1644, 0, 395.406, 395.457, 0.052, 104,     1.690,
 2577, 1, 394.543, 394.543, 394.553, 0.01, 20, 394.553, 395.565, 1.011, 2032, 0, 395.565, 395.65, 0.085, 170,     1.106,
 2579, 1, 394.996, 394.996, 395.006, 0.01, 7, 395.006, 395.73, 0.724, 1786, 0, 395.73, 395.74, 0.01, 9,     0.744,
 2578, 1, 394.561, 394.561, 395.259, 0.698, 1380, 395.259, 395.98, 0.72, 1303, 0, 395.98, 396.068, 0.089, 147,     1.507,
 2582, 1, 395.597, 395.597, 395.597, 0, 1, 395.597, 396.305, 0.708, 1358, 0, 396.305, 396.315, 0.01, 3,     0.718,
 2581, 1, 395.212, 395.212, 395.271, 0.059, 11, 395.271, 395.991, 0.72, 1795, 0, 395.991, 396.409, 0.417, 835,     1.197,
 2584, 1, 395.75, 395.75, 395.76, 0.01, 5, 395.76, 396.49, 0.73, 1653, 0, 396.49, 396.52, 0.029, 59,     0.769,
 2583, 1, 395.621, 395.621, 395.631, 0.01, 7, 395.631, 396.353, 0.722, 1864, 0, 396.353, 396.613, 0.261, 522,     0.993,
 2586, 1, 395.917, 395.917, 396.213, 0.297, 12, 396.213, 397.023, 0.809, 1461, 0, 397.023, 397.057, 0.034, 68,     1.140,
 2585, 1, 395.816, 395.816, 396.2, 0.384, 771, 396.2, 397.013, 0.813, 1442, 0, 397.013, 397.123, 0.11, 220,     1.307,
 2587, 1, 396.019, 396.019, 396.27, 0.251, 108, 396.27, 397.093, 0.823, 1282, 0, 397.093, 397.143, 0.05, 61,     1.124,
 2588, 1, 396.069, 396.069, 396.304, 0.235, 68, 396.304, 397.221, 0.917, 1471, 0, 397.221, 397.25, 0.029, 58,     1.180,
 2589, 1, 396.26, 396.26, 396.318, 0.058, 9, 396.318, 397.263, 0.945, 1244, 0, 397.263, 397.273, 0.01, 7,     1.013,
 2590, 1, 396.276, 396.276, 396.342, 0.065, 39, 396.342, 397.283, 0.941, 1919, 0, 397.283, 397.341, 0.058, 116,     1.064,
 2591, 1, 396.408, 396.408, 396.43, 0.021, 25, 396.43, 397.349, 0.92, 1443, 0, 397.349, 397.359, 0.01, 31,     0.951,
 2592, 1, 396.42, 396.42, 396.44, 0.02, 1, 396.44, 397.469, 1.029, 930, 0, 397.469, 397.478, 0.01, 9,     1.059,
 2593, 1, 396.863, 396.863, 396.967, 0.104, 208, 396.967, 397.688, 0.72, 1688, 0, 397.688, 397.74, 0.053, 106,     0.877,
 2594, 1, 397.238, 397.238, 397.238, 0, 2, 397.238, 397.969, 0.731, 1474, 0, 397.969, 397.979, 0.01, 2,     0.741,
 2595, 1, 397.515, 397.515, 397.525, 0.01, 10, 397.525, 398.256, 0.731, 1375, 0, 398.256, 398.269, 0.013, 26,     0.754,
 2596, 1, 397.538, 397.538, 397.548, 0.01, 11, 397.548, 398.308, 0.76, 1443, 0, 398.308, 398.319, 0.011, 22,     0.781,
 2597, 1, 397.585, 397.585, 397.595, 0.01, 9, 397.595, 398.39, 0.795, 985, 0, 398.39, 398.503, 0.113, 227,     0.918,
 2598, 1, 397.971, 397.971, 397.981, 0.01, 6, 397.981, 398.762, 0.781, 1025, 0, 398.762, 398.772, 0.01, 18,     0.801,
 2599, 1, 398.097, 398.097, 398.129, 0.032, 52, 398.129, 398.974, 0.845, 1406, 0, 398.974, 399.05, 0.076, 169,     0.953,
 2600, 1, 398.203, 398.203, 398.392, 0.188, 377, 398.392, 399.111, 0.719, 1701, 0, 399.111, 399.145, 0.034, 41,     0.942,
 2601, 1, 398.316, 398.316, 398.493, 0.176, 192, 398.493, 399.227, 0.734, 1650, 0, 399.227, 399.262, 0.035, 70,     0.946,
 2602, 1, 398.328, 398.328, 398.507, 0.179, 21, 398.507, 399.227, 0.72, 1127, 0, 399.227, 399.32, 0.093, 185,     0.992,
 2603, 1, 398.976, 398.976, 398.986, 0.01, 6, 398.986, 399.698, 0.712, 1072, 0, 399.698, 399.768, 0.07, 139,     0.792,
 2604, 1, 399.072, 399.072, 399.104, 0.032, 41, 399.104, 399.831, 0.727, 2154, 0, 399.831, 399.858, 0.027, 54,     0.786,
 2605, 1, 399.161, 399.161, 399.171, 0.01, 8, 399.171, 399.886, 0.715, 1136, 0, 399.886, 399.924, 0.038, 76,     0.763,
 2606, 1, 399.209, 399.209, 399.209, 0, 1, 399.209, 399.948, 0.74, 1788, 0, 399.948, 400.027, 0.079, 158,     0.818,
 2608, 1, 399.297, 399.297, 399.315, 0.017, 35, 399.315, 400.135, 0.821, 1458, 0, 400.135, 400.145, 0.01, 12,     0.848,
 2607, 1, 399.233, 399.233, 399.243, 0.01, 1, 399.243, 399.984, 0.74, 1165, 0, 399.984, 400.178, 0.194, 389,     0.945,
 2609, 1, 399.425, 399.425, 399.755, 0.33, 672, 399.755, 400.487, 0.732, 1391, 0, 400.487, 400.504, 0.017, 34,     1.079,
 2613, 1, 400.059, 400.059, 400.069, 0.01, 14, 400.069, 400.792, 0.723, 1138, 0, 400.792, 400.892, 0.099, 203,     0.833,
 2614, 1, 400.168, 400.168, 400.246, 0.077, 119, 400.246, 400.99, 0.744, 1898, 0, 400.99, 401.005, 0.015, 30,     0.836,
 2615, 1, 400.295, 400.295, 400.322, 0.027, 38, 400.322, 401.04, 0.718, 1965, 0, 401.04, 401.05, 0.01, 6,     0.754,
 2616, 1, 400.326, 400.326, 400.356, 0.03, 39, 400.356, 401.07, 0.714, 1123, 0, 401.07, 401.09, 0.02, 40,     0.764,
 2612, 1, 399.969, 399.969, 400.046, 0.077, 156, 400.046, 400.78, 0.734, 1182, 0, 400.78, 401.107, 0.327, 654,     1.138,
 2611, 1, 399.586, 399.586, 399.813, 0.227, 2, 399.813, 400.736, 0.923, 1340, 0, 400.736, 401.25, 0.514, 1014,     1.664,
 2580, 1, 395.081, 395.081, 400.515, 5.434, 10833, 400.515, 401.23, 0.715, 1470, 0, 401.23, 401.26, 0.03, 50,     6.179,
 2618, 1, 400.428, 400.428, 400.529, 0.101, 13, 400.529, 401.24, 0.711, 1892, 0, 401.24, 401.282, 0.042, 84,     0.853,
 2617, 1, 400.408, 400.408, 400.656, 0.248, 496, 400.656, 401.382, 0.726, 1536, 0, 401.382, 401.477, 0.096, 191,     1.069,
 2619, 1, 400.569, 400.569, 400.67, 0.101, 216, 400.67, 401.479, 0.809, 1816, 0, 401.479, 401.489, 0.01, 16,     0.920,
 2621, 1, 401.144, 401.144, 401.194, 0.05, 107, 401.194, 401.925, 0.732, 2108, 0, 401.925, 401.935, 0.01, 3,     0.791,
 2620, 1, 400.601, 400.601, 400.684, 0.083, 53, 400.684, 401.499, 0.815, 1525, 0, 401.499, 401.945, 0.447, 883,     1.344,
 2623, 1, 401.291, 401.291, 401.318, 0.027, 37, 401.318, 402.034, 0.716, 1671, 0, 402.034, 402.055, 0.021, 41,     0.763,
 2622, 1, 401.274, 401.274, 401.284, 0.01, 5, 401.284, 402, 0.716, 1599, 0, 402, 402.075, 0.075, 125,     0.800,
 2624, 1, 401.401, 401.401, 401.419, 0.017, 35, 401.419, 402.133, 0.714, 1544, 0, 402.133, 402.146, 0.012, 25,     0.744,
 2610, 1, 399.536, 399.536, 399.803, 0.267, 91, 399.803, 400.523, 0.72, 1780, 0, 400.523, 402.31, 1.787, 3575,     2.774,
 2625, 1, 401.498, 401.498, 401.606, 0.107, 215, 401.606, 402.332, 0.727, 1419, 0, 402.332, 402.902, 0.57, 1140,     1.404,
 2626, 1, 401.619, 401.619, 402.149, 0.529, 1059, 402.149, 402.985, 0.837, 1482, 0, 402.985, 403.015, 0.03, 53,     1.396,
 2627, 1, 401.844, 401.844, 402.193, 0.35, 704, 402.193, 403.146, 0.953, 1418, 0, 403.146, 403.156, 0.01, 6,     1.313,
 2628, 1, 402.298, 402.298, 402.298, 0, 6, 402.298, 403.234, 0.937, 1293, 0, 403.234, 403.244, 0.01, 15,     0.947,
 2630, 1, 402.544, 402.544, 402.576, 0.032, 27, 402.576, 403.537, 0.961, 1775, 0, 403.537, 403.559, 0.022, 43,     1.015,
 2629, 1, 402.5, 402.5, 402.63, 0.13, 259, 402.63, 403.645, 1.015, 1436, 0, 403.645, 403.769, 0.124, 237,     1.269,
 2632, 1, 402.728, 402.728, 402.774, 0.045, 82, 402.774, 403.759, 0.986, 1164, 0, 403.759, 403.792, 0.032, 65,     1.063,
 2631, 1, 402.643, 402.643, 402.65, 0.007, 6, 402.65, 403.747, 1.097, 1063, 0, 403.747, 403.847, 0.099, 199,     1.204,
 2634, 1, 402.801, 402.801, 402.993, 0.192, 358, 402.993, 403.895, 0.901, 1663, 0, 403.895, 403.905, 0.01, 5,     1.103,
 2633, 1, 402.764, 402.764, 403.088, 0.325, 663, 403.088, 404.009, 0.921, 1764, 0, 404.009, 404.078, 0.069, 138,     1.315,
 2635, 1, 403.08, 403.08, 403.133, 0.054, 110, 403.133, 404.037, 0.904, 1291, 0, 404.037, 404.232, 0.195, 401,     1.152,
 2637, 1, 403.53, 403.53, 403.57, 0.04, 80, 403.57, 404.291, 0.721, 1391, 0, 404.291, 404.301, 0.01, 15,     0.771,
 2638, 1, 403.695, 403.695, 403.718, 0.023, 30, 403.718, 404.432, 0.714, 1241, 0, 404.432, 404.466, 0.034, 69,     0.772,
 2639, 1, 403.829, 403.829, 403.879, 0.049, 90, 403.879, 404.753, 0.874, 1394, 0, 404.753, 404.826, 0.073, 135,     0.997,
 2640, 1, 403.971, 403.971, 404.026, 0.055, 108, 404.026, 404.816, 0.79, 2040, 0, 404.816, 404.846, 0.03, 57,     0.875,
 2641, 1, 404.016, 404.016, 404.04, 0.024, 30, 404.04, 404.93, 0.89, 2235, 0, 404.93, 404.94, 0.01, 1,     0.924,
 2642, 1, 404.074, 404.074, 404.097, 0.023, 33, 404.097, 405.033, 0.936, 1467, 0, 405.033, 405.076, 0.043, 77,     1.002,
 2643, 1, 404.724, 404.724, 404.758, 0.034, 74, 404.758, 405.466, 0.708, 1918, 0, 405.466, 405.499, 0.034, 67,     0.775,
 2646, 1, 404.958, 404.958, 404.979, 0.022, 32, 404.979, 405.693, 0.714, 1676, 0, 405.693, 405.703, 0.01, 14,     0.745,
 2647, 1, 404.962, 404.962, 404.991, 0.028, 16, 404.991, 405.722, 0.731, 1120, 0, 405.722, 405.762, 0.039, 46,     0.799,
 2645, 1, 404.949, 404.949, 404.958, 0.009, 7, 404.958, 405.693, 0.735, 1317, 0, 405.693, 406.235, 0.542, 1076,     1.286,
 2644, 1, 404.871, 404.871, 405.335, 0.464, 929, 405.335, 406.205, 0.871, 1388, 0, 406.205, 406.255, 0.049, 91,     1.384,
 2649, 1, 404.979, 404.979, 405.349, 0.37, 5, 405.349, 406.225, 0.876, 1719, 0, 406.225, 406.255, 0.03, 51,     1.275,
 2648, 1, 404.964, 404.964, 405.382, 0.418, 783, 405.382, 406.225, 0.842, 1949, 0, 406.225, 406.284, 0.059, 118,     1.320,
 2651, 1, 405.427, 405.427, 405.469, 0.043, 78, 405.469, 406.457, 0.988, 1029, 0, 406.457, 406.733, 0.276, 552,     1.306,
 2652, 1, 405.484, 405.484, 405.701, 0.217, 417, 405.701, 406.735, 1.035, 1340, 0, 406.735, 406.761, 0.026, 56,     1.277,
 2655, 1, 405.823, 405.823, 405.841, 0.018, 36, 405.841, 406.928, 1.087, 1713, 0, 406.928, 406.938, 0.01, 11,     1.115,
 2653, 1, 405.78, 405.78, 405.801, 0.021, 34, 405.801, 406.735, 0.935, 1160, 0, 406.735, 406.96, 0.225, 451,     1.180,
 2656, 1, 405.984, 405.984, 406.023, 0.039, 76, 406.023, 406.964, 0.941, 1582, 0, 406.964, 406.974, 0.01, 13,     0.991,
 2650, 1, 404.991, 404.991, 405.658, 0.667, 619, 405.658, 406.715, 1.057, 1596, 0, 406.715, 407.032, 0.317, 635,     2.042,
 2657, 1, 406.023, 406.023, 406.1, 0.077, 126, 406.1, 406.993, 0.893, 1639, 0, 406.993, 407.052, 0.059, 83,     1.029,
 2659, 1, 406.202, 406.202, 406.251, 0.049, 97, 406.251, 407.245, 0.994, 1494, 0, 407.245, 407.255, 0.01, 8,     1.053,
 2654, 1, 405.791, 405.791, 406.226, 0.436, 871, 406.226, 407.245, 1.019, 1391, 0, 407.245, 407.294, 0.049, 114,     1.503,
 2658, 1, 406.159, 406.159, 406.18, 0.02, 22, 406.18, 407.215, 1.035, 1146, 0, 407.215, 407.318, 0.103, 206,     1.159,
 2636, 1, 403.144, 403.144, 403.285, 0.14, 281, 403.285, 404.144, 0.859, 1859, 0, 404.144, 407.475, 3.331, 6651,     4.330,
 2660, 1, 406.226, 406.226, 406.285, 0.058, 88, 406.285, 407.432, 1.147, 1913, 0, 407.432, 407.495, 0.063, 125,     1.268,
 2663, 1, 406.603, 406.603, 406.613, 0.01, 15, 406.613, 407.495, 0.881, 1346, 0, 407.495, 407.505, 0.01, 15,     0.901,
 2661, 1, 406.403, 406.403, 406.413, 0.01, 8, 406.413, 407.465, 1.051, 2107, 0, 407.465, 407.651, 0.186, 373,     1.248,
 2662, 1, 406.443, 406.443, 406.915, 0.472, 955, 406.915, 407.72, 0.804, 1041, 0, 407.72, 407.73, 0.01, 4,     1.286,
 2664, 1, 407.308, 407.308, 407.344, 0.037, 74, 407.344, 408.06, 0.715, 891, 0, 408.06, 408.213, 0.153, 304,     0.905,
 2665, 1, 407.597, 407.597, 407.607, 0.01, 25, 407.607, 408.445, 0.838, 1393, 0, 408.445, 408.458, 0.013, 26,     0.861,
 2666, 1, 407.653, 407.653, 407.708, 0.055, 96, 407.708, 408.576, 0.868, 1541, 0, 408.576, 408.586, 0.01, 17,     0.933,
 2668, 1, 407.732, 407.732, 407.769, 0.037, 67, 407.769, 408.646, 0.877, 1161, 0, 408.646, 408.683, 0.036, 73,     0.951,
 2667, 1, 407.71, 407.71, 407.856, 0.146, 279, 407.856, 408.694, 0.838, 1523, 0, 408.694, 408.749, 0.055, 110,     1.039,
 2670, 1, 407.876, 407.876, 407.876, 0, 2, 407.876, 408.722, 0.847, 1090, 0, 408.722, 408.769, 0.047, 76,     0.894,
 2671, 1, 408.06, 408.06, 408.06, 0, 1, 408.06, 408.896, 0.835, 1535, 0, 408.896, 408.907, 0.011, 22,     0.846,
 2672, 1, 408.271, 408.271, 408.301, 0.03, 37, 408.301, 409.161, 0.859, 1313, 0, 409.161, 409.174, 0.014, 27,     0.903,
 2673, 1, 408.394, 408.394, 408.505, 0.111, 206, 408.505, 409.223, 0.718, 884, 0, 409.223, 409.315, 0.092, 185,     0.921,
 2674, 1, 408.505, 408.505, 408.531, 0.026, 29, 408.531, 409.333, 0.802, 1572, 0, 409.333, 409.343, 0.01, 4,     0.838,
 2675, 1, 408.619, 408.619, 408.713, 0.094, 188, 408.713, 409.454, 0.741, 1448, 0, 409.454, 409.464, 0.01, 4,     0.845,
 2676, 1, 408.72, 408.72, 408.723, 0.002, 18, 408.723, 409.48, 0.757, 1552, 0, 409.48, 409.49, 0.01, 2,     0.770,
 2669, 1, 407.797, 407.797, 408.857, 1.06, 2121, 408.857, 409.582, 0.725, 1140, 0, 409.582, 409.601, 0.019, 39,     1.805,
 2677, 1, 409.086, 409.086, 409.102, 0.016, 38, 409.102, 409.813, 0.711, 1751, 0, 409.813, 409.895, 0.082, 164,     0.809,
 2680, 1, 409.395, 409.395, 409.435, 0.04, 79, 409.435, 410.153, 0.717, 2101, 0, 410.153, 410.163, 0.01, 5,     0.768,
 2681, 1, 409.425, 409.425, 409.435, 0.01, 3, 409.435, 410.153, 0.717, 1100, 0, 410.153, 410.206, 0.053, 107,     0.781,
 2679, 1, 409.215, 409.215, 409.225, 0.01, 12, 409.225, 409.945, 0.721, 1753, 0, 409.945, 410.22, 0.275, 550,     1.005,
 2682, 1, 409.596, 409.596, 409.69, 0.095, 177, 409.69, 410.412, 0.721, 1174, 0, 410.412, 410.516, 0.104, 208,     0.920,
 2685, 1, 409.77, 409.77, 409.794, 0.024, 28, 409.794, 410.661, 0.868, 1220, 0, 410.661, 410.671, 0.01, 8,     0.901,
 2684, 1, 409.76, 409.76, 409.834, 0.074, 128, 409.834, 410.701, 0.867, 1576, 0, 410.701, 410.711, 0.01, 17,     0.951,
 2678, 1, 409.147, 409.147, 409.179, 0.032, 49, 409.179, 409.897, 0.719, 1862, 0, 409.897, 410.79, 0.892, 1790,     1.643,
 2687, 1, 410.35, 410.35, 410.36, 0.01, 16, 410.36, 411.079, 0.719, 1997, 0, 411.079, 411.144, 0.065, 129,     0.794,
 2688, 1, 410.661, 410.661, 410.695, 0.034, 70, 410.695, 411.597, 0.901, 1506, 0, 411.597, 411.608, 0.012, 23,     0.947,
 2689, 1, 410.872, 410.872, 410.903, 0.031, 42, 410.903, 412.103, 1.2, 1721, 0, 412.103, 412.113, 0.01, 2,     1.241,
 2690, 1, 411.005, 411.005, 411.07, 0.065, 133, 411.07, 412.255, 1.185, 1798, 0, 412.255, 412.351, 0.096, 193,     1.346,
 2691, 1, 411.368, 411.368, 411.376, 0.007, 8, 411.376, 412.504, 1.129, 1161, 0, 412.504, 412.514, 0.01, 14,     1.146,
 2692, 1, 411.605, 411.605, 411.613, 0.008, 8, 411.613, 412.62, 1.007, 643, 0, 412.62, 412.725, 0.106, 211,     1.120,
 2683, 1, 409.752, 409.752, 409.78, 0.028, 68, 409.78, 410.641, 0.862, 1431, 0, 410.641, 412.746, 2.105, 4211,     2.995,
 2693, 1, 411.637, 411.637, 411.654, 0.017, 34, 411.654, 412.754, 1.099, 1324, 0, 412.754, 412.819, 0.066, 120,     1.182,
 2695, 1, 411.785, 411.785, 411.794, 0.009, 4, 411.794, 412.87, 1.076, 1673, 0, 412.87, 412.88, 0.01, 12,     1.095,
 2694, 1, 411.696, 411.696, 411.914, 0.217, 440, 411.914, 413.036, 1.123, 1377, 0, 413.036, 413.071, 0.034, 69,     1.375,
 2696, 1, 411.971, 411.971, 412.034, 0.063, 117, 412.034, 413.138, 1.105, 1474, 0, 413.138, 413.197, 0.059, 118,     1.227,
 2698, 1, 412.086, 412.086, 412.096, 0.01, 15, 412.096, 413.138, 1.043, 1518, 0, 413.138, 413.21, 0.072, 143,     1.124,
 2699, 1, 412.161, 412.161, 412.174, 0.013, 26, 412.174, 413.27, 1.096, 1576, 0, 413.27, 413.28, 0.01, 10,     1.119,
 2700, 1, 412.231, 412.231, 412.241, 0.01, 1, 412.241, 413.286, 1.044, 1505, 0, 413.286, 413.301, 0.015, 44,     1.070,
 2697, 1, 412.057, 412.057, 412.619, 0.562, 1124, 412.619, 413.521, 0.902, 1798, 0, 413.521, 413.604, 0.083, 166,     1.547,
 2702, 1, 412.677, 412.677, 412.721, 0.043, 87, 412.721, 413.658, 0.937, 1711, 0, 413.658, 413.698, 0.041, 81,     1.021,
 2703, 1, 412.711, 412.711, 412.846, 0.135, 269, 412.846, 413.658, 0.812, 1745, 0, 413.658, 413.803, 0.145, 290,     1.092,
 2701, 1, 412.307, 412.307, 412.322, 0.014, 29, 412.322, 413.392, 1.07, 1330, 0, 413.392, 413.856, 0.464, 929,     1.549,
 2707, 1, 413.009, 413.009, 413.057, 0.048, 85, 413.057, 413.908, 0.851, 1849, 0, 413.908, 413.977, 0.069, 138,     0.968,
 2704, 1, 412.822, 412.822, 412.846, 0.024, 35, 412.846, 413.77, 0.925, 1107, 0, 413.77, 414.119, 0.348, 697,     1.297,
 2709, 1, 413.087, 413.087, 413.462, 0.375, 25, 413.462, 414.33, 0.869, 1481, 0, 414.33, 414.34, 0.01, 6,     1.254,
 2708, 1, 413.072, 413.072, 413.43, 0.357, 721, 413.43, 414.28, 0.851, 1437, 0, 414.28, 414.361, 0.081, 162,     1.289,
 2686, 1, 410.253, 410.253, 410.31, 0.057, 114, 410.31, 411.035, 0.725, 1263, 0, 411.035, 414.375, 3.34, 6680,     4.122,
 2706, 1, 412.883, 412.883, 412.883, 0, 8, 412.883, 413.79, 0.907, 1904, 0, 413.79, 416.213, 2.422, 4845,     3.329,
 2705, 1, 412.846, 412.846, 416.968, 4.123, 8246, 416.968, 417.685, 0.716, 1772, 0, 417.685, 417.927, 0.242, 479,     5.081,
 2711, 1, 414.091, 414.091, 417.43, 3.339, 923, 417.43, 418.154, 0.725, 984, 0, 418.154, 418.164, 0.01, 11,     4.074,
 2712, 1, 414.106, 414.106, 417.473, 3.367, 86, 417.473, 418.194, 0.722, 1582, 0, 418.194, 418.204, 0.01, 6,     4.099,
 2713, 1, 414.154, 414.154, 417.767, 3.614, 581, 417.767, 418.489, 0.722, 1739, 0, 418.489, 418.535, 0.046, 92,     4.381,
 2714, 1, 414.287, 414.287, 417.834, 3.548, 135, 417.834, 418.539, 0.704, 1700, 0, 418.539, 418.66, 0.121, 251,     4.373,
 2715, 1, 414.488, 414.488, 417.9, 3.412, 131, 417.9, 418.621, 0.721, 1710, 0, 418.621, 418.68, 0.059, 115,     4.192,
 2716, 1, 414.511, 414.511, 417.913, 3.403, 1, 417.913, 418.633, 0.719, 1371, 0, 418.633, 418.702, 0.069, 139,     4.191,
 2717, 1, 414.607, 414.607, 417.923, 3.316, 12, 417.923, 418.796, 0.873, 1505, 0, 418.796, 418.806, 0.01, 6,     4.199,
 2710, 1, 414.045, 414.045, 418.036, 3.991, 7994, 418.036, 418.887, 0.851, 1350, 0, 418.887, 418.926, 0.039, 80,     4.881,
 2719, 1, 415.185, 415.185, 418.045, 2.86, 2, 418.045, 418.999, 0.954, 1344, 0, 418.999, 419.07, 0.071, 142,     3.885,
 2718, 1, 414.626, 414.626, 418.098, 3.472, 349, 418.098, 419.051, 0.954, 1517, 0, 419.051, 419.117, 0.065, 131,     4.491,
 2721, 1, 415.473, 415.473, 418.112, 2.639, 7, 418.112, 419.136, 1.024, 985, 0, 419.136, 419.146, 0.01, 18,     3.673,
 2722, 1, 415.487, 415.487, 418.152, 2.664, 78, 418.152, 419.388, 1.237, 1431, 0, 419.388, 419.484, 0.096, 191,     3.997,
 2720, 1, 415.244, 415.244, 418.26, 3.015, 420, 418.26, 419.506, 1.246, 1106, 0, 419.506, 419.538, 0.032, 64,     4.294,
 2723, 1, 415.531, 415.531, 418.274, 2.742, 227, 418.274, 419.568, 1.294, 1268, 0, 419.568, 419.627, 0.059, 118,     4.096,
 2724, 1, 415.566, 415.566, 418.274, 2.708, 3, 418.274, 419.638, 1.364, 1586, 0, 419.638, 419.731, 0.093, 186,     4.165,
 2727, 1, 416.152, 416.152, 418.308, 2.155, 15, 418.308, 419.824, 1.516, 1470, 0, 419.824, 419.878, 0.055, 109,     3.726,
 2726, 1, 416.063, 416.063, 418.318, 2.254, 50, 418.318, 419.888, 1.57, 1699, 0, 419.888, 419.898, 0.01, 20,     3.834,
 2728, 1, 416.185, 416.185, 418.318, 2.133, 1, 418.318, 420.005, 1.688, 1673, 0, 420.005, 420.005, 0, 9,     3.820,
 2730, 1, 416.716, 416.716, 418.369, 1.653, 83, 418.369, 420.073, 1.704, 1554, 0, 420.073, 420.116, 0.043, 85,     3.399,
 2731, 1, 416.747, 416.747, 418.495, 1.748, 251, 418.495, 420.137, 1.643, 1725, 0, 420.137, 420.222, 0.084, 169,     3.475,
 2729, 1, 416.402, 416.402, 418.545, 2.144, 434, 418.545, 420.255, 1.71, 1644, 0, 420.255, 420.32, 0.065, 129,     3.918,
 2733, 1, 416.942, 416.942, 418.575, 1.634, 47, 418.575, 420.323, 1.748, 1699, 0, 420.323, 420.351, 0.028, 63,     3.410,
 2734, 1, 417.185, 417.185, 418.622, 1.437, 93, 418.622, 420.389, 1.768, 1351, 0, 420.389, 420.399, 0.01, 3,     3.215,
 2735, 1, 417.276, 417.276, 418.656, 1.38, 51, 418.656, 420.639, 1.983, 1349, 0, 420.639, 420.649, 0.01, 14,     3.373,
 2732, 1, 416.883, 416.883, 418.796, 1.913, 604, 418.796, 420.639, 1.843, 1219, 0, 420.639, 420.764, 0.125, 238,     3.881,
 2737, 1, 417.513, 417.513, 418.81, 1.297, 13, 418.81, 420.754, 1.944, 1582, 0, 420.754, 420.774, 0.02, 39,     3.262,
 2725, 1, 415.956, 415.956, 418.288, 2.332, 2, 418.288, 419.756, 1.468, 1065, 0, 419.756, 420.898, 1.143, 2267,     4.942,
 2738, 1, 417.537, 417.537, 419.265, 1.728, 908, 419.265, 421.009, 1.745, 1479, 0, 421.009, 421.026, 0.017, 34,     3.490,
 2742, 1, 418.006, 418.006, 419.373, 1.367, 137, 419.373, 421.259, 1.887, 1424, 0, 421.259, 421.269, 0.01, 15,     3.263,
 2741, 1, 417.913, 417.913, 419.3, 1.387, 43, 419.3, 421.137, 1.837, 1541, 0, 421.137, 421.351, 0.214, 428,     3.438,
 2745, 1, 418.18, 418.18, 419.456, 1.276, 99, 419.456, 421.389, 1.933, 1815, 0, 421.389, 421.399, 0.01, 18,     3.219,
 2744, 1, 418.06, 418.06, 419.407, 1.347, 23, 419.407, 421.389, 1.983, 1587, 0, 421.389, 421.457, 0.067, 135,     3.397,
 2746, 1, 418.444, 418.444, 419.47, 1.026, 8, 419.47, 421.523, 2.053, 1294, 0, 421.523, 421.547, 0.024, 48,     3.103,
 2743, 1, 418.045, 418.045, 419.387, 1.342, 28, 419.387, 421.337, 1.951, 929, 0, 421.337, 421.577, 0.24, 480,     3.532,
 2748, 1, 418.596, 418.596, 419.529, 0.933, 17, 419.529, 421.644, 2.116, 1524, 0, 421.644, 421.654, 0.01, 7,     3.058,
 2749, 1, 418.685, 418.685, 419.543, 0.858, 3, 419.543, 421.644, 2.102, 1282, 0, 421.644, 421.654, 0.01, 16,     2.970,
 2751, 1, 419.443, 419.443, 419.573, 0.129, 3, 419.573, 421.861, 2.288, 1621, 0, 421.861, 421.887, 0.026, 52,     2.444,
 2747, 1, 418.576, 418.576, 419.515, 0.939, 83, 419.515, 421.594, 2.08, 2308, 0, 421.594, 421.937, 0.342, 659,     3.361,
 2739, 1, 417.601, 417.601, 419.279, 1.677, 168, 419.279, 421.083, 1.805, 1073, 0, 421.083, 422.09, 1.007, 2015,     4.489,
 2752, 1, 419.661, 419.661, 419.704, 0.043, 73, 419.704, 422.033, 2.329, 1311, 0, 422.033, 422.11, 0.077, 131,     2.450,
 2754, 1, 419.857, 419.857, 419.916, 0.059, 92, 419.916, 422.164, 2.248, 1150, 0, 422.164, 422.174, 0.01, 10,     2.317,
 2753, 1, 419.809, 419.809, 419.809, 0, 13, 419.809, 422.111, 2.302, 1274, 0, 422.111, 422.189, 0.078, 158,     2.380,
 2740, 1, 417.801, 417.801, 419.94, 2.139, 1350, 419.94, 422.164, 2.224, 2107, 0, 422.164, 422.259, 0.095, 190,     4.458,
 2755, 1, 419.933, 419.933, 420.026, 0.094, 183, 420.026, 422.293, 2.267, 1656, 0, 422.293, 422.304, 0.01, 21,     2.371,
 2756, 1, 420.138, 420.138, 420.148, 0.01, 15, 420.148, 422.364, 2.215, 1219, 0, 422.364, 422.374, 0.01, 2,     2.235,
 2750, 1, 419.3, 419.3, 419.563, 0.263, 26, 419.563, 421.779, 2.216, 1378, 0, 421.779, 422.438, 0.659, 1318,     3.138,
 2757, 1, 420.594, 420.594, 420.604, 0.01, 6, 420.604, 422.914, 2.31, 1624, 0, 422.914, 422.93, 0.015, 31,     2.335,
 2758, 1, 420.626, 420.626, 420.636, 0.01, 6, 420.636, 422.914, 2.278, 1736, 0, 422.914, 422.95, 0.035, 42,     2.324,
 2736, 1, 417.482, 417.482, 419.181, 1.7, 1029, 419.181, 420.888, 1.707, 1734, 0, 420.888, 422.979, 2.091, 4182,     5.497,
 2759, 1, 420.852, 420.852, 420.852, 0, 2, 420.852, 423.052, 2.2, 1592, 0, 423.052, 423.062, 0.01, 16,     2.210,
 2761, 1, 421.023, 421.023, 421.044, 0.021, 41, 421.044, 423.302, 2.257, 1491, 0, 423.302, 423.312, 0.01, 8,     2.289,
 2760, 1, 420.916, 420.916, 420.981, 0.065, 131, 420.981, 423.164, 2.183, 1209, 0, 423.164, 423.36, 0.196, 400,     2.445,
 2762, 1, 421.125, 421.125, 421.144, 0.019, 37, 421.144, 423.43, 2.285, 899, 0, 423.43, 423.48, 0.051, 69,     2.355,
 2763, 1, 421.262, 421.262, 421.342, 0.08, 161, 421.342, 423.56, 2.217, 1482, 0, 423.56, 423.591, 0.031, 62,     2.329,
 2765, 1, 421.577, 421.577, 421.588, 0.011, 29, 421.588, 423.809, 2.221, 1737, 0, 423.809, 423.819, 0.01, 4,     2.242,
 2766, 1, 421.588, 421.588, 421.652, 0.064, 119, 421.652, 423.905, 2.253, 1504, 0, 423.905, 423.915, 0.01, 12,     2.327,
 2764, 1, 421.373, 421.373, 421.889, 0.515, 1051, 421.889, 423.955, 2.066, 1511, 0, 423.955, 423.998, 0.042, 66,     2.624,
 2771, 1, 422.116, 422.116, 422.13, 0.014, 28, 422.13, 424.216, 2.086, 1876, 0, 424.216, 424.226, 0.01, 21,     2.111,
 2767, 1, 421.791, 421.791, 422.09, 0.299, 617, 422.09, 424.216, 2.126, 1689, 0, 424.216, 424.246, 0.03, 31,     2.455,
 2769, 1, 421.954, 421.954, 422.076, 0.123, 261, 422.076, 424.155, 2.079, 1611, 0, 424.155, 424.343, 0.188, 351,     2.390,
 2768, 1, 421.933, 421.933, 421.946, 0.013, 26, 421.946, 424.059, 2.113, 1061, 0, 424.059, 424.394, 0.335, 670,     2.461,
 2772, 1, 422.498, 422.498, 422.508, 0.01, 18, 422.508, 424.465, 1.957, 1703, 0, 424.465, 424.503, 0.037, 75,     2.005,
 2774, 1, 423.19, 423.19, 423.224, 0.034, 35, 423.224, 424.969, 1.745, 1742, 0, 424.969, 424.979, 0.01, 11,     1.789,
 2775, 1, 423.278, 423.278, 423.339, 0.061, 117, 423.339, 425.072, 1.733, 1769, 0, 425.072, 425.082, 0.01, 8,     1.804,
 2776, 1, 423.352, 423.352, 423.362, 0.01, 23, 423.362, 425.174, 1.813, 1628, 0, 425.174, 425.228, 0.054, 90,     1.877,
 2777, 1, 423.409, 423.409, 423.419, 0.01, 7, 423.419, 425.218, 1.8, 741, 0, 425.218, 425.228, 0.01, 18,     1.820,
 2778, 1, 423.473, 423.473, 423.528, 0.055, 127, 423.528, 425.218, 1.69, 1178, 0, 425.218, 425.255, 0.037, 74,     1.783,
 2770, 1, 422.057, 422.057, 423.542, 1.485, 2915, 423.542, 425.321, 1.779, 2338, 0, 425.321, 425.368, 0.047, 94,     3.311,
 2779, 1, 423.587, 423.587, 423.786, 0.199, 392, 423.786, 425.468, 1.682, 1534, 0, 425.468, 425.478, 0.01, 7,     1.891,
 2780, 1, 423.864, 423.864, 423.934, 0.07, 105, 423.934, 425.579, 1.645, 1564, 0, 425.579, 425.735, 0.156, 313,     1.872,
 2773, 1, 423.169, 423.169, 423.204, 0.034, 69, 423.204, 424.969, 1.765, 1547, 0, 424.969, 425.755, 0.787, 1549,     2.586,
 2781, 1, 423.997, 423.997, 424.05, 0.053, 95, 424.05, 425.722, 1.672, 2000, 0, 425.722, 425.775, 0.053, 77,     1.778,
 2783, 1, 424.126, 424.126, 424.174, 0.048, 81, 424.174, 425.842, 1.668, 1320, 0, 425.842, 425.852, 0.01, 3,     1.726,
 2785, 1, 424.307, 424.307, 424.384, 0.077, 164, 424.384, 425.924, 1.54, 1213, 0, 425.924, 425.962, 0.038, 76,     1.655,
 2782, 1, 424.04, 424.04, 424.08, 0.04, 79, 424.08, 425.722, 1.642, 1760, 0, 425.722, 426.061, 0.339, 678,     2.020,
 2786, 1, 424.437, 424.437, 424.478, 0.041, 61, 424.478, 425.972, 1.494, 1818, 0, 425.972, 426.081, 0.109, 191,     1.644,
 2787, 1, 424.834, 424.834, 424.844, 0.01, 7, 424.844, 426.353, 1.51, 1695, 0, 426.353, 426.363, 0.01, 30,     1.530,
 2789, 1, 425.11, 425.11, 425.286, 0.176, 78, 425.286, 426.682, 1.396, 1669, 0, 426.682, 426.692, 0.01, 4,     1.582,
 2790, 1, 425.581, 425.581, 425.613, 0.031, 63, 425.613, 426.755, 1.142, 1096, 0, 426.755, 426.765, 0.01, 19,     1.184,
 2791, 1, 425.632, 425.632, 425.778, 0.146, 303, 425.778, 426.755, 0.977, 1775, 0, 426.755, 426.765, 0.01, 9,     1.133,
 2788, 1, 425.079, 425.079, 425.247, 0.168, 325, 425.247, 426.603, 1.356, 1453, 0, 426.603, 427.059, 0.456, 912,     1.980,
 2784, 1, 424.235, 424.235, 426.978, 2.743, 5487, 426.978, 428.184, 1.207, 1199, 0, 428.184, 428.194, 0.01, 19,     3.960,
 2794, 1, 425.978, 425.978, 427.069, 1.091, 81, 427.069, 428.265, 1.196, 1251, 0, 428.265, 428.304, 0.039, 78,     2.326,
 2793, 1, 425.912, 425.912, 427.028, 1.116, 101, 427.028, 428.218, 1.19, 1287, 0, 428.218, 428.527, 0.309, 618,     2.615,
 2796, 1, 426.425, 426.425, 427.688, 1.262, 20, 427.688, 428.542, 0.855, 1812, 0, 428.542, 428.646, 0.103, 207,     2.221,
 2797, 1, 426.441, 426.441, 427.717, 1.276, 49, 427.717, 428.69, 0.972, 783, 0, 428.69, 428.802, 0.112, 220,     2.361,
 2799, 1, 426.787, 426.787, 427.759, 0.972, 43, 427.759, 428.765, 1.006, 908, 0, 428.765, 428.86, 0.095, 190,     2.073,
 2795, 1, 426.092, 426.092, 427.678, 1.585, 1210, 427.678, 428.515, 0.838, 2025, 0, 428.515, 428.943, 0.428, 856,     2.850,
 2798, 1, 426.767, 426.767, 427.737, 0.97, 33, 427.737, 428.737, 0.999, 1517, 0, 428.737, 429.09, 0.353, 707,     2.323,
 2792, 1, 425.853, 425.853, 429.321, 3.468, 6940, 429.321, 430.042, 0.721, 2179, 0, 430.042, 430.09, 0.048, 97,     4.238,
 2802, 1, 427.626, 427.626, 429.343, 1.717, 29, 429.343, 430.155, 0.812, 1562, 0, 430.155, 430.165, 0.01, 15,     2.539,
 2803, 1, 427.668, 427.668, 429.375, 1.707, 31, 429.375, 430.155, 0.78, 1486, 0, 430.155, 430.258, 0.103, 207,     2.590,
 2804, 1, 427.862, 427.862, 429.431, 1.568, 113, 429.431, 430.292, 0.861, 1802, 0, 430.292, 430.388, 0.096, 192,     2.525,
 2806, 1, 428.14, 428.14, 429.525, 1.385, 160, 429.525, 430.405, 0.88, 2220, 0, 430.405, 430.488, 0.084, 167,     2.348,
 2808, 1, 428.301, 428.301, 429.599, 1.298, 4, 429.599, 430.557, 0.958, 1652, 0, 430.557, 430.567, 0.01, 11,     2.266,
 2810, 1, 428.703, 428.703, 429.65, 0.947, 20, 429.65, 430.655, 1.005, 1279, 0, 430.655, 430.665, 0.01, 8,     1.962,
 2809, 1, 428.329, 428.329, 429.637, 1.308, 76, 429.637, 430.655, 1.018, 1388, 0, 430.655, 430.665, 0.01, 4,     2.336,
 2811, 1, 428.86, 428.86, 429.684, 0.824, 42, 429.684, 430.806, 1.123, 1273, 0, 430.806, 430.819, 0.013, 26,     1.960,
 2805, 1, 428.092, 428.092, 429.445, 1.353, 12, 429.445, 430.292, 0.847, 1486, 0, 430.292, 430.855, 0.564, 1128,     2.763,
 2813, 1, 429.386, 429.386, 429.847, 0.46, 18, 429.847, 430.904, 1.058, 1692, 0, 430.904, 430.923, 0.019, 37,     1.537,
 2812, 1, 429.343, 429.343, 429.833, 0.49, 289, 429.833, 430.904, 1.072, 1483, 0, 430.904, 431.078, 0.174, 329,     1.735,
 2814, 1, 429.535, 429.535, 429.861, 0.326, 16, 429.861, 431.068, 1.208, 1537, 0, 431.068, 431.088, 0.02, 23,     1.554,
 2815, 1, 429.64, 429.64, 429.875, 0.235, 3, 429.875, 431.068, 1.194, 1618, 0, 431.068, 431.408, 0.34, 680,     1.768,
 2816, 1, 429.693, 429.693, 430.683, 0.99, 1581, 430.683, 431.413, 0.729, 1653, 0, 431.413, 431.473, 0.06, 121,     1.780,
 2807, 1, 428.239, 428.239, 429.585, 1.346, 88, 429.585, 430.557, 0.972, 1186, 0, 430.557, 431.493, 0.936, 1846,     3.254,
 2819, 1, 430.249, 430.249, 430.752, 0.503, 2, 430.752, 431.663, 0.91, 1782, 0, 431.663, 431.705, 0.043, 85,     1.456,
 2818, 1, 430.137, 430.137, 430.749, 0.611, 56, 430.749, 431.663, 0.914, 1739, 0, 431.663, 431.725, 0.062, 112,     1.588,
 2800, 1, 427.294, 427.294, 427.909, 0.615, 297, 427.909, 428.954, 1.044, 801, 0, 428.954, 431.804, 2.85, 5701,     4.510,
 2821, 1, 430.347, 430.347, 431.182, 0.835, 401, 431.182, 432.336, 1.154, 1179, 0, 432.336, 432.359, 0.022, 45,     2.012,
 2822, 1, 430.447, 430.447, 431.192, 0.744, 19, 431.192, 432.336, 1.144, 1440, 0, 432.336, 432.427, 0.091, 178,     1.980,
 2820, 1, 430.285, 430.285, 430.977, 0.691, 438, 430.977, 432.087, 1.11, 1199, 0, 432.087, 432.437, 0.351, 689,     2.152,
 2824, 1, 430.711, 430.711, 431.258, 0.547, 92, 431.258, 432.417, 1.159, 1473, 0, 432.417, 432.466, 0.049, 98,     1.755,
 2823, 1, 430.481, 430.481, 431.212, 0.731, 38, 431.212, 432.417, 1.205, 1431, 0, 432.417, 432.487, 0.07, 139,     2.006,
 2825, 1, 430.752, 430.752, 431.453, 0.701, 381, 431.453, 432.591, 1.137, 1827, 0, 432.591, 432.626, 0.036, 71,     1.874,
 2828, 1, 431.188, 431.188, 431.481, 0.294, 15, 431.481, 432.666, 1.185, 1169, 0, 432.666, 432.747, 0.081, 162,     1.560,
 2826, 1, 430.83, 430.83, 431.467, 0.637, 54, 431.467, 432.666, 1.199, 997, 0, 432.666, 432.85, 0.184, 355,     2.020,
 2829, 1, 431.23, 431.23, 431.505, 0.275, 48, 431.505, 432.84, 1.335, 1340, 0, 432.84, 432.85, 0.01, 12,     1.620,
 2830, 1, 431.306, 431.306, 431.561, 0.256, 110, 431.561, 432.918, 1.357, 1563, 0, 432.918, 432.932, 0.014, 27,     1.626,
 2831, 1, 431.463, 431.463, 431.633, 0.17, 241, 431.633, 432.918, 1.285, 861, 0, 432.918, 432.944, 0.026, 51,     1.481,
 2801, 1, 427.307, 427.307, 431.439, 4.132, 7060, 431.439, 432.591, 1.151, 918, 0, 432.591, 432.998, 0.408, 816,     5.691,
 2827, 1, 431.13, 431.13, 431.495, 0.365, 67, 431.495, 432.84, 1.345, 1880, 0, 432.84, 433.147, 0.307, 614,     2.017,
 2832, 1, 431.623, 431.623, 431.781, 0.158, 283, 431.781, 433.09, 1.309, 1659, 0, 433.09, 433.171, 0.081, 162,     1.548,
 2833, 1, 431.836, 431.836, 431.846, 0.01, 2, 431.846, 433.09, 1.245, 1278, 0, 433.09, 433.201, 0.111, 191,     1.366,
 2834, 1, 431.86, 431.86, 431.87, 0.01, 15, 431.87, 433.171, 1.301, 1253, 0, 433.171, 433.228, 0.056, 113,     1.367,
 2835, 1, 432.024, 432.024, 432.03, 0.006, 23, 432.03, 433.34, 1.31, 1708, 0, 433.34, 433.358, 0.018, 36,     1.334,
 2836, 1, 432.06, 432.06, 432.07, 0.01, 13, 432.07, 433.421, 1.35, 1904, 0, 433.421, 433.431, 0.01, 3,     1.370,
 2838, 1, 432.375, 432.375, 432.468, 0.093, 185, 432.468, 433.604, 1.136, 1737, 0, 433.604, 433.653, 0.05, 99,     1.278,
 2837, 1, 432.092, 432.092, 432.095, 0.003, 16, 432.095, 433.421, 1.326, 1518, 0, 433.421, 433.813, 0.392, 785,     1.721,
 2839, 1, 432.468, 432.468, 432.589, 0.121, 261, 432.589, 433.858, 1.269, 996, 0, 433.858, 433.868, 0.01, 16,     1.400,
 2841, 1, 432.533, 432.533, 432.643, 0.11, 83, 432.643, 433.931, 1.288, 969, 0, 433.931, 433.941, 0.01, 18,     1.408,
 2817, 1, 429.942, 429.942, 430.721, 0.778, 58, 430.721, 431.569, 0.848, 1487, 0, 431.569, 434.124, 2.556, 5106,     4.182,
 2842, 1, 432.575, 432.575, 432.677, 0.102, 45, 432.677, 434.114, 1.437, 1648, 0, 434.114, 434.134, 0.02, 25,     1.559,
 2840, 1, 432.476, 432.476, 433.191, 0.715, 1445, 433.191, 434.364, 1.173, 1910, 0, 434.364, 434.374, 0.01, 17,     1.897,
 2843, 1, 433.017, 433.017, 433.239, 0.222, 427, 433.239, 434.436, 1.197, 1621, 0, 434.436, 434.446, 0.01, 12,     1.430,
 2845, 1, 433.173, 433.173, 433.239, 0.066, 63, 433.239, 434.436, 1.197, 1038, 0, 434.436, 434.466, 0.03, 28,     1.294,
 2846, 1, 433.67, 433.67, 433.71, 0.04, 43, 433.71, 434.686, 0.977, 1719, 0, 434.686, 434.873, 0.186, 364,     1.203,
 2847, 1, 433.993, 433.993, 434.015, 0.022, 44, 434.015, 434.939, 0.924, 1537, 0, 434.939, 435.306, 0.367, 735,     1.313,
 2848, 1, 434.161, 434.161, 434.346, 0.184, 369, 434.346, 435.192, 0.846, 970, 0, 435.192, 435.326, 0.134, 240,     1.165,
 2851, 1, 434.487, 434.487, 434.487, 0, 3, 434.487, 435.366, 0.879, 1392, 0, 435.366, 435.376, 0.01, 1,     0.889,
 2852, 1, 434.534, 434.534, 434.642, 0.108, 216, 434.642, 435.442, 0.8, 1908, 0, 435.442, 435.452, 0.01, 1,     0.918,
 2849, 1, 434.205, 434.205, 434.372, 0.167, 354, 434.372, 435.192, 0.82, 1125, 0, 435.192, 435.515, 0.323, 608,     1.310,
 2844, 1, 433.079, 433.079, 433.205, 0.125, 2, 433.205, 434.364, 1.159, 1557, 0, 434.364, 435.604, 1.24, 2480,     2.524,
 2856, 1, 434.999, 434.999, 435.009, 0.01, 18, 435.009, 435.899, 0.891, 1899, 0, 435.899, 435.932, 0.033, 65,     0.933,
 2855, 1, 434.973, 434.973, 435.173, 0.2, 368, 435.173, 435.952, 0.779, 1995, 0, 435.952, 435.963, 0.011, 22,     0.990,
 2857, 1, 435.135, 435.135, 435.135, 0, 2, 435.135, 435.952, 0.817, 1471, 0, 435.952, 435.983, 0.031, 36,     0.848,
 2854, 1, 434.933, 434.933, 434.951, 0.018, 34, 434.951, 435.868, 0.916, 995, 0, 435.868, 436.12, 0.252, 504,     1.186,
 2858, 1, 435.204, 435.204, 435.214, 0.01, 27, 435.214, 436.132, 0.918, 1535, 0, 436.132, 436.188, 0.057, 114,     0.984,
 2850, 1, 434.391, 434.391, 434.411, 0.02, 50, 434.411, 435.366, 0.954, 1526, 0, 435.366, 436.25, 0.884, 1769,     1.859,
 2853, 1, 434.91, 434.91, 434.933, 0.023, 44, 434.933, 435.695, 0.761, 1207, 0, 435.695, 436.29, 0.595, 1191,     1.380,
 2860, 1, 435.486, 435.486, 435.507, 0.021, 42, 435.507, 436.222, 0.715, 1320, 0, 436.222, 436.341, 0.119, 239,     0.856,
 2862, 1, 435.676, 435.676, 435.834, 0.158, 287, 435.834, 436.668, 0.834, 1044, 0, 436.668, 436.908, 0.239, 479,     1.231,
 2861, 1, 435.653, 435.653, 435.683, 0.03, 73, 435.683, 436.408, 0.725, 1396, 0, 436.408, 436.924, 0.516, 1015,     1.271,
 2863, 1, 435.7, 435.7, 436.145, 0.445, 588, 436.145, 436.928, 0.783, 1575, 0, 436.928, 436.94, 0.012, 31,     1.239,
 2864, 1, 435.776, 435.776, 436.177, 0.401, 50, 436.177, 437.023, 0.846, 1143, 0, 437.023, 437.033, 0.01, 7,     1.257,
 2866, 1, 436.114, 436.114, 436.699, 0.585, 34, 436.699, 437.463, 0.763, 1185, 0, 437.463, 437.487, 0.024, 48,     1.372,
 2865, 1, 436.101, 436.101, 436.673, 0.572, 968, 436.673, 437.431, 0.757, 1465, 0, 437.431, 437.507, 0.076, 125,     1.405,
 2867, 1, 436.257, 436.257, 436.713, 0.457, 16, 436.713, 437.523, 0.809, 1733, 0, 437.523, 437.561, 0.038, 76,     1.304,
 2869, 1, 436.49, 436.49, 436.866, 0.375, 235, 436.866, 437.681, 0.815, 1273, 0, 437.681, 437.793, 0.112, 225,     1.303,
 2870, 1, 436.509, 436.509, 436.89, 0.381, 29, 436.89, 437.712, 0.822, 1605, 0, 437.712, 437.829, 0.117, 234,     1.320,
 2871, 1, 436.579, 436.579, 436.9, 0.321, 19, 436.9, 437.772, 0.873, 1360, 0, 437.772, 437.867, 0.094, 188,     1.288,
 2873, 1, 436.755, 436.755, 436.94, 0.185, 6, 436.94, 437.94, 1.001, 2304, 0, 437.94, 437.958, 0.017, 35,     1.203,
 2868, 1, 436.293, 436.293, 436.748, 0.455, 70, 436.748, 437.671, 0.923, 1568, 0, 437.671, 438.007, 0.336, 673,     1.714,
 2872, 1, 436.72, 436.72, 436.93, 0.21, 46, 436.93, 437.919, 0.989, 1858, 0, 437.919, 438.027, 0.109, 194,     1.307,
 2874, 1, 437.079, 437.079, 437.089, 0.01, 21, 437.089, 438.176, 1.087, 1137, 0, 438.176, 438.248, 0.072, 145,     1.169,
 2875, 1, 437.355, 437.355, 437.386, 0.031, 63, 437.386, 438.214, 0.828, 1884, 0, 438.214, 438.268, 0.054, 71,     0.913,
 2876, 1, 437.495, 437.495, 437.512, 0.017, 33, 437.512, 438.439, 0.928, 1451, 0, 438.439, 438.449, 0.01, 4,     0.954,
 2878, 1, 437.65, 437.65, 437.65, 0, 2, 437.65, 438.471, 0.821, 1315, 0, 438.471, 438.481, 0.01, 10,     0.831,
 2877, 1, 437.585, 437.585, 437.595, 0.01, 13, 437.595, 438.439, 0.845, 1650, 0, 438.439, 438.612, 0.173, 346,     1.027,
 2879, 1, 437.688, 437.688, 437.688, 0, 14, 437.688, 438.547, 0.859, 1352, 0, 438.547, 438.684, 0.137, 274,     0.996,
 2859, 1, 435.431, 435.431, 437.711, 2.281, 4555, 437.711, 438.689, 0.977, 1915, 0, 438.689, 438.727, 0.038, 86,     3.296,
 2880, 1, 437.751, 437.751, 437.761, 0.01, 9, 437.761, 438.804, 1.043, 1295, 0, 438.804, 438.938, 0.134, 261,     1.187,
 2881, 1, 437.808, 437.808, 437.818, 0.01, 1, 437.818, 438.938, 1.121, 1470, 0, 438.938, 438.948, 0.01, 14,     1.141,
 2884, 1, 438.155, 438.155, 438.165, 0.01, 37, 438.165, 439.203, 1.038, 1956, 0, 439.203, 439.213, 0.01, 1,     1.058,
 2882, 1, 438.108, 438.108, 438.135, 0.027, 48, 438.135, 439.203, 1.068, 1720, 0, 439.203, 439.274, 0.071, 142,     1.166,
 2883, 1, 438.125, 438.125, 438.23, 0.105, 188, 438.23, 439.247, 1.017, 1644, 0, 439.247, 439.383, 0.137, 273,     1.258,
 2885, 1, 438.234, 438.234, 438.244, 0.01, 20, 438.244, 439.303, 1.06, 1166, 0, 439.303, 439.403, 0.1, 174,     1.170,
 2886, 1, 438.291, 438.291, 438.306, 0.014, 33, 438.306, 439.458, 1.152, 1676, 0, 439.458, 439.488, 0.03, 60,     1.197,
 2887, 1, 438.362, 438.362, 438.362, 0, 4, 438.362, 439.458, 1.097, 489, 0, 439.458, 439.508, 0.05, 68,     1.147,
 2888, 1, 438.918, 438.918, 438.928, 0.01, 34, 438.928, 439.81, 0.882, 1398, 0, 439.81, 440.035, 0.225, 465,     1.117,
 2889, 1, 439.207, 439.207, 439.237, 0.03, 37, 439.237, 440.022, 0.784, 1141, 0, 440.022, 440.118, 0.096, 160,     0.911,
 2892, 1, 439.698, 439.698, 439.716, 0.018, 36, 439.716, 440.428, 0.712, 1672, 0, 440.428, 440.475, 0.047, 94,     0.777,
 2890, 1, 439.359, 439.359, 439.896, 0.537, 1058, 439.896, 440.677, 0.781, 1671, 0, 440.677, 440.687, 0.01, 13,     1.328,
 2893, 1, 439.793, 439.793, 439.838, 0.045, 74, 439.838, 440.553, 0.716, 1088, 0, 440.553, 440.697, 0.144, 277,     0.904,
 2891, 1, 439.401, 439.401, 439.569, 0.168, 336, 439.569, 440.304, 0.735, 1506, 0, 440.304, 440.762, 0.458, 900,     1.361,
 2894, 1, 439.886, 439.886, 439.896, 0.01, 2, 439.896, 440.752, 0.856, 1886, 0, 440.752, 440.803, 0.05, 101,     0.917,
 2895, 1, 439.948, 439.948, 439.992, 0.044, 88, 439.992, 440.815, 0.824, 1471, 0, 440.815, 440.828, 0.013, 26,     0.880,
 2896, 1, 439.999, 439.999, 440.092, 0.092, 201, 440.092, 440.928, 0.836, 1717, 0, 440.928, 441.09, 0.163, 326,     1.091,
 2899, 1, 440.507, 440.507, 440.53, 0.024, 31, 440.53, 441.265, 0.734, 1330, 0, 441.265, 441.278, 0.014, 27,     0.772,
 2898, 1, 440.202, 440.202, 440.287, 0.085, 142, 440.287, 441.065, 0.777, 1709, 0, 441.065, 441.346, 0.281, 562,     1.144,
 2902, 1, 440.629, 440.629, 440.635, 0.005, 22, 440.635, 441.564, 0.929, 1336, 0, 441.564, 441.574, 0.01, 16,     0.945,
 2901, 1, 440.558, 440.558, 440.635, 0.076, 161, 440.635, 441.514, 0.879, 1638, 0, 441.514, 441.802, 0.288, 577,     1.244,
 2897, 1, 440.096, 440.096, 440.125, 0.028, 44, 440.125, 441.008, 0.883, 1330, 0, 441.008, 441.823, 0.815, 1622,     1.727,
 2903, 1, 441.075, 441.075, 441.138, 0.063, 126, 441.138, 441.861, 0.723, 1198, 0, 441.861, 441.871, 0.01, 12,     0.796,
 2904, 1, 441.128, 441.128, 441.188, 0.06, 106, 441.188, 441.94, 0.753, 1510, 0, 441.94, 441.95, 0.01, 14,     0.823,
 2900, 1, 440.53, 440.53, 440.54, 0.01, 19, 440.54, 441.315, 0.774, 1803, 0, 441.315, 442.205, 0.89, 1781,     1.675,
 2905, 1, 441.339, 441.339, 441.408, 0.07, 139, 441.408, 442.148, 0.74, 1539, 0, 442.148, 442.24, 0.092, 184,     0.902,
 2907, 1, 441.633, 441.633, 441.665, 0.032, 37, 441.665, 442.384, 0.719, 1391, 0, 442.384, 442.473, 0.089, 177,     0.839,
 2908, 1, 441.761, 441.761, 441.813, 0.052, 104, 441.813, 442.547, 0.734, 1302, 0, 442.547, 442.601, 0.054, 108,     0.840,
 2910, 1, 441.946, 441.946, 441.956, 0.01, 3, 441.956, 442.671, 0.716, 1127, 0, 442.671, 442.681, 0.01, 12,     0.736,
 2909, 1, 441.897, 441.897, 441.907, 0.01, 33, 441.907, 442.641, 0.734, 1404, 0, 442.641, 442.691, 0.05, 87,     0.794,
 2911, 1, 442.072, 442.072, 442.121, 0.049, 82, 442.121, 442.921, 0.8, 1221, 0, 442.921, 442.976, 0.054, 109,     0.903,
 2913, 1, 442.466, 442.466, 442.466, 0, 2, 442.466, 443.183, 0.717, 1627, 0, 443.183, 443.22, 0.037, 74,     0.754,
 2914, 1, 442.546, 442.546, 442.574, 0.028, 56, 442.574, 443.29, 0.717, 1674, 0, 443.29, 443.313, 0.022, 45,     0.767,
 2912, 1, 442.358, 442.358, 442.45, 0.092, 151, 442.45, 443.183, 0.732, 1425, 0, 443.183, 443.392, 0.209, 409,     1.034,
 2916, 1, 442.989, 442.989, 443.131, 0.142, 274, 443.131, 443.843, 0.712, 1963, 0, 443.843, 443.902, 0.059, 118,     0.913,
 2915, 1, 442.838, 442.838, 442.853, 0.015, 30, 442.853, 443.622, 0.769, 1352, 0, 443.622, 443.95, 0.328, 657,     1.112,
 2918, 1, 443.154, 443.154, 443.401, 0.247, 460, 443.401, 444.117, 0.716, 1555, 0, 444.117, 444.16, 0.043, 87,     1.007,
 2917, 1, 443.121, 443.121, 443.511, 0.39, 775, 443.511, 444.257, 0.746, 1771, 0, 444.257, 444.267, 0.01, 3,     1.146,
 2919, 1, 443.231, 443.231, 443.452, 0.221, 82, 443.452, 444.209, 0.757, 1397, 0, 444.209, 444.277, 0.068, 131,     1.046,
 2920, 1, 443.501, 443.501, 443.541, 0.04, 76, 443.541, 444.277, 0.736, 1465, 0, 444.277, 444.419, 0.142, 285,     0.919,
 2921, 1, 443.646, 443.646, 443.656, 0.01, 11, 443.656, 444.366, 0.71, 1003, 0, 444.366, 444.442, 0.076, 152,     0.796,
 2922, 1, 443.678, 443.678, 443.918, 0.24, 484, 443.918, 444.66, 0.742, 952, 0, 444.66, 444.67, 0.01, 21,     0.992,
 2923, 1, 444.166, 444.166, 444.176, 0.01, 27, 444.176, 444.889, 0.713, 1128, 0, 444.889, 445.033, 0.143, 287,     0.866,
 2924, 1, 444.244, 444.244, 444.254, 0.01, 3, 444.254, 444.987, 0.733, 1530, 0, 444.987, 445.159, 0.172, 344,     0.915,
 2926, 1, 444.517, 444.517, 444.535, 0.017, 35, 444.535, 445.267, 0.732, 1345, 0, 445.267, 445.31, 0.043, 86,     0.792,
 2925, 1, 444.401, 444.401, 444.45, 0.049, 103, 444.45, 445.173, 0.723, 1258, 0, 445.173, 445.383, 0.211, 422,     0.982,
 2906, 1, 441.368, 441.368, 441.385, 0.016, 37, 441.385, 442.099, 0.715, 1886, 0, 442.099, 445.617, 3.517, 7019,     4.249,
 2927, 1, 444.58, 444.58, 444.59, 0.01, 13, 444.59, 445.329, 0.739, 1442, 0, 445.329, 445.617, 0.288, 568,     1.037,
 2928, 1, 445.077, 445.077, 445.077, 0, 3, 445.077, 446.367, 1.29, 1149, 0, 446.367, 446.389, 0.022, 43,     1.311,
 2929, 1, 445.124, 445.124, 445.165, 0.041, 64, 445.165, 446.422, 1.257, 1497, 0, 446.422, 446.48, 0.058, 98,     1.356,
 2930, 1, 445.281, 445.281, 445.294, 0.012, 25, 445.294, 446.684, 1.391, 1301, 0, 446.684, 446.759, 0.075, 129,     1.478,
 2932, 1, 445.445, 445.445, 445.455, 0.01, 3, 445.455, 446.934, 1.479, 1906, 0, 446.934, 447.062, 0.127, 255,     1.616,
 2931, 1, 445.406, 445.406, 445.406, 0, 6, 445.406, 446.934, 1.528, 1935, 0, 446.934, 447.082, 0.147, 274,     1.675,
 2933, 1, 445.483, 445.483, 445.502, 0.019, 37, 445.502, 447.115, 1.613, 1666, 0, 447.115, 447.165, 0.05, 99,     1.681,
 2934, 1, 445.535, 445.535, 445.535, 0, 9, 445.535, 447.184, 1.648, 1848, 0, 447.184, 447.338, 0.154, 308,     1.802,
 2935, 1, 446.051, 446.051, 446.051, 0, 1, 446.051, 447.619, 1.569, 1552, 0, 447.619, 447.629, 0.01, 11,     1.579,
 2936, 1, 446.38, 446.38, 446.38, 0, 1, 446.38, 447.691, 1.311, 1536, 0, 447.691, 447.701, 0.01, 8,     1.321,
 2937, 1, 446.525, 446.525, 446.788, 0.262, 525, 446.788, 447.941, 1.153, 1957, 0, 447.941, 447.966, 0.025, 50,     1.440,
 2938, 1, 446.683, 446.683, 446.706, 0.023, 46, 446.706, 447.941, 1.235, 1676, 0, 447.941, 447.982, 0.042, 76,     1.299,
 2941, 1, 447.03, 447.03, 447.04, 0.01, 8, 447.04, 448.374, 1.334, 2039, 0, 448.374, 448.384, 0.01, 4,     1.354,
 2942, 1, 447.234, 447.234, 447.242, 0.008, 16, 447.242, 448.449, 1.206, 1594, 0, 448.449, 448.459, 0.01, 15,     1.225,
 2939, 1, 446.77, 446.77, 447.019, 0.248, 494, 447.019, 448.227, 1.208, 1372, 0, 448.227, 448.757, 0.53, 1061,     1.987,
 2945, 1, 447.575, 447.575, 447.591, 0.015, 46, 447.591, 448.729, 1.138, 1237, 0, 448.729, 448.864, 0.136, 271,     1.289,
 2944, 1, 447.286, 447.286, 447.296, 0.01, 13, 447.296, 448.479, 1.183, 1572, 0, 448.479, 448.948, 0.47, 940,     1.663,
 2947, 1, 447.731, 447.731, 447.76, 0.029, 57, 447.76, 448.956, 1.196, 1534, 0, 448.956, 448.956, 0, 3,     1.225,
 2943, 1, 447.252, 447.252, 447.33, 0.078, 138, 447.33, 448.623, 1.293, 1327, 0, 448.623, 449.066, 0.443, 887,     1.815,
 2940, 1, 446.865, 446.865, 446.895, 0.029, 59, 446.895, 448.194, 1.299, 1289, 0, 448.194, 449.088, 0.894, 1788,     2.222,
 2949, 1, 447.966, 447.966, 447.986, 0.02, 40, 447.986, 449.235, 1.249, 1379, 0, 449.235, 449.245, 0.01, 1,     1.279,
 2950, 1, 448.069, 448.069, 448.143, 0.073, 134, 448.143, 449.457, 1.314, 1512, 0, 449.457, 449.514, 0.057, 114,     1.444,
 2951, 1, 448.077, 448.077, 448.344, 0.267, 403, 448.344, 449.485, 1.141, 1232, 0, 449.485, 449.534, 0.049, 63,     1.456,
 2948, 1, 447.859, 447.859, 448.173, 0.314, 628, 448.173, 449.457, 1.283, 1617, 0, 449.457, 449.651, 0.194, 383,     1.791,
 2953, 1, 448.334, 448.334, 448.358, 0.024, 5, 448.358, 449.641, 1.283, 1636, 0, 449.641, 449.661, 0.02, 38,     1.327,
 2954, 1, 448.376, 448.376, 448.402, 0.026, 49, 448.402, 449.707, 1.305, 1122, 0, 449.707, 449.717, 0.01, 21,     1.341,
 2946, 1, 447.594, 447.594, 447.812, 0.217, 440, 447.812, 449.127, 1.315, 1316, 0, 449.127, 449.827, 0.7, 1400,     2.233,
 2952, 1, 448.098, 448.098, 448.637, 0.54, 923, 448.637, 449.956, 1.319, 1587, 0, 449.956, 449.976, 0.02, 40,     1.879,
 2955, 1, 448.861, 448.861, 450.34, 1.479, 2958, 450.34, 451.065, 0.725, 780, 0, 451.065, 451.084, 0.019, 39,     2.223,
 2957, 1, 449.104, 449.104, 450.376, 1.272, 72, 450.376, 451.109, 0.733, 1982, 0, 451.109, 451.132, 0.024, 47,     2.028,
 2956, 1, 448.998, 448.998, 450.402, 1.404, 2807, 450.402, 451.16, 0.758, 1558, 0, 451.16, 451.182, 0.022, 43,     2.184,
 2959, 1, 449.172, 449.172, 450.436, 1.264, 68, 450.436, 451.16, 0.725, 1421, 0, 451.16, 451.202, 0.041, 61,     2.030,
 2958, 1, 449.139, 449.139, 450.45, 1.311, 122, 450.45, 451.323, 0.873, 1253, 0, 451.323, 451.359, 0.036, 72,     2.220,
 2961, 1, 449.418, 449.418, 450.496, 1.077, 69, 450.496, 451.416, 0.92, 1785, 0, 451.416, 451.426, 0.01, 19,     2.007,
 2960, 1, 449.365, 449.365, 450.482, 1.117, 73, 450.482, 451.359, 0.877, 1086, 0, 451.359, 451.446, 0.087, 175,     2.081,
 2962, 1, 449.814, 449.814, 450.525, 0.711, 86, 450.525, 451.416, 0.891, 2118, 0, 451.416, 451.68, 0.264, 527,     1.866,
 2963, 1, 449.858, 449.858, 450.586, 0.728, 168, 450.586, 451.572, 0.986, 1451, 0, 451.572, 451.69, 0.118, 229,     1.832,
 2964, 1, 450.089, 450.089, 450.586, 0.496, 83, 450.586, 451.607, 1.022, 1039, 0, 451.607, 451.69, 0.082, 148,     1.601,
 2965, 1, 450.229, 450.229, 450.6, 0.37, 24, 450.6, 451.67, 1.07, 1686, 0, 451.67, 451.69, 0.02, 25,     1.460,
 2966, 1, 450.412, 450.412, 450.644, 0.231, 61, 450.644, 451.67, 1.026, 1583, 0, 451.67, 451.732, 0.062, 124,     1.320,
 2967, 1, 450.74, 450.74, 450.766, 0.026, 39, 450.766, 451.822, 1.056, 1163, 0, 451.822, 451.837, 0.015, 30,     1.097,
 2968, 1, 450.805, 450.805, 450.805, 0, 10, 450.805, 451.859, 1.054, 1337, 0, 451.859, 451.869, 0.01, 7,     1.064,
 2970, 1, 451.044, 451.044, 451.068, 0.024, 48, 451.068, 451.933, 0.865, 1140, 0, 451.933, 451.942, 0.01, 1,     0.899,
 2969, 1, 450.866, 450.866, 450.866, 0, 2, 450.866, 451.933, 1.066, 1185, 0, 451.933, 451.978, 0.046, 91,     1.112,
 2973, 1, 451.3, 451.3, 451.31, 0.01, 24, 451.31, 452.185, 0.875, 1896, 0, 452.185, 452.195, 0.01, 20,     0.896,
 2974, 1, 451.359, 451.359, 451.366, 0.007, 7, 451.366, 452.185, 0.819, 1537, 0, 452.185, 452.219, 0.034, 67,     0.860,
 2971, 1, 451.171, 451.171, 451.31, 0.139, 287, 451.31, 452.12, 0.81, 1269, 0, 452.12, 452.32, 0.199, 398,     1.148,
 2975, 1, 451.366, 451.366, 451.419, 0.052, 116, 451.419, 452.442, 1.023, 1694, 0, 452.442, 452.452, 0.01, 2,     1.085,
 2972, 1, 451.28, 451.28, 451.29, 0.01, 2, 451.29, 452.071, 0.781, 1203, 0, 452.071, 452.678, 0.607, 1214,     1.397,
 2976, 1, 451.442, 451.442, 451.472, 0.029, 66, 451.472, 452.578, 1.106, 909, 0, 452.578, 452.709, 0.131, 262,     1.266,
 2978, 1, 451.702, 451.702, 451.702, 0, 5, 451.702, 452.699, 0.997, 1380, 0, 452.699, 452.822, 0.123, 247,     1.121,
 2977, 1, 451.488, 451.488, 451.488, 0, 2, 451.488, 452.644, 1.156, 1124, 0, 452.644, 453.115, 0.472, 944,     1.628,
 2979, 1, 452.11, 452.11, 452.127, 0.017, 51, 452.127, 453.143, 1.016, 1201, 0, 453.143, 453.165, 0.022, 45,     1.055,
 2980, 1, 452.17, 452.17, 452.611, 0.441, 901, 452.611, 453.715, 1.104, 1349, 0, 453.715, 453.73, 0.014, 29,     1.560,
 2982, 1, 452.315, 452.315, 452.641, 0.326, 61, 452.641, 453.838, 1.197, 1267, 0, 453.838, 453.854, 0.015, 31,     1.538,
 2981, 1, 452.246, 452.246, 452.746, 0.5, 1005, 452.746, 453.965, 1.218, 823, 0, 453.965, 454.04, 0.075, 151,     1.794,
 2983, 1, 452.325, 452.325, 452.714, 0.39, 121, 452.714, 453.965, 1.25, 1551, 0, 453.965, 454.06, 0.095, 154,     1.735,
 2984, 1, 452.497, 452.497, 452.836, 0.339, 208, 452.836, 454.148, 1.312, 1595, 0, 454.148, 454.159, 0.01, 21,     1.661,
 2986, 1, 452.875, 452.875, 452.902, 0.027, 44, 452.902, 454.214, 1.312, 1821, 0, 454.214, 454.224, 0.01, 11,     1.349,
 2985, 1, 452.682, 452.682, 452.868, 0.186, 213, 452.868, 454.214, 1.345, 1584, 0, 454.214, 454.256, 0.042, 84,     1.574,
 2989, 1, 453.46, 453.46, 453.464, 0.004, 24, 453.464, 454.474, 1.009, 2455, 0, 454.474, 454.484, 0.01, 1,     1.024,
 2990, 1, 453.628, 453.628, 453.639, 0.011, 22, 453.639, 454.597, 0.958, 802, 0, 454.597, 454.856, 0.259, 519,     1.229,
 2993, 1, 453.978, 453.978, 454.057, 0.078, 168, 454.057, 454.975, 0.918, 1773, 0, 454.975, 455.057, 0.082, 143,     1.079,
 2991, 1, 453.84, 453.84, 454.008, 0.168, 350, 454.008, 454.975, 0.966, 1209, 0, 454.975, 455.057, 0.082, 132,     1.217,
 2987, 1, 453.054, 453.054, 453.054, 0, 4, 453.054, 454.348, 1.294, 1567, 0, 454.348, 455.08, 0.732, 1464,     2.025,
 2992, 1, 453.897, 453.897, 453.907, 0.01, 9, 453.907, 454.917, 1.009, 893, 0, 454.917, 455.1, 0.183, 351,     1.202,
 2995, 1, 454.06, 454.06, 454.093, 0.033, 72, 454.093, 455.113, 1.02, 2149, 0, 455.113, 455.166, 0.054, 108,     1.107,
 2988, 1, 453.275, 453.275, 453.289, 0.014, 27, 453.289, 454.474, 1.185, 2077, 0, 454.474, 455.251, 0.777, 1549,     1.976,
 2997, 1, 454.334, 454.334, 454.376, 0.042, 47, 454.376, 455.241, 0.865, 821, 0, 455.241, 455.261, 0.02, 24,     0.927,
 2994, 1, 454.038, 454.038, 454.202, 0.164, 338, 454.202, 455.241, 1.039, 1468, 0, 455.241, 455.305, 0.064, 129,     1.267,
 2996, 1, 454.313, 454.313, 454.438, 0.125, 234, 454.438, 455.491, 1.053, 1906, 0, 455.491, 455.513, 0.022, 44,     1.200,
 2998, 1, 454.659, 454.659, 454.721, 0.062, 136, 454.721, 455.611, 0.889, 1876, 0, 455.611, 455.627, 0.016, 32,     0.968,
 3000, 1, 455.058, 455.058, 455.068, 0.01, 9, 455.068, 455.914, 0.846, 1670, 0, 455.914, 455.942, 0.028, 56,     0.884,
 3002, 1, 455.193, 455.193, 455.219, 0.025, 31, 455.219, 456.164, 0.945, 1586, 0, 456.164, 456.249, 0.085, 170,     1.056,
 3003, 1, 455.26, 455.26, 455.269, 0.01, 27, 455.269, 456.26, 0.99, 1958, 0, 456.26, 456.292, 0.033, 65,     1.033,
 3004, 1, 455.592, 455.592, 455.735, 0.144, 301, 455.735, 456.509, 0.774, 1441, 0, 456.509, 456.519, 0.01, 11,     0.928,
 3005, 1, 455.625, 455.625, 455.635, 0.01, 29, 455.635, 456.509, 0.874, 1879, 0, 456.509, 456.625, 0.116, 214,     1.000,
 3006, 1, 455.772, 455.772, 455.782, 0.01, 12, 455.782, 456.615, 0.833, 1910, 0, 456.615, 456.625, 0.01, 4,     0.853,
 3009, 1, 456.31, 456.31, 456.36, 0.05, 120, 456.36, 457.147, 0.787, 1020, 0, 457.147, 457.174, 0.027, 54,     0.864,
 3010, 1, 456.438, 456.438, 456.454, 0.016, 34, 456.454, 457.185, 0.731, 1676, 0, 457.185, 457.195, 0.01, 9,     0.757,
 2999, 1, 454.846, 454.846, 454.846, 0, 1, 454.846, 455.745, 0.899, 1253, 0, 455.745, 457.274, 1.529, 3058,     2.427,
 3011, 1, 456.445, 456.445, 456.469, 0.024, 51, 456.469, 457.253, 0.785, 1288, 0, 457.253, 457.316, 0.063, 108,     0.872,
 3013, 1, 456.624, 456.624, 456.634, 0.01, 1, 456.634, 457.434, 0.8, 1917, 0, 457.434, 457.489, 0.054, 77,     0.865,
 3008, 1, 456.139, 456.139, 456.149, 0.01, 11, 456.149, 456.885, 0.736, 1647, 0, 456.885, 457.934, 1.049, 2098,     1.795,
 3014, 1, 457.161, 457.161, 457.215, 0.054, 121, 457.215, 457.937, 0.721, 1704, 0, 457.937, 457.937, 0, 4,     0.775,
 3015, 1, 457.176, 457.176, 457.239, 0.063, 123, 457.239, 457.964, 0.725, 1909, 0, 457.964, 458.039, 0.075, 151,     0.863,
 3007, 1, 456.052, 456.052, 456.062, 0.01, 9, 456.062, 456.791, 0.729, 1598, 0, 456.791, 458.115, 1.324, 2649,     2.063,
 3016, 1, 457.202, 457.202, 457.229, 0.028, 7, 457.229, 457.964, 0.734, 1797, 0, 457.964, 458.149, 0.185, 371,     0.948,
 3017, 1, 457.239, 457.239, 457.293, 0.055, 100, 457.293, 458.135, 0.841, 1612, 0, 458.135, 458.169, 0.034, 38,     0.931,
 3018, 1, 457.686, 457.686, 457.696, 0.01, 16, 457.696, 458.409, 0.713, 1866, 0, 458.409, 458.419, 0.01, 11,     0.733,
 3001, 1, 455.175, 455.175, 455.187, 0.012, 24, 455.187, 456.112, 0.925, 1689, 0, 456.112, 458.439, 2.327, 4655,     3.264,
 3020, 1, 457.789, 457.789, 457.86, 0.071, 150, 457.86, 458.575, 0.715, 1685, 0, 458.575, 458.615, 0.039, 88,     0.826,
 3021, 1, 457.987, 457.987, 458.142, 0.155, 310, 458.142, 458.87, 0.728, 1218, 0, 458.87, 458.892, 0.022, 45,     0.905,
 3019, 1, 457.744, 457.744, 458.353, 0.608, 1182, 458.353, 459.08, 0.727, 1240, 0, 459.08, 459.102, 0.022, 45,     1.358,
 3023, 1, 458.153, 458.153, 458.365, 0.211, 4, 458.365, 459.109, 0.744, 1414, 0, 459.109, 459.147, 0.038, 88,     0.993,
 3012, 1, 456.543, 456.543, 456.644, 0.101, 210, 456.644, 457.514, 0.87, 1072, 0, 457.514, 459.332, 1.817, 3635,     2.788,
 3024, 1, 458.602, 458.602, 458.629, 0.026, 34, 458.629, 459.367, 0.739, 966, 0, 459.367, 459.377, 0.01, 18,     0.775,
 3025, 1, 458.683, 458.683, 458.699, 0.017, 33, 458.699, 459.415, 0.716, 710, 0, 459.415, 459.445, 0.03, 36,     0.762,
 3026, 1, 458.728, 458.728, 458.762, 0.034, 67, 458.762, 459.617, 0.855, 1747, 0, 459.617, 459.632, 0.015, 31,     0.904,
 3027, 1, 458.78, 458.78, 458.891, 0.111, 231, 458.891, 459.672, 0.781, 1543, 0, 459.672, 459.711, 0.039, 49,     0.930,
 3022, 1, 458.085, 458.085, 458.643, 0.558, 989, 458.643, 459.367, 0.725, 1631, 0, 459.367, 459.731, 0.363, 696,     1.646,
 3030, 1, 459.041, 459.041, 459.087, 0.046, 65, 459.087, 459.921, 0.834, 1850, 0, 459.921, 459.931, 0.01, 19,     0.890,
 3029, 1, 458.94, 458.94, 458.945, 0.005, 20, 458.945, 459.921, 0.976, 2018, 0, 459.921, 459.951, 0.03, 36,     1.011,
 3031, 1, 459.095, 459.095, 459.126, 0.031, 61, 459.126, 460.127, 1.001, 1781, 0, 460.127, 460.185, 0.058, 116,     1.089,
 3032, 1, 459.421, 459.421, 459.431, 0.01, 12, 459.431, 460.171, 0.74, 1604, 0, 460.171, 460.228, 0.058, 115,     0.807,
 3033, 1, 459.506, 459.506, 459.516, 0.01, 17, 459.516, 460.231, 0.715, 1102, 0, 460.231, 460.231, 0, 6,     0.725,
 3034, 1, 459.556, 459.556, 459.566, 0.01, 18, 459.566, 460.382, 0.816, 1409, 0, 460.382, 460.392, 0.01, 10,     0.836,
 3035, 1, 459.598, 459.598, 459.608, 0.01, 11, 459.608, 460.382, 0.774, 924, 0, 460.382, 460.412, 0.03, 60,     0.814,
 3036, 1, 459.627, 459.627, 459.637, 0.01, 23, 459.637, 460.436, 0.799, 1251, 0, 460.436, 460.534, 0.099, 197,     0.908,
 3037, 1, 459.844, 459.844, 459.906, 0.062, 130, 459.906, 460.636, 0.731, 1506, 0, 460.636, 460.646, 0.01, 17,     0.803,
 3039, 1, 460.068, 460.068, 460.131, 0.062, 112, 460.131, 460.85, 0.719, 1303, 0, 460.85, 460.886, 0.036, 72,     0.818,
 3040, 1, 460.107, 460.107, 460.162, 0.054, 62, 460.162, 460.89, 0.728, 1537, 0, 460.89, 460.9, 0.01, 10,     0.792,
 3041, 1, 460.395, 460.395, 460.395, 0, 5, 460.395, 461.1, 0.705, 1398, 0, 461.1, 461.11, 0.01, 15,     0.715,
 3038, 1, 460.004, 460.004, 460.449, 0.445, 893, 460.449, 461.179, 0.73, 1692, 0, 461.179, 461.225, 0.046, 93,     1.222,
 3043, 1, 460.451, 460.451, 460.459, 0.008, 12, 460.459, 461.179, 0.72, 1538, 0, 461.179, 461.276, 0.097, 195,     0.825,
 3042, 1, 460.429, 460.429, 460.439, 0.01, 10, 460.439, 461.159, 0.72, 1330, 0, 461.159, 461.384, 0.225, 450,     0.955,
 3044, 1, 460.507, 460.507, 460.517, 0.01, 17, 460.517, 461.409, 0.892, 1428, 0, 461.409, 461.419, 0.01, 5,     0.912,
 3045, 1, 460.536, 460.536, 460.571, 0.036, 56, 460.571, 461.437, 0.866, 1734, 0, 461.437, 461.447, 0.01, 19,     0.911,
 3028, 1, 458.88, 458.88, 458.935, 0.055, 109, 458.935, 459.877, 0.942, 2115, 0, 459.877, 461.601, 1.724, 3448,     2.721,
 3046, 1, 460.604, 460.604, 460.609, 0.005, 21, 460.609, 461.658, 1.049, 837, 0, 461.658, 461.67, 0.012, 23,     1.066,
 3047, 1, 460.676, 460.676, 460.683, 0.007, 21, 460.683, 461.857, 1.174, 1383, 0, 461.857, 461.869, 0.012, 24,     1.193,
 3048, 1, 461.005, 461.005, 461.009, 0.004, 20, 461.009, 461.94, 0.931, 1822, 0, 461.94, 461.953, 0.013, 26,     0.947,
 3050, 1, 461.089, 461.089, 461.103, 0.014, 41, 461.103, 461.94, 0.836, 2131, 0, 461.94, 462.109, 0.169, 339,     1.020,
 3049, 1, 461.069, 461.069, 461.155, 0.087, 193, 461.155, 462.118, 0.963, 1557, 0, 462.118, 462.118, 0, 6,     1.049,
 3051, 1, 461.157, 461.157, 461.226, 0.069, 141, 461.226, 462.367, 1.141, 1606, 0, 462.367, 462.392, 0.025, 50,     1.235,
 3053, 1, 461.305, 461.305, 461.465, 0.16, 297, 461.465, 462.457, 0.991, 972, 0, 462.457, 462.466, 0.01, 5,     1.161,
 3054, 1, 461.333, 461.333, 461.487, 0.154, 39, 461.487, 462.457, 0.97, 1470, 0, 462.457, 462.486, 0.03, 25,     1.154,
 3055, 1, 461.377, 461.377, 461.497, 0.12, 16, 461.497, 462.616, 1.119, 1482, 0, 462.616, 462.638, 0.022, 44,     1.261,
 3056, 1, 461.477, 461.477, 461.507, 0.03, 17, 461.507, 462.68, 1.173, 1246, 0, 462.68, 462.69, 0.01, 6,     1.213,
 3052, 1, 461.223, 461.223, 461.974, 0.75, 1499, 461.974, 462.929, 0.956, 1386, 0, 462.929, 462.939, 0.01, 17,     1.716,
 3057, 1, 461.542, 461.542, 461.63, 0.088, 176, 461.63, 462.709, 1.08, 869, 0, 462.709, 463.009, 0.299, 599,     1.467,
 3058, 1, 462.111, 462.111, 462.171, 0.06, 112, 462.171, 462.961, 0.79, 2310, 0, 462.961, 463.029, 0.068, 100,     0.918,
 3059, 1, 462.171, 462.171, 462.204, 0.034, 67, 462.204, 463.121, 0.917, 1465, 0, 463.121, 463.136, 0.014, 29,     0.965,
 3060, 1, 462.198, 462.198, 462.247, 0.049, 107, 462.247, 463.214, 0.967, 1859, 0, 463.214, 463.23, 0.015, 31,     1.032,
 3062, 1, 462.615, 462.615, 462.706, 0.091, 201, 462.706, 463.466, 0.76, 1297, 0, 463.466, 463.563, 0.098, 195,     0.948,
 3063, 1, 462.712, 462.712, 462.737, 0.025, 64, 462.737, 463.623, 0.885, 1282, 0, 463.623, 463.729, 0.106, 205,     1.016,
 3061, 1, 462.456, 462.456, 462.867, 0.411, 822, 462.867, 463.721, 0.853, 1406, 0, 463.721, 463.739, 0.018, 31,     1.282,
 3064, 1, 462.922, 462.922, 462.973, 0.051, 90, 462.973, 463.872, 0.898, 1016, 0, 463.872, 463.882, 0.01, 21,     0.960,
 3065, 1, 462.994, 462.994, 463.011, 0.017, 33, 463.011, 463.97, 0.959, 1721, 0, 463.97, 463.98, 0.01, 8,     0.986,
 3066, 1, 463.323, 463.323, 463.437, 0.114, 215, 463.437, 464.226, 0.79, 1304, 0, 464.226, 464.249, 0.022, 45,     0.926,
 3068, 1, 463.529, 463.529, 463.578, 0.049, 98, 463.578, 464.306, 0.729, 1435, 0, 464.306, 464.344, 0.038, 76,     0.816,
 3067, 1, 463.372, 463.372, 463.382, 0.01, 12, 463.382, 464.226, 0.845, 968, 0, 464.226, 464.537, 0.311, 622,     1.166,
 3069, 1, 463.964, 463.964, 464.065, 0.101, 220, 464.065, 464.782, 0.717, 1748, 0, 464.782, 464.792, 0.01, 2,     0.828,
 3071, 1, 464.085, 464.085, 464.108, 0.024, 58, 464.108, 464.952, 0.843, 1288, 0, 464.952, 464.982, 0.03, 57,     0.897,
 3070, 1, 464.05, 464.05, 464.079, 0.029, 43, 464.079, 464.932, 0.852, 1676, 0, 464.932, 465.003, 0.071, 143,     0.953,
 3073, 1, 464.172, 464.172, 464.182, 0.01, 16, 464.182, 464.972, 0.789, 1935, 0, 464.972, 465.031, 0.06, 119,     0.859,
 3072, 1, 464.101, 464.101, 464.232, 0.132, 262, 464.232, 465.182, 0.949, 1799, 0, 465.182, 465.313, 0.131, 263,     1.212,
 3074, 1, 464.569, 464.569, 464.592, 0.023, 33, 464.592, 465.553, 0.961, 1574, 0, 465.553, 465.581, 0.027, 55,     1.012,
 3075, 1, 464.625, 464.625, 464.639, 0.014, 27, 464.639, 465.707, 1.068, 1384, 0, 465.707, 465.787, 0.08, 178,     1.162,
 3076, 1, 464.681, 464.681, 464.711, 0.03, 59, 464.711, 465.803, 1.092, 1160, 0, 465.803, 465.896, 0.093, 186,     1.215,
 3077, 1, 464.713, 464.713, 464.721, 0.007, 17, 464.721, 465.952, 1.231, 1263, 0, 465.952, 466.063, 0.111, 223,     1.350,
 3078, 1, 464.889, 464.889, 464.93, 0.041, 82, 464.93, 465.964, 1.034, 1213, 0, 465.964, 466.185, 0.222, 444,     1.297,
 3079, 1, 465.4, 465.4, 465.456, 0.055, 103, 465.456, 466.237, 0.781, 1046, 0, 466.237, 466.247, 0.01, 17,     0.847,
 3081, 1, 465.609, 465.609, 465.622, 0.013, 45, 465.622, 466.461, 0.839, 921, 0, 466.461, 466.487, 0.026, 33,     0.877,
 3080, 1, 465.439, 465.439, 465.476, 0.036, 62, 465.476, 466.327, 0.851, 1067, 0, 466.327, 466.497, 0.17, 340,     1.058,
 3083, 1, 465.778, 465.778, 465.791, 0.013, 29, 465.791, 466.507, 0.716, 1627, 0, 466.507, 466.517, 0.01, 15,     0.739,
 3082, 1, 465.691, 465.691, 465.763, 0.072, 117, 465.763, 466.477, 0.714, 1112, 0, 466.477, 466.527, 0.05, 81,     0.836,
 3084, 1, 465.874, 465.874, 465.897, 0.024, 50, 465.897, 466.727, 0.829, 1417, 0, 466.727, 466.774, 0.047, 91,     0.900,
 3085, 1, 465.978, 465.978, 465.996, 0.018, 24, 465.996, 466.839, 0.843, 1654, 0, 466.839, 466.869, 0.031, 61,     0.891,
 3086, 1, 466.029, 466.029, 466.123, 0.094, 177, 466.123, 467.088, 0.966, 1724, 0, 467.088, 467.098, 0.01, 18,     1.069,
 3087, 1, 466.034, 466.034, 466.074, 0.04, 90, 466.074, 467.022, 0.949, 1707, 0, 467.022, 467.196, 0.174, 348,     1.163,
 3088, 1, 466.861, 466.861, 466.868, 0.007, 3, 466.868, 467.602, 0.734, 1279, 0, 467.602, 467.772, 0.17, 340,     0.911,
 3089, 1, 466.868, 466.868, 467.251, 0.383, 781, 467.251, 467.981, 0.73, 1912, 0, 467.981, 468.223, 0.243, 486,     1.355,
 3091, 1, 467.162, 467.162, 467.265, 0.103, 6, 467.265, 467.981, 0.716, 1287, 0, 467.981, 468.305, 0.325, 642,     1.143,
 3092, 1, 467.458, 467.458, 467.49, 0.032, 64, 467.49, 468.317, 0.827, 833, 0, 468.317, 468.388, 0.071, 142,     0.930,
 3093, 1, 467.485, 467.485, 467.556, 0.07, 131, 467.556, 468.341, 0.786, 1019, 0, 468.341, 468.428, 0.087, 173,     0.943,
 3094, 1, 467.622, 467.622, 467.632, 0.01, 12, 467.632, 468.491, 0.859, 1695, 0, 468.491, 468.501, 0.01, 10,     0.879,
 3095, 1, 467.681, 467.681, 467.69, 0.009, 24, 467.69, 468.567, 0.878, 1385, 0, 468.567, 468.577, 0.01, 13,     0.897,
 3096, 1, 467.743, 467.743, 467.788, 0.045, 96, 467.788, 468.74, 0.953, 1687, 0, 468.74, 468.888, 0.148, 296,     1.145,
 3097, 1, 467.866, 467.866, 467.91, 0.044, 88, 467.91, 468.824, 0.913, 1627, 0, 468.824, 468.908, 0.084, 138,     1.042,
 3099, 1, 468.029, 468.029, 468.24, 0.211, 415, 468.24, 469.075, 0.834, 1467, 0, 469.075, 469.085, 0.01, 5,     1.055,
 3098, 1, 468.003, 468.003, 468.029, 0.026, 56, 468.029, 468.999, 0.969, 1176, 0, 468.999, 469.131, 0.132, 259,     1.128,
 3090, 1, 467.034, 467.034, 468.4, 1.366, 2727, 468.4, 469.248, 0.848, 1509, 0, 469.248, 469.275, 0.027, 54,     2.240,
 3101, 1, 468.26, 468.26, 468.441, 0.181, 83, 468.441, 469.323, 0.882, 1555, 0, 469.323, 469.383, 0.06, 121,     1.123,
 3100, 1, 468.065, 468.065, 468.5, 0.435, 507, 468.5, 469.502, 1.002, 1600, 0, 469.502, 469.519, 0.017, 35,     1.455,
 3102, 1, 468.304, 468.304, 468.455, 0.152, 18, 468.455, 469.347, 0.891, 1928, 0, 469.347, 469.576, 0.229, 459,     1.272,
 3103, 1, 468.39, 468.39, 468.487, 0.097, 34, 468.487, 469.502, 1.014, 1020, 0, 469.502, 469.59, 0.088, 177,     1.200,
 3105, 1, 468.573, 468.573, 468.583, 0.01, 13, 468.583, 469.599, 1.016, 1443, 0, 469.599, 469.609, 0.01, 28,     1.036,
 3104, 1, 468.409, 468.409, 468.5, 0.091, 10, 468.5, 469.577, 1.077, 1583, 0, 469.577, 469.654, 0.077, 155,     1.245,
 3106, 1, 468.616, 468.616, 468.623, 0.006, 10, 468.623, 469.751, 1.128, 1142, 0, 469.751, 469.79, 0.039, 78,     1.174,
 3107, 1, 468.96, 468.96, 469.027, 0.067, 112, 469.027, 470.09, 1.064, 1701, 0, 470.09, 470.119, 0.029, 58,     1.159,
 3108, 1, 469.082, 469.082, 469.082, 0, 10, 469.082, 470.104, 1.023, 1797, 0, 470.104, 470.139, 0.034, 64,     1.057,
 3109, 1, 469.218, 469.218, 469.229, 0.011, 22, 469.229, 470.366, 1.137, 1336, 0, 470.366, 470.38, 0.014, 27,     1.161,
 3111, 1, 469.389, 469.389, 469.425, 0.036, 73, 469.425, 470.515, 1.09, 1690, 0, 470.515, 470.527, 0.012, 25,     1.139,
 3110, 1, 469.235, 469.235, 469.297, 0.062, 137, 469.297, 470.515, 1.218, 1488, 0, 470.515, 470.572, 0.057, 114,     1.337,
 3112, 1, 469.724, 469.724, 469.734, 0.01, 11, 469.734, 470.772, 1.037, 1135, 0, 470.772, 470.782, 0.01, 21,     1.058,
 3113, 1, 469.748, 469.748, 469.88, 0.132, 248, 469.88, 471.021, 1.141, 1906, 0, 471.021, 471.031, 0.01, 11,     1.284,
 3115, 1, 469.88, 469.88, 469.89, 0.01, 6, 469.89, 471.021, 1.131, 1744, 0, 471.021, 471.051, 0.03, 56,     1.171,
 3117, 1, 470.243, 470.243, 470.274, 0.031, 56, 470.274, 471.339, 1.065, 1064, 0, 471.339, 471.382, 0.043, 100,     1.140,
 3114, 1, 469.857, 469.857, 469.9, 0.043, 98, 469.9, 471.089, 1.189, 1644, 0, 471.089, 471.425, 0.336, 672,     1.568,
 3118, 1, 470.276, 470.276, 470.376, 0.099, 180, 470.376, 471.522, 1.146, 1540, 0, 471.522, 471.532, 0.01, 5,     1.256,
 3116, 1, 470.072, 470.072, 470.111, 0.039, 83, 470.111, 471.271, 1.16, 1720, 0, 471.271, 471.68, 0.41, 820,     1.608,
 3119, 1, 470.352, 470.352, 470.362, 0.01, 21, 470.362, 471.522, 1.16, 1358, 0, 471.522, 471.813, 0.291, 582,     1.461,
 3121, 1, 470.634, 470.634, 470.644, 0.01, 21, 470.644, 471.772, 1.127, 1836, 0, 471.772, 471.858, 0.087, 173,     1.224,
 3120, 1, 470.604, 470.604, 470.604, 0, 5, 470.604, 471.66, 1.056, 1603, 0, 471.66, 471.97, 0.31, 620,     1.366,
 3124, 1, 471.132, 471.132, 471.187, 0.055, 82, 471.187, 472.022, 0.835, 1506, 0, 472.022, 472.032, 0.01, 18,     0.899,
 3123, 1, 471.106, 471.106, 471.173, 0.067, 150, 471.173, 472.022, 0.849, 1478, 0, 472.022, 472.048, 0.026, 53,     0.943,
 3122, 1, 470.718, 470.718, 470.744, 0.026, 53, 470.744, 471.839, 1.095, 1154, 0, 471.839, 472.068, 0.229, 422,     1.351,
 3125, 1, 471.229, 471.229, 471.229, 0, 1, 471.229, 472.159, 0.931, 1737, 0, 472.159, 472.249, 0.089, 179,     1.020,
 3126, 1, 471.578, 471.578, 471.636, 0.058, 116, 471.636, 472.369, 0.733, 1805, 0, 472.369, 472.39, 0.021, 42,     0.812,
 3128, 1, 471.997, 471.997, 472.044, 0.048, 110, 472.044, 472.769, 0.725, 1613, 0, 472.769, 472.81, 0.041, 82,     0.813,
 3127, 1, 471.878, 471.878, 472.101, 0.223, 435, 472.101, 472.942, 0.841, 1856, 0, 472.942, 472.952, 0.01, 11,     1.073,
 3129, 1, 472.07, 472.07, 472.08, 0.01, 8, 472.08, 472.924, 0.844, 1997, 0, 472.924, 472.975, 0.051, 103,     0.906,
 3130, 1, 472.091, 472.091, 472.142, 0.051, 100, 472.142, 473.031, 0.889, 1599, 0, 473.031, 473.068, 0.037, 74,     0.977,
 3131, 1, 472.142, 472.142, 472.192, 0.05, 81, 472.192, 473.191, 1, 1490, 0, 473.191, 473.343, 0.151, 320,     1.201,
 3132, 1, 472.253, 472.253, 472.278, 0.024, 50, 472.278, 473.281, 1.003, 994, 0, 473.281, 473.363, 0.082, 141,     1.109,
 3134, 1, 472.298, 472.298, 472.318, 0.02, 24, 472.318, 473.441, 1.122, 968, 0, 473.441, 473.501, 0.06, 121,     1.203,
 3133, 1, 472.288, 472.288, 472.308, 0.02, 35, 472.308, 473.431, 1.122, 1332, 0, 473.431, 473.768, 0.337, 673,     1.480,
 3137, 1, 472.957, 472.957, 473.322, 0.365, 436, 473.322, 474.034, 0.713, 1366, 0, 474.034, 474.114, 0.08, 160,     1.158,
 3135, 1, 472.856, 472.856, 473.096, 0.24, 480, 473.096, 473.936, 0.84, 1339, 0, 473.936, 474.153, 0.217, 435,     1.297,
 3139, 1, 473.175, 473.175, 473.405, 0.23, 22, 473.405, 474.205, 0.8, 1877, 0, 474.205, 474.215, 0.01, 1,     1.040,
 3140, 1, 473.668, 473.668, 473.668, 0, 11, 473.668, 474.455, 0.787, 1685, 0, 474.455, 474.514, 0.058, 117,     0.846,
 3141, 1, 473.801, 473.801, 473.823, 0.023, 26, 473.823, 474.685, 0.861, 1350, 0, 474.685, 474.715, 0.03, 61,     0.915,
 3138, 1, 473.06, 473.06, 473.391, 0.331, 122, 473.391, 474.185, 0.794, 1918, 0, 474.185, 474.735, 0.549, 1099,     1.674,
 3136, 1, 472.938, 472.938, 474.142, 1.204, 2421, 474.142, 474.846, 0.703, 2208, 0, 474.846, 474.856, 0.01, 1,     1.917,
 3142, 1, 474.164, 474.164, 474.235, 0.071, 157, 474.235, 474.981, 0.747, 1508, 0, 474.981, 475.056, 0.074, 149,     0.892,
 3145, 1, 474.379, 474.379, 474.395, 0.017, 33, 474.395, 475.128, 0.732, 1783, 0, 475.128, 475.141, 0.014, 27,     0.762,
 3147, 1, 474.615, 474.615, 474.625, 0.01, 1, 474.625, 475.367, 0.743, 1294, 0, 475.367, 475.377, 0.01, 18,     0.763,
 3146, 1, 474.494, 474.494, 474.707, 0.212, 425, 474.707, 475.427, 0.721, 1647, 0, 475.427, 475.535, 0.108, 216,     1.041,
 3144, 1, 474.282, 474.282, 474.615, 0.333, 666, 474.615, 475.327, 0.712, 1365, 0, 475.327, 475.557, 0.23, 460,     1.275,
 3148, 1, 474.691, 474.691, 474.76, 0.069, 116, 474.76, 475.577, 0.816, 1768, 0, 475.577, 475.587, 0.01, 11,     0.896,
 3150, 1, 474.875, 474.875, 474.875, 0, 11, 474.875, 475.619, 0.744, 1463, 0, 475.619, 475.629, 0.01, 7,     0.754,
 3149, 1, 474.858, 474.858, 474.887, 0.029, 61, 474.887, 475.677, 0.79, 649, 0, 475.677, 475.706, 0.029, 41,     0.848,
 3152, 1, 475.023, 475.023, 475.033, 0.01, 17, 475.033, 475.934, 0.901, 1449, 0, 475.934, 475.957, 0.023, 41,     0.934,
 3151, 1, 475.017, 475.017, 475.045, 0.028, 35, 475.045, 475.947, 0.902, 1502, 0, 475.947, 475.967, 0.02, 29,     0.950,
 3154, 1, 475.086, 475.086, 475.158, 0.072, 119, 475.158, 476.124, 0.966, 1590, 0, 476.124, 476.141, 0.017, 34,     1.055,
 3153, 1, 475.049, 475.049, 475.096, 0.047, 86, 475.096, 476.075, 0.979, 1615, 0, 476.075, 476.162, 0.087, 174,     1.113,
 3156, 1, 475.166, 475.166, 475.186, 0.02, 31, 475.186, 476.193, 1.007, 1023, 0, 476.193, 476.203, 0.01, 12,     1.037,
 3157, 1, 475.228, 475.228, 475.238, 0.01, 4, 475.238, 476.213, 0.976, 1642, 0, 476.213, 476.317, 0.104, 208,     1.090,
 3159, 1, 475.296, 475.296, 475.306, 0.01, 18, 475.306, 476.373, 1.067, 1890, 0, 476.373, 476.383, 0.01, 15,     1.087,
 3155, 1, 475.132, 475.132, 475.248, 0.116, 244, 475.248, 476.328, 1.08, 2036, 0, 476.328, 476.429, 0.101, 203,     1.297,
 3158, 1, 475.275, 475.275, 475.336, 0.06, 92, 475.336, 476.459, 1.123, 1718, 0, 476.459, 476.469, 0.01, 5,     1.193,
 3160, 1, 475.455, 475.455, 475.465, 0.01, 2, 475.465, 476.578, 1.113, 2031, 0, 476.578, 476.588, 0.01, 1,     1.133,
 3143, 1, 474.26, 474.26, 474.332, 0.072, 144, 474.332, 475.042, 0.71, 1451, 0, 475.042, 476.769, 1.727, 3455,     2.509,
 3162, 1, 476.172, 476.172, 476.218, 0.046, 58, 476.218, 477.13, 0.912, 1698, 0, 477.13, 477.187, 0.057, 114,     1.015,
 3161, 1, 476.086, 476.086, 476.243, 0.158, 333, 476.243, 477.207, 0.964, 2206, 0, 477.207, 477.219, 0.012, 23,     1.133,
 3163, 1, 476.317, 476.317, 476.327, 0.01, 2, 476.327, 477.344, 1.017, 1559, 0, 477.344, 477.354, 0.01, 8,     1.037,
 3164, 1, 476.628, 476.628, 476.661, 0.033, 51, 476.661, 477.629, 0.968, 1898, 0, 477.629, 477.639, 0.01, 18,     1.011,
 3165, 1, 476.801, 476.801, 476.819, 0.018, 36, 476.819, 477.726, 0.907, 1565, 0, 477.726, 477.75, 0.024, 48,     0.949,
 3166, 1, 476.86, 476.86, 476.86, 0, 1, 476.86, 477.851, 0.991, 1281, 0, 477.851, 477.861, 0.01, 4,     1.001,
 3167, 1, 477.078, 477.078, 477.116, 0.038, 79, 477.116, 477.879, 0.762, 1407, 0, 477.879, 477.929, 0.05, 100,     0.851,
 3168, 1, 477.119, 477.119, 477.69, 0.571, 1148, 477.69, 478.406, 0.716, 1901, 0, 478.406, 478.446, 0.04, 61,     1.326,
 3170, 1, 477.488, 477.488, 477.704, 0.216, 10, 477.704, 478.436, 0.732, 1678, 0, 478.436, 478.446, 0.01, 6,     0.958,
 3171, 1, 477.587, 477.587, 477.878, 0.292, 349, 477.878, 478.697, 0.819, 1355, 0, 478.697, 478.707, 0.01, 7,     1.120,
 3172, 1, 477.941, 477.941, 477.951, 0.01, 17, 477.951, 478.717, 0.766, 1677, 0, 478.717, 478.727, 0.01, 7,     0.786,
 3169, 1, 477.308, 477.308, 477.772, 0.464, 929, 477.772, 478.665, 0.894, 1915, 0, 478.665, 478.763, 0.098, 163,     1.456,
 3173, 1, 478.131, 478.131, 478.155, 0.023, 30, 478.155, 478.935, 0.78, 1837, 0, 478.935, 478.955, 0.02, 38,     0.824,
 3175, 1, 478.311, 478.311, 478.323, 0.012, 24, 478.323, 479.199, 0.876, 1849, 0, 479.199, 479.209, 0.01, 11,     0.898,
 3174, 1, 478.203, 478.203, 478.241, 0.038, 54, 478.241, 479.164, 0.924, 1875, 0, 479.164, 479.378, 0.213, 404,     1.174,
 3178, 1, 478.488, 478.488, 478.625, 0.137, 44, 478.625, 479.449, 0.824, 1495, 0, 479.449, 479.462, 0.013, 26,     0.974,
 3179, 1, 478.938, 478.938, 478.948, 0.01, 3, 478.948, 479.67, 0.722, 2148, 0, 479.67, 479.68, 0.01, 4,     0.742,
 3180, 1, 479.005, 479.005, 479.17, 0.165, 316, 479.17, 479.891, 0.721, 1873, 0, 479.891, 479.921, 0.03, 62,     0.916,
 3176, 1, 478.378, 478.378, 479.291, 0.914, 1828, 479.291, 480.146, 0.855, 1246, 0, 480.146, 480.156, 0.01, 1,     1.779,
 3184, 1, 479.489, 479.489, 479.499, 0.01, 14, 479.499, 480.215, 0.716, 1342, 0, 480.215, 480.225, 0.01, 19,     0.736,
 3182, 1, 479.292, 479.292, 479.357, 0.065, 117, 479.357, 480.166, 0.81, 1142, 0, 480.166, 480.273, 0.106, 213,     0.981,
 3185, 1, 479.581, 479.581, 479.636, 0.054, 109, 479.636, 480.362, 0.727, 1705, 0, 480.362, 480.373, 0.011, 22,     0.792,
 3186, 1, 479.595, 479.595, 479.67, 0.075, 68, 479.67, 480.396, 0.727, 1537, 0, 480.396, 480.409, 0.013, 26,     0.815,
 3181, 1, 479.103, 479.103, 479.18, 0.077, 5, 479.18, 479.925, 0.745, 1022, 0, 479.925, 480.438, 0.514, 1036,     1.336,
 3177, 1, 478.456, 478.456, 478.591, 0.135, 270, 478.591, 479.421, 0.83, 1364, 0, 479.421, 482.109, 2.688, 5376,     3.652,
 3183, 1, 479.357, 479.357, 482.337, 2.981, 5962, 482.337, 483.059, 0.722, 1340, 0, 483.059, 483.134, 0.075, 149,     3.777,
 3189, 1, 479.872, 479.872, 482.426, 2.554, 112, 482.426, 483.139, 0.713, 1131, 0, 483.139, 483.152, 0.013, 26,     3.280,
 3188, 1, 479.84, 479.84, 482.371, 2.53, 67, 482.371, 483.093, 0.722, 1826, 0, 483.093, 483.373, 0.279, 559,     3.532,
 3191, 1, 480.014, 480.014, 482.52, 2.506, 164, 482.52, 483.389, 0.869, 1836, 0, 483.389, 483.399, 0.01, 19,     3.384,
 3190, 1, 479.927, 479.927, 482.438, 2.511, 24, 482.438, 483.343, 0.904, 1983, 0, 483.343, 483.586, 0.243, 487,     3.658,
 3193, 1, 480.532, 480.532, 482.588, 2.056, 26, 482.588, 483.638, 1.05, 1392, 0, 483.638, 483.653, 0.014, 30,     3.120,
 3194, 1, 480.566, 480.566, 482.618, 2.052, 44, 482.618, 483.843, 1.225, 1100, 0, 483.843, 483.853, 0.01, 16,     3.287,
 3195, 1, 480.737, 480.737, 482.698, 1.961, 159, 482.698, 484.075, 1.378, 973, 0, 484.075, 484.102, 0.027, 41,     3.365,
 3196, 1, 480.781, 480.781, 482.784, 2.003, 173, 482.784, 484.092, 1.308, 1285, 0, 484.092, 484.122, 0.03, 41,     3.341,
 3192, 1, 480.219, 480.219, 482.568, 2.349, 87, 482.568, 483.638, 1.07, 1751, 0, 483.638, 484.23, 0.592, 1184,     4.011,
 3197, 1, 480.992, 480.992, 482.796, 1.804, 8, 482.796, 484.142, 1.346, 2070, 0, 484.142, 484.25, 0.107, 176,     3.257,
 3198, 1, 481.013, 481.013, 482.818, 1.805, 33, 482.818, 484.142, 1.324, 927, 0, 484.142, 484.27, 0.127, 230,     3.257,
 3199, 1, 481.049, 481.049, 482.832, 1.783, 22, 482.832, 484.325, 1.493, 1217, 0, 484.325, 484.342, 0.017, 34,     3.293,
 3200, 1, 481.224, 481.224, 482.852, 1.628, 22, 482.852, 484.342, 1.49, 1663, 0, 484.342, 484.375, 0.033, 66,     3.151,
 3202, 1, 481.41, 481.41, 482.981, 1.571, 237, 482.981, 484.392, 1.411, 1701, 0, 484.392, 484.412, 0.021, 41,     3.003,
 3201, 1, 481.391, 481.391, 482.862, 1.471, 8, 482.862, 484.392, 1.53, 1729, 0, 484.392, 484.432, 0.041, 73,     3.041,
 3203, 1, 482.072, 482.072, 483.015, 0.942, 62, 483.015, 484.575, 1.56, 1905, 0, 484.575, 484.585, 0.01, 8,     2.512,
 3204, 1, 482.103, 482.103, 483.035, 0.932, 26, 483.035, 484.595, 1.56, 1170, 0, 484.595, 484.62, 0.026, 51,     2.517,
 3206, 1, 482.269, 482.269, 483.088, 0.819, 84, 483.088, 484.642, 1.554, 1931, 0, 484.642, 484.698, 0.057, 113,     2.430,
 3205, 1, 482.146, 482.146, 483.045, 0.898, 10, 483.045, 484.642, 1.597, 1598, 0, 484.642, 484.834, 0.192, 384,     2.688,
 3208, 1, 482.373, 482.373, 483.134, 0.761, 25, 483.134, 484.844, 1.71, 1341, 0, 484.844, 484.879, 0.036, 71,     2.506,
 3209, 1, 482.51, 482.51, 483.148, 0.638, 1, 483.148, 484.891, 1.743, 2163, 0, 484.891, 484.901, 0.01, 14,     2.391,
 3210, 1, 483.123, 483.123, 483.185, 0.062, 65, 483.185, 484.891, 1.706, 1596, 0, 484.891, 484.921, 0.03, 32,     1.798,
 3207, 1, 482.284, 482.284, 483.122, 0.838, 34, 483.122, 484.824, 1.702, 791, 0, 484.824, 484.94, 0.116, 233,     2.657,
 3211, 1, 483.185, 483.185, 483.219, 0.034, 58, 483.219, 485.101, 1.882, 2039, 0, 485.101, 485.111, 0.01, 6,     1.926,
 3212, 1, 483.262, 483.262, 483.272, 0.01, 19, 483.272, 485.14, 1.869, 1573, 0, 485.14, 485.15, 0.01, 5,     1.889,
 3187, 1, 479.672, 479.672, 483.5, 3.829, 7662, 483.5, 485.403, 1.903, 1798, 0, 485.403, 485.416, 0.013, 26,     5.744,
 3214, 1, 483.469, 483.469, 483.534, 0.065, 29, 483.534, 485.403, 1.869, 1971, 0, 485.403, 485.441, 0.038, 77,     1.972,
 3213, 1, 483.319, 483.319, 483.572, 0.254, 498, 483.572, 485.583, 2.01, 1945, 0, 485.583, 485.703, 0.12, 240,     2.384,
 3215, 1, 483.922, 483.922, 483.94, 0.019, 37, 483.94, 485.908, 1.968, 1023, 0, 485.908, 485.932, 0.024, 40,     2.010,
 3216, 1, 484.044, 484.044, 484.051, 0.007, 17, 484.051, 486.114, 2.063, 1217, 0, 486.114, 486.124, 0.01, 14,     2.080,
 3217, 1, 484.151, 484.151, 484.277, 0.125, 253, 484.277, 486.171, 1.894, 1385, 0, 486.171, 486.181, 0.01, 5,     2.030,
 3218, 1, 484.175, 484.175, 484.183, 0.008, 19, 484.183, 486.171, 1.989, 965, 0, 486.171, 486.218, 0.046, 93,     2.043,
 3221, 1, 484.374, 484.374, 484.451, 0.077, 167, 484.451, 486.363, 1.912, 1791, 0, 486.363, 486.393, 0.03, 60,     2.019,
 3219, 1, 484.314, 484.314, 484.324, 0.01, 19, 484.324, 486.343, 2.019, 1254, 0, 486.343, 486.413, 0.07, 111,     2.099,
 3223, 1, 484.709, 484.709, 484.719, 0.01, 5, 484.719, 486.421, 1.702, 1014, 0, 486.421, 486.421, 0, 10,     1.712,
 3222, 1, 484.421, 484.421, 484.463, 0.042, 6, 484.463, 486.421, 1.958, 1196, 0, 486.421, 486.445, 0.024, 47,     2.024,
 3224, 1, 484.936, 484.936, 484.968, 0.033, 65, 484.968, 486.613, 1.644, 1092, 0, 486.613, 486.623, 0.01, 5,     1.687,
 3220, 1, 484.337, 484.337, 484.828, 0.49, 988, 484.828, 486.593, 1.765, 1227, 0, 486.593, 486.768, 0.175, 351,     2.431,
 3225, 1, 485.18, 485.18, 485.231, 0.051, 102, 485.231, 486.67, 1.44, 1728, 0, 486.67, 486.84, 0.169, 339,     1.660,
 3226, 1, 485.232, 485.232, 485.257, 0.025, 46, 485.257, 486.873, 1.616, 1047, 0, 486.873, 486.883, 0.01, 16,     1.651,
 3228, 1, 485.417, 485.417, 485.426, 0.009, 19, 485.426, 486.92, 1.495, 1540, 0, 486.92, 486.93, 0.01, 16,     1.513,
 3227, 1, 485.305, 485.305, 485.362, 0.057, 88, 485.362, 486.92, 1.559, 1211, 0, 486.92, 486.93, 0.01, 7,     1.625,
 3229, 1, 485.427, 485.427, 485.637, 0.211, 416, 485.637, 487.17, 1.533, 1253, 0, 487.17, 487.308, 0.138, 276,     1.881,
 3230, 1, 485.644, 485.644, 485.657, 0.014, 27, 485.657, 487.358, 1.701, 1243, 0, 487.358, 487.429, 0.071, 125,     1.786,
 3231, 1, 485.745, 485.745, 485.755, 0.01, 10, 485.755, 487.419, 1.665, 1699, 0, 487.419, 487.439, 0.02, 23,     1.695,
 3232, 1, 485.867, 485.867, 485.916, 0.049, 107, 485.916, 487.608, 1.692, 1623, 0, 487.608, 487.68, 0.072, 140,     1.813,
 3234, 1, 486.071, 486.071, 486.102, 0.031, 59, 486.102, 487.67, 1.568, 1402, 0, 487.67, 487.68, 0.01, 19,     1.609,
 3233, 1, 485.955, 485.955, 485.97, 0.015, 31, 485.97, 487.628, 1.658, 1781, 0, 487.628, 487.743, 0.115, 231,     1.788,
 3235, 1, 486.256, 486.256, 486.284, 0.028, 26, 486.284, 487.857, 1.574, 1483, 0, 487.857, 487.874, 0.017, 33,     1.618,
 3236, 1, 486.372, 486.372, 486.382, 0.01, 6, 486.382, 487.921, 1.538, 2224, 0, 487.921, 488.023, 0.102, 205,     1.651,
 3237, 1, 486.489, 486.489, 486.521, 0.032, 50, 486.521, 488.11, 1.589, 1056, 0, 488.11, 488.126, 0.015, 31,     1.636,
 3238, 1, 486.511, 486.511, 486.521, 0.01, 6, 486.521, 488.132, 1.611, 1148, 0, 488.132, 488.414, 0.282, 577,     1.903,
 3239, 1, 487.029, 487.029, 487.039, 0.01, 12, 487.039, 488.37, 1.331, 1296, 0, 488.37, 488.433, 0.062, 125,     1.404,
 3242, 1, 487.688, 487.688, 487.706, 0.017, 44, 487.706, 488.671, 0.966, 1828, 0, 488.671, 488.681, 0.01, 14,     0.993,
 3240, 1, 487.64, 487.64, 487.65, 0.01, 15, 487.65, 488.62, 0.97, 1758, 0, 488.62, 488.691, 0.072, 125,     1.052,
 3241, 1, 487.684, 487.684, 487.72, 0.036, 72, 487.72, 488.671, 0.952, 1363, 0, 488.671, 488.711, 0.04, 72,     1.027,
 3245, 1, 487.825, 487.825, 488.006, 0.181, 363, 488.006, 488.924, 0.918, 1300, 0, 488.924, 488.951, 0.027, 72,     1.126,
 3244, 1, 487.796, 487.796, 487.835, 0.039, 66, 487.835, 488.924, 1.089, 1469, 0, 488.924, 488.994, 0.07, 140,     1.198,
 3247, 1, 488.34, 488.34, 488.366, 0.026, 52, 488.366, 489.174, 0.808, 1665, 0, 489.174, 489.184, 0.01, 1,     0.844,
 3246, 1, 487.975, 487.975, 488.02, 0.045, 85, 488.02, 489.131, 1.111, 1722, 0, 489.131, 489.194, 0.063, 117,     1.219,
 3248, 1, 488.434, 488.434, 488.444, 0.01, 17, 488.444, 489.174, 0.73, 1195, 0, 489.174, 489.204, 0.03, 52,     0.769,
 3243, 1, 487.784, 487.784, 487.794, 0.01, 9, 487.794, 488.881, 1.087, 1580, 0, 488.881, 489.214, 0.333, 655,     1.430,
 3249, 1, 488.53, 488.53, 488.548, 0.018, 36, 488.548, 489.38, 0.832, 1469, 0, 489.38, 489.39, 0.01, 11,     0.860,
 3250, 1, 488.65, 488.65, 488.732, 0.082, 164, 488.732, 489.629, 0.897, 1391, 0, 489.629, 489.639, 0.01, 15,     0.989,
 3251, 1, 488.661, 488.661, 488.703, 0.042, 73, 488.703, 489.629, 0.926, 1762, 0, 489.629, 489.658, 0.029, 57,     0.997,
 3252, 1, 489.01, 489.01, 489.028, 0.018, 48, 489.028, 489.746, 0.719, 1058, 0, 489.746, 489.759, 0.013, 26,     0.750,
 3253, 1, 489.053, 489.053, 489.07, 0.017, 34, 489.07, 489.879, 0.809, 1693, 0, 489.879, 489.889, 0.01, 10,     0.836,
 3254, 1, 489.161, 489.161, 489.197, 0.036, 77, 489.197, 489.929, 0.732, 716, 0, 489.929, 489.94, 0.01, 39,     0.779,
 3255, 1, 489.32, 489.32, 489.347, 0.028, 43, 489.347, 490.131, 0.784, 1161, 0, 490.131, 490.156, 0.025, 50,     0.836,
 3256, 1, 489.51, 489.51, 489.628, 0.119, 227, 489.628, 490.353, 0.725, 1600, 0, 490.353, 490.363, 0.01, 1,     0.853,
 3258, 1, 489.618, 489.618, 489.658, 0.04, 49, 489.658, 490.387, 0.729, 1642, 0, 490.387, 490.407, 0.02, 32,     0.789,
 3257, 1, 489.57, 489.57, 489.678, 0.109, 228, 489.678, 490.419, 0.741, 1123, 0, 490.419, 490.429, 0.01, 10,     0.860,
 3260, 1, 491.166, 491.166, 491.171, 0.005, 16, 491.171, 491.898, 0.727, 1300, 0, 491.898, 491.924, 0.026, 51,     0.758,
 3259, 1, 490.976, 490.976, 491.276, 0.299, 599, 491.276, 491.991, 0.716, 1078, 0, 491.991, 492.001, 0.01, 13,     1.025,
 3261, 1, 491.332, 491.332, 491.394, 0.062, 104, 491.394, 492.148, 0.754, 1787, 0, 492.148, 492.198, 0.05, 97,     0.866,
 3263, 1, 491.462, 491.462, 491.489, 0.027, 27, 491.489, 492.248, 0.759, 2092, 0, 492.248, 492.279, 0.031, 62,     0.817,
 3262, 1, 491.438, 491.438, 491.627, 0.189, 381, 491.627, 492.505, 0.877, 992, 0, 492.505, 492.552, 0.047, 94,     1.114,
 3265, 1, 491.83, 491.83, 491.83, 0, 9, 491.83, 492.7, 0.87, 1391, 0, 492.7, 492.718, 0.019, 37,     0.888,
 3264, 1, 491.772, 491.772, 491.83, 0.058, 109, 491.83, 492.647, 0.817, 1011, 0, 492.647, 492.743, 0.096, 202,     0.971,
 3268, 1, 492.244, 492.244, 492.254, 0.01, 1, 492.254, 492.964, 0.71, 1586, 0, 492.964, 492.984, 0.021, 41,     0.740,
 3267, 1, 492.239, 492.239, 492.284, 0.045, 97, 492.284, 492.998, 0.714, 1671, 0, 492.998, 493.061, 0.063, 127,     0.822,
 3266, 1, 491.999, 491.999, 492.009, 0.01, 17, 492.009, 492.758, 0.749, 1755, 0, 492.758, 493.142, 0.384, 768,     1.142,
 3270, 1, 492.418, 492.418, 492.428, 0.01, 18, 492.428, 493.148, 0.72, 988, 0, 493.148, 493.158, 0.01, 25,     0.740,
 3272, 1, 492.818, 492.818, 492.849, 0.031, 62, 492.849, 493.575, 0.726, 1508, 0, 493.575, 493.639, 0.065, 129,     0.821,
 3269, 1, 492.335, 492.335, 492.507, 0.171, 334, 492.507, 493.326, 0.819, 1710, 0, 493.326, 493.79, 0.464, 929,     1.455,
 3273, 1, 492.858, 492.858, 492.858, 0, 1, 492.858, 493.595, 0.737, 1174, 0, 493.595, 493.81, 0.215, 424,     0.952,
 3271, 1, 492.772, 492.772, 492.966, 0.194, 373, 492.966, 493.715, 0.749, 1520, 0, 493.715, 493.83, 0.115, 227,     1.058,
 3274, 1, 492.935, 492.935, 492.966, 0.031, 53, 492.966, 493.831, 0.865, 1656, 0, 493.831, 493.955, 0.123, 250,     1.020,
 3275, 1, 493.102, 493.102, 493.112, 0.01, 19, 493.112, 494.081, 0.969, 1851, 0, 494.081, 494.098, 0.017, 33,     0.996,
 3276, 1, 493.267, 493.267, 493.273, 0.006, 24, 493.273, 494.101, 0.828, 1387, 0, 494.101, 494.125, 0.024, 54,     0.858,
 3277, 1, 493.397, 493.397, 493.436, 0.04, 55, 493.436, 494.339, 0.903, 1478, 0, 494.339, 494.368, 0.029, 39,     0.971,
 3278, 1, 493.503, 493.503, 493.566, 0.063, 133, 493.566, 494.436, 0.869, 1676, 0, 494.436, 494.469, 0.033, 66,     0.966,
 3279, 1, 493.569, 493.569, 493.569, 0, 4, 493.569, 494.498, 0.93, 1648, 0, 494.498, 494.522, 0.024, 47,     0.953,
 3280, 1, 493.586, 493.586, 493.6, 0.015, 23, 493.6, 494.593, 0.993, 1019, 0, 494.593, 494.605, 0.012, 24,     1.020,
 3282, 1, 494.057, 494.057, 494.117, 0.06, 93, 494.117, 494.855, 0.738, 1061, 0, 494.855, 494.866, 0.011, 22,     0.809,
 3284, 1, 494.142, 494.142, 494.167, 0.025, 23, 494.167, 495.093, 0.926, 1425, 0, 495.093, 495.108, 0.015, 31,     0.966,
 3285, 1, 494.267, 494.267, 494.286, 0.019, 57, 494.286, 495.113, 0.827, 1776, 0, 495.113, 495.113, 0, 1,     0.846,
 3286, 1, 494.312, 494.312, 494.322, 0.01, 7, 494.322, 495.192, 0.869, 2098, 0, 495.192, 495.214, 0.022, 45,     0.902,
 3289, 1, 494.712, 494.712, 494.722, 0.01, 17, 494.722, 495.444, 0.722, 1525, 0, 495.444, 495.454, 0.01, 1,     0.742,
 3290, 1, 494.728, 494.728, 494.757, 0.029, 60, 494.757, 495.592, 0.835, 2008, 0, 495.592, 495.609, 0.017, 34,     0.881,
 3287, 1, 494.471, 494.471, 494.961, 0.489, 968, 494.961, 495.842, 0.882, 1153, 0, 495.842, 495.852, 0.01, 13,     1.381,
 3283, 1, 494.117, 494.117, 494.127, 0.01, 7, 494.127, 494.875, 0.748, 1165, 0, 494.875, 495.892, 1.017, 2052,     1.775,
 3288, 1, 494.5, 494.5, 494.709, 0.209, 418, 494.709, 495.434, 0.724, 1052, 0, 495.434, 496.093, 0.659, 1317,     1.592,
 3291, 1, 495.367, 495.367, 495.396, 0.029, 46, 495.396, 496.119, 0.724, 1599, 0, 496.119, 496.242, 0.123, 246,     0.875,
 3292, 1, 495.529, 495.529, 495.557, 0.028, 63, 495.557, 496.277, 0.72, 1476, 0, 496.277, 496.301, 0.024, 47,     0.772,
 3293, 1, 495.65, 495.65, 495.72, 0.07, 149, 495.72, 496.528, 0.808, 1558, 0, 496.528, 496.538, 0.01, 20,     0.888,
 3281, 1, 493.973, 493.973, 494.117, 0.144, 268, 494.117, 494.835, 0.718, 1400, 0, 494.835, 496.683, 1.848, 3697,     2.710,
 3295, 1, 495.71, 495.71, 495.751, 0.041, 63, 495.751, 496.629, 0.878, 1612, 0, 496.629, 496.756, 0.127, 254,     1.045,
 3294, 1, 495.67, 495.67, 495.994, 0.324, 643, 495.994, 496.789, 0.795, 1209, 0, 496.789, 496.826, 0.037, 74,     1.156,
 3296, 1, 495.866, 495.866, 495.994, 0.128, 245, 495.994, 496.89, 0.895, 1535, 0, 496.89, 496.903, 0.013, 26,     1.036,
 3297, 1, 495.971, 495.971, 496.008, 0.037, 6, 496.008, 496.964, 0.956, 1143, 0, 496.964, 497.062, 0.099, 204,     1.091,
 3300, 1, 496.305, 496.305, 496.334, 0.029, 74, 496.334, 497.213, 0.879, 1623, 0, 497.213, 497.253, 0.04, 80,     0.948,
 3298, 1, 496.028, 496.028, 496.146, 0.118, 239, 496.146, 497.133, 0.987, 1473, 0, 497.133, 497.551, 0.418, 825,     1.523,
 3299, 1, 496.116, 496.116, 496.126, 0.01, 18, 496.126, 497.039, 0.913, 1335, 0, 497.039, 497.632, 0.593, 1187,     1.516,
 3301, 1, 496.577, 496.577, 496.615, 0.038, 76, 496.615, 497.652, 1.037, 1479, 0, 497.652, 497.662, 0.01, 4,     1.085,
 3302, 1, 496.671, 496.671, 496.709, 0.038, 89, 496.709, 497.716, 1.007, 1459, 0, 497.716, 497.731, 0.015, 30,     1.060,
 3303, 1, 496.701, 496.701, 496.734, 0.032, 67, 496.734, 497.794, 1.06, 1537, 0, 497.794, 497.811, 0.017, 35,     1.110,
 3304, 1, 496.728, 496.728, 496.734, 0.006, 15, 496.734, 497.901, 1.168, 1624, 0, 497.901, 498.135, 0.233, 467,     1.407,
 3307, 1, 497.195, 497.195, 497.226, 0.031, 3, 497.226, 498.215, 0.989, 1462, 0, 498.215, 498.225, 0.01, 2,     1.030,
 3306, 1, 497.178, 497.178, 497.212, 0.033, 67, 497.212, 498.155, 0.943, 1273, 0, 498.155, 498.274, 0.119, 238,     1.096,
 3308, 1, 497.245, 497.245, 497.256, 0.01, 33, 497.256, 498.298, 1.043, 1981, 0, 498.298, 498.338, 0.039, 79,     1.092,
 3310, 1, 497.288, 497.288, 497.372, 0.083, 167, 497.372, 498.404, 1.033, 1067, 0, 498.404, 498.427, 0.023, 46,     1.139,
 3309, 1, 497.28, 497.28, 497.288, 0.008, 12, 497.288, 498.404, 1.116, 1964, 0, 498.404, 498.447, 0.043, 53,     1.167,
 3311, 1, 497.347, 497.347, 497.397, 0.05, 51, 497.397, 498.476, 1.079, 1180, 0, 498.476, 498.761, 0.285, 570,     1.413,
 3312, 1, 498.038, 498.038, 498.047, 0.009, 15, 498.047, 498.903, 0.856, 1842, 0, 498.903, 499.026, 0.123, 246,     0.988,
 3313, 1, 498.047, 498.047, 498.067, 0.021, 38, 498.067, 499.047, 0.979, 1957, 0, 499.047, 499.057, 0.01, 15,     1.010,
 3314, 1, 498.106, 498.106, 498.201, 0.094, 207, 498.201, 499.169, 0.968, 1660, 0, 499.169, 499.472, 0.303, 606,     1.366,
 3316, 1, 498.469, 498.469, 498.485, 0.016, 30, 498.485, 499.418, 0.933, 1635, 0, 499.418, 499.519, 0.101, 201,     1.050,
 3317, 1, 498.51, 498.51, 498.51, 0, 7, 498.51, 499.478, 0.969, 1364, 0, 499.478, 499.569, 0.09, 187,     1.059,
 3318, 1, 498.538, 498.538, 498.57, 0.031, 49, 498.57, 499.559, 0.989, 1678, 0, 499.559, 499.679, 0.12, 233,     1.141,
 3320, 1, 498.619, 498.619, 498.63, 0.012, 23, 498.63, 499.669, 1.039, 1461, 0, 499.669, 499.729, 0.06, 112,     1.110,
 3321, 1, 498.867, 498.867, 498.894, 0.027, 42, 498.894, 499.729, 0.835, 1264, 0, 499.729, 499.739, 0.01, 4,     0.872,
 3315, 1, 498.425, 498.425, 498.455, 0.03, 60, 498.455, 499.418, 0.963, 1186, 0, 499.418, 499.749, 0.33, 644,     1.324,
 3319, 1, 498.57, 498.57, 498.579, 0.01, 19, 498.579, 499.669, 1.09, 1128, 0, 499.669, 499.795, 0.126, 252,     1.225,
 3322, 1, 498.873, 498.873, 499.054, 0.182, 321, 499.054, 499.826, 0.772, 1228, 0, 499.826, 499.842, 0.015, 31,     0.969,
 3323, 1, 499.223, 499.223, 499.474, 0.251, 515, 499.474, 500.19, 0.716, 1876, 0, 500.19, 500.2, 0.01, 16,     0.977,
 3325, 1, 499.447, 499.447, 499.723, 0.277, 71, 499.723, 500.44, 0.717, 1118, 0, 500.44, 500.458, 0.018, 36,     1.011,
 3326, 1, 499.481, 499.481, 499.737, 0.256, 10, 499.737, 500.478, 0.74, 1063, 0, 500.478, 500.505, 0.027, 54,     1.023,
 3324, 1, 499.386, 499.386, 499.688, 0.302, 418, 499.688, 500.402, 0.714, 2347, 0, 500.402, 500.623, 0.221, 443,     1.237,
 3327, 1, 499.565, 499.565, 499.751, 0.186, 19, 499.751, 500.478, 0.726, 1648, 0, 500.478, 500.657, 0.179, 359,     1.092,
 3328, 1, 499.877, 499.877, 500.012, 0.135, 270, 500.012, 500.732, 0.72, 1478, 0, 500.732, 500.742, 0.01, 8,     0.864,
 3329, 1, 499.938, 499.938, 500.026, 0.088, 7, 500.026, 500.752, 0.726, 1365, 0, 500.752, 500.762, 0.01, 5,     0.823,
 3331, 1, 500.072, 500.072, 500.267, 0.195, 17, 500.267, 501.009, 0.743, 1350, 0, 501.009, 501.019, 0.01, 4,     0.947,
 3330, 1, 499.95, 499.95, 500.257, 0.307, 444, 500.257, 500.998, 0.741, 1439, 0, 500.998, 501.169, 0.171, 342,     1.218,
 3305, 1, 497.072, 497.072, 500.559, 3.487, 6983, 500.559, 501.29, 0.732, 1380, 0, 501.29, 501.313, 0.022, 45,     4.241,
 3332, 1, 500.768, 500.768, 500.8, 0.031, 63, 500.8, 501.514, 0.714, 1574, 0, 501.514, 501.574, 0.06, 120,     0.806,
 3334, 1, 500.911, 500.911, 500.954, 0.043, 87, 500.954, 501.689, 0.736, 1617, 0, 501.689, 501.776, 0.087, 158,     0.865,
 3333, 1, 500.813, 500.813, 500.981, 0.168, 337, 500.981, 501.766, 0.785, 2328, 0, 501.766, 501.796, 0.03, 42,     0.983,
 3335, 1, 500.944, 500.944, 501.012, 0.068, 84, 501.012, 501.883, 0.871, 1524, 0, 501.883, 501.952, 0.069, 138,     1.008,
 3337, 1, 501.051, 501.051, 501.088, 0.036, 78, 501.088, 501.939, 0.851, 1206, 0, 501.939, 501.972, 0.033, 43,     0.921,
 3336, 1, 500.974, 500.974, 501.012, 0.038, 33, 501.012, 501.919, 0.907, 1718, 0, 501.919, 502.012, 0.093, 186,     1.038,
 3338, 1, 501.353, 501.353, 501.363, 0.01, 2, 501.363, 502.074, 0.712, 2200, 0, 502.074, 502.135, 0.06, 121,     0.782,
 3339, 1, 501.38, 501.38, 501.382, 0.003, 19, 501.382, 502.135, 0.753, 1726, 0, 502.135, 502.163, 0.028, 58,     0.783,
 3340, 1, 501.486, 501.486, 501.5, 0.014, 27, 501.5, 502.242, 0.743, 1710, 0, 502.242, 502.252, 0.01, 4,     0.766,
 3341, 1, 501.631, 501.631, 501.709, 0.079, 157, 501.709, 502.432, 0.723, 1527, 0, 502.432, 502.462, 0.03, 50,     0.831,
 3344, 1, 501.894, 501.894, 501.904, 0.01, 2, 501.904, 502.931, 1.027, 1371, 0, 502.931, 502.993, 0.061, 123,     1.098,
 3345, 1, 502.034, 502.034, 502.375, 0.341, 682, 502.375, 503.181, 0.806, 1949, 0, 503.181, 503.231, 0.05, 101,     1.197,
 3346, 1, 502.096, 502.096, 502.389, 0.293, 11, 502.389, 503.201, 0.812, 1260, 0, 503.201, 503.326, 0.125, 251,     1.230,
 3343, 1, 501.861, 501.861, 501.871, 0.01, 16, 501.871, 502.725, 0.854, 1031, 0, 502.725, 504.301, 1.576, 3153,     2.440,
 3342, 1, 501.81, 501.81, 505.379, 3.569, 7138, 505.379, 506.099, 0.72, 1675, 0, 506.099, 506.175, 0.076, 138,     4.365,
 3348, 1, 502.222, 502.222, 505.449, 3.226, 141, 505.449, 506.165, 0.716, 1717, 0, 506.165, 506.195, 0.03, 60,     3.972,
 3349, 1, 502.258, 502.258, 505.463, 3.204, 15, 505.463, 506.191, 0.728, 1008, 0, 506.191, 506.23, 0.039, 91,     3.972,
 3350, 1, 502.345, 502.345, 505.96, 3.615, 995, 505.96, 506.687, 0.727, 737, 0, 506.687, 506.976, 0.289, 578,     4.631,
 3352, 1, 502.894, 502.894, 506.962, 4.068, 28, 506.962, 507.692, 0.73, 1315, 0, 507.692, 507.719, 0.027, 55,     4.825,
 3351, 1, 502.403, 502.403, 506.948, 4.545, 1970, 506.948, 507.678, 0.73, 1242, 0, 507.678, 507.862, 0.184, 368,     5.459,
 3354, 1, 503.031, 503.031, 507.088, 4.057, 77, 507.088, 507.83, 0.741, 1996, 0, 507.83, 507.882, 0.052, 80,     4.850,
 3353, 1, 503.028, 503.028, 507.05, 4.022, 177, 507.05, 507.776, 0.725, 1440, 0, 507.776, 507.942, 0.166, 332,     4.913,
 3355, 1, 503.037, 503.037, 507.119, 4.082, 46, 507.119, 507.942, 0.823, 1612, 0, 507.942, 507.942, 0, 3,     4.904,
 3357, 1, 503.197, 503.197, 507.191, 3.994, 98, 507.191, 508.083, 0.892, 1166, 0, 508.083, 508.093, 0.01, 9,     4.896,
 3358, 1, 504.188, 504.188, 507.404, 3.217, 405, 507.404, 508.178, 0.773, 1280, 0, 508.178, 508.189, 0.012, 23,     4.001,
 3359, 1, 504.261, 504.261, 507.407, 3.146, 2, 507.407, 508.198, 0.791, 2041, 0, 508.198, 508.229, 0.031, 42,     3.968,
 3356, 1, 503.117, 503.117, 507.141, 4.024, 38, 507.141, 508.026, 0.884, 1040, 0, 508.026, 508.249, 0.223, 429,     5.132,
 3360, 1, 504.422, 504.422, 507.495, 3.072, 148, 507.495, 508.336, 0.841, 1666, 0, 508.336, 508.407, 0.071, 142,     3.984,
 3362, 1, 504.541, 504.541, 507.555, 3.014, 44, 507.555, 508.456, 0.901, 1491, 0, 508.456, 508.456, 0, 16,     3.915,
 3363, 1, 504.806, 504.806, 507.589, 2.782, 65, 507.589, 508.528, 0.939, 1250, 0, 508.528, 508.538, 0.01, 4,     3.731,
 3364, 1, 504.915, 504.915, 507.675, 2.759, 149, 507.675, 508.586, 0.911, 1337, 0, 508.586, 508.597, 0.011, 22,     3.681,
 3365, 1, 505.05, 505.05, 507.687, 2.637, 1, 507.687, 508.677, 0.99, 1563, 0, 508.677, 508.697, 0.021, 41,     3.648,
 3366, 1, 505.239, 505.239, 507.701, 2.461, 11, 507.701, 508.702, 1.001, 1137, 0, 508.702, 508.776, 0.074, 157,     3.536,
 3361, 1, 504.474, 504.474, 507.521, 3.047, 46, 507.521, 508.428, 0.907, 967, 0, 508.428, 508.809, 0.381, 763,     4.335,
 3368, 1, 505.279, 505.279, 507.761, 2.481, 21, 507.761, 508.835, 1.074, 1707, 0, 508.835, 508.845, 0.01, 11,     3.566,
 3369, 1, 505.387, 505.387, 507.795, 2.408, 55, 507.795, 508.928, 1.134, 1566, 0, 508.928, 508.992, 0.063, 102,     3.605,
 3367, 1, 505.246, 505.246, 507.747, 2.501, 92, 507.747, 508.785, 1.038, 1437, 0, 508.785, 509.011, 0.226, 472,     3.765,
 3371, 1, 505.594, 505.594, 508.187, 2.592, 36, 508.187, 509.352, 1.165, 1944, 0, 509.352, 509.377, 0.025, 50,     3.783,
 3370, 1, 505.409, 505.409, 508.156, 2.747, 707, 508.156, 509.298, 1.142, 1775, 0, 509.298, 509.457, 0.16, 327,     4.049,
 3372, 1, 505.614, 505.614, 508.201, 2.586, 14, 508.201, 509.433, 1.233, 1598, 0, 509.433, 509.465, 0.032, 63,     3.851,
 3374, 1, 506.069, 506.069, 508.239, 2.169, 42, 508.239, 509.604, 1.366, 1004, 0, 509.604, 509.624, 0.019, 39,     3.555,
 3375, 1, 506.207, 506.207, 508.357, 2.15, 215, 508.357, 509.718, 1.362, 1239, 0, 509.718, 509.741, 0.022, 45,     3.534,
 3347, 1, 502.196, 502.196, 508.297, 6.1, 11797, 508.297, 509.688, 1.392, 1216, 0, 509.688, 509.93, 0.242, 484,     7.734,
 3378, 1, 507.054, 507.054, 508.401, 1.347, 15, 508.401, 509.954, 1.553, 1885, 0, 509.954, 509.978, 0.024, 35,     2.924,
 3379, 1, 507.131, 507.131, 508.414, 1.283, 4, 508.414, 509.968, 1.554, 1137, 0, 509.968, 509.988, 0.02, 37,     2.857,
 3376, 1, 506.242, 506.242, 508.387, 2.145, 166, 508.387, 509.854, 1.467, 1681, 0, 509.854, 510.046, 0.192, 384,     3.804,
 3377, 1, 506.426, 506.426, 508.436, 2.01, 159, 508.436, 510.05, 1.614, 1590, 0, 510.05, 510.087, 0.037, 83,     3.661,
 3381, 1, 507.382, 507.382, 508.446, 1.064, 13, 508.446, 510.217, 1.771, 1726, 0, 510.217, 510.257, 0.039, 79,     2.874,
 3380, 1, 507.361, 507.361, 508.461, 1.1, 93, 508.461, 510.217, 1.756, 1758, 0, 510.217, 510.335, 0.118, 228,     2.974,
 3383, 1, 507.437, 507.437, 508.486, 1.049, 39, 508.486, 510.305, 1.819, 2034, 0, 510.305, 510.345, 0.04, 78,     2.908,
 3384, 1, 507.502, 507.502, 508.513, 1.011, 54, 508.513, 510.467, 1.954, 1428, 0, 510.467, 510.477, 0.01, 9,     2.975,
 3386, 1, 507.968, 507.968, 508.887, 0.92, 29, 508.887, 510.716, 1.829, 1831, 0, 510.716, 510.774, 0.058, 115,     2.806,
 3382, 1, 507.407, 507.407, 508.887, 1.481, 883, 508.887, 510.716, 1.829, 1451, 0, 510.716, 510.814, 0.098, 196,     3.408,
 3387, 1, 508.017, 508.017, 508.897, 0.88, 10, 508.897, 510.821, 1.924, 1680, 0, 510.821, 510.879, 0.057, 129,     2.862,
 3385, 1, 507.918, 507.918, 508.867, 0.95, 709, 508.867, 510.607, 1.74, 1881, 0, 510.607, 510.938, 0.331, 663,     3.020,
 3389, 1, 508.086, 508.086, 508.918, 0.831, 2, 508.918, 510.966, 2.048, 1514, 0, 510.966, 511.004, 0.038, 75,     2.917,
 3388, 1, 508.068, 508.068, 508.918, 0.85, 41, 508.918, 510.866, 1.948, 1383, 0, 510.866, 511.024, 0.157, 279,     2.956,
 3391, 1, 508.432, 508.432, 508.943, 0.511, 6, 508.943, 510.966, 2.023, 1419, 0, 510.966, 511.044, 0.077, 118,     2.612,
 3390, 1, 508.114, 508.114, 508.955, 0.841, 56, 508.955, 511.073, 2.119, 1398, 0, 511.073, 511.085, 0.012, 24,     2.971,
 3393, 1, 508.478, 508.478, 509.025, 0.546, 124, 509.025, 511.215, 2.19, 1155, 0, 511.215, 511.225, 0.01, 10,     2.747,
 3394, 1, 508.528, 508.528, 509.025, 0.497, 28, 509.025, 511.215, 2.19, 1295, 0, 511.215, 511.245, 0.03, 37,     2.717,
 3396, 1, 508.665, 508.665, 509.057, 0.392, 25, 509.057, 511.323, 2.266, 1720, 0, 511.323, 511.375, 0.052, 104,     2.710,
 3395, 1, 508.655, 508.655, 509.079, 0.424, 86, 509.079, 511.376, 2.297, 928, 0, 511.376, 511.386, 0.01, 10,     2.732,
 3392, 1, 508.461, 508.461, 509.002, 0.542, 119, 509.002, 511.115, 2.113, 1313, 0, 511.115, 511.527, 0.411, 823,     3.066,
 3397, 1, 509.17, 509.17, 509.18, 0.01, 10, 509.18, 511.465, 2.285, 1641, 0, 511.465, 511.571, 0.106, 212,     2.401,
 3399, 1, 509.54, 509.54, 509.55, 0.01, 6, 509.55, 511.714, 2.164, 1410, 0, 511.714, 511.74, 0.026, 51,     2.200,
 3398, 1, 509.309, 509.309, 509.373, 0.064, 124, 509.373, 511.572, 2.199, 1584, 0, 511.572, 511.843, 0.27, 545,     2.534,
 3401, 1, 509.772, 509.772, 509.782, 0.01, 11, 509.782, 511.881, 2.099, 1796, 0, 511.881, 511.893, 0.012, 23,     2.120,
 3402, 1, 510.151, 510.151, 510.161, 0.01, 17, 510.161, 512.072, 1.911, 1327, 0, 512.072, 512.105, 0.033, 66,     1.953,
 3403, 1, 510.376, 510.376, 510.376, 0, 4, 510.376, 512.241, 1.865, 1701, 0, 512.241, 512.357, 0.116, 232,     1.981,
 3400, 1, 509.75, 509.75, 510.655, 0.905, 1811, 510.655, 512.383, 1.727, 1868, 0, 512.383, 512.4, 0.017, 34,     2.650,
 3404, 1, 510.404, 510.404, 510.725, 0.321, 608, 510.725, 512.49, 1.765, 1707, 0, 512.49, 512.502, 0.013, 25,     2.098,
 3405, 1, 510.533, 510.533, 510.695, 0.163, 80, 510.695, 512.49, 1.795, 1450, 0, 512.49, 512.614, 0.124, 249,     2.082,
 3407, 1, 510.818, 510.818, 510.987, 0.168, 337, 510.987, 512.903, 1.917, 1271, 0, 512.903, 512.945, 0.042, 84,     2.127,
 3410, 1, 510.934, 510.934, 511.121, 0.187, 115, 511.121, 512.988, 1.867, 1717, 0, 512.988, 512.998, 0.01, 12,     2.065,
 3408, 1, 510.889, 510.889, 511.053, 0.164, 328, 511.053, 512.988, 1.935, 1595, 0, 512.988, 513.058, 0.07, 140,     2.169,
 3406, 1, 510.737, 510.737, 510.78, 0.043, 55, 510.78, 512.644, 1.864, 1461, 0, 512.644, 513.089, 0.445, 886,     2.352,
 3411, 1, 511.037, 511.037, 511.147, 0.111, 40, 511.147, 513.079, 1.932, 1455, 0, 513.079, 513.089, 0.01, 14,     2.053,
 3413, 1, 511.22, 511.22, 511.224, 0.004, 21, 511.224, 513.238, 2.015, 1808, 0, 513.238, 513.254, 0.015, 31,     2.034,
 3414, 1, 511.3, 511.3, 511.462, 0.163, 326, 511.462, 513.238, 1.776, 1186, 0, 513.238, 513.274, 0.035, 34,     1.974,
 3415, 1, 511.364, 511.364, 511.626, 0.262, 328, 511.626, 513.426, 1.8, 1261, 0, 513.426, 513.426, 0, 1,     2.062,
 3412, 1, 511.202, 511.202, 511.212, 0.01, 4, 511.212, 513.167, 1.956, 1129, 0, 513.167, 513.45, 0.283, 566,     2.249,
 3416, 1, 511.445, 511.445, 511.662, 0.217, 71, 511.662, 513.487, 1.826, 1410, 0, 513.487, 513.497, 0.01, 14,     2.053,
 3417, 1, 511.571, 511.571, 511.705, 0.134, 49, 511.705, 513.487, 1.782, 1155, 0, 513.487, 513.551, 0.063, 127,     1.980,
 3373, 1, 505.677, 505.677, 508.215, 2.538, 2, 508.215, 509.547, 1.333, 1324, 0, 509.547, 513.706, 4.158, 8286,     8.029,
 3418, 1, 512.027, 512.027, 512.039, 0.012, 24, 512.039, 513.737, 1.698, 1469, 0, 513.737, 513.767, 0.03, 60,     1.740,
 3409, 1, 510.91, 510.91, 511.95, 1.04, 1904, 511.95, 513.737, 1.786, 890, 0, 513.737, 513.793, 0.056, 112,     2.883,
 3420, 1, 512.353, 512.353, 512.363, 0.01, 16, 512.363, 513.986, 1.623, 1167, 0, 513.986, 514.035, 0.049, 61,     1.682,
 3421, 1, 512.63, 512.63, 512.63, 0, 5, 512.63, 514.078, 1.448, 1668, 0, 514.078, 514.111, 0.033, 66,     1.481,
 3419, 1, 512.224, 512.224, 512.389, 0.165, 331, 512.389, 513.986, 1.597, 1437, 0, 513.986, 514.131, 0.145, 273,     1.907,
 3422, 1, 512.662, 512.662, 512.892, 0.23, 460, 512.892, 514.183, 1.291, 1756, 0, 514.183, 514.2, 0.016, 33,     1.537,
 3423, 1, 512.938, 512.938, 512.95, 0.012, 24, 512.95, 514.241, 1.291, 1595, 0, 514.241, 514.256, 0.015, 30,     1.318,
 3424, 1, 513.01, 513.01, 513.021, 0.011, 23, 513.021, 514.327, 1.306, 1399, 0, 514.327, 514.367, 0.039, 61,     1.357,
 3427, 1, 513.212, 513.212, 513.351, 0.139, 267, 513.351, 514.503, 1.152, 1599, 0, 514.503, 514.541, 0.038, 75,     1.328,
 3429, 1, 513.351, 513.351, 513.376, 0.025, 51, 513.376, 514.584, 1.208, 1077, 0, 514.584, 514.621, 0.037, 74,     1.270,
 3426, 1, 513.192, 513.192, 513.351, 0.159, 315, 513.351, 514.503, 1.152, 1380, 0, 514.503, 514.641, 0.138, 248,     1.449,
 3425, 1, 513.038, 513.038, 513.064, 0.027, 59, 513.064, 514.44, 1.376, 1439, 0, 514.44, 514.724, 0.283, 567,     1.686,
 3430, 1, 513.359, 513.359, 513.402, 0.043, 31, 513.402, 514.701, 1.298, 1557, 0, 514.701, 514.788, 0.087, 174,     1.429,
 3428, 1, 513.285, 513.285, 513.704, 0.419, 698, 513.704, 514.834, 1.129, 1889, 0, 514.834, 514.844, 0.01, 9,     1.559,
 3431, 1, 513.379, 513.379, 513.412, 0.034, 10, 513.412, 514.753, 1.34, 1315, 0, 514.753, 515.145, 0.393, 786,     1.767,
 3432, 1, 513.402, 513.402, 513.455, 0.053, 57, 513.455, 514.753, 1.298, 1556, 0, 514.753, 515.263, 0.51, 1010,     1.861,
 3433, 1, 514.07, 514.07, 514.254, 0.183, 364, 514.254, 515.333, 1.079, 1697, 0, 515.333, 515.358, 0.025, 51,     1.288,
 3435, 1, 514.254, 514.254, 514.254, 0, 3, 514.254, 515.45, 1.196, 1830, 0, 515.45, 515.49, 0.04, 81,     1.236,
 3436, 1, 514.343, 514.343, 514.363, 0.019, 39, 514.363, 515.503, 1.14, 1654, 0, 515.503, 515.514, 0.011, 22,     1.170,
 3434, 1, 514.238, 514.238, 514.248, 0.01, 18, 514.248, 515.253, 1.005, 2022, 0, 515.253, 515.594, 0.341, 682,     1.355,
 3437, 1, 514.376, 514.376, 514.386, 0.01, 6, 514.386, 515.582, 1.196, 1763, 0, 515.582, 515.786, 0.203, 372,     1.409,
 3439, 1, 515.226, 515.226, 515.236, 0.01, 11, 515.236, 515.957, 0.722, 1676, 0, 515.957, 515.967, 0.01, 18,     0.742,
 3438, 1, 514.421, 514.421, 514.437, 0.016, 32, 514.437, 515.702, 1.265, 1893, 0, 515.702, 515.977, 0.275, 548,     1.557,
 3441, 1, 515.654, 515.654, 515.678, 0.024, 49, 515.678, 516.407, 0.729, 1074, 0, 516.407, 516.417, 0.01, 15,     0.764,
 3442, 1, 515.665, 515.665, 515.751, 0.087, 144, 515.751, 516.463, 0.712, 1679, 0, 516.463, 516.502, 0.038, 77,     0.837,
 3443, 1, 515.704, 515.704, 515.775, 0.07, 47, 515.775, 516.627, 0.852, 1638, 0, 516.627, 516.649, 0.022, 38,     0.944,
 3444, 1, 515.741, 515.741, 515.809, 0.067, 43, 515.809, 516.639, 0.83, 1133, 0, 516.639, 516.701, 0.062, 124,     0.960,
 3445, 1, 515.866, 515.866, 515.876, 0.01, 18, 515.876, 516.657, 0.781, 1364, 0, 516.657, 516.713, 0.056, 125,     0.847,
 3440, 1, 515.373, 515.373, 516.047, 0.673, 1359, 516.047, 516.883, 0.836, 1824, 0, 516.883, 516.893, 0.01, 13,     1.519,
 3446, 1, 516.11, 516.11, 516.176, 0.066, 117, 516.176, 516.913, 0.736, 1403, 0, 516.913, 516.942, 0.029, 58,     0.831,
 3447, 1, 516.206, 516.206, 516.416, 0.21, 403, 516.416, 517.152, 0.736, 925, 0, 517.152, 517.24, 0.087, 186,     1.033,
 3449, 1, 516.762, 516.762, 516.773, 0.011, 22, 516.773, 517.502, 0.729, 1636, 0, 517.502, 517.513, 0.011, 23,     0.751,
 3448, 1, 516.688, 516.688, 516.718, 0.031, 39, 516.718, 517.442, 0.724, 1629, 0, 517.442, 517.531, 0.089, 179,     0.844,
 3450, 1, 516.949, 516.949, 516.966, 0.016, 44, 516.966, 517.681, 0.716, 2087, 0, 517.681, 517.724, 0.043, 86,     0.775,
 3451, 1, 517.07, 517.07, 517.087, 0.016, 33, 517.087, 517.817, 0.731, 1408, 0, 517.817, 517.827, 0.01, 13,     0.757,
 3452, 1, 517.743, 517.743, 517.774, 0.031, 45, 517.774, 518.495, 0.721, 1602, 0, 518.495, 518.532, 0.037, 82,     0.789,
 3453, 1, 517.778, 517.778, 517.802, 0.024, 55, 517.802, 518.522, 0.72, 1057, 0, 518.522, 518.552, 0.03, 54,     0.774,
 3454, 1, 518.186, 518.186, 518.218, 0.032, 53, 518.218, 519.027, 0.808, 1191, 0, 519.027, 519.041, 0.014, 29,     0.855,
 3455, 1, 518.669, 518.669, 518.688, 0.019, 38, 518.688, 519.404, 0.716, 1316, 0, 519.404, 519.454, 0.05, 100,     0.785,
 3456, 1, 518.723, 518.723, 518.738, 0.014, 29, 518.738, 519.454, 0.716, 1467, 0, 519.454, 519.483, 0.029, 59,     0.760,
 3457, 1, 518.745, 518.745, 518.752, 0.006, 17, 518.752, 519.488, 0.736, 1588, 0, 519.488, 519.498, 0.01, 18,     0.752,
 3459, 1, 519.034, 519.034, 519.044, 0.01, 20, 519.044, 519.758, 0.714, 1587, 0, 519.758, 519.768, 0.01, 14,     0.734,
 3460, 1, 519.071, 519.071, 519.104, 0.033, 67, 519.104, 519.82, 0.716, 1730, 0, 519.82, 519.836, 0.016, 32,     0.765,
 3461, 1, 519.073, 519.073, 519.183, 0.11, 140, 519.183, 519.9, 0.717, 1812, 0, 519.9, 519.91, 0.01, 7,     0.837,
 3462, 1, 519.078, 519.078, 519.233, 0.155, 75, 519.233, 520.007, 0.774, 1794, 0, 520.007, 520.007, 0, 3,     0.930,
 3463, 1, 519.087, 519.087, 519.257, 0.17, 36, 519.257, 520.069, 0.812, 1345, 0, 520.069, 520.13, 0.061, 121,     1.043,
 3464, 1, 520.096, 520.096, 520.106, 0.01, 6, 520.106, 520.949, 0.843, 1175, 0, 520.949, 520.959, 0.01, 1,     0.863,
 3465, 1, 520.328, 520.328, 520.439, 0.111, 222, 520.439, 521.158, 0.719, 2125, 0, 521.158, 521.187, 0.029, 58,     0.859,
 3467, 1, 520.419, 520.419, 520.528, 0.109, 33, 520.528, 521.247, 0.719, 1481, 0, 521.247, 521.263, 0.016, 32,     0.844,
 3466, 1, 520.381, 520.381, 520.494, 0.113, 96, 520.494, 521.211, 0.717, 1853, 0, 521.211, 521.277, 0.066, 132,     0.896,
 3468, 1, 520.531, 520.531, 520.665, 0.135, 251, 520.665, 521.497, 0.832, 1316, 0, 521.497, 521.542, 0.045, 91,     1.012,
 3469, 1, 520.787, 520.787, 520.956, 0.169, 322, 520.956, 521.822, 0.866, 1405, 0, 521.822, 521.832, 0.01, 5,     1.044,
 3470, 1, 520.846, 520.846, 520.985, 0.139, 267, 520.985, 521.915, 0.93, 1160, 0, 521.915, 521.936, 0.02, 41,     1.090,
 3471, 1, 520.905, 520.905, 520.985, 0.08, 36, 520.985, 521.973, 0.988, 771, 0, 521.973, 521.983, 0.01, 19,     1.078,
 3472, 1, 521.099, 521.099, 521.109, 0.01, 8, 521.109, 522.007, 0.899, 996, 0, 522.007, 522.046, 0.039, 78,     0.948,
 3473, 1, 521.657, 521.657, 521.752, 0.096, 191, 521.752, 522.483, 0.731, 2508, 0, 522.483, 522.592, 0.109, 201,     0.935,
 3474, 1, 521.813, 521.813, 521.856, 0.043, 87, 521.856, 522.582, 0.726, 1733, 0, 522.582, 522.592, 0.01, 13,     0.779,
 3476, 1, 521.867, 521.867, 521.889, 0.023, 46, 521.889, 522.612, 0.723, 1396, 0, 522.612, 522.622, 0.01, 21,     0.755,
 3477, 1, 521.987, 521.987, 522.008, 0.021, 44, 522.008, 522.901, 0.892, 1938, 0, 522.901, 522.913, 0.013, 25,     0.926,
 3479, 1, 522.092, 522.092, 522.102, 0.01, 2, 522.102, 523.112, 1.01, 1554, 0, 523.112, 523.197, 0.086, 173,     1.105,
 3480, 1, 522.105, 522.105, 522.153, 0.048, 104, 522.153, 523.151, 0.997, 1511, 0, 523.151, 523.318, 0.167, 334,     1.213,
 3481, 1, 522.411, 522.411, 522.421, 0.01, 3, 522.421, 523.597, 1.177, 1375, 0, 523.597, 523.61, 0.013, 25,     1.199,
 3478, 1, 522.074, 522.074, 522.621, 0.547, 1107, 522.621, 523.65, 1.03, 1814, 0, 523.65, 523.66, 0.01, 12,     1.586,
 3483, 1, 523.239, 523.239, 523.279, 0.04, 81, 523.279, 523.994, 0.715, 1524, 0, 523.994, 524.048, 0.054, 108,     0.809,
 3482, 1, 522.751, 522.751, 522.91, 0.158, 287, 522.91, 523.867, 0.957, 1810, 0, 523.867, 524.151, 0.284, 580,     1.399,
 3485, 1, 523.392, 523.392, 523.522, 0.13, 260, 523.522, 524.244, 0.722, 1307, 0, 524.244, 524.254, 0.01, 12,     0.862,
 3475, 1, 521.826, 521.826, 521.928, 0.102, 204, 521.928, 522.652, 0.723, 1801, 0, 522.652, 524.492, 1.84, 3681,     2.665,
 3488, 1, 523.64, 523.64, 523.705, 0.065, 130, 523.705, 524.499, 0.794, 1497, 0, 524.499, 524.499, 0, 1,     0.859,
 3487, 1, 523.592, 523.592, 523.637, 0.045, 91, 523.637, 524.499, 0.862, 1230, 0, 524.499, 524.509, 0.01, 12,     0.917,
 3489, 1, 523.695, 523.695, 523.729, 0.034, 47, 523.729, 524.519, 0.79, 1226, 0, 524.519, 524.551, 0.032, 64,     0.856,
 3486, 1, 523.487, 523.487, 523.55, 0.063, 38, 523.55, 524.41, 0.861, 1785, 0, 524.41, 524.577, 0.167, 334,     1.090,
 3458, 1, 518.891, 518.891, 520.641, 1.75, 3487, 520.641, 521.474, 0.832, 1055, 0, 521.474, 524.665, 3.191, 6383,     5.774,
 3484, 1, 523.343, 523.343, 523.743, 0.4, 778, 523.743, 524.749, 1.006, 2080, 0, 524.749, 524.791, 0.043, 69,     1.449,
 3491, 1, 524.051, 524.051, 524.114, 0.063, 126, 524.114, 524.93, 0.817, 1425, 0, 524.93, 525.017, 0.087, 174,     0.967,
 3492, 1, 524.12, 524.12, 524.391, 0.271, 525, 524.391, 525.18, 0.789, 1524, 0, 525.18, 525.19, 0.01, 4,     1.070,
 3494, 1, 524.438, 524.438, 524.918, 0.479, 311, 524.918, 525.703, 0.786, 1619, 0, 525.703, 525.72, 0.017, 34,     1.282,
 3493, 1, 524.261, 524.261, 524.75, 0.489, 719, 524.75, 525.504, 0.753, 1315, 0, 525.504, 525.873, 0.369, 739,     1.612,
 3495, 1, 524.48, 524.48, 525.881, 1.402, 1911, 525.881, 526.611, 0.73, 1745, 0, 526.611, 526.676, 0.065, 130,     2.197,
 3496, 1, 524.802, 524.802, 525.954, 1.152, 146, 525.954, 526.665, 0.711, 1556, 0, 526.665, 526.696, 0.031, 41,     1.894,
 3498, 1, 525.212, 525.212, 525.986, 0.774, 50, 525.986, 526.861, 0.875, 1657, 0, 526.861, 526.886, 0.024, 49,     1.674,
 3499, 1, 525.961, 525.961, 525.996, 0.035, 13, 525.996, 526.923, 0.927, 1204, 0, 526.923, 526.983, 0.061, 121,     1.022,
 3497, 1, 525.118, 525.118, 525.961, 0.843, 13, 525.961, 526.841, 0.88, 1598, 0, 526.841, 526.998, 0.157, 314,     1.880,
 3500, 1, 525.972, 525.972, 526.092, 0.12, 177, 526.092, 527.116, 1.024, 1802, 0, 527.116, 527.126, 0.01, 15,     1.154,
 3501, 1, 526.098, 526.098, 526.14, 0.043, 79, 526.14, 527.156, 1.016, 1490, 0, 527.156, 527.166, 0.01, 8,     1.069,
 3502, 1, 526.325, 526.325, 526.39, 0.065, 135, 526.39, 527.408, 1.018, 1469, 0, 527.408, 527.468, 0.06, 120,     1.143,
 3503, 1, 526.497, 526.497, 526.56, 0.063, 97, 526.56, 527.428, 0.868, 820, 0, 527.428, 527.608, 0.18, 349,     1.111,
 3490, 1, 523.831, 523.831, 526.821, 2.99, 5980, 526.821, 527.686, 0.865, 1715, 0, 527.686, 527.742, 0.056, 112,     3.911,
 3504, 1, 526.56, 526.56, 526.81, 0.25, 500, 526.81, 527.666, 0.856, 1084, 0, 527.666, 527.775, 0.108, 217,     1.215,
 3505, 1, 526.638, 526.638, 526.845, 0.207, 71, 526.845, 527.847, 1.002, 1199, 0, 527.847, 527.911, 0.064, 128,     1.273,
 3506, 1, 526.931, 526.931, 526.956, 0.025, 62, 526.956, 527.916, 0.96, 1566, 0, 527.916, 527.916, 0, 3,     0.985,
 3507, 1, 526.963, 526.963, 527.233, 0.27, 549, 527.233, 528.107, 0.874, 2149, 0, 528.107, 528.176, 0.069, 130,     1.213,
 3508, 1, 527.251, 527.251, 527.269, 0.018, 34, 527.269, 528.166, 0.896, 1680, 0, 528.166, 528.176, 0.01, 10,     0.925,
 3509, 1, 527.584, 527.584, 527.594, 0.01, 9, 527.594, 528.44, 0.846, 1911, 0, 528.44, 528.575, 0.135, 270,     0.991,
 3511, 1, 527.712, 527.712, 527.852, 0.14, 256, 527.852, 528.696, 0.845, 1599, 0, 528.696, 528.792, 0.096, 192,     1.080,
 3513, 1, 528.203, 528.203, 528.213, 0.01, 23, 528.213, 528.946, 0.733, 746, 0, 528.946, 528.956, 0.01, 1,     0.753,
 3510, 1, 527.694, 527.694, 527.935, 0.241, 500, 527.935, 528.854, 0.919, 1341, 0, 528.854, 528.979, 0.124, 249,     1.285,
 3512, 1, 528.121, 528.121, 528.161, 0.04, 86, 528.161, 528.924, 0.763, 769, 0, 528.924, 529.024, 0.1, 200,     0.903,
 3514, 1, 528.237, 528.237, 528.26, 0.023, 65, 528.26, 529.112, 0.852, 1223, 0, 529.112, 529.164, 0.052, 105,     0.928,
 3515, 1, 528.262, 528.262, 528.327, 0.066, 135, 528.327, 529.173, 0.846, 1072, 0, 529.173, 529.173, 0, 13,     0.911,
 3517, 1, 528.797, 528.797, 528.843, 0.046, 60, 528.843, 529.559, 0.716, 2080, 0, 529.559, 529.59, 0.03, 61,     0.793,
 3518, 1, 528.98, 528.98, 529.035, 0.055, 89, 529.035, 529.76, 0.725, 1648, 0, 529.76, 529.789, 0.029, 58,     0.809,
 3516, 1, 528.668, 528.668, 528.683, 0.015, 31, 528.683, 529.397, 0.714, 1132, 0, 529.397, 530.06, 0.663, 1307,     1.392,
 3520, 1, 529.405, 529.405, 529.422, 0.017, 34, 529.422, 530.241, 0.819, 1519, 0, 530.241, 530.265, 0.024, 67,     0.860,
 3522, 1, 529.64, 529.64, 529.65, 0.01, 8, 529.65, 530.378, 0.728, 998, 0, 530.378, 530.388, 0.01, 12,     0.748,
 3521, 1, 529.484, 529.484, 529.505, 0.021, 62, 529.505, 530.278, 0.773, 959, 0, 530.278, 530.413, 0.135, 271,     0.929,
 3519, 1, 529.19, 529.19, 529.294, 0.104, 179, 529.294, 530.02, 0.725, 1295, 0, 530.02, 530.664, 0.645, 1290,     1.474,
 3524, 1, 530.347, 530.347, 530.357, 0.01, 7, 530.357, 531.148, 0.79, 697, 0, 531.148, 531.158, 0.01, 6,     0.810,
 3525, 1, 530.433, 530.433, 530.461, 0.028, 34, 530.461, 531.202, 0.741, 1591, 0, 531.202, 531.238, 0.036, 72,     0.805,
 3526, 1, 530.529, 530.529, 530.555, 0.026, 52, 530.555, 531.392, 0.838, 1288, 0, 531.392, 531.45, 0.058, 115,     0.921,
 3528, 1, 530.926, 530.926, 530.961, 0.035, 62, 530.961, 531.682, 0.721, 1868, 0, 531.682, 531.703, 0.021, 42,     0.777,
 3529, 1, 531.131, 531.131, 531.141, 0.01, 7, 531.141, 531.853, 0.712, 1831, 0, 531.853, 531.902, 0.048, 97,     0.770,
 3530, 1, 531.444, 531.444, 531.465, 0.021, 49, 531.465, 532.198, 0.732, 1621, 0, 532.198, 532.208, 0.01, 16,     0.763,
 3527, 1, 530.586, 530.586, 530.586, 0, 6, 530.586, 531.402, 0.816, 1370, 0, 531.402, 532.255, 0.852, 1705,     1.668,
 3531, 1, 531.676, 531.676, 531.708, 0.032, 41, 531.708, 532.43, 0.722, 1685, 0, 532.43, 532.44, 0.01, 5,     0.764,
 3523, 1, 530.062, 530.062, 537.471, 7.409, 14807, 537.471, 538.196, 0.726, 1571, 0, 538.196, 538.206, 0.01, 1,     8.145,
 3533, 1, 531.923, 531.923, 537.505, 5.582, 40, 537.505, 538.221, 0.717, 1396, 0, 538.221, 538.241, 0.02, 38,     6.318,
 3534, 1, 531.957, 531.957, 537.519, 5.561, 3, 537.519, 538.271, 0.753, 1528, 0, 538.271, 538.281, 0.01, 13,     6.324,
 3535, 1, 532.055, 532.055, 537.567, 5.512, 98, 537.567, 538.446, 0.878, 1843, 0, 538.446, 538.456, 0.01, 2,     6.401,
 3536, 1, 532.193, 532.193, 537.581, 5.388, 20, 537.581, 538.471, 0.889, 1467, 0, 538.471, 538.499, 0.029, 57,     6.306,
 3538, 1, 532.385, 532.385, 537.84, 5.455, 25, 537.84, 538.612, 0.772, 1370, 0, 538.612, 538.624, 0.011, 23,     6.238,
 3537, 1, 532.325, 532.325, 537.826, 5.501, 490, 537.826, 538.548, 0.722, 2027, 0, 538.548, 538.899, 0.351, 703,     6.574,
 3542, 1, 532.946, 532.946, 538.321, 5.375, 8, 538.321, 539.087, 0.766, 1839, 0, 539.087, 539.117, 0.03, 61,     6.171,
 3532, 1, 531.73, 531.73, 538.279, 6.549, 13115, 538.279, 539.004, 0.725, 1498, 0, 539.004, 539.137, 0.133, 227,     7.408,
 3540, 1, 532.481, 532.481, 538.293, 5.812, 28, 538.293, 539.022, 0.729, 1862, 0, 539.022, 539.2, 0.178, 356,     6.720,
 3544, 1, 533.23, 533.23, 538.416, 5.187, 102, 538.416, 539.285, 0.869, 1334, 0, 539.285, 539.295, 0.01, 4,     6.065,
 3543, 1, 533.043, 533.043, 538.357, 5.315, 73, 538.357, 539.265, 0.907, 1309, 0, 539.265, 539.318, 0.053, 106,     6.275,
 3545, 1, 533.384, 533.384, 538.43, 5.047, 7, 538.43, 539.343, 0.913, 1202, 0, 539.343, 539.356, 0.013, 38,     5.973,
 3541, 1, 532.884, 532.884, 538.307, 5.423, 25, 538.307, 539.022, 0.715, 1207, 0, 539.022, 539.536, 0.513, 1027,     6.652,
 3546, 1, 533.398, 533.398, 538.444, 5.046, 15, 538.444, 539.523, 1.079, 1181, 0, 539.523, 539.557, 0.033, 67,     6.159,
 3548, 1, 533.543, 533.543, 538.492, 4.95, 32, 538.492, 539.543, 1.051, 1341, 0, 539.543, 539.577, 0.033, 46,     6.034,
 3547, 1, 533.431, 533.431, 538.458, 5.028, 22, 538.458, 539.543, 1.085, 1377, 0, 539.543, 539.616, 0.072, 145,     6.185,
 3549, 1, 533.602, 533.602, 538.52, 4.918, 52, 538.52, 539.593, 1.073, 1754, 0, 539.593, 539.678, 0.084, 169,     6.075,
 3550, 1, 533.874, 533.874, 538.532, 4.658, 23, 538.532, 539.779, 1.247, 2076, 0, 539.779, 539.811, 0.032, 62,     5.937,
 3551, 1, 533.947, 533.947, 538.544, 4.597, 1, 538.544, 539.801, 1.257, 1461, 0, 539.801, 539.811, 0.01, 15,     5.864,
 3552, 1, 534.087, 534.087, 538.583, 4.495, 77, 538.583, 539.801, 1.219, 1742, 0, 539.801, 539.881, 0.079, 128,     5.793,
 3553, 1, 534.125, 534.125, 538.931, 4.806, 676, 538.931, 540.093, 1.162, 1607, 0, 540.093, 540.141, 0.048, 101,     6.016,
 3556, 1, 534.779, 534.779, 539.09, 4.311, 9, 539.09, 540.342, 1.252, 1163, 0, 540.342, 540.388, 0.047, 93,     5.609,
 3558, 1, 534.931, 534.931, 539.262, 4.332, 320, 539.262, 540.558, 1.295, 1519, 0, 540.558, 540.568, 0.01, 11,     5.637,
 3554, 1, 534.202, 534.202, 538.999, 4.798, 137, 538.999, 540.287, 1.288, 1437, 0, 540.287, 540.591, 0.304, 609,     6.389,
 3559, 1, 535.207, 535.207, 539.362, 4.156, 193, 539.362, 540.591, 1.229, 1877, 0, 540.591, 540.601, 0.01, 9,     5.395,
 3555, 1, 534.368, 534.368, 539.078, 4.71, 157, 539.078, 540.3, 1.222, 1672, 0, 540.3, 540.88, 0.58, 1161,     6.512,
 3557, 1, 534.8, 534.8, 539.102, 4.302, 13, 539.102, 540.538, 1.435, 2079, 0, 540.538, 540.904, 0.366, 733,     6.104,
 3560, 1, 535.293, 535.293, 539.984, 4.691, 1209, 539.984, 541.074, 1.09, 1531, 0, 541.074, 541.11, 0.036, 69,     5.817,
 3561, 1, 535.457, 535.457, 540.059, 4.602, 147, 540.059, 541.1, 1.041, 2194, 0, 541.1, 541.198, 0.098, 196,     5.740,
 3563, 1, 535.812, 535.812, 540.399, 4.587, 78, 540.399, 541.349, 0.95, 965, 0, 541.349, 541.359, 0.01, 1,     5.547,
 3539, 1, 532.441, 532.441, 540.36, 7.919, 5023, 540.36, 541.315, 0.954, 683, 0, 541.315, 541.369, 0.054, 100,     8.928,
 3566, 1, 536.134, 536.134, 540.503, 4.37, 8, 540.503, 541.573, 1.07, 1464, 0, 541.573, 541.599, 0.026, 32,     5.466,
 3565, 1, 536.08, 536.08, 540.489, 4.41, 153, 540.489, 541.573, 1.084, 1342, 0, 541.573, 541.599, 0.026, 37,     5.519,
 3564, 1, 535.892, 535.892, 540.413, 4.521, 9, 540.413, 541.573, 1.16, 1730, 0, 541.573, 541.642, 0.069, 138,     5.750,
 3567, 1, 536.618, 536.618, 540.531, 3.913, 42, 540.531, 541.599, 1.068, 1850, 0, 541.599, 541.662, 0.063, 112,     5.044,
 3562, 1, 535.534, 535.534, 540.609, 5.076, 1069, 540.609, 541.822, 1.213, 1575, 0, 541.822, 541.855, 0.033, 44,     6.321,
 3568, 1, 536.642, 536.642, 540.609, 3.967, 156, 540.609, 541.822, 1.213, 1439, 0, 541.822, 541.862, 0.039, 66,     5.219,
 3570, 1, 536.964, 536.964, 540.643, 3.679, 39, 540.643, 541.862, 1.219, 1597, 0, 541.862, 541.862, 0, 5,     4.898,
 3571, 1, 537.129, 537.129, 540.663, 3.534, 23, 540.663, 542.072, 1.409, 2093, 0, 542.072, 542.122, 0.05, 95,     4.993,
 3572, 1, 537.395, 537.395, 540.692, 3.297, 57, 540.692, 542.072, 1.38, 1524, 0, 542.072, 542.122, 0.05, 96,     4.727,
 3573, 1, 537.55, 537.55, 540.727, 3.177, 71, 540.727, 542.072, 1.345, 1806, 0, 542.072, 542.16, 0.088, 177,     4.610,
 3574, 1, 537.858, 537.858, 540.741, 2.883, 19, 540.741, 542.112, 1.371, 1776, 0, 542.112, 542.18, 0.068, 102,     4.322,
 3575, 1, 538.175, 538.175, 540.755, 2.58, 1, 540.755, 542.331, 1.576, 1815, 0, 542.331, 542.344, 0.013, 25,     4.169,
 3576, 1, 538.385, 538.385, 540.789, 2.404, 58, 540.789, 542.331, 1.542, 1474, 0, 542.331, 542.344, 0.013, 25,     3.959,
 3577, 1, 538.561, 538.561, 540.813, 2.252, 48, 540.813, 542.331, 1.518, 1437, 0, 542.331, 542.361, 0.03, 53,     3.800,
 3578, 1, 538.621, 538.621, 540.887, 2.266, 149, 540.887, 542.361, 1.474, 1039, 0, 542.361, 542.441, 0.08, 159,     3.819,
 3580, 1, 538.723, 538.723, 540.931, 2.208, 19, 540.931, 542.581, 1.649, 1412, 0, 542.581, 542.591, 0.01, 15,     3.867,
 3581, 1, 538.808, 538.808, 540.964, 2.156, 66, 540.964, 542.581, 1.616, 1539, 0, 542.581, 542.622, 0.042, 84,     3.814,
 3579, 1, 538.66, 538.66, 540.921, 2.262, 64, 540.921, 542.581, 1.659, 1268, 0, 542.581, 542.642, 0.062, 124,     3.983,
 3569, 1, 536.713, 536.713, 541.018, 4.305, 799, 541.018, 542.834, 1.815, 1606, 0, 542.834, 542.844, 0.01, 8,     6.130,
 3583, 1, 539.013, 539.013, 541.018, 2.005, 40, 541.018, 542.86, 1.841, 1896, 0, 542.86, 542.87, 0.01, 6,     3.856,
 3586, 1, 539.252, 539.252, 541.069, 1.816, 53, 541.069, 543.084, 2.015, 1631, 0, 543.084, 543.123, 0.039, 78,     3.870,
 3582, 1, 539.006, 539.006, 540.99, 1.984, 37, 540.99, 542.834, 1.843, 843, 0, 542.834, 543.138, 0.304, 609,     4.132,
 3585, 1, 539.194, 539.194, 541.038, 1.844, 10, 541.038, 543.084, 2.045, 1398, 0, 543.084, 543.315, 0.232, 464,     4.121,
 3587, 1, 539.277, 539.277, 541.128, 1.851, 84, 541.128, 543.333, 2.205, 1362, 0, 543.333, 543.369, 0.036, 70,     4.092,
 3588, 1, 539.369, 539.369, 541.237, 1.868, 202, 541.237, 543.359, 2.122, 1656, 0, 543.359, 543.512, 0.153, 306,     4.143,
 3584, 1, 539.053, 539.053, 541.14, 2.087, 234, 541.14, 543.333, 2.193, 1322, 0, 543.333, 543.539, 0.206, 411,     4.486,
 3589, 1, 539.478, 539.478, 541.237, 1.759, 192, 541.237, 543.591, 2.353, 1093, 0, 543.591, 543.601, 0.01, 8,     4.123,
 3593, 1, 540.437, 540.437, 541.31, 0.873, 8, 541.31, 543.616, 2.307, 1791, 0, 543.616, 543.626, 0.01, 2,     3.190,
 3592, 1, 540.389, 540.389, 541.296, 0.907, 57, 541.296, 543.591, 2.295, 2070, 0, 543.591, 543.761, 0.17, 341,     3.372,
 3591, 1, 540.36, 540.36, 541.267, 0.907, 5, 541.267, 543.591, 2.323, 1501, 0, 543.591, 543.781, 0.19, 356,     3.420,
 3594, 1, 540.506, 540.506, 541.321, 0.815, 3, 541.321, 543.84, 2.519, 2226, 0, 543.84, 543.862, 0.023, 45,     3.356,
 3596, 1, 540.628, 540.628, 541.436, 0.809, 118, 541.436, 543.84, 2.404, 1436, 0, 543.84, 543.872, 0.032, 57,     3.244,
 3595, 1, 540.577, 540.577, 541.378, 0.801, 84, 541.378, 543.84, 2.462, 1174, 0, 543.84, 543.872, 0.032, 50,     3.295,
 3590, 1, 540.149, 540.149, 541.557, 1.408, 630, 541.557, 544.089, 2.532, 1794, 0, 544.089, 544.104, 0.015, 30,     3.955,
 3598, 1, 540.928, 540.928, 541.543, 0.615, 176, 541.543, 544.089, 2.546, 1838, 0, 544.089, 544.203, 0.114, 228,     3.275,
 3599, 1, 541.227, 541.227, 541.557, 0.33, 6, 541.557, 544.122, 2.565, 1813, 0, 544.122, 544.262, 0.14, 281,     3.035,
 3597, 1, 540.692, 540.692, 541.448, 0.756, 7, 541.448, 544.089, 2.641, 1322, 0, 544.089, 544.336, 0.247, 495,     3.644,
 3600, 1, 541.321, 541.321, 541.607, 0.286, 99, 541.607, 544.339, 2.732, 1894, 0, 544.339, 544.382, 0.043, 75,     3.061,
 3602, 1, 541.646, 541.646, 541.655, 0.009, 6, 541.655, 544.339, 2.684, 1649, 0, 544.339, 544.404, 0.066, 131,     2.759,
 3601, 1, 541.579, 541.579, 541.621, 0.042, 74, 541.621, 544.339, 2.718, 1152, 0, 544.339, 544.516, 0.177, 354,     2.937,
 3603, 1, 541.784, 541.784, 541.943, 0.159, 316, 541.943, 544.588, 2.646, 1527, 0, 544.588, 544.618, 0.03, 29,     2.835,
 3604, 1, 542.076, 542.076, 542.09, 0.014, 29, 542.09, 544.63, 2.54, 1866, 0, 544.63, 544.648, 0.018, 35,     2.572,
 3605, 1, 542.137, 542.137, 542.158, 0.021, 55, 542.158, 544.852, 2.694, 1840, 0, 544.852, 544.882, 0.03, 23,     2.745,
 3608, 1, 542.228, 542.228, 542.228, 0, 2, 542.228, 544.884, 2.656, 1815, 0, 544.884, 544.985, 0.101, 206,     2.757,
 3606, 1, 542.206, 542.206, 542.271, 0.064, 129, 542.271, 545.102, 2.831, 1705, 0, 545.102, 545.112, 0.01, 20,     2.905,
 3609, 1, 542.262, 542.262, 542.285, 0.023, 36, 542.285, 545.102, 2.817, 1914, 0, 545.102, 545.127, 0.026, 34,     2.866,
 3607, 1, 542.216, 542.216, 542.226, 0.01, 20, 542.226, 544.852, 2.625, 1010, 0, 544.852, 545.164, 0.313, 626,     2.948,
 3610, 1, 542.305, 542.305, 542.305, 0, 4, 542.305, 545.102, 2.797, 2224, 0, 545.102, 545.184, 0.083, 137,     2.880,
 3611, 1, 543.286, 543.286, 543.302, 0.015, 31, 543.302, 545.606, 2.305, 1435, 0, 545.606, 545.646, 0.039, 72,     2.360,
 3612, 1, 543.351, 543.351, 543.361, 0.01, 19, 543.361, 545.646, 2.284, 1028, 0, 545.646, 545.756, 0.111, 240,     2.405,
 3613, 1, 543.822, 543.822, 543.881, 0.058, 118, 543.881, 545.896, 2.015, 2044, 0, 545.896, 545.945, 0.049, 98,     2.122,
 3615, 1, 543.859, 543.859, 543.891, 0.032, 3, 543.891, 546.106, 2.215, 1712, 0, 546.106, 546.116, 0.01, 15,     2.257,
 3614, 1, 543.838, 543.838, 543.891, 0.053, 110, 543.891, 546.106, 2.215, 1651, 0, 546.106, 546.179, 0.073, 146,     2.341,
 3616, 1, 544.178, 544.178, 544.25, 0.071, 138, 544.25, 546.356, 2.106, 1838, 0, 546.356, 546.379, 0.023, 46,     2.201,
 3618, 1, 544.591, 544.591, 544.68, 0.089, 178, 544.68, 546.407, 1.727, 1406, 0, 546.407, 546.417, 0.01, 12,     1.826,
 3619, 1, 544.861, 544.861, 544.882, 0.021, 44, 544.882, 546.605, 1.723, 1186, 0, 546.605, 546.648, 0.043, 77,     1.787,
 3620, 1, 544.989, 544.989, 545.09, 0.101, 202, 545.09, 546.855, 1.765, 1532, 0, 546.855, 546.885, 0.03, 21,     1.895,
 3621, 1, 545.065, 545.065, 545.078, 0.013, 25, 545.078, 546.66, 1.582, 1334, 0, 546.66, 546.899, 0.239, 479,     1.834,
 3623, 1, 545.412, 545.412, 545.422, 0.01, 22, 545.422, 547.105, 1.683, 1342, 0, 547.105, 547.14, 0.035, 40,     1.728,
 3622, 1, 545.405, 545.405, 545.476, 0.071, 135, 545.476, 547.162, 1.686, 1592, 0, 547.162, 547.172, 0.01, 4,     1.767,
 3617, 1, 544.292, 544.292, 544.321, 0.029, 57, 544.321, 546.356, 2.035, 1649, 0, 546.356, 547.239, 0.883, 1767,     2.946,
 3624, 1, 545.423, 545.423, 545.561, 0.138, 279, 545.561, 547.362, 1.8, 1883, 0, 547.362, 547.403, 0.041, 56,     1.980,
 3625, 1, 545.482, 545.482, 545.489, 0.007, 17, 545.489, 547.362, 1.873, 1416, 0, 547.362, 547.428, 0.066, 133,     1.947,
 3626, 1, 546.25, 546.25, 546.27, 0.02, 40, 546.27, 547.611, 1.341, 1225, 0, 547.611, 547.652, 0.04, 81,     1.401,
 3627, 1, 546.39, 546.39, 546.409, 0.019, 42, 546.409, 547.611, 1.202, 747, 0, 547.611, 547.776, 0.165, 330,     1.386,
 3628, 1, 546.505, 546.505, 546.553, 0.048, 97, 546.553, 547.867, 1.314, 1418, 0, 547.867, 547.9, 0.033, 65,     1.395,
 3630, 1, 546.682, 546.682, 546.82, 0.138, 277, 546.82, 548.176, 1.356, 1785, 0, 548.176, 548.186, 0.01, 6,     1.504,
 3629, 1, 546.617, 546.617, 546.696, 0.079, 166, 546.696, 548.117, 1.421, 1553, 0, 548.117, 548.228, 0.111, 236,     1.611,
 3631, 1, 546.741, 546.741, 546.751, 0.01, 20, 546.751, 548.117, 1.366, 2128, 0, 548.117, 548.256, 0.139, 279,     1.515,
 3634, 1, 546.912, 546.912, 546.937, 0.024, 56, 546.937, 548.366, 1.429, 1642, 0, 548.366, 548.376, 0.01, 8,     1.464,
 3632, 1, 546.775, 546.775, 546.864, 0.089, 166, 546.864, 548.366, 1.502, 1736, 0, 548.366, 548.396, 0.03, 31,     1.621,
 3636, 1, 547.208, 547.208, 547.41, 0.202, 45, 547.41, 548.615, 1.205, 1642, 0, 548.615, 548.635, 0.02, 40,     1.427,
 3633, 1, 546.802, 546.802, 547.396, 0.593, 1135, 547.396, 548.615, 1.219, 1747, 0, 548.615, 548.655, 0.04, 72,     1.853,
 3637, 1, 547.272, 547.272, 547.41, 0.138, 11, 547.41, 548.674, 1.264, 1408, 0, 548.674, 548.684, 0.01, 18,     1.412,
 3638, 1, 547.353, 547.353, 547.436, 0.083, 44, 547.436, 548.865, 1.429, 1693, 0, 548.865, 548.875, 0.01, 2,     1.522,
 3639, 1, 547.606, 547.606, 547.616, 0.01, 8, 547.616, 548.924, 1.308, 1246, 0, 548.924, 548.934, 0.01, 4,     1.328,
 3640, 1, 547.666, 547.666, 547.718, 0.053, 106, 547.718, 549.114, 1.396, 1898, 0, 549.114, 549.231, 0.117, 234,     1.566,
 3642, 1, 547.917, 547.917, 547.948, 0.03, 61, 547.948, 549.19, 1.243, 1343, 0, 549.19, 549.285, 0.095, 199,     1.368,
 3644, 1, 548.195, 548.195, 548.257, 0.062, 94, 548.257, 549.368, 1.111, 1596, 0, 549.368, 549.402, 0.034, 51,     1.207,
 3643, 1, 547.958, 547.958, 547.968, 0.01, 4, 547.968, 549.368, 1.4, 1222, 0, 549.368, 549.493, 0.125, 249,     1.535,
 3641, 1, 547.722, 547.722, 547.744, 0.021, 51, 547.744, 549.114, 1.37, 893, 0, 549.114, 549.554, 0.439, 879,     1.831,
 3645, 1, 548.775, 548.775, 548.833, 0.059, 118, 548.833, 549.618, 0.784, 1481, 0, 549.618, 549.628, 0.01, 10,     0.853,
 3646, 1, 548.799, 548.799, 548.822, 0.023, 46, 548.822, 549.535, 0.713, 1375, 0, 549.535, 549.722, 0.186, 362,     0.923,
 3647, 1, 548.929, 548.929, 548.99, 0.06, 121, 548.99, 549.712, 0.722, 1724, 0, 549.712, 549.923, 0.212, 424,     0.994,
 3648, 1, 549.222, 549.222, 549.222, 0, 10, 549.222, 550.054, 0.832, 1719, 0, 550.054, 550.271, 0.217, 434,     1.049,
 3649, 1, 549.297, 549.297, 549.353, 0.056, 117, 549.353, 550.217, 0.865, 586, 0, 550.217, 550.304, 0.087, 157,     1.008,
 3650, 1, 549.329, 549.329, 549.353, 0.023, 34, 549.353, 550.304, 0.952, 933, 0, 550.304, 550.314, 0.01, 19,     0.985,
 3651, 1, 549.429, 549.429, 549.444, 0.015, 30, 549.444, 550.315, 0.871, 1509, 0, 550.315, 550.342, 0.027, 56,     0.913,
 3652, 1, 549.727, 549.727, 549.751, 0.024, 49, 549.751, 550.467, 0.716, 1422, 0, 550.467, 550.477, 0.01, 19,     0.750,
 3653, 1, 549.905, 549.905, 549.922, 0.018, 35, 549.922, 550.751, 0.828, 1855, 0, 550.751, 550.91, 0.159, 305,     1.005,
 3655, 1, 550.199, 550.199, 550.226, 0.027, 28, 550.226, 550.948, 0.722, 1524, 0, 550.948, 550.973, 0.024, 49,     0.774,
 3657, 1, 550.511, 550.511, 550.535, 0.024, 10, 550.535, 551.253, 0.718, 1514, 0, 551.253, 551.314, 0.062, 123,     0.803,
 3656, 1, 550.49, 550.49, 550.521, 0.031, 48, 550.521, 551.243, 0.722, 1753, 0, 551.243, 551.334, 0.091, 158,     0.844,
 3658, 1, 550.717, 550.717, 550.717, 0, 8, 550.717, 551.437, 0.719, 1273, 0, 551.437, 551.464, 0.028, 55,     0.747,
 3659, 1, 550.854, 550.854, 550.875, 0.021, 58, 550.875, 551.599, 0.724, 1519, 0, 551.599, 551.609, 0.01, 18,     0.755,
 3660, 1, 550.886, 550.886, 550.896, 0.01, 8, 550.896, 551.649, 0.753, 1396, 0, 551.649, 551.659, 0.01, 9,     0.773,
 3661, 1, 551.124, 551.124, 551.145, 0.021, 39, 551.145, 551.86, 0.716, 1462, 0, 551.86, 551.87, 0.01, 4,     0.747,
 3662, 1, 551.173, 551.173, 551.216, 0.043, 61, 551.216, 551.928, 0.712, 1434, 0, 551.928, 551.974, 0.047, 94,     0.802,
 3663, 1, 551.428, 551.428, 551.444, 0.016, 21, 551.444, 552.186, 0.742, 1733, 0, 552.186, 552.327, 0.141, 282,     0.899,
 3664, 1, 551.495, 551.495, 551.505, 0.01, 4, 551.505, 552.385, 0.88, 1692, 0, 552.385, 552.404, 0.019, 39,     0.909,
 3654, 1, 550.037, 550.037, 551.53, 1.493, 3003, 551.53, 552.436, 0.906, 1486, 0, 552.436, 552.477, 0.041, 83,     2.440,
 3665, 1, 551.704, 551.704, 551.714, 0.01, 33, 551.714, 552.448, 0.734, 1294, 0, 552.448, 552.652, 0.205, 410,     0.949,
 3666, 1, 551.734, 551.734, 551.734, 0, 3, 551.734, 552.634, 0.9, 1437, 0, 552.634, 552.695, 0.061, 104,     0.961,
 3667, 1, 551.799, 551.799, 551.809, 0.01, 2, 551.809, 552.685, 0.876, 1180, 0, 552.685, 552.837, 0.152, 304,     1.038,
 3668, 1, 552.253, 552.253, 552.432, 0.179, 354, 552.432, 553.328, 0.897, 1625, 0, 553.328, 553.366, 0.038, 76,     1.114,
 3670, 1, 552.444, 552.444, 552.454, 0.01, 11, 552.454, 553.383, 0.929, 1441, 0, 553.383, 553.414, 0.031, 62,     0.970,
 3671, 1, 552.621, 552.621, 552.631, 0.01, 15, 552.631, 553.439, 0.808, 2054, 0, 553.439, 553.449, 0.01, 3,     0.828,
 3635, 1, 547.19, 547.19, 547.382, 0.191, 383, 547.382, 548.425, 1.043, 1798, 0, 548.425, 553.761, 5.336, 10673,     6.571,
 3672, 1, 553.322, 553.322, 553.341, 0.019, 39, 553.341, 554.057, 0.716, 1511, 0, 554.057, 554.089, 0.033, 35,     0.768,
 3673, 1, 553.347, 553.347, 553.47, 0.124, 259, 553.47, 554.186, 0.716, 1692, 0, 554.186, 554.216, 0.03, 50,     0.870,
 3674, 1, 553.374, 553.374, 553.631, 0.257, 314, 553.631, 554.369, 0.738, 1425, 0, 554.369, 554.379, 0.01, 15,     1.005,
 3675, 1, 553.402, 553.402, 553.651, 0.248, 23, 553.651, 554.389, 0.738, 1886, 0, 554.389, 554.5, 0.111, 222,     1.098,
 3676, 1, 553.495, 553.495, 553.696, 0.201, 72, 553.696, 554.411, 0.715, 1652, 0, 554.411, 554.52, 0.109, 203,     1.025,
 3678, 1, 553.561, 553.561, 553.748, 0.188, 12, 553.748, 554.638, 0.89, 1770, 0, 554.638, 554.732, 0.094, 188,     1.172,
 3679, 1, 553.621, 553.621, 553.802, 0.182, 73, 553.802, 554.67, 0.868, 1107, 0, 554.67, 554.78, 0.11, 220,     1.160,
 3677, 1, 553.542, 553.542, 553.734, 0.193, 78, 553.734, 554.618, 0.884, 1014, 0, 554.618, 554.907, 0.289, 578,     1.366,
 3680, 1, 554.26, 554.26, 554.27, 0.01, 6, 554.27, 554.996, 0.726, 1432, 0, 554.996, 555.046, 0.05, 100,     0.786,
 3681, 1, 554.365, 554.365, 554.842, 0.476, 968, 554.842, 555.562, 0.72, 1863, 0, 555.562, 555.572, 0.01, 15,     1.206,
 3682, 1, 554.38, 554.38, 554.958, 0.578, 233, 554.958, 555.671, 0.714, 2060, 0, 555.671, 555.681, 0.01, 19,     1.302,
 3683, 1, 554.958, 554.958, 555.45, 0.493, 949, 555.45, 556.172, 0.721, 1674, 0, 556.172, 556.182, 0.01, 6,     1.224,
 3684, 1, 555.178, 555.178, 555.464, 0.287, 4, 555.464, 556.192, 0.727, 2033, 0, 556.192, 556.243, 0.051, 102,     1.065,
 3685, 1, 555.267, 555.267, 555.532, 0.266, 136, 555.532, 556.249, 0.716, 1154, 0, 556.249, 556.47, 0.221, 455,     1.203,
 3686, 1, 555.92, 555.92, 556.588, 0.668, 1328, 556.588, 557.306, 0.718, 1423, 0, 557.306, 557.365, 0.059, 118,     1.444,
 3687, 1, 555.969, 555.969, 556.71, 0.741, 216, 556.71, 557.507, 0.797, 1430, 0, 557.507, 557.585, 0.078, 156,     1.616,
 3688, 1, 556.558, 556.558, 556.74, 0.182, 45, 556.74, 557.663, 0.923, 1297, 0, 557.663, 557.695, 0.032, 61,     1.137,
 3692, 1, 556.885, 556.885, 556.895, 0.01, 4, 556.895, 557.939, 1.044, 1531, 0, 557.939, 558.07, 0.13, 261,     1.185,
 3691, 1, 556.71, 556.71, 556.826, 0.116, 73, 556.826, 557.919, 1.093, 1915, 0, 557.919, 558.122, 0.203, 406,     1.412,
 3690, 1, 556.613, 556.613, 556.79, 0.176, 39, 556.79, 557.827, 1.038, 1524, 0, 557.827, 558.165, 0.337, 675,     1.551,
 3693, 1, 557.171, 557.171, 557.195, 0.024, 61, 557.195, 558.169, 0.974, 1121, 0, 558.169, 558.209, 0.04, 83,     1.037,
 3689, 1, 556.578, 556.578, 556.765, 0.187, 37, 556.765, 557.757, 0.992, 1860, 0, 557.757, 558.289, 0.532, 1062,     1.711,
 3669, 1, 552.405, 552.405, 557.41, 5.005, 9987, 557.41, 558.279, 0.869, 1405, 0, 558.279, 558.318, 0.039, 78,     5.913,
 3694, 1, 557.873, 557.873, 557.88, 0.007, 21, 557.88, 558.601, 0.722, 2104, 0, 558.601, 558.611, 0.01, 12,     0.738,
 3696, 1, 557.98, 557.98, 558.004, 0.024, 22, 558.004, 558.719, 0.715, 1258, 0, 558.719, 558.751, 0.032, 64,     0.771,
 3695, 1, 557.969, 557.969, 557.99, 0.02, 42, 557.99, 558.719, 0.729, 1401, 0, 558.719, 558.786, 0.067, 133,     0.816,
 3697, 1, 558.111, 558.111, 558.111, 0, 3, 558.111, 558.82, 0.71, 1050, 0, 558.82, 558.833, 0.013, 25,     0.722,
 3698, 1, 558.139, 558.139, 558.139, 0, 13, 558.139, 558.865, 0.726, 1365, 0, 558.865, 558.915, 0.05, 100,     0.776,
 3700, 1, 558.245, 558.245, 558.261, 0.016, 32, 558.261, 559.121, 0.86, 1169, 0, 559.121, 559.131, 0.01, 20,     0.885,
 3699, 1, 558.149, 558.149, 558.159, 0.01, 8, 558.159, 558.968, 0.81, 1465, 0, 558.968, 559.349, 0.381, 762,     1.201,
 3701, 1, 558.323, 558.323, 558.372, 0.05, 96, 558.372, 559.218, 0.845, 1811, 0, 559.218, 559.427, 0.209, 392,     1.104,
 3703, 1, 558.85, 558.85, 558.89, 0.04, 61, 558.89, 559.62, 0.73, 1750, 0, 559.62, 559.65, 0.03, 60,     0.800,
 3702, 1, 558.837, 558.837, 558.86, 0.022, 56, 558.86, 559.572, 0.712, 1961, 0, 559.572, 559.686, 0.114, 228,     0.849,
 3706, 1, 559.449, 559.449, 559.497, 0.048, 80, 559.497, 560.231, 0.734, 1750, 0, 560.231, 560.241, 0.01, 5,     0.792,
 3704, 1, 559.308, 559.308, 559.351, 0.043, 65, 559.351, 560.066, 0.715, 1567, 0, 560.066, 560.253, 0.187, 374,     0.945,
 3707, 1, 559.467, 559.467, 559.497, 0.03, 23, 559.497, 560.231, 0.734, 2127, 0, 560.231, 560.253, 0.022, 22,     0.786,
 3705, 1, 559.372, 559.372, 559.483, 0.111, 237, 559.483, 560.203, 0.72, 1251, 0, 560.203, 560.273, 0.07, 104,     0.901,
 3708, 1, 559.615, 559.615, 559.64, 0.025, 50, 559.64, 560.457, 0.817, 1815, 0, 560.457, 560.467, 0.01, 16,     0.852,
 3711, 1, 560.038, 560.038, 560.048, 0.01, 18, 560.048, 560.764, 0.716, 967, 0, 560.764, 560.8, 0.036, 72,     0.762,
 3710, 1, 559.785, 559.785, 560.153, 0.368, 720, 560.153, 560.865, 0.712, 1361, 0, 560.865, 560.875, 0.01, 19,     1.090,
 3712, 1, 560.121, 560.121, 560.153, 0.032, 56, 560.153, 560.937, 0.784, 1228, 0, 560.937, 560.975, 0.038, 75,     0.853,
 3709, 1, 559.719, 559.719, 559.729, 0.01, 14, 559.729, 560.487, 0.758, 1417, 0, 560.487, 560.995, 0.508, 987,     1.276,
 3713, 1, 560.395, 560.395, 560.399, 0.004, 19, 560.399, 561.127, 0.728, 1022, 0, 561.127, 561.137, 0.01, 5,     0.742,
 3715, 1, 560.477, 560.477, 560.485, 0.008, 17, 560.485, 561.388, 0.903, 1715, 0, 561.388, 561.398, 0.01, 8,     0.921,
 3714, 1, 560.447, 560.447, 560.584, 0.138, 293, 560.584, 561.398, 0.814, 1986, 0, 561.398, 561.446, 0.048, 77,     0.999,
 3716, 1, 560.529, 560.529, 560.648, 0.119, 249, 560.648, 561.436, 0.788, 1694, 0, 561.436, 561.657, 0.222, 426,     1.128,
 3717, 1, 561.469, 561.469, 561.493, 0.023, 47, 561.493, 562.325, 0.833, 1309, 0, 562.325, 562.355, 0.029, 59,     0.885,
 3718, 1, 561.493, 561.493, 561.517, 0.024, 59, 561.517, 562.376, 0.859, 1496, 0, 562.376, 562.425, 0.049, 98,     0.933,
 3720, 1, 561.714, 561.714, 561.74, 0.026, 52, 561.74, 562.471, 0.731, 1330, 0, 562.471, 562.481, 0.01, 3,     0.767,
 3723, 1, 561.92, 561.92, 561.92, 0, 2, 561.92, 562.638, 0.718, 1420, 0, 562.638, 562.659, 0.02, 41,     0.739,
 3719, 1, 561.598, 561.598, 561.603, 0.005, 20, 561.603, 562.376, 0.773, 1362, 0, 562.376, 562.717, 0.341, 682,     1.119,
 3724, 1, 562.05, 562.05, 562.06, 0.01, 16, 562.06, 562.787, 0.727, 1695, 0, 562.787, 562.85, 0.063, 127,     0.800,
 3725, 1, 562.177, 562.177, 562.187, 0.01, 8, 562.187, 562.888, 0.701, 1720, 0, 562.888, 562.898, 0.01, 2,     0.721,
 3726, 1, 562.255, 562.255, 562.373, 0.117, 235, 562.373, 563.146, 0.773, 1780, 0, 563.146, 563.24, 0.095, 189,     0.985,
 3722, 1, 561.901, 561.901, 561.911, 0.01, 6, 561.911, 562.638, 0.727, 1922, 0, 562.638, 563.313, 0.675, 1350,     1.411,
 3727, 1, 562.511, 562.511, 562.521, 0.01, 20, 562.521, 563.341, 0.82, 1316, 0, 563.341, 563.406, 0.065, 143,     0.895,
 3721, 1, 561.743, 561.743, 562.602, 0.859, 1724, 562.602, 563.396, 0.794, 1134, 0, 563.396, 563.429, 0.033, 66,     1.686,
 3728, 1, 562.526, 562.526, 562.546, 0.019, 35, 562.546, 563.396, 0.85, 1340, 0, 563.396, 563.465, 0.069, 138,     0.939,
 3729, 1, 562.718, 562.718, 562.815, 0.097, 165, 562.815, 563.59, 0.775, 2111, 0, 563.59, 563.64, 0.051, 101,     0.923,
 3731, 1, 562.864, 562.864, 562.905, 0.041, 67, 562.905, 563.645, 0.74, 1263, 0, 563.645, 563.68, 0.035, 79,     0.816,
 3730, 1, 562.731, 562.731, 562.827, 0.096, 185, 562.827, 563.645, 0.818, 1320, 0, 563.645, 563.861, 0.216, 433,     1.130,
 3732, 1, 563.185, 563.185, 563.237, 0.052, 103, 563.237, 563.96, 0.724, 1225, 0, 563.96, 564.033, 0.073, 146,     0.848,
 3733, 1, 563.416, 563.416, 563.474, 0.058, 116, 563.474, 564.195, 0.721, 1835, 0, 564.195, 564.219, 0.024, 49,     0.804,
 3734, 1, 563.454, 563.454, 563.488, 0.034, 51, 563.488, 564.222, 0.734, 1126, 0, 564.222, 564.268, 0.046, 97,     0.814,
 3735, 1, 563.457, 563.457, 563.652, 0.195, 335, 563.652, 564.449, 0.796, 2131, 0, 564.449, 564.459, 0.01, 11,     1.002,
 3736, 1, 563.571, 563.571, 563.828, 0.258, 516, 563.828, 564.55, 0.722, 1633, 0, 564.55, 564.56, 0.01, 5,     0.990,
 3737, 1, 563.897, 563.897, 563.954, 0.057, 103, 563.954, 564.815, 0.861, 1385, 0, 564.815, 564.825, 0.01, 1,     0.928,
 3738, 1, 563.924, 563.924, 563.94, 0.016, 35, 563.94, 564.698, 0.758, 1682, 0, 564.698, 564.858, 0.16, 306,     0.934,
 3740, 1, 564.299, 564.299, 564.341, 0.042, 73, 564.341, 565.323, 0.982, 1469, 0, 565.323, 565.355, 0.032, 64,     1.056,
 3741, 1, 564.332, 564.332, 564.387, 0.056, 81, 564.387, 565.362, 0.974, 1557, 0, 565.362, 565.376, 0.014, 43,     1.045,
 3744, 1, 564.848, 564.848, 564.853, 0.005, 15, 564.853, 565.654, 0.801, 1288, 0, 565.654, 565.664, 0.01, 19,     0.816,
 3743, 1, 564.818, 564.818, 564.843, 0.024, 46, 564.843, 565.627, 0.785, 1963, 0, 565.627, 565.713, 0.085, 171,     0.894,
 3745, 1, 564.935, 564.935, 564.945, 0.01, 20, 564.945, 565.829, 0.884, 1406, 0, 565.829, 565.857, 0.029, 57,     0.922,
 3742, 1, 564.757, 564.757, 564.779, 0.022, 44, 564.779, 565.573, 0.794, 1602, 0, 565.573, 565.894, 0.322, 636,     1.138,
 3739, 1, 564.223, 564.223, 564.972, 0.75, 1509, 564.972, 565.885, 0.912, 1525, 0, 565.885, 565.923, 0.038, 77,     1.700,
 3746, 1, 565.057, 565.057, 565.163, 0.106, 192, 565.163, 565.963, 0.801, 1830, 0, 565.963, 565.992, 0.029, 57,     0.935,
 3747, 1, 565.09, 565.09, 565.439, 0.349, 693, 565.439, 566.329, 0.89, 1648, 0, 566.329, 566.404, 0.075, 141,     1.314,
 3749, 1, 565.577, 565.577, 565.621, 0.044, 89, 565.621, 566.477, 0.856, 2021, 0, 566.477, 566.487, 0.01, 5,     0.910,
 3748, 1, 565.288, 565.288, 565.298, 0.01, 10, 565.298, 566.134, 0.836, 1497, 0, 566.134, 566.656, 0.521, 1043,     1.367,
 3751, 1, 565.965, 565.965, 566.005, 0.04, 48, 566.005, 566.716, 0.712, 1638, 0, 566.716, 566.726, 0.01, 7,     0.762,
 3750, 1, 565.823, 565.823, 566.028, 0.205, 392, 566.028, 566.747, 0.719, 1365, 0, 566.747, 566.757, 0.01, 1,     0.934,
 3752, 1, 566.005, 566.005, 566.015, 0.01, 5, 566.015, 566.747, 0.732, 1816, 0, 566.747, 566.757, 0.01, 11,     0.752,
 3753, 1, 566.018, 566.018, 566.028, 0.01, 10, 566.028, 566.835, 0.807, 1545, 0, 566.835, 566.855, 0.02, 35,     0.837,
 3754, 1, 566.068, 566.068, 566.078, 0.01, 16, 566.078, 566.969, 0.891, 1073, 0, 566.969, 566.979, 0.01, 8,     0.911,
 3756, 1, 566.342, 566.342, 566.352, 0.01, 31, 566.352, 567.085, 0.733, 1824, 0, 567.085, 567.148, 0.063, 126,     0.806,
 3758, 1, 566.414, 566.414, 566.492, 0.078, 158, 566.492, 567.223, 0.73, 909, 0, 567.223, 567.236, 0.013, 26,     0.822,
 3757, 1, 566.365, 566.365, 566.558, 0.193, 364, 566.558, 567.293, 0.734, 1937, 0, 567.293, 567.378, 0.085, 171,     1.013,
 3759, 1, 567.065, 567.065, 567.272, 0.207, 406, 567.272, 567.983, 0.711, 1010, 0, 567.983, 567.993, 0.01, 18,     0.929,
 3760, 1, 567.262, 567.262, 567.272, 0.01, 2, 567.272, 567.983, 0.711, 1674, 0, 567.983, 568.016, 0.033, 66,     0.754,
 3762, 1, 568.035, 568.035, 568.045, 0.01, 7, 568.045, 568.761, 0.716, 1184, 0, 568.761, 568.771, 0.01, 1,     0.736,
 3755, 1, 566.081, 566.081, 566.109, 0.029, 63, 566.109, 566.997, 0.888, 1775, 0, 566.997, 568.841, 1.844, 3689,     2.761,
 3761, 1, 567.994, 567.994, 568.121, 0.127, 254, 568.121, 568.855, 0.734, 1553, 0, 568.855, 568.865, 0.01, 15,     0.871,
 3763, 1, 568.165, 568.165, 568.175, 0.01, 5, 568.175, 568.9, 0.725, 1748, 0, 568.9, 568.91, 0.01, 12,     0.745,
 3765, 1, 568.313, 568.313, 568.366, 0.053, 72, 568.366, 569.085, 0.719, 1251, 0, 569.085, 569.159, 0.074, 132,     0.846,
 3767, 1, 568.645, 568.645, 568.707, 0.062, 124, 568.707, 569.536, 0.829, 1195, 0, 569.536, 569.553, 0.017, 34,     0.908,
 3766, 1, 568.633, 568.633, 568.741, 0.108, 177, 568.741, 569.553, 0.812, 1516, 0, 569.553, 569.563, 0.01, 18,     0.930,
 3768, 1, 569.043, 569.043, 569.053, 0.01, 1, 569.053, 569.765, 0.712, 1219, 0, 569.765, 569.786, 0.02, 41,     0.742,
 3769, 1, 569.112, 569.112, 569.124, 0.012, 27, 569.124, 569.843, 0.719, 1340, 0, 569.843, 570.124, 0.281, 563,     1.012,
 3770, 1, 569.136, 569.136, 569.208, 0.072, 118, 569.208, 570.066, 0.858, 1143, 0, 570.066, 570.164, 0.097, 156,     1.028,
 3772, 1, 569.566, 569.566, 569.588, 0.022, 63, 569.588, 570.315, 0.728, 1415, 0, 570.315, 570.358, 0.043, 86,     0.793,
 3773, 1, 569.615, 569.615, 569.625, 0.01, 5, 569.625, 570.341, 0.716, 1650, 0, 570.341, 570.381, 0.04, 76,     0.766,
 3771, 1, 569.553, 569.553, 569.722, 0.169, 357, 569.722, 570.451, 0.729, 1768, 0, 570.451, 570.461, 0.01, 19,     0.908,
 3774, 1, 570.221, 570.221, 570.25, 0.029, 59, 570.25, 570.965, 0.714, 1411, 0, 570.965, 570.975, 0.01, 13,     0.754,
 3776, 1, 570.409, 570.409, 570.409, 0, 16, 570.409, 571.16, 0.751, 1544, 0, 571.16, 571.194, 0.034, 50,     0.785,
 3777, 1, 570.624, 570.624, 570.642, 0.017, 31, 570.642, 571.362, 0.72, 1569, 0, 571.362, 571.372, 0.01, 3,     0.748,
 3775, 1, 570.263, 570.263, 570.368, 0.105, 210, 570.368, 571.113, 0.744, 1439, 0, 571.113, 571.402, 0.289, 570,     1.139,
 3764, 1, 568.227, 568.227, 568.572, 0.345, 660, 568.572, 569.294, 0.723, 1568, 0, 569.294, 571.502, 2.208, 4425,     3.276,
 3778, 1, 570.771, 570.771, 570.794, 0.023, 46, 570.794, 571.52, 0.727, 1127, 0, 571.52, 571.53, 0.01, 5,     0.760,
 3780, 1, 570.92, 570.92, 570.935, 0.014, 32, 570.935, 571.651, 0.716, 1195, 0, 571.651, 571.683, 0.032, 64,     0.763,
 3779, 1, 570.899, 570.899, 570.969, 0.07, 105, 570.969, 571.688, 0.719, 1444, 0, 571.688, 571.718, 0.029, 69,     0.818,
 3782, 1, 571.183, 571.183, 571.224, 0.04, 82, 571.224, 571.938, 0.714, 1257, 0, 571.938, 571.964, 0.026, 52,     0.780,
 3783, 1, 571.235, 571.235, 571.245, 0.01, 14, 571.245, 571.971, 0.726, 1643, 0, 571.971, 571.981, 0.01, 20,     0.746,
 3781, 1, 571.17, 571.17, 571.17, 0, 15, 571.17, 571.885, 0.715, 1084, 0, 571.885, 571.994, 0.109, 219,     0.824,
 3784, 1, 571.479, 571.479, 571.515, 0.036, 72, 571.515, 572.231, 0.715, 1081, 0, 572.231, 572.241, 0.01, 10,     0.761,
 3785, 1, 571.539, 571.539, 571.664, 0.125, 223, 571.664, 572.38, 0.716, 1294, 0, 572.38, 572.515, 0.135, 271,     0.976,
 3786, 1, 571.73, 571.73, 571.793, 0.063, 142, 571.793, 572.503, 0.71, 1839, 0, 572.503, 572.572, 0.069, 121,     0.842,
 3788, 1, 571.815, 571.815, 571.826, 0.01, 26, 571.826, 572.696, 0.871, 1626, 0, 572.696, 572.753, 0.057, 113,     0.938,
 3789, 1, 571.951, 571.951, 572.034, 0.083, 148, 572.034, 572.957, 0.923, 1236, 0, 572.957, 572.992, 0.034, 69,     1.041,
 3790, 1, 572.144, 572.144, 572.154, 0.01, 22, 572.154, 573.011, 0.857, 1359, 0, 573.011, 573.021, 0.01, 2,     0.877,
 3791, 1, 572.477, 572.477, 572.539, 0.062, 118, 572.539, 573.26, 0.721, 1241, 0, 573.26, 573.281, 0.02, 41,     0.804,
 3792, 1, 572.845, 572.845, 572.898, 0.053, 98, 572.898, 573.614, 0.716, 1921, 0, 573.614, 573.624, 0.01, 12,     0.779,
 3794, 1, 572.904, 572.904, 572.954, 0.05, 111, 572.954, 573.68, 0.726, 1357, 0, 573.68, 573.707, 0.028, 55,     0.804,
 3793, 1, 572.888, 572.888, 572.924, 0.035, 62, 572.924, 573.644, 0.72, 1530, 0, 573.644, 573.72, 0.076, 153,     0.832,
 3787, 1, 571.783, 571.783, 571.793, 0.01, 2, 571.793, 572.553, 0.76, 1666, 0, 572.553, 573.923, 1.37, 2741,     2.140,
 3796, 1, 573.375, 573.375, 573.497, 0.122, 239, 573.497, 574.209, 0.712, 1274, 0, 574.209, 574.237, 0.028, 56,     0.862,
 3795, 1, 572.986, 572.986, 573.179, 0.193, 377, 573.179, 573.893, 0.714, 1891, 0, 573.893, 574.32, 0.427, 855,     1.334,
 3799, 1, 573.604, 573.604, 573.604, 0, 2, 573.604, 574.321, 0.716, 1630, 0, 574.321, 574.348, 0.027, 56,     0.743,
 3797, 1, 573.487, 573.487, 573.517, 0.03, 47, 573.517, 574.247, 0.73, 1015, 0, 574.247, 574.38, 0.133, 266,     0.893,
 3798, 1, 573.598, 573.598, 573.904, 0.305, 611, 573.904, 574.638, 0.734, 1023, 0, 574.638, 574.68, 0.042, 84,     1.082,
 3800, 1, 573.96, 573.96, 574.294, 0.335, 636, 574.294, 575.008, 0.713, 1676, 0, 575.008, 575.018, 0.01, 10,     1.058,
 3801, 1, 574.307, 574.307, 574.732, 0.424, 844, 574.732, 575.536, 0.805, 1084, 0, 575.536, 575.542, 0.006, 12,     1.235,
 3803, 1, 574.467, 574.467, 574.811, 0.344, 688, 574.811, 575.731, 0.92, 1570, 0, 575.731, 575.741, 0.01, 11,     1.274,
 3804, 1, 574.605, 574.605, 574.742, 0.136, 20, 574.742, 575.731, 0.989, 1373, 0, 575.731, 575.761, 0.03, 49,     1.156,
 3802, 1, 574.431, 574.431, 574.467, 0.035, 61, 574.467, 575.262, 0.795, 1538, 0, 575.262, 575.781, 0.519, 1039,     1.350,
 3806, 1, 574.834, 574.834, 574.861, 0.027, 72, 574.861, 575.761, 0.9, 1514, 0, 575.761, 575.828, 0.067, 134,     0.993,
 3807, 1, 574.981, 574.981, 574.991, 0.01, 18, 574.991, 575.989, 0.997, 1193, 0, 575.989, 575.999, 0.01, 2,     1.017,
 3805, 1, 574.732, 574.732, 575.011, 0.279, 530, 575.011, 575.989, 0.977, 1630, 0, 575.989, 576.033, 0.044, 80,     1.300,
 3808, 1, 575.036, 575.036, 575.07, 0.034, 78, 575.07, 576.023, 0.953, 920, 0, 576.023, 576.067, 0.044, 89,     1.031,
 3811, 1, 575.45, 575.45, 575.462, 0.013, 25, 575.462, 576.293, 0.83, 2154, 0, 576.293, 576.344, 0.052, 103,     0.894,
 3809, 1, 575.123, 575.123, 575.133, 0.01, 11, 575.133, 576.239, 1.105, 1631, 0, 576.239, 576.355, 0.116, 227,     1.231,
 3810, 1, 575.19, 575.19, 575.36, 0.17, 340, 575.36, 576.281, 0.921, 1873, 0, 576.281, 576.544, 0.264, 528,     1.354,
 3814, 1, 575.658, 575.658, 575.668, 0.01, 3, 575.668, 576.53, 0.863, 1307, 0, 576.53, 576.56, 0.03, 57,     0.903,
 3812, 1, 575.486, 575.486, 575.571, 0.086, 163, 575.571, 576.488, 0.917, 1395, 0, 576.488, 576.594, 0.106, 212,     1.109,
 3813, 1, 575.571, 575.571, 575.734, 0.162, 302, 575.734, 576.738, 1.004, 1808, 0, 576.738, 576.748, 0.01, 18,     1.176,
 3815, 1, 575.708, 575.708, 575.768, 0.06, 101, 575.768, 576.738, 0.97, 1246, 0, 576.738, 576.76, 0.022, 44,     1.052,
 3816, 1, 575.884, 575.884, 576.04, 0.155, 310, 576.04, 576.811, 0.771, 1678, 0, 576.811, 576.821, 0.01, 3,     0.937,
 3819, 1, 576.383, 576.383, 576.393, 0.01, 11, 576.393, 577.12, 0.727, 1741, 0, 577.12, 577.144, 0.024, 49,     0.762,
 3818, 1, 576.03, 576.03, 576.344, 0.314, 609, 576.344, 577.065, 0.721, 1557, 0, 577.065, 577.198, 0.133, 267,     1.169,
 3817, 1, 575.968, 575.968, 576.04, 0.071, 152, 576.04, 576.999, 0.96, 1927, 0, 576.999, 577.274, 0.275, 551,     1.306,
 3821, 1, 577.072, 577.072, 577.082, 0.01, 4, 577.082, 577.799, 0.718, 1294, 0, 577.799, 577.83, 0.031, 62,     0.759,
 3820, 1, 577.028, 577.028, 577.279, 0.25, 501, 577.279, 578.008, 0.73, 1860, 0, 578.008, 578.06, 0.051, 103,     1.031,
 3822, 1, 577.088, 577.088, 577.408, 0.32, 637, 577.408, 578.405, 0.996, 1842, 0, 578.405, 578.417, 0.012, 24,     1.329,
 3823, 1, 577.38, 577.38, 577.396, 0.017, 40, 577.396, 578.307, 0.911, 1279, 0, 578.307, 578.493, 0.186, 372,     1.113,
 3824, 1, 577.518, 577.518, 577.548, 0.031, 41, 577.548, 578.455, 0.907, 1891, 0, 578.455, 578.493, 0.038, 76,     0.975,
 3825, 1, 577.767, 577.767, 577.831, 0.064, 128, 577.831, 578.547, 0.716, 1439, 0, 578.547, 578.603, 0.056, 112,     0.836,
 3827, 1, 578.064, 578.064, 578.064, 0, 2, 578.064, 578.77, 0.706, 2070, 0, 578.77, 578.78, 0.01, 6,     0.716,
 3826, 1, 577.995, 577.995, 578.056, 0.061, 122, 578.056, 578.77, 0.714, 1399, 0, 578.77, 578.8, 0.03, 34,     0.805,
 3829, 1, 578.199, 578.199, 578.279, 0.079, 146, 578.279, 579.01, 0.731, 1073, 0, 579.01, 579.02, 0.01, 1,     0.821,
 3828, 1, 578.152, 578.152, 578.174, 0.021, 62, 578.174, 578.891, 0.717, 904, 0, 578.891, 579.497, 0.607, 1214,     1.345,
 3831, 1, 578.561, 578.561, 578.913, 0.351, 708, 578.913, 579.69, 0.778, 1608, 0, 579.69, 579.69, 0, 10,     1.129,
 3830, 1, 578.453, 578.453, 578.947, 0.494, 978, 578.947, 579.799, 0.853, 1864, 0, 579.799, 579.809, 0.01, 1,     1.356,
 3832, 1, 578.749, 578.749, 578.98, 0.231, 135, 578.98, 579.858, 0.877, 1582, 0, 579.858, 579.92, 0.062, 124,     1.170,
 3833, 1, 579.204, 579.204, 579.214, 0.01, 21, 579.214, 579.94, 0.725, 1509, 0, 579.94, 579.95, 0.01, 20,     0.745,
 3834, 1, 579.376, 579.376, 579.394, 0.018, 35, 579.394, 580.129, 0.735, 1757, 0, 580.129, 580.145, 0.016, 33,     0.769,
 3835, 1, 579.384, 579.384, 579.439, 0.055, 115, 579.439, 580.149, 0.71, 1635, 0, 580.149, 580.149, 0, 2,     0.765,
 3836, 1, 579.439, 579.439, 579.449, 0.01, 4, 579.449, 580.203, 0.754, 1555, 0, 580.203, 580.213, 0.01, 11,     0.774,
 3837, 1, 579.538, 579.538, 579.548, 0.01, 9, 579.548, 580.31, 0.762, 1182, 0, 580.31, 580.347, 0.038, 75,     0.810,
 3839, 1, 579.796, 579.796, 579.874, 0.078, 156, 579.874, 580.601, 0.727, 1510, 0, 580.601, 580.617, 0.015, 31,     0.821,
 3840, 1, 580.075, 580.075, 580.085, 0.01, 31, 580.085, 580.801, 0.715, 1106, 0, 580.801, 580.811, 0.01, 9,     0.735,
 3838, 1, 579.597, 579.597, 579.607, 0.01, 5, 579.607, 580.378, 0.772, 1476, 0, 580.378, 580.887, 0.509, 1018,     1.291,
 3841, 1, 580.189, 580.189, 580.199, 0.01, 18, 580.199, 580.925, 0.726, 1375, 0, 580.925, 580.997, 0.072, 144,     0.808,
 3842, 1, 580.275, 580.275, 580.285, 0.01, 16, 580.285, 581.05, 0.765, 1276, 0, 581.05, 581.06, 0.01, 17,     0.785,
 3843, 1, 580.292, 580.292, 580.319, 0.027, 61, 580.319, 581.07, 0.751, 1560, 0, 581.07, 581.217, 0.147, 294,     0.925,
 3844, 1, 580.319, 580.319, 580.371, 0.052, 121, 580.371, 581.174, 0.803, 1442, 0, 581.174, 581.336, 0.162, 306,     1.017,
 3847, 1, 580.834, 580.834, 580.841, 0.007, 16, 580.841, 581.575, 0.734, 1345, 0, 581.575, 581.597, 0.022, 44,     0.763,
 3845, 1, 580.701, 580.701, 580.711, 0.01, 5, 580.711, 581.555, 0.844, 2009, 0, 581.555, 581.613, 0.058, 123,     0.912,
 3848, 1, 580.92, 580.92, 580.933, 0.013, 26, 580.933, 581.673, 0.74, 2299, 0, 581.673, 581.716, 0.043, 87,     0.797,
 3846, 1, 580.799, 580.799, 581.031, 0.232, 465, 581.031, 581.747, 0.715, 1254, 0, 581.747, 581.761, 0.014, 29,     0.962,
 3850, 1, 581.098, 581.098, 581.196, 0.098, 184, 581.196, 581.917, 0.721, 1583, 0, 581.917, 581.945, 0.028, 56,     0.847,
 3851, 1, 581.434, 581.434, 581.466, 0.032, 68, 581.466, 582.186, 0.72, 1027, 0, 582.186, 582.196, 0.01, 11,     0.762,
 3852, 1, 581.798, 581.798, 582.073, 0.274, 549, 582.073, 582.803, 0.731, 1765, 0, 582.803, 582.837, 0.034, 68,     1.039,
 3853, 1, 581.906, 581.906, 582.197, 0.291, 235, 582.197, 582.958, 0.761, 1341, 0, 582.958, 583.013, 0.055, 111,     1.107,
 3854, 1, 582.062, 582.062, 582.268, 0.206, 143, 582.268, 583.053, 0.785, 1141, 0, 583.053, 583.088, 0.035, 50,     1.025,
 3855, 1, 582.292, 582.292, 582.292, 0, 18, 582.292, 583.053, 0.761, 1518, 0, 583.053, 583.478, 0.426, 852,     1.187,
 3857, 1, 582.551, 582.551, 582.758, 0.207, 415, 582.758, 583.488, 0.73, 1224, 0, 583.488, 583.504, 0.016, 53,     0.954,
 3856, 1, 582.341, 582.341, 582.908, 0.567, 1124, 582.908, 583.666, 0.759, 1543, 0, 583.666, 583.676, 0.01, 10,     1.336,
 3849, 1, 581.014, 581.014, 582.376, 1.362, 2686, 582.376, 583.159, 0.783, 1351, 0, 583.159, 583.701, 0.543, 1086,     2.688,
 3859, 1, 582.898, 582.898, 582.918, 0.02, 36, 582.918, 583.737, 0.82, 1277, 0, 583.737, 583.747, 0.01, 13,     0.850,
 3858, 1, 582.854, 582.854, 582.864, 0.01, 17, 582.864, 583.582, 0.718, 1977, 0, 583.582, 583.894, 0.313, 626,     1.041,
 3861, 1, 583.212, 583.212, 583.233, 0.021, 50, 583.233, 584.003, 0.77, 1340, 0, 584.003, 584.02, 0.018, 35,     0.808,
 3862, 1, 583.976, 583.976, 584.08, 0.103, 198, 584.08, 584.799, 0.719, 1484, 0, 584.799, 584.809, 0.01, 7,     0.832,
 3864, 1, 584.066, 584.066, 584.09, 0.024, 8, 584.09, 584.829, 0.739, 1477, 0, 584.829, 584.86, 0.031, 25,     0.794,
 3866, 1, 584.204, 584.204, 584.372, 0.168, 170, 584.372, 585.101, 0.73, 530, 0, 585.101, 585.141, 0.04, 75,     0.938,
 3865, 1, 584.191, 584.191, 584.269, 0.078, 156, 584.269, 585.047, 0.779, 1863, 0, 585.047, 585.151, 0.104, 192,     0.960,
 3867, 1, 584.233, 584.233, 584.44, 0.207, 137, 584.44, 585.171, 0.731, 1554, 0, 585.171, 585.307, 0.136, 267,     1.074,
 3863, 1, 583.984, 583.984, 584.494, 0.51, 1033, 584.494, 585.297, 0.803, 1322, 0, 585.297, 585.39, 0.093, 187,     1.406,
 3870, 1, 584.538, 584.538, 584.661, 0.123, 141, 584.661, 585.421, 0.76, 1383, 0, 585.421, 585.431, 0.01, 6,     0.893,
 3868, 1, 584.384, 584.384, 584.578, 0.194, 270, 584.578, 585.392, 0.814, 1567, 0, 585.392, 585.441, 0.049, 90,     1.057,
 3860, 1, 583.123, 583.123, 583.162, 0.039, 65, 583.162, 583.931, 0.769, 1393, 0, 583.931, 585.518, 1.587, 3174,     2.394,
 3869, 1, 584.396, 584.396, 584.673, 0.277, 337, 584.673, 585.547, 0.874, 1742, 0, 585.547, 585.557, 0.01, 1,     1.161,
 3872, 1, 584.888, 584.888, 584.91, 0.023, 51, 584.91, 585.674, 0.764, 1709, 0, 585.674, 585.688, 0.014, 27,     0.800,
 3871, 1, 584.82, 584.82, 584.828, 0.009, 8, 584.828, 585.654, 0.826, 1468, 0, 585.654, 585.713, 0.058, 117,     0.893,
 3873, 1, 585.274, 585.274, 585.379, 0.105, 189, 585.379, 586.093, 0.714, 1441, 0, 586.093, 586.118, 0.025, 50,     0.844,
 3874, 1, 585.538, 585.538, 585.613, 0.075, 140, 585.613, 586.324, 0.712, 1302, 0, 586.324, 586.341, 0.017, 34,     0.803,
 3876, 1, 585.603, 585.603, 585.737, 0.135, 249, 585.737, 586.462, 0.725, 1110, 0, 586.462, 586.545, 0.083, 166,     0.942,
 3878, 1, 585.843, 585.843, 586.1, 0.257, 406, 586.1, 586.819, 0.719, 1743, 0, 586.819, 586.848, 0.029, 58,     1.005,
 3879, 1, 585.939, 585.939, 586.207, 0.268, 216, 586.207, 586.925, 0.718, 1391, 0, 586.925, 586.956, 0.031, 62,     1.016,
 3880, 1, 586.32, 586.32, 586.32, 0, 9, 586.32, 587.083, 0.763, 1445, 0, 587.083, 587.111, 0.029, 57,     0.792,
 3881, 1, 586.462, 586.462, 586.477, 0.015, 39, 586.477, 587.203, 0.726, 1199, 0, 587.203, 587.415, 0.212, 424,     0.953,
 3882, 1, 586.578, 586.578, 586.588, 0.01, 8, 586.588, 587.415, 0.827, 1043, 0, 587.415, 587.425, 0.01, 5,     0.847,
 3875, 1, 585.546, 585.546, 586.67, 1.124, 2249, 586.67, 587.459, 0.789, 1697, 0, 587.459, 587.469, 0.01, 11,     1.923,
 3883, 1, 586.846, 586.846, 586.948, 0.102, 213, 586.948, 587.665, 0.717, 1583, 0, 587.665, 587.675, 0.01, 10,     0.829,
 3884, 1, 586.957, 586.957, 586.962, 0.005, 26, 586.962, 587.697, 0.735, 1762, 0, 587.697, 587.707, 0.01, 12,     0.750,
 3877, 1, 585.79, 585.79, 585.885, 0.095, 191, 585.885, 586.606, 0.721, 1597, 0, 586.606, 587.766, 1.16, 2320,     1.976,
 3886, 1, 587.12, 587.12, 587.174, 0.054, 99, 587.174, 587.919, 0.745, 1392, 0, 587.919, 587.938, 0.019, 39,     0.818,
 3885, 1, 587.046, 587.046, 587.228, 0.182, 353, 587.228, 587.951, 0.723, 881, 0, 587.951, 587.961, 0.01, 19,     0.915,
 3887, 1, 587.429, 587.429, 587.468, 0.039, 83, 587.468, 588.204, 0.736, 1736, 0, 588.204, 588.214, 0.01, 2,     0.785,
 3888, 1, 587.482, 587.482, 587.528, 0.046, 74, 587.528, 588.244, 0.716, 1637, 0, 588.244, 588.262, 0.018, 35,     0.780,
 3889, 1, 587.506, 587.506, 587.574, 0.068, 137, 587.574, 588.504, 0.93, 1506, 0, 588.504, 588.514, 0.01, 8,     1.008,
 3892, 1, 587.704, 587.704, 587.774, 0.07, 119, 587.774, 588.711, 0.937, 1798, 0, 588.711, 588.762, 0.051, 102,     1.058,
 3891, 1, 587.574, 587.574, 587.664, 0.09, 158, 587.664, 588.504, 0.84, 1593, 0, 588.504, 588.811, 0.308, 598,     1.237,
 3894, 1, 588.211, 588.211, 588.221, 0.01, 16, 588.221, 588.983, 0.762, 1219, 0, 588.983, 589.001, 0.018, 36,     0.790,
 3893, 1, 588.02, 588.02, 588.299, 0.279, 550, 588.299, 589.139, 0.84, 990, 0, 589.139, 589.165, 0.026, 52,     1.144,
 3890, 1, 587.518, 587.518, 587.542, 0.024, 10, 587.542, 588.462, 0.92, 2266, 0, 588.462, 589.205, 0.743, 1449,     1.687,
 3896, 1, 588.53, 588.53, 588.538, 0.008, 6, 588.538, 589.313, 0.775, 2046, 0, 589.313, 589.388, 0.075, 147,     0.857,
 3897, 1, 588.538, 588.538, 588.57, 0.032, 66, 588.57, 589.388, 0.817, 1210, 0, 589.388, 589.398, 0.01, 15,     0.860,
 3895, 1, 588.387, 588.387, 588.393, 0.006, 20, 588.393, 589.234, 0.842, 1460, 0, 589.234, 589.414, 0.179, 359,     1.027,
 3898, 1, 588.732, 588.732, 588.742, 0.01, 18, 588.742, 589.457, 0.715, 1622, 0, 589.457, 589.484, 0.027, 54,     0.752,
 3899, 1, 588.795, 588.795, 588.811, 0.016, 32, 588.811, 589.581, 0.769, 1466, 0, 589.581, 589.621, 0.04, 80,     0.825,
 3900, 1, 588.919, 588.919, 588.973, 0.055, 102, 588.973, 589.717, 0.744, 1897, 0, 589.717, 590.014, 0.297, 594,     1.095,
 3901, 1, 589.147, 589.147, 589.251, 0.104, 209, 589.251, 589.966, 0.715, 1885, 0, 589.966, 590.014, 0.048, 80,     0.866,
 3903, 1, 589.244, 589.244, 589.284, 0.04, 62, 589.284, 590.04, 0.756, 1064, 0, 590.04, 590.109, 0.069, 125,     0.865,
 3902, 1, 589.226, 589.226, 589.226, 0, 4, 589.226, 589.955, 0.729, 1318, 0, 589.955, 590.225, 0.27, 530,     0.999,
 3904, 1, 589.34, 589.34, 589.37, 0.03, 60, 589.37, 590.225, 0.855, 1542, 0, 590.225, 590.437, 0.212, 424,     1.097,
 3906, 1, 589.82, 589.82, 589.83, 0.01, 22, 589.83, 590.557, 0.727, 1964, 0, 590.557, 590.568, 0.01, 21,     0.748,
 3905, 1, 589.801, 589.801, 589.816, 0.015, 34, 589.816, 590.537, 0.721, 1450, 0, 590.537, 590.628, 0.09, 181,     0.827,
 3907, 1, 590.579, 590.579, 590.589, 0.01, 15, 590.589, 591.318, 0.729, 1692, 0, 591.318, 591.328, 0.01, 3,     0.749,
 3909, 1, 590.823, 590.823, 591.32, 0.497, 994, 591.32, 592.06, 0.74, 1451, 0, 592.06, 592.135, 0.074, 149,     1.311,
 3910, 1, 590.929, 590.929, 591.545, 0.616, 451, 591.545, 592.272, 0.727, 1507, 0, 592.272, 592.312, 0.04, 80,     1.383,
 3911, 1, 591, 591, 591.785, 0.786, 481, 591.785, 592.508, 0.723, 1603, 0, 592.508, 592.534, 0.025, 51,     1.534,
 3914, 1, 591.532, 591.532, 592.074, 0.542, 126, 592.074, 592.789, 0.715, 1207, 0, 592.789, 592.813, 0.024, 47,     1.281,
 3913, 1, 591.41, 591.41, 591.999, 0.589, 30, 591.999, 592.727, 0.728, 1320, 0, 592.727, 592.966, 0.238, 477,     1.556,
 3908, 1, 590.794, 590.794, 592.084, 1.29, 2594, 592.084, 592.955, 0.871, 1513, 0, 592.955, 592.986, 0.03, 22,     2.192,
 3916, 1, 591.718, 591.718, 592.094, 0.376, 4, 592.094, 593.018, 0.924, 1669, 0, 593.018, 593.081, 0.063, 126,     1.363,
 3917, 1, 591.739, 591.739, 592.114, 0.375, 36, 592.114, 593.045, 0.931, 1514, 0, 593.045, 593.123, 0.077, 155,     1.384,
 3915, 1, 591.644, 591.644, 592.084, 0.441, 10, 592.084, 592.989, 0.905, 1476, 0, 592.989, 593.184, 0.194, 396,     1.540,
 3919, 1, 592.074, 592.074, 592.134, 0.06, 33, 592.134, 593.219, 1.085, 1752, 0, 593.219, 593.261, 0.042, 72,     1.187,
 3918, 1, 591.951, 591.951, 592.154, 0.203, 86, 592.154, 593.251, 1.097, 1439, 0, 593.251, 593.353, 0.102, 205,     1.403,
 3920, 1, 592.581, 592.581, 592.591, 0.01, 20, 592.591, 593.307, 0.716, 1632, 0, 593.307, 593.44, 0.133, 266,     0.859,
 3912, 1, 591.11, 591.11, 591.968, 0.859, 366, 591.968, 592.695, 0.727, 2026, 0, 592.695, 593.521, 0.825, 1649,     2.411,
 3922, 1, 592.758, 592.758, 592.791, 0.033, 83, 592.791, 593.721, 0.93, 1485, 0, 593.721, 593.738, 0.016, 33,     0.980,
 3924, 1, 592.997, 592.997, 593.104, 0.107, 228, 593.104, 593.816, 0.712, 868, 0, 593.816, 593.826, 0.01, 12,     0.829,
 3923, 1, 592.892, 592.892, 592.903, 0.011, 22, 592.903, 593.75, 0.847, 1493, 0, 593.75, 594.031, 0.281, 562,     1.138,
 3926, 1, 593.249, 593.249, 593.272, 0.022, 28, 593.272, 594.239, 0.967, 1705, 0, 594.239, 594.278, 0.039, 79,     1.029,
 3927, 1, 593.333, 593.333, 593.343, 0.01, 27, 593.343, 594.317, 0.974, 1770, 0, 594.317, 594.331, 0.014, 29,     0.998,
 3928, 1, 593.48, 593.48, 593.48, 0, 16, 593.48, 594.317, 0.837, 1026, 0, 594.317, 594.348, 0.032, 63,     0.868,
 3925, 1, 593.218, 593.218, 593.283, 0.064, 129, 593.283, 594.249, 0.966, 1442, 0, 594.249, 594.36, 0.111, 222,     1.141,
 3930, 1, 593.634, 593.634, 593.713, 0.079, 169, 593.713, 594.505, 0.791, 1658, 0, 594.505, 594.515, 0.01, 16,     0.880,
 3929, 1, 593.605, 593.605, 593.662, 0.057, 113, 593.662, 594.495, 0.833, 1682, 0, 594.495, 594.525, 0.03, 60,     0.919,
 3931, 1, 593.942, 593.942, 593.984, 0.041, 89, 593.984, 594.744, 0.76, 1454, 0, 594.744, 594.768, 0.024, 48,     0.826,
 3921, 1, 592.719, 592.719, 592.763, 0.044, 97, 592.763, 593.538, 0.775, 2061, 0, 593.538, 594.802, 1.264, 2543,     2.083,
 3932, 1, 594.06, 594.06, 594.096, 0.036, 34, 594.096, 594.932, 0.836, 1316, 0, 594.932, 594.946, 0.014, 29,     0.886,
 3933, 1, 594.434, 594.434, 594.465, 0.031, 38, 594.465, 595.261, 0.796, 1526, 0, 595.261, 595.281, 0.02, 41,     0.848,
 3934, 1, 594.604, 594.604, 594.639, 0.035, 72, 594.639, 595.354, 0.715, 1340, 0, 595.354, 595.364, 0.01, 18,     0.761,
 3935, 1, 594.683, 594.683, 594.691, 0.008, 17, 594.691, 595.412, 0.721, 1944, 0, 595.412, 595.538, 0.126, 252,     0.855,
 3936, 1, 594.832, 594.832, 594.842, 0.01, 1, 594.842, 595.554, 0.712, 1778, 0, 595.554, 595.571, 0.016, 33,     0.738,
 3937, 1, 594.884, 594.884, 594.964, 0.08, 143, 594.964, 595.692, 0.728, 1952, 0, 595.692, 595.722, 0.03, 50,     0.838,
 3938, 1, 595.166, 595.166, 595.171, 0.005, 17, 595.171, 595.953, 0.782, 888, 0, 595.953, 596.016, 0.063, 145,     0.850,
 3939, 1, 595.337, 595.337, 595.337, 0, 9, 595.337, 596.16, 0.824, 1034, 0, 596.16, 596.193, 0.033, 65,     0.856,
 3941, 1, 595.541, 595.541, 595.583, 0.042, 57, 595.583, 596.296, 0.713, 1859, 0, 596.296, 596.383, 0.087, 164,     0.842,
 3940, 1, 595.523, 595.523, 595.647, 0.125, 234, 595.647, 596.41, 0.762, 1452, 0, 596.41, 596.467, 0.057, 114,     0.944,
 3943, 1, 595.801, 595.801, 595.845, 0.044, 104, 595.845, 596.662, 0.817, 1500, 0, 596.662, 596.705, 0.043, 86,     0.904,
 3944, 1, 595.869, 595.869, 595.869, 0, 9, 595.869, 596.764, 0.895, 1180, 0, 596.764, 596.805, 0.041, 71,     0.936,
 3942, 1, 595.68, 595.68, 595.952, 0.272, 548, 595.952, 596.881, 0.93, 2405, 0, 596.881, 596.911, 0.029, 59,     1.231,
 3945, 1, 595.919, 595.919, 596.118, 0.198, 359, 596.118, 596.915, 0.798, 1516, 0, 596.915, 596.931, 0.016, 41,     1.012,
 3946, 1, 596.142, 596.142, 596.181, 0.038, 63, 596.181, 597.049, 0.869, 1436, 0, 597.049, 597.157, 0.108, 215,     1.015,
 3947, 1, 596.45, 596.45, 596.582, 0.132, 265, 596.582, 597.299, 0.716, 1303, 0, 597.299, 597.309, 0.01, 8,     0.859,
 3948, 1, 596.587, 596.587, 596.66, 0.073, 120, 596.66, 597.377, 0.717, 2010, 0, 597.377, 597.407, 0.03, 60,     0.820,
 3949, 1, 596.678, 596.678, 596.705, 0.027, 60, 596.705, 597.437, 0.732, 1507, 0, 597.437, 597.447, 0.01, 15,     0.769,
 3950, 1, 596.926, 596.926, 596.95, 0.025, 38, 596.95, 597.666, 0.716, 1400, 0, 597.666, 597.689, 0.023, 45,     0.763,
 3953, 1, 597.933, 597.933, 597.933, 0, 10, 597.933, 598.646, 0.713, 2132, 0, 598.646, 598.677, 0.03, 61,     0.744,
 3956, 1, 598.195, 598.195, 598.205, 0.01, 3, 598.205, 598.937, 0.732, 1728, 0, 598.937, 598.947, 0.01, 14,     0.752,
 3955, 1, 598.166, 598.166, 598.205, 0.039, 60, 598.205, 598.937, 0.732, 1413, 0, 598.937, 598.977, 0.04, 80,     0.811,
 3958, 1, 598.291, 598.291, 598.307, 0.016, 45, 598.307, 599.052, 0.745, 1447, 0, 599.052, 599.083, 0.031, 44,     0.793,
 3954, 1, 598.051, 598.051, 598.099, 0.048, 95, 598.099, 598.823, 0.724, 1387, 0, 598.823, 599.229, 0.405, 801,     1.177,
 3960, 1, 598.493, 598.493, 598.493, 0, 12, 598.493, 599.219, 0.725, 1728, 0, 599.219, 599.324, 0.105, 210,     0.830,
 3957, 1, 598.274, 598.274, 598.321, 0.048, 71, 598.321, 599.073, 0.752, 1596, 0, 599.073, 599.352, 0.279, 557,     1.078,
 3959, 1, 598.461, 598.461, 598.471, 0.01, 5, 598.471, 599.199, 0.728, 1080, 0, 599.199, 599.454, 0.255, 510,     0.993,
 3962, 1, 599.034, 599.034, 599.044, 0.01, 13, 599.044, 599.769, 0.725, 1843, 0, 599.769, 599.779, 0.01, 20,     0.745,
 3952, 1, 597.238, 597.238, 597.266, 0.028, 56, 597.266, 598, 0.734, 1460, 0, 598, 599.879, 1.879, 3759,     2.641,
 3963, 1, 599.112, 599.112, 599.178, 0.066, 132, 599.178, 599.894, 0.716, 1760, 0, 599.894, 599.904, 0.01, 8,     0.792,
 3961, 1, 598.499, 598.499, 599.732, 1.233, 2466, 599.732, 600.468, 0.736, 1593, 0, 600.468, 600.479, 0.011, 23,     1.981,
 3964, 1, 599.637, 599.637, 599.756, 0.119, 238, 599.756, 600.518, 0.763, 925, 0, 600.518, 600.529, 0.011, 26,     0.893,
 3965, 1, 599.821, 599.821, 599.878, 0.057, 114, 599.878, 600.697, 0.819, 1304, 0, 600.697, 600.707, 0.01, 5,     0.886,
 3966, 1, 600.196, 600.196, 600.243, 0.047, 64, 600.243, 601.018, 0.774, 1452, 0, 601.018, 601.028, 0.01, 18,     0.832,
 3967, 1, 600.496, 600.496, 600.513, 0.018, 50, 600.513, 601.232, 0.719, 1237, 0, 601.232, 601.242, 0.01, 15,     0.747,
 3968, 1, 600.522, 600.522, 600.527, 0.006, 20, 600.527, 601.242, 0.715, 1525, 0, 601.242, 601.329, 0.087, 174,     0.808,
 3969, 1, 600.537, 600.537, 600.537, 0, 18, 600.537, 601.267, 0.731, 1735, 0, 601.267, 601.391, 0.124, 248,     0.855,
 3970, 1, 600.626, 600.626, 600.75, 0.124, 257, 600.75, 601.482, 0.733, 1617, 0, 601.482, 601.512, 0.029, 59,     0.886,
 3971, 1, 600.959, 600.959, 601.134, 0.175, 344, 601.134, 601.851, 0.717, 1341, 0, 601.851, 602.017, 0.165, 331,     1.057,
 3951, 1, 597.019, 597.019, 597.3, 0.28, 580, 597.3, 598.033, 0.734, 1903, 0, 598.033, 603.887, 5.854, 11709,     6.868,
#======================================
#Number of workloads:3922
#Timeout workloads:50
#Timeout workloads per cent:0
#Over workloads:0
#Over workloads per cent:0
#Number of Cloudlets:7844
#Over Cloudlets:0
#Over Cloudlets per cent:0
#Number of transmissions:3922
#Over transmissions:3922
#Over transmissions per cent:1
#======================================
#Total serve time:6889.688199999787
#CPU serve time:2140.3850999999204
#Network serve time:4749.3030999998855
#Average total serve time:1.7566772565017303
#Average CPU serve time per workload:0.5457381693013565
#Average network serve time per workload:1.2109390872003787
#Average CPU serve time per Cloudlet:0.2728690846506783
#Average network serve time per transmission:1.2109390872003787
