Workload_ID,    App_ID,SubmitTime,Pr:StartTime,Pr:EndTime,Pr:CPUTime,   Pr:Size,Tr:StartTime,Tr:EndTime,Tr:NetworkTime,   Tr:Size,Tr:Channel,Pr:StartTime,Pr:EndTime,Pr:CPUTime,   Pr:Size,ResponseTime,
 0, 0, 0.294, 0.294, 0.304, 0.01, 20, 0.304, 1.615, 1.31, 1597, 2, 1.615, 1.638, 0.024, 47,     1.344,
 1, 0, 0.377, 0.377, 0.403, 0.026, 51, 0.403, 1.865, 1.462, 1421, 2, 1.865, 1.892, 0.027, 54,     1.515,
 2, 0, 0.482, 0.482, 0.492, 0.01, 10, 0.492, 2.115, 1.623, 1745, 2, 2.115, 2.17, 0.055, 111,     1.688,
 3, 0, 0.565, 0.565, 0.575, 0.01, 5, 0.575, 2.382, 1.808, 1740, 2, 2.382, 2.392, 0.01, 1,     1.828,
 4, 0, 0.908, 0.908, 0.921, 0.012, 25, 0.921, 3.39, 2.47, 1600, 2, 3.39, 3.476, 0.086, 172,     2.568,
 5, 0, 1.992, 1.992, 2.002, 0.01, 15, 2.002, 5.401, 3.399, 1583, 2, 5.401, 5.413, 0.013, 25,     3.421,
 7, 0, 2.09, 2.09, 2.108, 0.018, 36, 2.108, 5.657, 3.549, 1709, 2, 5.657, 5.667, 0.01, 5,     3.577,
 6, 0, 2.032, 2.032, 2.171, 0.139, 278, 2.171, 6.157, 3.985, 1563, 2, 6.157, 6.167, 0.01, 12,     4.134,
 8, 0, 2.169, 2.169, 2.191, 0.022, 43, 2.191, 6.406, 4.215, 1696, 2, 6.406, 6.474, 0.069, 137,     4.306,
 9, 0, 2.204, 2.204, 2.218, 0.014, 35, 2.218, 6.657, 4.439, 1728, 2, 6.657, 6.672, 0.015, 30,     4.468,
 10, 0, 2.558, 2.558, 2.558, 0, 10, 2.558, 7.418, 4.86, 1238, 2, 7.418, 7.428, 0.01, 3,     4.870,
 11, 0, 2.732, 2.732, 2.826, 0.094, 189, 2.826, 7.92, 5.094, 2033, 2, 7.92, 7.937, 0.016, 33,     5.205,
 12, 0, 2.743, 2.743, 2.951, 0.209, 394, 2.951, 8.181, 5.23, 1689, 2, 8.181, 8.254, 0.072, 145,     5.511,
 14, 0, 3.129, 3.129, 3.187, 0.058, 116, 3.187, 9.438, 6.251, 1687, 2, 9.438, 9.702, 0.264, 526,     6.573,
 15, 0, 3.287, 3.287, 3.722, 0.436, 872, 3.722, 10.44, 6.718, 1857, 2, 10.44, 10.463, 0.023, 46,     7.177,
 16, 0, 3.323, 3.323, 3.75, 0.427, 37, 3.75, 10.7, 6.95, 1117, 2, 10.7, 10.758, 0.058, 116,     7.435,
 17, 0, 3.345, 3.345, 3.774, 0.429, 36, 3.774, 10.955, 7.181, 1238, 2, 10.955, 11.063, 0.108, 216,     7.718,
 18, 0, 3.433, 3.433, 3.784, 0.351, 19, 3.784, 11.222, 7.438, 1583, 2, 11.222, 11.232, 0.01, 14,     7.799,
 20, 0, 3.75, 3.75, 3.855, 0.105, 62, 3.855, 11.979, 8.124, 1664, 2, 11.979, 12.045, 0.066, 131,     8.295,
 19, 0, 3.651, 3.651, 3.824, 0.172, 74, 3.824, 11.729, 7.905, 1375, 2, 11.729, 12.102, 0.373, 746,     8.451,
 13, 0, 2.797, 2.797, 4.092, 1.294, 2497, 4.092, 13.235, 9.143, 1051, 2, 13.235, 13.266, 0.031, 63,    10.469,
 22, 0, 4.491, 4.491, 4.537, 0.047, 66, 4.537, 14.263, 9.726, 1416, 2, 14.263, 14.281, 0.018, 35,     9.790,
 21, 0, 4.351, 4.351, 4.362, 0.011, 22, 4.362, 13.764, 9.402, 1250, 2, 13.764, 15.017, 1.253, 2506,    10.665,
 23, 0, 4.692, 4.692, 5, 0.308, 629, 5, 15.28, 10.28, 1527, 2, 15.28, 15.294, 0.014, 28,    10.602,
 26, 0, 4.891, 4.891, 5.048, 0.157, 44, 5.048, 15.785, 10.737, 1351, 2, 15.785, 15.894, 0.109, 218,    11.004,
 27, 0, 4.97, 4.97, 5.062, 0.092, 19, 5.062, 16.035, 10.973, 1470, 2, 16.035, 16.05, 0.015, 31,    11.080,
 93, 0, 15.229, 15.229, 15.432, 0.203, 406, 15.432, 16.438, 1.006, 1667, 2, 16.438, 16.597, 0.159, 318,     1.368,
 24, 0, 4.769, 4.769, 5.372, 0.603, 1172, 5.372, 16.794, 11.421, 1940, 2, 16.794, 16.883, 0.089, 178,    12.113,
 37, 0, 7.165, 7.165, 7.303, 0.138, 274, 7.303, 17.321, 10.018, 1326, 2,TimeOut
 38, 0, 7.38, 7.38, 7.406, 0.026, 68, 7.406, 17.461, 10.055, 1920, 2,TimeOut
 39, 0, 7.478, 7.478, 7.547, 0.069, 138, 7.547, 17.587, 10.04, 1596, 2,TimeOut
 28, 0, 5.676, 5.676, 5.694, 0.018, 56, 5.694, 17.542, 11.848, 1754, 2, 17.542, 17.593, 0.051, 102,    11.917,
 40, 0, 7.683, 7.683, 7.707, 0.024, 44, 7.707, 17.736, 10.029, 1802, 2,TimeOut
 29, 0, 5.755, 5.755, 5.765, 0.01, 12, 5.765, 17.791, 12.026, 1187, 2, 17.791, 17.801, 0.01, 13,    12.046,
 41, 0, 7.856, 7.856, 7.866, 0.01, 10, 7.866, 17.91, 10.044, 1342, 2,TimeOut
 42, 0, 7.92, 7.92, 7.96, 0.04, 52, 7.96, 17.986, 10.026, 1463, 2,TimeOut
 44, 0, 8.152, 8.152, 8.179, 0.027, 59, 8.179, 18.223, 10.043, 1627, 2,TimeOut
 43, 0, 8.073, 8.073, 8.21, 0.137, 274, 8.21, 18.235, 10.026, 1429, 2,TimeOut
 98, 0, 16.427, 16.427, 16.577, 0.15, 317, 16.577, 18.227, 1.65, 1538, 2, 18.227, 18.237, 0.01, 1,     1.810,
 25, 0, 4.808, 4.808, 5.014, 0.206, 1, 5.014, 15.536, 10.522, 2140, 2, 15.536, 18.252, 2.716, 5433,    13.444,
 30, 0, 5.871, 5.871, 5.881, 0.01, 7, 5.881, 18.29, 12.409, 1948, 2, 18.29, 18.302, 0.012, 23,    12.431,
 45, 0, 8.214, 8.214, 8.304, 0.089, 189, 8.304, 18.392, 10.088, 1661, 2,TimeOut
 46, 0, 8.405, 8.405, 8.428, 0.024, 47, 8.428, 18.458, 10.03, 1921, 2,TimeOut
 31, 0, 5.883, 5.883, 5.936, 0.052, 72, 5.936, 18.54, 12.604, 1840, 2, 18.54, 18.704, 0.164, 328,    12.820,
 102, 0, 16.664, 16.664, 16.719, 0.055, 10, 16.719, 18.726, 2.006, 1084, 2, 18.726, 18.78, 0.054, 108,     2.115,
 47, 0, 8.814, 8.814, 8.831, 0.018, 35, 8.831, 18.853, 10.022, 1692, 2,TimeOut
 48, 0, 8.841, 8.841, 8.845, 0.004, 22, 8.845, 18.867, 10.022, 1709, 2,TimeOut
 100, 0, 16.465, 16.465, 16.64, 0.175, 89, 16.64, 18.476, 1.837, 1487, 2, 18.476, 19.303, 0.826, 1653,     2.838,
 50, 0, 9.441, 9.441, 9.451, 0.01, 10, 9.451, 19.477, 10.026, 1313, 2,TimeOut
 52, 0, 9.534, 9.534, 9.556, 0.022, 44, 9.556, 19.571, 10.014, 1846, 2,TimeOut
 51, 0, 9.512, 9.512, 9.568, 0.055, 94, 9.568, 19.584, 10.016, 1699, 2,TimeOut
 53, 0, 9.895, 9.895, 10.082, 0.187, 345, 10.082, 20.208, 10.126, 1629, 2,TimeOut
 55, 0, 10.083, 10.083, 10.108, 0.025, 40, 10.108, 20.208, 10.099, 1665, 2,TimeOut
 56, 0, 10.098, 10.098, 10.142, 0.044, 85, 10.142, 20.208, 10.065, 1504, 2,TimeOut
 57, 0, 10.212, 10.212, 10.223, 0.011, 23, 10.223, 20.243, 10.019, 1633, 2,TimeOut
 58, 0, 10.233, 10.233, 10.281, 0.048, 85, 10.281, 20.332, 10.051, 1595, 2,TimeOut
 59, 0, 10.334, 10.334, 10.344, 0.01, 7, 10.344, 20.365, 10.02, 1181, 2,TimeOut
 60, 0, 10.644, 10.644, 10.7, 0.056, 88, 10.7, 20.716, 10.016, 1667, 2,TimeOut
 33, 0, 6.543, 6.543, 6.601, 0.058, 118, 6.601, 20.573, 13.972, 1866, 2, 20.573, 20.731, 0.158, 316,    14.187,
 121, 0, 19.755, 19.755, 20.031, 0.276, 108, 20.031, 20.763, 0.733, 1679, 2, 20.763, 20.803, 0.04, 80,     1.049,
 106, 0, 17.334, 17.334, 19.027, 1.693, 90, 19.027, 20.792, 1.765, 1773, 2, 20.792, 20.832, 0.04, 61,     3.499,
 34, 0, 6.659, 6.659, 6.81, 0.151, 303, 6.81, 20.822, 14.012, 1484, 2, 20.822, 20.842, 0.02, 38,    14.184,
 32, 0, 6.518, 6.518, 6.528, 0.01, 13, 6.528, 20.323, 13.795, 1570, 2, 20.323, 20.956, 0.633, 1267,    14.438,
 61, 0, 10.99, 10.99, 11, 0.01, 20, 11, 21.022, 10.022, 1367, 2,TimeOut
 63, 0, 11.201, 11.201, 11.209, 0.008, 23, 11.209, 21.232, 10.022, 1208, 2,TimeOut
 62, 0, 11.141, 11.141, 11.303, 0.162, 324, 11.303, 21.318, 10.015, 1802, 2,TimeOut
 36, 0, 7.106, 7.106, 7.118, 0.011, 23, 7.118, 21.335, 14.217, 1144, 2, 21.335, 21.349, 0.014, 35,    14.242,
 65, 0, 11.318, 11.318, 11.328, 0.01, 22, 11.328, 21.356, 10.028, 1637, 2,TimeOut
 64, 0, 11.236, 11.236, 11.335, 0.099, 187, 11.335, 21.356, 10.021, 1799, 2,TimeOut
 66, 0, 11.335, 11.335, 11.508, 0.173, 343, 11.508, 21.531, 10.023, 1366, 2,TimeOut
 109, 0, 17.587, 17.587, 19.351, 1.764, 92, 19.351, 21.547, 2.195, 1228, 2, 21.547, 21.593, 0.047, 93,     4.006,
 35, 0, 7.092, 7.092, 7.152, 0.06, 91, 7.152, 21.597, 14.445, 1916, 2, 21.597, 21.613, 0.015, 39,    14.520,
 67, 0, 11.359, 11.359, 11.678, 0.319, 636, 11.678, 21.703, 10.025, 1146, 2,TimeOut
 68, 0, 11.779, 11.779, 11.792, 0.013, 26, 11.792, 21.817, 10.025, 1730, 2,TimeOut
 111, 0, 17.913, 17.913, 19.421, 1.508, 112, 19.421, 21.797, 2.375, 927, 2, 21.797, 21.938, 0.141, 300,     4.025,
 128, 0, 20.829, 20.829, 20.968, 0.139, 68, 20.968, 22.033, 1.064, 1303, 2, 22.033, 22.097, 0.064, 129,     1.268,
 112, 0, 18.023, 18.023, 19.557, 1.533, 271, 19.557, 22.046, 2.489, 1328, 2, 22.046, 22.154, 0.108, 190,     4.131,
 70, 0, 12.15, 12.15, 12.17, 0.02, 40, 12.17, 22.191, 10.021, 1649, 2,TimeOut
 71, 0, 12.185, 12.185, 12.37, 0.186, 351, 12.37, 22.403, 10.032, 1004, 2,TimeOut
 73, 0, 12.402, 12.402, 12.412, 0.01, 20, 12.412, 22.545, 10.132, 1517, 2,TimeOut
 74, 0, 12.47, 12.47, 12.488, 0.018, 37, 12.488, 22.545, 10.056, 937, 2,TimeOut
 75, 0, 12.548, 12.548, 12.586, 0.038, 76, 12.586, 22.603, 10.016, 1961, 2,TimeOut
 115, 0, 18.392, 18.392, 19.706, 1.314, 165, 19.706, 22.566, 2.859, 1570, 2, 22.566, 22.693, 0.127, 254,     4.300,
 76, 0, 12.773, 12.773, 12.788, 0.015, 30, 12.788, 22.808, 10.02, 1722, 2,TimeOut
 126, 0, 20.752, 20.752, 21.245, 0.492, 988, 21.245, 22.289, 1.045, 1149, 2, 22.289, 22.866, 0.576, 1141,     2.113,
 49, 0, 9.175, 9.175, 9.226, 0.051, 102, 9.226, 22.856, 13.63, 1438, 2, 22.856, 22.866, 0.01, 3,    13.691,
 103, 0, 16.693, 16.693, 18.769, 2.076, 4101, 18.769, 22.598, 3.828, 1468, 2, 22.598, 22.943, 0.345, 691,     6.250,
 77, 0, 12.952, 12.952, 12.952, 0, 1, 12.952, 22.975, 10.023, 1378, 2,TimeOut
 78, 0, 12.981, 12.981, 13.018, 0.038, 76, 13.018, 23.058, 10.04, 1652, 2,TimeOut
 134, 0, 21.703, 21.703, 21.792, 0.089, 36, 21.792, 23.049, 1.258, 1225, 2, 23.049, 23.059, 0.01, 10,     1.356,
 119, 0, 19.084, 19.084, 19.963, 0.879, 88, 19.963, 23.319, 3.356, 2069, 2, 23.319, 23.373, 0.054, 106,     4.289,
 79, 0, 13.113, 13.113, 13.351, 0.238, 476, 13.351, 23.374, 10.023, 1235, 2,TimeOut
 80, 0, 13.175, 13.175, 13.426, 0.251, 151, 13.426, 23.487, 10.06, 1355, 2,TimeOut
 81, 0, 13.388, 13.388, 13.44, 0.053, 18, 13.44, 23.487, 10.046, 2028, 2,TimeOut
 82, 0, 13.531, 13.531, 13.619, 0.088, 192, 13.619, 23.636, 10.017, 1271, 2,TimeOut
 54, 0, 9.969, 9.969, 9.979, 0.01, 12, 9.979, 23.615, 13.636, 1212, 2, 23.615, 23.737, 0.121, 243,    13.768,
 83, 0, 13.636, 13.636, 13.741, 0.106, 218, 13.741, 23.759, 10.017, 1807, 2,TimeOut
 123, 0, 20.034, 20.034, 20.058, 0.024, 11, 20.058, 23.827, 3.769, 1527, 2, 23.827, 23.837, 0.01, 17,     3.803,
 122, 0, 19.991, 19.991, 20.044, 0.053, 8, 20.044, 23.867, 3.823, 1812, 2, 23.867, 23.884, 0.017, 35,     3.893,
 85, 0, 14.136, 14.136, 14.247, 0.111, 205, 14.247, 24.27, 10.023, 1283, 2,TimeOut
 86, 0, 14.148, 14.148, 14.271, 0.124, 39, 14.271, 24.297, 10.026, 2151, 2,TimeOut
 139, 0, 22.943, 22.943, 22.975, 0.032, 33, 22.975, 24.31, 1.335, 1480, 2, 24.31, 24.337, 0.027, 54,     1.394,
 125, 0, 20.704, 20.704, 20.716, 0.012, 25, 20.716, 24.339, 3.622, 1474, 2, 24.339, 24.349, 0.01, 11,     3.645,
 69, 0, 11.948, 11.948, 12.008, 0.06, 120, 12.008, 24.366, 12.357, 1578, 2, 24.366, 24.392, 0.026, 53,    12.444,
 87, 0, 14.572, 14.572, 14.579, 0.008, 7, 14.579, 24.599, 10.02, 1603, 2,TimeOut
 88, 0, 14.606, 14.606, 14.606, 0, 1, 14.606, 24.633, 10.028, 1490, 2,TimeOut
 89, 0, 14.693, 14.693, 14.743, 0.05, 117, 14.743, 24.758, 10.015, 1670, 2,TimeOut
 90, 0, 14.77, 14.77, 14.825, 0.055, 112, 14.825, 24.849, 10.024, 1244, 2,TimeOut
 140, 0, 23.229, 23.229, 23.36, 0.131, 270, 23.36, 24.874, 1.514, 1328, 2, 24.874, 24.884, 0.01, 4,     1.655,
 130, 0, 21.207, 21.207, 21.232, 0.025, 35, 21.232, 25.09, 3.858, 1606, 2, 25.09, 25.1, 0.01, 2,     3.893,
 91, 0, 15.072, 15.072, 15.109, 0.037, 75, 15.109, 25.132, 10.022, 1221, 2,TimeOut
 142, 0, 23.701, 23.701, 23.745, 0.044, 90, 23.745, 24.808, 1.064, 1476, 2, 24.808, 25.134, 0.325, 635,     1.433,
 84, 0, 14.099, 14.099, 14.099, 0, 9, 14.099, 25.124, 11.025, 1787, 2, 25.124, 25.154, 0.03, 46,    11.055,
 92, 0, 15.196, 15.196, 15.229, 0.033, 53, 15.229, 25.324, 10.095, 1185, 2,TimeOut
 146, 0, 24.065, 24.065, 24.283, 0.218, 250, 24.283, 25.373, 1.09, 1484, 2, 25.373, 25.401, 0.027, 55,     1.336,
 145, 0, 24.013, 24.013, 24.158, 0.145, 291, 24.158, 25.565, 1.407, 1454, 2, 25.565, 25.656, 0.09, 181,     1.643,
 144, 0, 23.971, 23.971, 24.441, 0.471, 958, 24.441, 25.815, 1.374, 1611, 2, 25.815, 25.825, 0.01, 12,     1.854,
 133, 0, 21.661, 21.661, 21.758, 0.097, 212, 21.758, 25.838, 4.081, 1244, 2, 25.838, 25.851, 0.013, 26,     4.191,
 96, 0, 16.074, 16.074, 16.121, 0.047, 104, 16.121, 26.159, 10.038, 1957, 2,TimeOut
 149, 0, 25.501, 25.501, 25.544, 0.044, 92, 25.544, 26.265, 0.721, 1593, 2, 26.265, 26.278, 0.013, 26,     0.778,
 94, 0, 15.355, 15.355, 15.78, 0.425, 696, 15.78, 26.32, 10.54, 1097, 2, 26.32, 26.34, 0.02, 40,    10.985,
 135, 0, 22.167, 22.167, 22.177, 0.01, 20, 22.177, 26.34, 4.163, 1049, 2, 26.34, 26.378, 0.038, 76,     4.211,
 95, 0, 15.927, 15.927, 16.049, 0.122, 239, 16.049, 26.57, 10.521, 1131, 2, 26.57, 26.58, 0.01, 8,    10.653,
 99, 0, 16.434, 16.434, 16.591, 0.157, 4, 16.591, 26.612, 10.021, 1311, 2,TimeOut
 101, 0, 16.63, 16.63, 16.707, 0.078, 136, 16.707, 26.724, 10.017, 1155, 2,TimeOut
 137, 0, 22.758, 22.758, 22.768, 0.01, 14, 22.768, 26.853, 4.086, 1430, 2, 26.853, 26.912, 0.058, 117,     4.154,
 154, 0, 26.401, 26.401, 26.479, 0.079, 45, 26.479, 27.219, 0.74, 1605, 2, 27.219, 27.294, 0.075, 150,     0.894,
 150, 0, 26.092, 26.092, 26.159, 0.067, 141, 26.159, 27.085, 0.926, 1419, 2, 27.085, 27.321, 0.236, 472,     1.230,
 153, 0, 26.377, 26.377, 26.457, 0.08, 145, 26.457, 27.335, 0.879, 1830, 2, 27.335, 27.375, 0.04, 79,     0.998,
 131, 0, 21.336, 21.336, 23.394, 2.058, 4079, 23.394, 27.353, 3.959, 1316, 2, 27.353, 27.52, 0.167, 334,     6.184,
 156, 0, 26.933, 26.933, 26.964, 0.031, 33, 26.964, 27.683, 0.719, 1451, 2, 27.683, 27.758, 0.075, 149,     0.824,
 157, 0, 27.216, 27.216, 27.29, 0.074, 159, 27.29, 28.013, 0.724, 1687, 2, 28.013, 28.05, 0.037, 74,     0.834,
 143, 0, 23.852, 23.852, 23.898, 0.046, 100, 23.898, 28.133, 4.236, 1601, 2, 28.133, 28.157, 0.024, 56,     4.306,
 110, 0, 17.615, 17.615, 19.365, 1.751, 16, 19.365, 23.113, 3.748, 2091, 2, 23.113, 28.176, 5.063, 10130,    10.561,
 97, 0, 16.269, 16.269, 16.419, 0.15, 316, 16.419, 26.925, 10.507, 1350, 2, 26.925, 28.608, 1.682, 3365,    12.339,
 104, 0, 16.803, 16.803, 18.883, 2.08, 229, 18.883, 28.589, 9.705, 1137, 2, 28.589, 28.608, 0.019, 38,    11.804,
 105, 0, 17.137, 17.137, 18.982, 1.845, 176, 18.982, 28.848, 9.866, 1275, 2, 28.848, 28.858, 0.01, 1,    11.721,
 147, 0, 24.43, 24.43, 24.812, 0.382, 764, 24.812, 29.131, 4.32, 1086, 2, 29.131, 29.141, 0.01, 14,     4.711,
 107, 0, 17.387, 17.387, 19.052, 1.665, 37, 19.052, 29.097, 10.045, 1835, 2, 29.097, 29.161, 0.064, 104,    11.774,
 148, 0, 25.173, 25.173, 25.187, 0.014, 28, 25.187, 29.381, 4.194, 1407, 2, 29.381, 29.391, 0.01, 8,     4.218,
 162, 0, 29.104, 29.104, 29.117, 0.013, 26, 29.117, 29.842, 0.725, 2197, 2, 29.842, 29.852, 0.01, 9,     0.748,
 164, 0, 29.153, 29.153, 29.163, 0.01, 18, 29.163, 29.888, 0.725, 1247, 2, 29.888, 29.898, 0.01, 19,     0.745,
 120, 0, 19.225, 19.225, 19.977, 0.752, 6, 19.977, 30, 10.023, 1765, 2,TimeOut
 165, 0, 29.257, 29.257, 29.267, 0.01, 26, 29.267, 30.109, 0.842, 1429, 2, 30.109, 30.131, 0.022, 38,     0.874,
 113, 0, 18.162, 18.162, 19.596, 1.434, 63, 19.596, 30.121, 10.525, 1371, 2, 30.121, 30.168, 0.047, 94,    12.006,
 155, 0, 26.614, 26.614, 26.68, 0.067, 115, 26.68, 30.396, 3.715, 1702, 2, 30.396, 30.457, 0.062, 119,     3.844,
 114, 0, 18.286, 18.286, 19.624, 1.338, 42, 19.624, 30.373, 10.749, 1137, 2, 30.373, 30.491, 0.119, 238,    12.206,
 169, 0, 29.716, 29.716, 29.716, 0, 3, 29.716, 30.609, 0.893, 1593, 2, 30.609, 30.639, 0.03, 51,     0.923,
 116, 0, 18.795, 18.795, 19.74, 0.945, 38, 19.74, 30.629, 10.888, 1633, 2, 30.629, 30.639, 0.01, 2,    11.843,
 168, 0, 29.603, 29.603, 29.667, 0.064, 113, 29.667, 30.511, 0.844, 1671, 2, 30.511, 30.719, 0.209, 418,     1.116,
 108, 0, 17.488, 17.488, 19.297, 1.809, 467, 19.297, 29.607, 10.31, 1374, 2, 29.607, 30.81, 1.204, 2408,    13.322,
 159, 0, 27.593, 27.593, 27.619, 0.026, 27, 27.619, 30.904, 3.285, 2121, 2, 30.904, 30.914, 0.01, 14,     3.322,
 118, 0, 19.006, 19.006, 19.919, 0.913, 54, 19.919, 31.138, 11.218, 1448, 2, 31.138, 31.152, 0.014, 28,    12.146,
 161, 0, 28.023, 28.023, 28.038, 0.015, 30, 28.038, 31.163, 3.125, 1962, 2, 31.163, 31.197, 0.034, 67,     3.174,
 117, 0, 18.858, 18.858, 19.874, 1.016, 269, 19.874, 30.884, 11.01, 1470, 2, 30.884, 31.217, 0.332, 639,    12.359,
 172, 0, 30.427, 30.427, 30.506, 0.079, 147, 30.506, 31.233, 0.728, 1280, 2, 31.233, 31.243, 0.01, 18,     0.816,
 124, 0, 20.226, 20.226, 20.365, 0.139, 278, 20.365, 31.387, 11.023, 1022, 2, 31.387, 31.397, 0.01, 10,    11.171,
 163, 0, 29.148, 29.148, 29.163, 0.015, 32, 29.163, 31.67, 2.507, 921, 2, 31.67, 31.7, 0.03, 57,     2.552,
 72, 0, 12.287, 12.287, 20.839, 8.552, 17096, 20.839, 31.902, 11.063, 2102, 2, 31.902, 31.932, 0.03, 44,    19.645,
 175, 0, 30.961, 30.961, 30.978, 0.017, 49, 30.978, 31.7, 0.722, 1433, 2, 31.7, 31.942, 0.242, 465,     0.981,
 167, 0, 29.493, 29.493, 29.504, 0.011, 22, 29.504, 31.922, 2.418, 975, 2, 31.922, 31.942, 0.02, 26,     2.449,
 176, 0, 31.328, 31.328, 31.39, 0.061, 141, 31.39, 32.122, 0.733, 1267, 2, 32.122, 32.134, 0.012, 24,     0.806,
 127, 0, 20.805, 20.805, 20.934, 0.129, 172, 20.934, 32.152, 11.218, 1666, 2, 32.152, 32.237, 0.084, 169,    11.431,
 129, 0, 21.074, 21.074, 21.126, 0.052, 81, 21.126, 32.414, 11.289, 2158, 2, 32.414, 32.428, 0.014, 45,    11.355,
 170, 0, 29.88, 29.88, 29.905, 0.026, 51, 29.905, 32.432, 2.527, 1397, 2, 32.432, 32.442, 0.01, 15,     2.563,
 171, 0, 30.198, 30.198, 30.471, 0.274, 548, 30.471, 32.686, 2.215, 1390, 2, 32.686, 32.705, 0.019, 39,     2.507,
 182, 0, 31.881, 31.881, 31.891, 0.01, 17, 31.891, 32.706, 0.815, 1557, 2, 32.706, 32.716, 0.01, 13,     0.835,
 132, 0, 21.402, 21.402, 21.43, 0.028, 62, 21.43, 32.925, 11.495, 1609, 2, 32.925, 32.963, 0.038, 77,    11.562,
 184, 0, 32.195, 32.195, 32.27, 0.076, 119, 32.27, 32.986, 0.715, 2192, 2, 32.986, 33.004, 0.018, 36,     0.809,
 173, 0, 30.623, 30.623, 30.623, 0, 1, 30.623, 32.936, 2.313, 2120, 2, 32.936, 33.024, 0.088, 147,     2.401,
 174, 0, 30.922, 30.922, 31.026, 0.104, 185, 31.026, 33.194, 2.168, 1063, 2, 33.194, 33.231, 0.036, 73,     2.308,
 185, 0, 32.287, 32.287, 32.334, 0.047, 91, 32.334, 33.063, 0.728, 1586, 2, 33.063, 33.285, 0.222, 444,     0.998,
 178, 0, 31.547, 31.547, 31.571, 0.024, 48, 31.571, 33.708, 2.137, 1591, 2, 33.708, 33.718, 0.01, 1,     2.171,
 190, 0, 33.005, 33.005, 33.015, 0.01, 1, 33.015, 33.73, 0.715, 1503, 2, 33.73, 33.74, 0.01, 3,     0.735,
 194, 0, 33.245, 33.245, 33.26, 0.014, 30, 33.26, 33.99, 0.73, 1239, 2, 33.99, 34.001, 0.011, 22,     0.756,
 188, 0, 32.714, 32.714, 33.238, 0.524, 1037, 33.238, 33.97, 0.732, 1311, 2, 33.97, 34.046, 0.076, 153,     1.332,
 181, 0, 31.816, 31.816, 31.851, 0.035, 58, 31.851, 32.621, 0.77, 1433, 2, 32.621, 34.066, 1.445, 2856,     2.250,
 183, 0, 31.959, 31.959, 31.991, 0.032, 68, 31.991, 34.208, 2.216, 1591, 2, 34.208, 34.222, 0.014, 28,     2.262,
 193, 0, 33.178, 33.178, 33.336, 0.158, 181, 33.336, 34.228, 0.892, 1517, 2, 34.228, 34.228, 0, 3,     1.050,
 136, 0, 22.684, 22.684, 22.705, 0.021, 42, 22.705, 34.194, 11.489, 1634, 2, 34.194, 34.389, 0.195, 390,    11.705,
 138, 0, 22.798, 22.798, 22.808, 0.01, 15, 22.808, 34.443, 11.635, 1313, 2, 34.443, 34.453, 0.01, 18,    11.655,
 196, 0, 33.879, 33.879, 33.904, 0.025, 51, 33.904, 34.622, 0.718, 1274, 2, 34.622, 34.632, 0.01, 13,     0.753,
 189, 0, 32.765, 32.765, 32.884, 0.119, 239, 32.884, 34.716, 1.832, 1398, 2, 34.716, 34.726, 0.01, 12,     1.961,
 197, 0, 33.937, 33.937, 33.953, 0.016, 31, 33.953, 34.674, 0.722, 1975, 2, 34.674, 34.742, 0.068, 136,     0.805,
 141, 0, 23.653, 23.653, 23.791, 0.138, 242, 23.791, 34.944, 11.154, 1293, 2, 34.944, 34.966, 0.022, 31,    11.314,
 192, 0, 33.066, 33.066, 33.245, 0.18, 5, 33.245, 34.976, 1.731, 2021, 2, 34.976, 34.989, 0.013, 26,     1.924,
 200, 0, 34.217, 34.217, 34.228, 0.011, 24, 34.228, 34.956, 0.728, 1517, 2, 34.956, 35, 0.044, 67,     0.783,
 201, 0, 34.236, 34.236, 34.236, 0, 8, 34.236, 34.956, 0.72, 1752, 2, 34.956, 35.078, 0.121, 243,     0.841,
 198, 0, 34.119, 34.119, 34.371, 0.252, 501, 34.371, 35.213, 0.842, 1612, 2, 35.213, 35.259, 0.046, 92,     1.140,
 199, 0, 34.131, 34.131, 34.157, 0.026, 71, 34.157, 35.497, 1.339, 1690, 2, 35.497, 35.507, 0.01, 1,     1.376,
 203, 0, 34.331, 34.331, 34.341, 0.01, 2, 34.341, 35.761, 1.419, 1389, 2, 35.761, 35.955, 0.194, 376,     1.624,
 206, 0, 35.396, 35.396, 35.418, 0.022, 43, 35.418, 36.14, 0.722, 1322, 2, 36.14, 36.179, 0.038, 77,     0.782,
 204, 0, 35.033, 35.033, 35.222, 0.188, 353, 35.222, 35.945, 0.723, 2048, 2, 35.945, 36.291, 0.346, 693,     1.258,
 208, 0, 35.578, 35.578, 35.598, 0.02, 21, 35.598, 36.311, 0.713, 783, 2, 36.311, 36.504, 0.193, 387,     0.926,
 210, 0, 35.668, 35.668, 35.704, 0.035, 74, 35.704, 36.421, 0.717, 1589, 2, 36.421, 36.562, 0.14, 281,     0.893,
 211, 0, 35.704, 35.704, 35.717, 0.013, 38, 35.717, 36.571, 0.854, 1288, 2, 36.571, 36.682, 0.111, 240,     0.978,
 151, 0, 26.132, 26.132, 26.578, 0.447, 894, 26.578, 36.702, 10.124, 1404, 2, 36.702, 36.738, 0.036, 72,    10.607,
 207, 0, 35.537, 35.537, 35.588, 0.051, 102, 35.588, 36.311, 0.723, 1436, 2, 36.311, 36.929, 0.618, 1237,     1.392,
 214, 0, 36.441, 36.441, 36.451, 0.01, 3, 36.451, 37.167, 0.716, 1397, 2, 37.167, 37.195, 0.029, 57,     0.754,
 158, 0, 27.361, 27.361, 27.373, 0.012, 27, 27.373, 37.204, 9.831, 1526, 2, 37.204, 37.323, 0.118, 255,     9.962,
 216, 0, 36.639, 36.639, 36.649, 0.01, 13, 36.649, 37.362, 0.713, 1920, 2, 37.362, 37.446, 0.084, 158,     0.807,
 160, 0, 27.748, 27.748, 27.758, 0.01, 14, 27.758, 37.456, 9.698, 1668, 2, 37.456, 37.467, 0.011, 21,     9.719,
 215, 0, 36.481, 36.481, 36.712, 0.231, 453, 36.712, 37.436, 0.724, 1067, 2, 37.436, 37.566, 0.129, 259,     1.084,
 218, 0, 36.904, 36.904, 36.904, 0, 5, 36.904, 37.626, 0.722, 1894, 2, 37.626, 37.639, 0.013, 25,     0.734,
 220, 0, 36.953, 36.953, 36.963, 0.01, 7, 36.963, 37.688, 0.725, 1826, 2, 37.688, 37.744, 0.056, 113,     0.791,
 221, 0, 37.213, 37.213, 37.242, 0.029, 74, 37.242, 38.198, 0.956, 1435, 2, 38.198, 38.218, 0.02, 37,     1.005,
 166, 0, 29.316, 29.316, 29.42, 0.104, 209, 29.42, 38.208, 8.788, 1872, 2, 38.208, 38.265, 0.056, 113,     8.949,
 219, 0, 36.942, 36.942, 36.963, 0.021, 46, 36.963, 37.688, 0.725, 2008, 2, 37.688, 38.337, 0.649, 1298,     1.394,
 222, 0, 37.254, 37.254, 37.786, 0.531, 1032, 37.786, 38.897, 1.111, 1615, 2, 38.897, 38.909, 0.012, 24,     1.655,
 223, 0, 37.755, 37.755, 37.8, 0.045, 80, 37.8, 38.947, 1.147, 1788, 2, 38.947, 38.957, 0.01, 10,     1.202,
 224, 0, 37.829, 37.829, 37.839, 0.01, 11, 37.839, 38.947, 1.108, 1844, 2, 38.947, 38.957, 0.01, 1,     1.128,
 228, 0, 38.065, 38.065, 38.065, 0, 4, 38.065, 39.396, 1.331, 2007, 2, 39.396, 39.406, 0.01, 9,     1.341,
 230, 0, 38.393, 38.393, 38.43, 0.036, 73, 38.43, 39.708, 1.278, 1285, 2, 39.708, 39.718, 0.01, 3,     1.324,
 231, 0, 38.431, 38.431, 38.456, 0.026, 37, 38.456, 39.708, 1.251, 1171, 2, 39.708, 39.73, 0.022, 34,     1.299,
 229, 0, 38.148, 38.148, 38.178, 0.031, 63, 38.178, 39.45, 1.272, 2239, 2, 39.45, 39.773, 0.323, 647,     1.625,
 226, 0, 37.925, 37.925, 37.935, 0.01, 20, 37.935, 39.2, 1.265, 2119, 2, 39.2, 39.957, 0.757, 1493,     2.032,
 177, 0, 31.424, 31.424, 31.479, 0.056, 111, 31.479, 39.982, 8.503, 1443, 2, 39.982, 40.02, 0.038, 42,     8.596,
 180, 0, 31.639, 31.639, 31.739, 0.1, 189, 31.739, 40.23, 8.49, 1528, 2, 40.23, 40.23, 0, 5,     8.590,
 179, 0, 31.611, 31.611, 31.901, 0.29, 575, 31.901, 40.486, 8.585, 1516, 2, 40.486, 40.506, 0.02, 23,     8.895,
 152, 0, 26.18, 26.18, 26.304, 0.124, 262, 26.304, 36.447, 10.143, 1368, 2, 36.447, 40.695, 4.248, 8497,    14.515,
 233, 0, 39.302, 39.302, 39.417, 0.115, 31, 39.417, 40.724, 1.307, 2028, 2, 40.724, 40.736, 0.012, 24,     1.434,
 227, 0, 37.933, 37.933, 39.417, 1.484, 2985, 39.417, 40.724, 1.307, 1209, 2, 40.724, 40.77, 0.046, 92,     2.837,
 232, 0, 39.261, 39.261, 39.386, 0.125, 216, 39.386, 40.676, 1.29, 1416, 2, 40.676, 40.798, 0.122, 244,     1.538,
 187, 0, 32.581, 32.581, 32.591, 0.01, 28, 32.591, 41, 8.409, 1068, 2, 41, 41.009, 0.009, 5,     8.428,
 186, 0, 32.325, 32.325, 32.4, 0.076, 129, 32.4, 40.747, 8.347, 1552, 2, 40.747, 41.128, 0.381, 762,     8.804,
 237, 0, 39.975, 39.975, 39.985, 0.01, 10, 39.985, 41.427, 1.442, 1426, 2, 41.427, 41.56, 0.133, 267,     1.585,
 191, 0, 33.046, 33.046, 33.238, 0.192, 377, 33.238, 41.253, 8.015, 1796, 2, 41.253, 41.708, 0.455, 910,     8.662,
 195, 0, 33.851, 33.851, 34.098, 0.247, 465, 34.098, 41.769, 7.671, 1176, 2, 41.769, 41.779, 0.01, 19,     7.928,
 202, 0, 34.261, 34.261, 34.277, 0.016, 39, 34.277, 42.018, 7.741, 1737, 2, 42.018, 42.049, 0.031, 28,     7.788,
 205, 0, 35.288, 35.288, 35.32, 0.032, 38, 35.32, 42.276, 6.956, 2109, 2, 42.276, 42.318, 0.042, 84,     7.030,
 238, 0, 40.172, 40.172, 40.534, 0.362, 716, 40.534, 42.266, 1.732, 1413, 2, 42.266, 42.411, 0.144, 289,     2.238,
 240, 0, 40.73, 40.73, 40.759, 0.029, 57, 40.759, 42.516, 1.757, 1504, 2, 42.516, 42.526, 0.01, 20,     1.796,
 209, 0, 35.613, 35.613, 35.663, 0.05, 81, 35.663, 42.536, 6.873, 1385, 2, 42.536, 42.546, 0.01, 8,     6.933,
 213, 0, 36.086, 36.086, 36.096, 0.01, 1, 36.096, 42.785, 6.689, 1083, 2, 42.785, 42.797, 0.011, 23,     6.711,
 217, 0, 36.79, 36.79, 36.85, 0.059, 119, 36.85, 43.035, 6.185, 935, 2, 43.035, 43.072, 0.037, 74,     6.282,
 212, 0, 35.77, 35.77, 35.794, 0.024, 60, 35.794, 36.571, 0.777, 1781, 2, 36.571, 43.116, 6.545, 13090,     7.346,
 243, 0, 41.452, 41.452, 41.475, 0.023, 30, 41.475, 43.186, 1.711, 1128, 2, 43.186, 43.224, 0.038, 48,     1.772,
 244, 0, 41.465, 41.465, 41.475, 0.01, 13, 41.475, 43.262, 1.787, 1222, 2, 43.262, 43.272, 0.01, 8,     1.807,
 245, 0, 41.585, 41.585, 41.623, 0.038, 62, 41.623, 43.262, 1.639, 1241, 2, 43.262, 43.284, 0.022, 33,     1.699,
 242, 0, 41.266, 41.266, 41.368, 0.102, 197, 41.368, 43.015, 1.647, 1575, 2, 43.015, 43.365, 0.35, 700,     2.099,
 248, 0, 41.732, 41.732, 41.893, 0.161, 332, 41.893, 43.701, 1.807, 692, 2, 43.701, 43.753, 0.053, 105,     2.021,
 249, 0, 42.105, 42.105, 42.12, 0.016, 45, 42.12, 43.763, 1.642, 1726, 2, 43.763, 43.776, 0.013, 45,     1.671,
 247, 0, 41.628, 41.628, 41.635, 0.007, 19, 41.635, 43.445, 1.81, 1513, 2, 43.445, 44.143, 0.698, 1396,     2.515,
 252, 0, 43.031, 43.031, 43.031, 0, 12, 43.031, 44.283, 1.252, 1660, 2, 44.283, 44.389, 0.105, 211,     1.358,
 250, 0, 42.124, 42.124, 42.164, 0.04, 53, 42.164, 43.763, 1.598, 915, 2, 43.763, 44.414, 0.651, 1303,     2.290,
 225, 0, 37.864, 37.864, 37.888, 0.024, 48, 37.888, 44.553, 6.665, 1216, 2, 44.553, 44.566, 0.014, 27,     6.702,
 254, 0, 43.71, 43.71, 43.75, 0.04, 3, 43.75, 44.782, 1.032, 1129, 2, 44.782, 44.892, 0.11, 207,     1.181,
 253, 0, 43.688, 43.688, 43.736, 0.048, 96, 43.736, 44.782, 1.046, 1634, 2, 44.782, 44.997, 0.215, 430,     1.309,
 256, 0, 43.829, 43.829, 43.839, 0.01, 13, 43.839, 44.951, 1.112, 1526, 2, 44.951, 45.02, 0.069, 139,     1.191,
 257, 0, 43.841, 43.841, 43.959, 0.118, 228, 43.959, 45.04, 1.081, 1365, 2, 45.04, 45.058, 0.018, 28,     1.217,
 259, 0, 43.959, 43.959, 44.201, 0.242, 366, 44.201, 45.466, 1.265, 1640, 2, 45.466, 45.476, 0.01, 14,     1.516,
 260, 0, 44.042, 44.042, 44.211, 0.169, 5, 44.211, 45.543, 1.332, 1340, 2, 45.543, 45.569, 0.026, 45,     1.526,
 261, 0, 44.292, 44.292, 44.324, 0.032, 45, 44.324, 45.543, 1.219, 1155, 2, 45.543, 45.609, 0.066, 133,     1.318,
 262, 0, 44.896, 44.896, 44.906, 0.011, 21, 44.906, 45.792, 0.886, 1022, 2, 45.792, 46.067, 0.274, 549,     1.171,
 265, 0, 45.125, 45.125, 45.245, 0.12, 219, 45.245, 46.234, 0.989, 1628, 2, 46.234, 46.278, 0.044, 89,     1.153,
 266, 0, 45.185, 45.185, 45.275, 0.09, 175, 45.275, 46.292, 1.017, 2138, 2, 46.292, 46.302, 0.01, 1,     1.117,
 267, 0, 45.275, 45.275, 45.36, 0.085, 160, 45.36, 46.292, 0.932, 1433, 2, 46.292, 46.322, 0.03, 41,     1.047,
 263, 0, 44.942, 44.942, 44.998, 0.056, 128, 44.998, 45.979, 0.981, 1553, 2, 45.979, 46.365, 0.386, 772,     1.423,
 234, 0, 39.447, 39.447, 39.457, 0.01, 5, 39.457, 46.332, 6.875, 993, 2, 46.332, 46.397, 0.065, 131,     6.951,
 269, 0, 45.761, 45.761, 45.771, 0.01, 15, 45.771, 46.732, 0.961, 1817, 2, 46.732, 46.771, 0.038, 77,     1.010,
 236, 0, 39.906, 39.906, 39.922, 0.016, 48, 39.922, 46.83, 6.908, 2233, 2, 46.83, 46.84, 0.01, 3,     6.934,
 235, 0, 39.705, 39.705, 39.715, 0.01, 22, 39.715, 46.581, 6.866, 1213, 2, 46.581, 47.092, 0.511, 1004,     7.387,
 271, 0, 46.322, 46.322, 46.431, 0.11, 201, 46.431, 47.147, 0.716, 2044, 2, 47.147, 47.235, 0.088, 176,     0.913,
 272, 0, 46.405, 46.405, 46.459, 0.054, 40, 46.459, 47.195, 0.736, 1555, 2, 47.195, 47.382, 0.187, 374,     0.976,
 273, 0, 46.64, 46.64, 46.672, 0.032, 82, 46.672, 47.431, 0.759, 2134, 2, 47.431, 47.536, 0.105, 211,     0.896,
 239, 0, 40.591, 40.591, 40.601, 0.01, 15, 40.601, 47.847, 7.246, 1477, 2, 47.847, 47.887, 0.04, 76,     7.296,
 274, 0, 47.043, 47.043, 47.176, 0.133, 239, 47.176, 47.877, 0.701, 1168, 2, 47.877, 47.887, 0.01, 12,     0.844,
 276, 0, 47.277, 47.277, 47.287, 0.01, 5, 47.287, 48.01, 0.722, 1431, 2, 48.01, 48.052, 0.042, 84,     0.774,
 241, 0, 40.877, 40.877, 40.887, 0.01, 4, 40.887, 48.109, 7.221, 1943, 2, 48.109, 48.123, 0.014, 29,     7.246,
 277, 0, 47.509, 47.509, 47.509, 0, 3, 47.509, 48.263, 0.754, 1347, 2, 48.263, 48.368, 0.106, 200,     0.859,
 279, 0, 47.759, 47.759, 47.769, 0.01, 18, 47.769, 48.481, 0.713, 1168, 2, 48.481, 48.491, 0.01, 8,     0.733,
 282, 0, 48.173, 48.173, 48.183, 0.01, 17, 48.183, 48.914, 0.731, 1727, 2, 48.914, 48.937, 0.023, 45,     0.763,
 280, 0, 47.927, 47.927, 48.128, 0.2, 401, 48.128, 48.845, 0.718, 1418, 2, 48.845, 48.965, 0.12, 240,     1.038,
 246, 0, 41.623, 41.623, 41.628, 0.006, 28, 41.628, 48.857, 7.229, 1606, 2, 48.857, 49.263, 0.406, 812,     7.641,
 283, 0, 48.827, 48.827, 48.854, 0.027, 42, 48.854, 49.568, 0.714, 1498, 2, 49.568, 49.58, 0.012, 24,     0.753,
 285, 0, 48.857, 48.857, 49.097, 0.24, 462, 49.097, 49.822, 0.725, 1978, 2, 49.822, 49.832, 0.01, 13,     0.976,
 284, 0, 48.844, 48.844, 48.915, 0.071, 142, 48.915, 49.648, 0.734, 1064, 2, 49.648, 49.985, 0.337, 675,     1.141,
 287, 0, 49.184, 49.184, 49.302, 0.117, 217, 49.302, 50.072, 0.77, 936, 2, 50.072, 50.103, 0.031, 61,     0.918,
 288, 0, 49.32, 49.32, 49.363, 0.043, 95, 49.363, 50.324, 0.96, 1490, 2, 50.324, 50.342, 0.018, 36,     1.021,
 255, 0, 43.725, 43.725, 43.775, 0.049, 27, 43.775, 50.389, 6.614, 1164, 2, 50.389, 50.4, 0.011, 22,     6.674,
 251, 0, 42.85, 42.85, 44.01, 1.16, 2320, 44.01, 50.638, 6.628, 1901, 2, 50.638, 50.679, 0.041, 83,     7.829,
 258, 0, 43.876, 43.876, 44.201, 0.325, 480, 44.201, 50.887, 6.686, 1690, 2, 50.887, 50.964, 0.077, 153,     7.088,
 293, 0, 50.049, 50.049, 50.071, 0.022, 54, 50.071, 50.784, 0.714, 1974, 2, 50.784, 51.037, 0.252, 505,     0.988,
 296, 0, 50.313, 50.313, 50.359, 0.047, 104, 50.359, 51.076, 0.716, 1518, 2, 51.076, 51.1, 0.025, 49,     0.787,
 291, 0, 49.973, 49.973, 50.083, 0.11, 234, 50.083, 50.826, 0.744, 1789, 2, 50.826, 51.172, 0.345, 667,     1.199,
 292, 0, 50.033, 50.033, 50.044, 0.011, 27, 50.044, 50.772, 0.729, 1439, 2, 50.772, 51.478, 0.706, 1412,     1.446,
 264, 0, 45.056, 45.056, 45.179, 0.123, 254, 45.179, 51.652, 6.473, 1306, 2, 51.652, 51.698, 0.046, 73,     6.642,
 298, 0, 51.161, 51.161, 51.171, 0.01, 6, 51.171, 51.972, 0.801, 1335, 2, 51.972, 51.982, 0.01, 12,     0.821,
 268, 0, 45.367, 45.367, 45.387, 0.02, 54, 45.387, 51.91, 6.523, 1486, 2, 51.91, 52.042, 0.132, 264,     6.674,
 270, 0, 46.223, 46.223, 46.491, 0.268, 516, 46.491, 52.666, 6.175, 1824, 2, 52.666, 52.677, 0.011, 21,     6.454,
 301, 0, 51.978, 51.978, 51.988, 0.01, 18, 51.988, 52.758, 0.77, 1151, 2, 52.758, 52.8, 0.042, 84,     0.822,
 299, 0, 51.803, 51.803, 51.926, 0.123, 229, 51.926, 52.738, 0.812, 1884, 2, 52.738, 52.858, 0.119, 239,     1.054,
 275, 0, 47.18, 47.18, 47.18, 0, 4, 47.18, 52.916, 5.736, 1455, 2, 52.916, 52.926, 0.01, 8,     5.746,
 302, 0, 51.989, 51.989, 51.989, 0, 1, 51.989, 52.959, 0.971, 1602, 2, 52.959, 52.975, 0.016, 31,     0.986,
 304, 0, 52.314, 52.314, 52.324, 0.01, 17, 52.324, 53.261, 0.938, 1275, 2, 53.261, 53.355, 0.093, 186,     1.041,
 303, 0, 52.215, 52.215, 52.229, 0.014, 28, 52.229, 53.244, 1.015, 1435, 2, 53.244, 53.431, 0.187, 369,     1.216,
 278, 0, 47.696, 47.696, 47.722, 0.026, 53, 47.722, 53.421, 5.699, 1569, 2, 53.421, 53.451, 0.03, 44,     5.756,
 306, 0, 52.368, 52.368, 52.368, 0, 2, 52.368, 53.483, 1.115, 1290, 2, 53.483, 53.512, 0.029, 59,     1.144,
 281, 0, 48.022, 48.022, 48.036, 0.014, 28, 48.036, 53.671, 5.635, 1442, 2, 53.671, 53.681, 0.01, 12,     5.659,
 308, 0, 53.02, 53.02, 53.045, 0.024, 23, 53.045, 53.771, 0.726, 2008, 2, 53.771, 53.796, 0.025, 49,     0.775,
 307, 0, 53.009, 53.009, 53.031, 0.022, 56, 53.031, 53.759, 0.728, 1769, 2, 53.759, 53.816, 0.056, 86,     0.807,
 295, 0, 50.232, 50.232, 50.282, 0.05, 86, 50.282, 51.022, 0.74, 931, 2, 51.022, 53.931, 2.91, 5820,     3.700,
 310, 0, 53.204, 53.204, 53.204, 0, 4, 53.204, 54.029, 0.825, 1491, 2, 54.029, 54.078, 0.049, 98,     0.874,
 312, 0, 53.509, 53.509, 53.592, 0.083, 176, 53.592, 54.309, 0.717, 1680, 2, 54.309, 54.37, 0.062, 123,     0.861,
 313, 0, 53.533, 53.533, 53.606, 0.073, 5, 53.606, 54.484, 0.878, 1238, 2, 54.484, 54.523, 0.039, 78,     0.990,
 286, 0, 49.133, 49.133, 49.21, 0.078, 164, 49.21, 54.186, 4.976, 1516, 2, 54.186, 54.543, 0.357, 690,     5.410,
 314, 0, 53.865, 53.865, 53.878, 0.014, 27, 53.878, 54.61, 0.732, 1135, 2, 54.61, 54.62, 0.01, 2,     0.755,
 289, 0, 49.372, 49.372, 49.372, 0, 2, 49.372, 54.685, 5.313, 2193, 2, 54.685, 54.685, 0, 13,     5.313,
 315, 0, 53.914, 53.914, 54.124, 0.21, 398, 54.124, 54.84, 0.716, 1685, 2, 54.84, 54.869, 0.029, 59,     0.955,
 290, 0, 49.82, 49.82, 49.857, 0.037, 58, 49.857, 54.935, 5.078, 1792, 2, 54.935, 54.945, 0.01, 4,     5.125,
 316, 0, 54.256, 54.256, 54.266, 0.01, 5, 54.266, 54.982, 0.716, 1277, 2, 54.982, 54.999, 0.017, 34,     0.743,
 317, 0, 54.294, 54.294, 54.304, 0.01, 12, 54.304, 55.089, 0.786, 1942, 2, 55.089, 55.176, 0.087, 173,     0.882,
 321, 0, 54.638, 54.638, 54.681, 0.043, 100, 54.681, 55.407, 0.726, 1556, 2, 55.407, 55.417, 0.01, 5,     0.779,
 320, 0, 54.519, 54.519, 54.549, 0.03, 55, 54.549, 55.286, 0.737, 1642, 2, 55.286, 55.712, 0.426, 845,     1.192,
 294, 0, 50.189, 50.189, 50.199, 0.01, 18, 50.199, 55.202, 5.004, 1696, 2, 55.202, 55.798, 0.595, 1203,     5.609,
 297, 0, 50.946, 50.946, 51, 0.054, 80, 51, 55.452, 4.452, 1103, 2, 55.452, 55.928, 0.476, 952,     4.982,
 324, 0, 55.375, 55.375, 55.404, 0.028, 37, 55.404, 56.12, 0.717, 1089, 2, 56.12, 56.139, 0.019, 37,     0.764,
 300, 0, 51.847, 51.847, 51.914, 0.067, 101, 51.914, 56.466, 4.552, 1473, 2, 56.466, 56.498, 0.032, 65,     4.651,
 325, 0, 55.955, 55.955, 56.046, 0.091, 182, 56.046, 56.768, 0.722, 1241, 2, 56.768, 56.778, 0.01, 2,     0.823,
 326, 0, 56.232, 56.232, 56.306, 0.074, 135, 56.306, 57.002, 0.696, 1277, 2, 57.002, 57.093, 0.091, 183,     0.861,
 305, 0, 52.359, 52.359, 52.371, 0.012, 24, 52.371, 57.22, 4.848, 1728, 2, 57.22, 57.291, 0.071, 142,     4.931,
 329, 0, 56.449, 56.449, 56.464, 0.015, 27, 56.464, 57.292, 0.828, 1757, 2, 57.292, 57.302, 0.01, 8,     0.853,
 331, 0, 56.669, 56.669, 56.699, 0.031, 60, 56.699, 57.535, 0.835, 1532, 2, 57.535, 57.555, 0.02, 26,     0.886,
 333, 0, 56.771, 56.771, 56.771, 0, 5, 56.771, 57.685, 0.914, 1837, 2, 57.685, 57.769, 0.084, 168,     0.998,
 309, 0, 53.112, 53.112, 53.126, 0.014, 27, 53.126, 57.745, 4.619, 1508, 2, 57.745, 57.789, 0.044, 78,     4.677,
 328, 0, 56.41, 56.41, 56.866, 0.456, 904, 56.866, 57.794, 0.928, 1830, 2, 57.794, 57.833, 0.039, 78,     1.423,
 327, 0, 56.311, 56.311, 56.311, 0, 3, 56.311, 57.042, 0.732, 1299, 2, 57.042, 58.585, 1.543, 3051,     2.275,
 336, 0, 57.304, 57.304, 57.327, 0.023, 33, 57.327, 58.055, 0.728, 1753, 2, 58.055, 58.605, 0.55, 1097,     1.301,
 318, 0, 54.39, 54.39, 54.393, 0.003, 21, 54.393, 58.763, 4.37, 1105, 2, 58.763, 58.828, 0.066, 131,     4.438,
 332, 0, 56.689, 56.689, 56.754, 0.064, 109, 56.754, 57.545, 0.791, 1478, 2, 57.545, 58.994, 1.449, 2894,     2.304,
 319, 0, 54.467, 54.467, 54.761, 0.294, 553, 54.761, 59.012, 4.251, 1180, 2, 59.012, 59.023, 0.011, 38,     4.555,
 339, 0, 57.591, 57.591, 57.982, 0.392, 758, 57.982, 58.763, 0.78, 1359, 2, 58.763, 59.084, 0.321, 611,     1.493,
 341, 0, 58.436, 58.436, 58.45, 0.014, 27, 58.45, 59.162, 0.713, 1344, 2, 59.162, 59.172, 0.01, 14,     0.736,
 323, 0, 55.083, 55.083, 55.139, 0.056, 112, 55.139, 59.261, 4.122, 1503, 2, 59.261, 59.296, 0.035, 69,     4.213,
 334, 0, 57.169, 57.169, 57.209, 0.04, 52, 57.209, 57.934, 0.725, 1072, 2, 57.934, 59.321, 1.387, 2774,     2.152,
 340, 0, 58.146, 58.146, 58.843, 0.697, 1395, 58.843, 59.572, 0.728, 1636, 2, 59.572, 59.582, 0.01, 18,     1.435,
 344, 0, 58.701, 58.701, 58.867, 0.167, 48, 58.867, 59.592, 0.724, 1248, 2, 59.592, 59.62, 0.029, 57,     0.919,
 345, 0, 58.735, 58.735, 58.953, 0.218, 165, 58.953, 59.668, 0.715, 1571, 2, 59.668, 59.678, 0.01, 18,     0.943,
 322, 0, 55.045, 55.045, 55.553, 0.508, 1016, 55.553, 59.511, 3.958, 1718, 2, 59.511, 59.802, 0.291, 583,     4.757,
 311, 0, 53.472, 53.472, 53.62, 0.148, 291, 53.62, 58.247, 4.627, 1600, 2, 58.247, 59.945, 1.698, 3383,     6.474,
 347, 0, 58.943, 58.943, 59.242, 0.299, 166, 59.242, 60.118, 0.876, 1639, 2, 60.118, 60.129, 0.011, 22,     1.186,
 343, 0, 58.642, 58.642, 59.157, 0.515, 1016, 59.157, 59.869, 0.712, 1473, 2, 59.869, 60.159, 0.29, 581,     1.518,
 349, 0, 59.164, 59.164, 59.29, 0.125, 10, 59.29, 60.193, 0.904, 1370, 2, 60.193, 60.203, 0.01, 2,     1.039,
 330, 0, 56.654, 56.654, 56.664, 0.01, 12, 56.664, 60.268, 3.604, 1354, 2, 60.268, 60.29, 0.022, 44,     3.636,
 350, 0, 59.28, 59.28, 59.438, 0.158, 297, 59.438, 60.368, 0.93, 1886, 2, 60.368, 60.378, 0.01, 17,     1.098,
 346, 0, 58.788, 58.788, 59.539, 0.751, 1164, 59.539, 60.445, 0.906, 1159, 2, 60.445, 60.455, 0.01, 1,     1.666,
 351, 0, 59.304, 59.304, 59.47, 0.165, 30, 59.47, 60.388, 0.918, 1609, 2, 60.388, 60.542, 0.154, 308,     1.237,
 348, 0, 59.05, 59.05, 59.28, 0.23, 70, 59.28, 60.13, 0.851, 1790, 2, 60.13, 60.668, 0.538, 1075,     1.618,
 353, 0, 59.674, 59.674, 59.714, 0.04, 44, 59.714, 60.624, 0.91, 996, 2, 60.624, 60.732, 0.108, 216,     1.058,
 335, 0, 57.285, 57.285, 57.315, 0.03, 67, 57.315, 60.78, 3.465, 1213, 2, 60.78, 60.846, 0.066, 132,     3.561,
 355, 0, 60.214, 60.214, 60.214, 0, 2, 60.214, 60.931, 0.717, 1607, 2, 60.931, 60.953, 0.022, 31,     0.739,
 337, 0, 57.317, 57.317, 57.553, 0.236, 450, 57.553, 61.046, 3.493, 1452, 2, 61.046, 61.062, 0.016, 32,     3.745,
 357, 0, 60.374, 60.374, 60.452, 0.079, 149, 60.452, 61.193, 0.741, 1353, 2, 61.193, 61.203, 0.01, 10,     0.829,
 338, 0, 57.581, 57.581, 57.652, 0.072, 146, 57.652, 61.296, 3.644, 1558, 2, 61.296, 61.306, 0.011, 21,     3.726,
 360, 0, 60.487, 60.487, 60.505, 0.018, 2, 60.505, 61.443, 0.938, 1135, 2, 61.443, 61.473, 0.03, 42,     0.986,
 361, 0, 60.582, 60.582, 60.595, 0.013, 26, 60.595, 61.579, 0.984, 1802, 2, 61.579, 61.61, 0.031, 62,     1.028,
 359, 0, 60.431, 60.431, 60.739, 0.308, 549, 60.739, 61.692, 0.953, 1071, 2, 61.692, 61.702, 0.01, 14,     1.271,
 342, 0, 58.461, 58.461, 58.493, 0.032, 41, 58.493, 61.795, 3.303, 542, 2, 61.795, 61.826, 0.031, 62,     3.365,
 363, 0, 60.806, 60.806, 60.834, 0.029, 58, 60.834, 61.834, 1, 1521, 2, 61.834, 61.904, 0.07, 156,     1.098,
 366, 0, 61.098, 61.098, 61.144, 0.046, 88, 61.144, 62.21, 1.066, 778, 2, 62.21, 62.274, 0.064, 128,     1.176,
 368, 0, 61.348, 61.348, 61.348, 0, 13, 61.348, 62.46, 1.112, 1416, 2, 62.46, 62.46, 0, 1,     1.112,
 367, 0, 61.279, 61.279, 61.326, 0.047, 103, 61.326, 62.46, 1.134, 1143, 2, 62.46, 62.554, 0.094, 182,     1.275,
 370, 0, 61.454, 61.454, 61.494, 0.04, 86, 61.494, 62.582, 1.088, 1277, 2, 62.582, 62.665, 0.084, 167,     1.211,
 371, 0, 61.821, 61.821, 61.831, 0.01, 3, 61.831, 62.717, 0.886, 1512, 2, 62.717, 62.741, 0.023, 47,     0.920,
 372, 0, 61.925, 61.925, 61.935, 0.01, 15, 61.935, 62.717, 0.782, 1434, 2, 62.717, 62.831, 0.114, 228,     0.906,
 364, 0, 60.936, 60.936, 61.13, 0.194, 358, 61.13, 62.21, 1.08, 1557, 2, 62.21, 62.919, 0.709, 1419,     1.984,
 352, 0, 59.586, 59.586, 59.714, 0.128, 242, 59.714, 62.793, 3.079, 1336, 2, 62.793, 62.995, 0.202, 405,     3.409,
 356, 0, 60.244, 60.244, 60.465, 0.221, 427, 60.465, 61.319, 0.853, 1456, 2, 61.319, 63.056, 1.738, 3476,     2.812,
 354, 0, 60.064, 60.064, 60.158, 0.094, 188, 60.158, 63.043, 2.885, 1438, 2, 63.043, 63.076, 0.033, 67,     3.012,
 375, 0, 62.554, 62.554, 62.771, 0.217, 402, 62.771, 63.614, 0.843, 859, 2, 63.614, 63.664, 0.05, 99,     1.110,
 358, 0, 60.391, 60.391, 60.491, 0.1, 78, 60.491, 63.542, 3.051, 2019, 2, 63.542, 63.735, 0.193, 386,     3.343,
 377, 0, 62.627, 62.627, 62.637, 0.01, 19, 62.637, 63.357, 0.72, 1218, 2, 63.357, 63.755, 0.398, 770,     1.128,
 374, 0, 62.224, 62.224, 62.251, 0.027, 64, 62.251, 62.98, 0.729, 1521, 2, 62.98, 64.025, 1.045, 2090,     1.801,
 362, 0, 60.793, 60.793, 61.012, 0.219, 455, 61.012, 64.055, 3.043, 1101, 2, 64.055, 64.256, 0.201, 403,     3.463,
 382, 0, 63.605, 63.605, 63.631, 0.026, 69, 63.631, 64.358, 0.727, 1321, 2, 64.358, 64.389, 0.031, 62,     0.784,
 365, 0, 61.013, 61.013, 61.098, 0.086, 170, 61.098, 64.304, 3.206, 1986, 2, 64.304, 64.401, 0.097, 193,     3.388,
 380, 0, 63.19, 63.19, 63.78, 0.591, 1185, 63.78, 64.535, 0.755, 1803, 2, 64.535, 64.604, 0.069, 138,     1.414,
 384, 0, 63.881, 63.881, 63.952, 0.071, 109, 63.952, 64.673, 0.72, 1276, 2, 64.673, 64.703, 0.031, 61,     0.822,
 385, 0, 63.976, 63.976, 64.009, 0.033, 86, 64.009, 64.752, 0.743, 1964, 2, 64.752, 64.828, 0.075, 151,     0.852,
 369, 0, 61.433, 61.433, 61.57, 0.138, 275, 61.57, 64.81, 3.24, 1216, 2, 64.81, 64.913, 0.103, 206,     3.480,
 373, 0, 62.124, 62.124, 62.394, 0.27, 541, 62.394, 65.07, 2.675, 1079, 2, 65.07, 65.08, 0.01, 9,     2.956,
 376, 0, 62.583, 62.583, 62.597, 0.014, 29, 62.597, 63.322, 0.725, 1722, 2, 63.322, 65.322, 2, 4000,     2.739,
 378, 0, 62.676, 62.676, 62.691, 0.015, 30, 62.691, 65.333, 2.642, 1435, 2, 65.333, 65.38, 0.047, 95,     2.704,
 389, 0, 64.532, 64.532, 64.579, 0.047, 93, 64.579, 65.383, 0.804, 1204, 2, 65.383, 65.395, 0.012, 29,     0.863,
 388, 0, 64.511, 64.511, 64.521, 0.01, 11, 64.521, 65.299, 0.778, 1421, 2, 65.299, 65.435, 0.136, 249,     0.924,
 379, 0, 62.832, 62.832, 62.842, 0.01, 9, 62.842, 65.583, 2.741, 1622, 2, 65.583, 65.595, 0.012, 24,     2.763,
 391, 0, 64.967, 64.967, 64.974, 0.007, 20, 64.974, 65.692, 0.718, 1742, 2, 65.692, 65.811, 0.119, 237,     0.844,
 381, 0, 63.24, 63.24, 63.24, 0, 10, 63.24, 65.848, 2.608, 1545, 2, 65.848, 65.858, 0.01, 1,     2.618,
 386, 0, 63.992, 63.992, 65.451, 1.459, 2919, 65.451, 66.181, 0.73, 1072, 2, 66.181, 66.313, 0.132, 264,     2.322,
 383, 0, 63.709, 63.709, 63.744, 0.035, 55, 63.744, 66.35, 2.606, 1841, 2, 66.35, 66.367, 0.017, 34,     2.659,
 393, 0, 65.624, 65.624, 65.645, 0.022, 50, 65.645, 66.38, 0.735, 1457, 2, 66.38, 66.39, 0.01, 17,     0.767,
 387, 0, 64.174, 64.174, 64.178, 0.004, 18, 64.178, 66.6, 2.422, 1230, 2, 66.6, 66.622, 0.022, 43,     2.448,
 395, 0, 65.896, 65.896, 65.896, 0, 14, 65.896, 66.632, 0.736, 1853, 2, 66.632, 66.684, 0.052, 103,     0.788,
 396, 0, 65.93, 65.93, 65.94, 0.01, 10, 65.94, 66.737, 0.797, 1690, 2, 66.737, 66.77, 0.033, 66,     0.840,
 398, 0, 66.099, 66.099, 66.109, 0.01, 4, 66.109, 66.85, 0.741, 1604, 2, 66.85, 66.882, 0.032, 51,     0.783,
 397, 0, 66.085, 66.085, 66.119, 0.034, 65, 66.119, 66.882, 0.763, 1567, 2, 66.882, 67.079, 0.196, 393,     0.993,
 390, 0, 64.646, 64.646, 64.686, 0.04, 72, 64.686, 67.1, 2.414, 1459, 2, 67.1, 67.142, 0.042, 73,     2.496,
 392, 0, 65.072, 65.072, 65.117, 0.045, 90, 65.117, 67.358, 2.241, 1849, 2, 67.358, 67.382, 0.024, 48,     2.310,
 400, 0, 66.704, 66.704, 66.728, 0.023, 36, 66.728, 67.439, 0.711, 1872, 2, 67.439, 67.469, 0.03, 55,     0.764,
 401, 0, 66.728, 66.728, 66.738, 0.01, 13, 66.738, 67.459, 0.721, 1022, 2, 67.459, 67.489, 0.03, 41,     0.761,
 399, 0, 66.534, 66.534, 66.758, 0.224, 455, 66.758, 67.494, 0.737, 1620, 2, 67.494, 67.718, 0.224, 459,     1.184,
 394, 0, 65.799, 65.799, 65.875, 0.076, 153, 65.875, 67.863, 1.988, 1035, 2, 67.863, 67.873, 0.01, 13,     2.074,
 403, 0, 67.243, 67.243, 67.253, 0.01, 17, 67.253, 67.965, 0.712, 1552, 2, 67.965, 67.975, 0.01, 16,     0.732,
 404, 0, 67.295, 67.295, 67.295, 0, 14, 67.295, 68.019, 0.724, 1436, 2, 68.019, 68.029, 0.01, 9,     0.734,
 406, 0, 67.544, 67.544, 67.563, 0.019, 21, 67.563, 68.321, 0.758, 1668, 2, 68.321, 68.351, 0.03, 74,     0.808,
 411, 0, 68.135, 68.135, 68.294, 0.158, 63, 68.294, 69.01, 0.716, 1471, 2, 69.01, 69.02, 0.01, 20,     0.885,
 408, 0, 68.038, 68.038, 68.32, 0.282, 576, 68.32, 69.042, 0.722, 1128, 2, 69.042, 69.052, 0.01, 17,     1.014,
 409, 0, 68.095, 68.095, 68.159, 0.064, 128, 68.159, 68.875, 0.716, 1848, 2, 68.875, 69.062, 0.187, 363,     0.967,
 412, 0, 68.247, 68.247, 68.32, 0.073, 53, 68.32, 69.139, 0.819, 2039, 2, 69.139, 69.182, 0.043, 86,     0.935,
 402, 0, 66.893, 66.893, 66.893, 0, 1, 66.893, 68.895, 2.002, 1535, 2, 68.895, 69.276, 0.381, 762,     2.383,
 413, 0, 68.257, 68.257, 68.431, 0.174, 221, 68.431, 69.259, 0.829, 1103, 2, 69.259, 69.312, 0.053, 87,     1.055,
 407, 0, 67.902, 67.902, 67.912, 0.01, 6, 67.912, 69.658, 1.745, 1257, 2, 69.658, 69.668, 0.01, 18,     1.765,
 405, 0, 67.34, 67.34, 67.35, 0.01, 6, 67.35, 68.072, 0.722, 1184, 2, 68.072, 69.7, 1.628, 3255,     2.359,
 410, 0, 68.105, 68.105, 68.257, 0.152, 189, 68.257, 69.907, 1.65, 1501, 2, 69.907, 69.932, 0.025, 51,     1.828,
 414, 0, 68.314, 68.314, 68.405, 0.091, 114, 68.405, 70.156, 1.752, 1417, 2, 70.156, 70.234, 0.078, 154,     1.920,
 416, 0, 69.467, 69.467, 69.498, 0.031, 62, 69.498, 70.214, 0.716, 1663, 2, 70.214, 70.234, 0.02, 21,     0.767,
 418, 0, 69.767, 69.767, 69.851, 0.084, 146, 69.851, 70.568, 0.716, 1808, 2, 70.568, 70.717, 0.149, 298,     0.949,
 419, 0, 69.926, 69.926, 70.02, 0.094, 161, 70.02, 70.732, 0.712, 1379, 2, 70.732, 70.742, 0.01, 6,     0.816,
 421, 0, 70.078, 70.078, 70.088, 0.01, 10, 70.088, 70.817, 0.73, 1142, 2, 70.817, 70.83, 0.013, 26,     0.753,
 417, 0, 69.599, 69.599, 69.626, 0.027, 54, 69.626, 70.921, 1.296, 1379, 2, 70.921, 70.931, 0.01, 7,     1.333,
 422, 0, 70.145, 70.145, 70.151, 0.006, 21, 70.151, 71.017, 0.867, 1607, 2, 71.017, 71.047, 0.029, 59,     0.902,
 420, 0, 70.032, 70.032, 70.058, 0.025, 51, 70.058, 71.177, 1.119, 1573, 2, 71.177, 71.231, 0.054, 90,     1.199,
 423, 0, 70.173, 70.173, 70.375, 0.202, 422, 70.375, 71.281, 0.906, 1482, 2, 71.281, 71.307, 0.026, 52,     1.134,
 425, 0, 70.886, 70.886, 71.006, 0.12, 240, 71.006, 71.729, 0.723, 1352, 2, 71.729, 71.792, 0.064, 141,     0.907,
 424, 0, 70.246, 70.246, 70.409, 0.163, 43, 70.409, 71.7, 1.291, 1288, 2, 71.7, 71.806, 0.106, 205,     1.559,
 426, 0, 71.134, 71.134, 71.213, 0.079, 120, 71.213, 71.93, 0.717, 2113, 2, 71.93, 71.96, 0.03, 46,     0.826,
 427, 0, 71.238, 71.238, 71.248, 0.01, 14, 71.248, 72.199, 0.951, 2152, 2, 72.199, 72.249, 0.049, 99,     1.011,
 428, 0, 71.599, 71.599, 71.63, 0.031, 38, 71.63, 72.364, 0.734, 1747, 2, 72.364, 72.431, 0.067, 133,     0.831,
 429, 0, 71.865, 71.865, 71.921, 0.056, 101, 71.921, 72.65, 0.729, 1775, 2, 72.65, 72.66, 0.01, 5,     0.795,
 430, 0, 71.911, 71.911, 71.948, 0.037, 41, 71.948, 72.699, 0.751, 1760, 2, 72.699, 72.724, 0.025, 50,     0.813,
 431, 0, 72.543, 72.543, 72.584, 0.04, 98, 72.584, 73.391, 0.807, 1593, 2, 73.391, 73.45, 0.059, 116,     0.907,
 415, 0, 69.359, 69.359, 72.806, 3.447, 6873, 72.806, 73.526, 0.72, 1024, 2, 73.526, 73.564, 0.038, 76,     4.205,
 433, 0, 72.777, 72.777, 72.842, 0.065, 62, 72.842, 73.596, 0.754, 1806, 2, 73.596, 73.71, 0.114, 209,     0.933,
 435, 0, 72.82, 72.82, 72.901, 0.081, 1, 72.901, 73.7, 0.799, 1540, 2, 73.7, 73.72, 0.02, 23,     0.900,
 434, 0, 72.81, 72.81, 72.887, 0.077, 89, 72.887, 73.65, 0.763, 977, 2, 73.65, 73.74, 0.091, 170,     0.930,
 436, 0, 73.08, 73.08, 73.093, 0.013, 39, 73.093, 73.859, 0.766, 1638, 2, 73.859, 73.933, 0.075, 149,     0.854,
 438, 0, 73.261, 73.261, 73.38, 0.12, 240, 73.38, 74.17, 0.789, 1412, 2, 74.17, 74.19, 0.02, 40,     0.929,
 439, 0, 73.274, 73.274, 73.395, 0.12, 25, 73.395, 74.211, 0.816, 1331, 2, 74.211, 74.224, 0.013, 25,     0.949,
 440, 0, 73.281, 73.281, 73.575, 0.294, 361, 73.575, 74.364, 0.789, 1621, 2, 74.364, 74.399, 0.035, 71,     1.118,
 441, 0, 73.332, 73.332, 73.604, 0.272, 58, 73.604, 74.432, 0.829, 1590, 2, 74.432, 74.529, 0.097, 193,     1.197,
 442, 0, 73.74, 73.74, 73.75, 0.01, 7, 73.75, 74.54, 0.791, 1599, 2, 74.54, 74.554, 0.014, 28,     0.815,
 444, 0, 73.991, 73.991, 74.001, 0.01, 20, 74.001, 74.724, 0.722, 712, 2, 74.724, 74.734, 0.01, 27,     0.742,
 443, 0, 73.901, 73.901, 73.949, 0.047, 95, 73.949, 74.662, 0.714, 1294, 2, 74.662, 74.86, 0.197, 395,     0.958,
 437, 0, 73.181, 73.181, 73.209, 0.028, 57, 73.209, 73.959, 0.75, 1408, 2, 73.959, 74.88, 0.92, 1820,     1.699,
 446, 0, 74.312, 74.312, 74.334, 0.022, 40, 74.334, 75.053, 0.719, 1098, 2, 75.053, 75.068, 0.014, 29,     0.756,
 445, 0, 74.092, 74.092, 74.109, 0.016, 33, 74.109, 74.833, 0.724, 1579, 2, 74.833, 75.116, 0.283, 567,     1.024,
 447, 0, 74.802, 74.802, 74.812, 0.01, 7, 74.812, 75.535, 0.723, 1357, 2, 75.535, 75.637, 0.102, 203,     0.835,
 449, 0, 74.93, 74.93, 75.419, 0.49, 11, 75.419, 76.133, 0.714, 1582, 2, 76.133, 76.143, 0.01, 15,     1.213,
 448, 0, 74.918, 74.918, 75.409, 0.491, 965, 75.409, 76.123, 0.714, 838, 2, 76.123, 76.261, 0.138, 277,     1.343,
 450, 0, 75.047, 75.047, 75.439, 0.393, 32, 75.439, 76.163, 0.724, 2429, 2, 76.163, 76.588, 0.426, 852,     1.542,
 452, 0, 75.182, 75.182, 75.758, 0.577, 261, 75.758, 76.621, 0.863, 1681, 2, 76.621, 76.638, 0.017, 34,     1.457,
 453, 0, 75.195, 75.195, 75.784, 0.588, 44, 75.784, 76.641, 0.858, 1575, 2, 76.641, 76.85, 0.209, 423,     1.654,
 432, 0, 72.768, 72.768, 76.226, 3.458, 6917, 76.226, 77.004, 0.778, 1910, 2, 77.004, 77.108, 0.103, 207,     4.340,
 456, 0, 75.399, 75.399, 76.282, 0.883, 47, 76.282, 77.158, 0.875, 1492, 2, 77.158, 77.168, 0.01, 2,     1.768,
 455, 0, 75.378, 75.378, 76.252, 0.874, 35, 76.252, 77.14, 0.888, 2051, 2, 77.14, 77.179, 0.039, 78,     1.801,
 454, 0, 75.24, 75.24, 76.4, 1.161, 1209, 76.4, 77.183, 0.782, 1494, 2, 77.183, 77.218, 0.035, 78,     1.979,
 457, 0, 75.906, 75.906, 76.4, 0.495, 228, 76.4, 77.259, 0.858, 1309, 2, 77.259, 77.426, 0.168, 335,     1.520,
 458, 0, 75.936, 75.936, 76.48, 0.545, 144, 76.48, 77.434, 0.953, 1624, 2, 77.434, 77.519, 0.085, 171,     1.583,
 460, 0, 76.166, 76.166, 76.514, 0.348, 146, 76.514, 77.509, 0.994, 1775, 2, 77.509, 77.586, 0.077, 154,     1.419,
 461, 0, 76.775, 76.775, 76.785, 0.01, 10, 76.785, 77.643, 0.858, 1380, 2, 77.643, 77.66, 0.017, 34,     0.885,
 462, 0, 76.792, 76.792, 76.792, 0, 8, 76.792, 77.67, 0.878, 945, 2, 77.67, 77.67, 0, 12,     0.878,
 463, 0, 76.853, 76.853, 76.917, 0.063, 127, 76.917, 77.684, 0.767, 1362, 2, 77.684, 77.728, 0.044, 89,     0.875,
 465, 0, 76.94, 76.94, 77.028, 0.088, 188, 77.028, 77.759, 0.732, 1475, 2, 77.759, 77.769, 0.01, 20,     0.829,
 459, 0, 76.097, 76.097, 76.434, 0.337, 6, 76.434, 77.414, 0.979, 1860, 2, 77.414, 77.89, 0.476, 953,     1.793,
 467, 0, 77.275, 77.275, 77.293, 0.019, 52, 77.293, 78.009, 0.716, 1701, 2, 78.009, 78.029, 0.02, 41,     0.755,
 468, 0, 77.295, 77.295, 77.327, 0.031, 28, 77.327, 78.043, 0.716, 1644, 2, 78.043, 78.053, 0.01, 18,     0.757,
 466, 0, 77.198, 77.198, 77.203, 0.005, 17, 77.203, 77.929, 0.726, 1162, 2, 77.929, 78.066, 0.137, 274,     0.868,
 469, 0, 77.378, 77.378, 77.417, 0.038, 59, 77.417, 78.145, 0.728, 1386, 2, 78.145, 78.162, 0.017, 35,     0.784,
 470, 0, 77.43, 77.43, 77.462, 0.032, 66, 77.462, 78.191, 0.729, 1510, 2, 78.191, 78.214, 0.023, 46,     0.784,
 464, 0, 76.899, 76.899, 77.72, 0.821, 1604, 77.72, 78.6, 0.88, 1438, 2, 78.6, 78.615, 0.016, 31,     1.716,
 471, 0, 77.788, 77.788, 77.788, 0, 5, 77.788, 78.69, 0.902, 2206, 2, 78.69, 78.713, 0.023, 54,     0.925,
 472, 0, 77.811, 77.811, 77.83, 0.018, 42, 77.83, 78.906, 1.076, 1112, 2, 78.906, 78.977, 0.071, 142,     1.166,
 451, 0, 75.158, 75.158, 75.618, 0.461, 341, 75.618, 76.497, 0.879, 1558, 2, 76.497, 79.095, 2.598, 5197,     3.938,
 473, 0, 78.058, 78.058, 78.069, 0.011, 22, 78.069, 79.162, 1.093, 1490, 2, 79.162, 79.182, 0.019, 39,     1.123,
 475, 0, 78.224, 78.224, 78.24, 0.016, 32, 78.24, 79.349, 1.109, 1944, 2, 79.349, 79.359, 0.01, 5,     1.135,
 474, 0, 78.11, 78.11, 78.278, 0.168, 328, 78.278, 79.418, 1.14, 1238, 2, 79.418, 79.498, 0.08, 161,     1.389,
 476, 0, 78.268, 78.268, 78.292, 0.024, 51, 78.292, 79.454, 1.162, 1374, 2, 79.454, 79.518, 0.064, 122,     1.250,
 477, 0, 78.393, 78.393, 78.487, 0.094, 180, 78.487, 79.598, 1.111, 1850, 2, 79.598, 79.608, 0.01, 10,     1.215,
 479, 0, 78.878, 78.878, 78.941, 0.064, 104, 78.941, 79.709, 0.768, 1457, 2, 79.709, 79.719, 0.01, 18,     0.841,
 478, 0, 78.487, 78.487, 78.744, 0.257, 510, 78.744, 79.669, 0.925, 1826, 2, 79.669, 79.756, 0.087, 160,     1.269,
 480, 0, 78.892, 78.892, 78.941, 0.05, 77, 78.941, 79.848, 0.907, 1168, 2, 79.848, 79.858, 0.01, 10,     0.966,
 481, 0, 79.03, 79.03, 79.041, 0.011, 23, 79.041, 79.932, 0.891, 1263, 2, 79.932, 79.942, 0.01, 19,     0.912,
 482, 0, 79.142, 79.142, 79.167, 0.025, 52, 79.167, 79.966, 0.799, 1627, 2, 79.966, 79.993, 0.027, 54,     0.851,
 483, 0, 79.177, 79.177, 79.199, 0.022, 45, 79.199, 80.098, 0.899, 1306, 2, 80.098, 80.112, 0.014, 28,     0.935,
 484, 0, 79.274, 79.274, 79.299, 0.026, 32, 79.299, 80.191, 0.892, 984, 2, 80.191, 80.202, 0.01, 21,     0.928,
 485, 0, 79.314, 79.314, 79.368, 0.054, 110, 79.368, 80.221, 0.853, 1756, 2, 80.221, 80.255, 0.034, 71,     0.941,
 489, 0, 79.97, 79.97, 79.98, 0.01, 13, 79.98, 80.694, 0.714, 1690, 2, 80.694, 80.704, 0.01, 2,     0.734,
 488, 0, 79.945, 79.945, 80.008, 0.064, 141, 80.008, 80.733, 0.725, 1544, 2, 80.733, 80.77, 0.037, 73,     0.825,
 486, 0, 79.429, 79.429, 79.725, 0.296, 584, 79.725, 80.477, 0.751, 1307, 2, 80.477, 81.128, 0.651, 1300,     1.699,
 487, 0, 79.864, 79.864, 79.888, 0.025, 63, 79.888, 80.662, 0.774, 1957, 2, 80.662, 81.15, 0.488, 977,     1.287,
 490, 0, 80.65, 80.65, 80.65, 0, 10, 80.65, 81.367, 0.717, 1472, 2, 81.367, 81.377, 0.01, 17,     0.727,
 492, 0, 80.729, 80.729, 80.755, 0.025, 51, 80.755, 81.481, 0.726, 1480, 2, 81.481, 81.556, 0.076, 151,     0.827,
 493, 0, 80.916, 80.916, 80.916, 0, 6, 80.916, 81.649, 0.733, 2015, 2, 81.649, 81.746, 0.097, 195,     0.830,
 494, 0, 80.98, 80.98, 80.98, 0, 1, 80.98, 81.696, 0.716, 1759, 2, 81.696, 81.855, 0.159, 318,     0.875,
 491, 0, 80.67, 80.67, 80.682, 0.012, 33, 80.682, 81.399, 0.717, 2030, 2, 81.399, 81.865, 0.466, 935,     1.196,
 497, 0, 81.178, 81.178, 81.206, 0.027, 41, 81.206, 81.921, 0.716, 904, 2, 81.921, 81.959, 0.037, 75,     0.780,
 495, 0, 81.043, 81.043, 81.102, 0.058, 130, 81.102, 81.835, 0.734, 1795, 2, 81.835, 81.978, 0.142, 285,     0.935,
 496, 0, 81.132, 81.132, 81.302, 0.17, 346, 81.302, 82.085, 0.784, 1475, 2, 82.085, 82.14, 0.055, 109,     1.008,
 499, 0, 81.542, 81.542, 81.56, 0.018, 36, 81.56, 82.29, 0.729, 1679, 2, 82.29, 82.321, 0.031, 70,     0.779,
 498, 0, 81.198, 81.198, 81.856, 0.658, 1290, 81.856, 82.571, 0.715, 1190, 2, 82.571, 82.605, 0.034, 68,     1.407,
 500, 0, 81.856, 81.856, 81.89, 0.034, 32, 81.89, 82.62, 0.73, 774, 2, 82.62, 82.643, 0.023, 46,     0.787,
 503, 0, 82.316, 82.316, 82.316, 0, 15, 82.316, 83.05, 0.735, 1235, 2, 83.05, 83.06, 0.01, 12,     0.745,
 501, 0, 82.058, 82.058, 82.115, 0.058, 97, 82.115, 82.841, 0.726, 1783, 2, 82.841, 83.07, 0.229, 468,     1.013,
 502, 0, 82.118, 82.118, 82.127, 0.01, 22, 82.127, 82.869, 0.742, 1263, 2, 82.869, 83.08, 0.211, 417,     0.963,
 504, 0, 82.341, 82.341, 82.379, 0.037, 71, 82.379, 83.095, 0.717, 1564, 2, 83.095, 83.155, 0.06, 114,     0.814,
 506, 0, 82.423, 82.423, 82.449, 0.025, 52, 82.449, 83.299, 0.851, 1640, 2, 83.299, 83.667, 0.367, 720,     1.243,
 508, 0, 82.935, 82.935, 82.954, 0.019, 48, 82.954, 83.667, 0.712, 1353, 2, 83.667, 83.667, 0, 5,     0.732,
 509, 0, 83.153, 83.153, 83.19, 0.037, 89, 83.19, 83.916, 0.726, 1653, 2, 83.916, 83.959, 0.042, 85,     0.806,
 510, 0, 83.217, 83.217, 83.242, 0.025, 29, 83.242, 84.059, 0.817, 1785, 2, 84.059, 84.069, 0.01, 17,     0.853,
 511, 0, 83.296, 83.296, 83.748, 0.451, 903, 83.748, 84.478, 0.73, 1888, 2, 84.478, 84.558, 0.081, 161,     1.262,
 514, 0, 83.841, 83.841, 83.876, 0.035, 35, 83.876, 84.601, 0.725, 1231, 2, 84.601, 84.611, 0.01, 16,     0.770,
 512, 0, 83.631, 83.631, 83.7, 0.069, 138, 83.7, 84.435, 0.735, 1406, 2, 84.435, 84.639, 0.204, 409,     1.008,
 513, 0, 83.806, 83.806, 83.953, 0.147, 302, 83.953, 84.668, 0.715, 1884, 2, 84.668, 84.678, 0.01, 11,     0.872,
 515, 0, 83.943, 83.943, 83.992, 0.049, 98, 83.992, 84.708, 0.716, 1363, 2, 84.708, 84.796, 0.088, 166,     0.854,
 517, 0, 84.773, 84.773, 84.783, 0.01, 1, 84.783, 85.493, 0.709, 1729, 2, 85.493, 85.563, 0.07, 111,     0.790,
 519, 0, 85.227, 85.227, 85.237, 0.011, 22, 85.237, 85.957, 0.72, 1276, 2, 85.957, 85.992, 0.035, 70,     0.766,
 521, 0, 85.289, 85.289, 85.338, 0.049, 18, 85.338, 86.102, 0.764, 1487, 2, 86.102, 86.118, 0.016, 31,     0.829,
 520, 0, 85.257, 85.257, 85.326, 0.068, 149, 85.326, 86.047, 0.722, 1756, 2, 86.047, 86.16, 0.113, 187,     0.902,
 522, 0, 85.338, 85.338, 85.348, 0.01, 7, 85.348, 86.214, 0.866, 1054, 2, 86.214, 86.238, 0.024, 48,     0.900,
 516, 0, 84.432, 84.432, 84.485, 0.053, 117, 84.485, 85.214, 0.729, 1643, 2, 85.214, 86.292, 1.078, 2157,     1.861,
 507, 0, 82.537, 82.537, 82.577, 0.039, 64, 82.577, 83.405, 0.828, 1627, 2, 83.405, 86.302, 2.898, 5778,     3.765,
 524, 0, 85.491, 85.491, 85.557, 0.066, 124, 85.557, 86.352, 0.795, 933, 2, 86.352, 86.414, 0.062, 124,     0.923,
 523, 0, 85.421, 85.421, 85.437, 0.016, 32, 85.437, 86.302, 0.866, 1412, 2, 86.302, 86.585, 0.282, 565,     1.164,
 518, 0, 84.999, 84.999, 85.929, 0.931, 1861, 85.929, 86.855, 0.926, 1209, 2, 86.855, 86.868, 0.013, 26,     1.870,
 525, 0, 85.696, 85.696, 85.706, 0.01, 15, 85.706, 86.718, 1.012, 1295, 2, 86.718, 87.259, 0.541, 1083,     1.563,
 526, 0, 86.493, 86.493, 86.503, 0.01, 28, 86.503, 87.562, 1.058, 1377, 2, 87.562, 87.592, 0.03, 35,     1.099,
 528, 0, 86.612, 86.612, 86.612, 0, 13, 86.612, 87.612, 1, 1399, 2, 87.612, 87.698, 0.086, 172,     1.086,
 530, 0, 86.724, 86.724, 86.747, 0.023, 29, 86.747, 87.819, 1.072, 1519, 2, 87.819, 87.855, 0.036, 72,     1.131,
 529, 0, 86.681, 86.681, 86.681, 0, 9, 86.681, 87.734, 1.053, 2139, 2, 87.734, 87.891, 0.157, 314,     1.210,
 527, 0, 86.541, 86.541, 86.828, 0.287, 560, 86.828, 87.861, 1.033, 1665, 2, 87.861, 87.987, 0.126, 264,     1.446,
 532, 0, 86.946, 86.946, 87, 0.054, 105, 87, 88.079, 1.078, 1332, 2, 88.079, 88.092, 0.013, 26,     1.146,
 531, 0, 86.89, 86.89, 87.085, 0.195, 360, 87.085, 88.111, 1.025, 1033, 2, 88.111, 88.134, 0.023, 47,     1.244,
 534, 0, 87.288, 87.288, 87.343, 0.055, 123, 87.343, 88.328, 0.985, 1443, 2, 88.328, 88.348, 0.02, 40,     1.060,
 505, 0, 82.369, 82.369, 82.474, 0.105, 211, 82.474, 83.36, 0.886, 1466, 2, 83.36, 89.265, 5.906, 11812,     6.897,
 535, 0, 87.398, 87.398, 88.507, 1.11, 2220, 88.507, 89.224, 0.717, 1372, 2, 89.224, 89.285, 0.061, 101,     1.888,
 536, 0, 87.66, 87.66, 89.143, 1.483, 1243, 89.143, 89.859, 0.716, 1456, 2, 89.859, 89.869, 0.01, 17,     2.209,
 538, 0, 87.825, 87.825, 89.201, 1.376, 58, 89.201, 89.992, 0.792, 1941, 2, 89.992, 90.041, 0.049, 97,     2.216,
 533, 0, 87.254, 87.254, 89.418, 2.164, 4313, 89.418, 90.261, 0.843, 1689, 2, 90.261, 90.281, 0.02, 32,     3.027,
 540, 0, 88.053, 88.053, 89.598, 1.545, 356, 89.598, 90.438, 0.84, 1459, 2, 90.438, 90.457, 0.019, 37,     2.404,
 541, 0, 88.178, 88.178, 89.648, 1.47, 93, 89.648, 90.563, 0.915, 1680, 2, 90.563, 90.573, 0.01, 1,     2.394,
 542, 0, 88.293, 88.293, 89.682, 1.389, 62, 89.682, 90.618, 0.936, 1891, 2, 90.618, 90.632, 0.014, 28,     2.339,
 537, 0, 87.741, 87.741, 89.172, 1.43, 33, 89.172, 89.923, 0.751, 1645, 2, 89.923, 90.652, 0.729, 1437,     2.911,
 543, 0, 88.335, 88.335, 89.737, 1.403, 111, 89.737, 90.688, 0.951, 1170, 2, 90.688, 90.708, 0.019, 39,     2.373,
 544, 0, 88.51, 88.51, 89.765, 1.255, 31, 89.765, 90.823, 1.058, 1507, 2, 90.823, 90.833, 0.01, 10,     2.323,
 545, 0, 88.597, 88.597, 89.797, 1.201, 41, 89.797, 90.881, 1.084, 1595, 2, 90.881, 90.891, 0.01, 1,     2.294,
 546, 0, 88.7, 88.7, 89.807, 1.107, 1, 89.807, 90.939, 1.132, 1381, 2, 90.939, 91.011, 0.072, 144,     2.311,
 547, 0, 88.856, 88.856, 89.847, 0.991, 67, 89.847, 91.021, 1.174, 1341, 2, 91.021, 91.042, 0.021, 62,     2.186,
 549, 0, 89.482, 89.482, 89.887, 0.405, 54, 89.887, 91.136, 1.249, 1390, 2, 91.136, 91.194, 0.058, 117,     1.712,
 550, 0, 89.531, 89.531, 89.897, 0.366, 3, 89.897, 91.197, 1.3, 1409, 2, 91.197, 91.218, 0.022, 48,     1.687,
 548, 0, 89.459, 89.459, 89.857, 0.398, 2, 89.857, 91.073, 1.216, 1413, 2, 91.073, 91.238, 0.166, 292,     1.779,
 551, 0, 89.685, 89.685, 90.103, 0.418, 412, 90.103, 91.323, 1.22, 1067, 2, 91.323, 91.333, 0.01, 10,     1.647,
 539, 0, 87.838, 87.838, 90.052, 2.214, 1692, 90.052, 91.271, 1.218, 866, 2, 91.271, 91.363, 0.092, 184,     3.525,
 552, 0, 90.099, 90.099, 90.197, 0.098, 189, 90.197, 91.446, 1.249, 1391, 2, 91.446, 91.481, 0.035, 70,     1.382,
 553, 0, 90.332, 90.332, 90.332, 0, 6, 90.332, 91.52, 1.188, 1115, 2, 91.52, 91.53, 0.01, 21,     1.199,
 554, 0, 90.395, 90.395, 90.462, 0.067, 142, 90.462, 91.652, 1.19, 1430, 2, 91.652, 91.662, 0.01, 12,     1.266,
 555, 0, 90.62, 90.62, 90.672, 0.052, 96, 90.672, 91.822, 1.15, 1714, 2, 91.822, 91.853, 0.031, 62,     1.233,
 556, 0, 90.661, 90.661, 90.766, 0.105, 228, 90.766, 91.902, 1.136, 1586, 2, 91.902, 91.912, 0.01, 12,     1.251,
 557, 0, 90.708, 90.708, 90.936, 0.228, 465, 90.936, 92.152, 1.216, 1612, 2, 92.152, 92.212, 0.06, 120,     1.504,
 559, 0, 91.673, 91.673, 91.683, 0.01, 6, 91.683, 92.401, 0.717, 1020, 2, 92.401, 92.419, 0.018, 36,     0.745,
 560, 0, 91.756, 91.756, 91.766, 0.01, 9, 91.766, 92.491, 0.725, 1482, 2, 92.491, 92.501, 0.01, 9,     0.745,
 561, 0, 91.846, 91.846, 91.877, 0.031, 61, 91.877, 92.593, 0.716, 1295, 2, 92.593, 92.604, 0.011, 22,     0.758,
 563, 0, 92.042, 92.042, 92.078, 0.036, 69, 92.078, 92.798, 0.72, 1335, 2, 92.798, 92.815, 0.016, 33,     0.772,
 562, 0, 91.937, 91.937, 92.066, 0.129, 258, 92.066, 92.781, 0.715, 935, 2, 92.781, 92.835, 0.054, 93,     0.898,
 564, 0, 92.068, 92.068, 92.068, 0, 1, 92.068, 92.798, 0.73, 1681, 2, 92.798, 92.855, 0.057, 96,     0.786,
 567, 0, 92.379, 92.379, 92.389, 0.01, 10, 92.389, 93.114, 0.725, 1559, 2, 93.114, 93.124, 0.01, 14,     0.745,
 568, 0, 92.4, 92.4, 92.41, 0.01, 8, 92.41, 93.161, 0.751, 1425, 2, 93.161, 93.176, 0.015, 30,     0.776,
 566, 0, 92.308, 92.308, 92.476, 0.168, 336, 92.476, 93.294, 0.818, 1951, 2, 93.294, 93.306, 0.011, 23,     0.998,
 570, 0, 92.523, 92.523, 92.597, 0.073, 155, 92.597, 93.363, 0.766, 1641, 2, 93.363, 93.373, 0.01, 14,     0.850,
 569, 0, 92.457, 92.457, 92.508, 0.051, 65, 92.508, 93.314, 0.806, 1508, 2, 93.314, 93.504, 0.19, 397,     1.047,
 565, 0, 92.168, 92.168, 92.188, 0.02, 57, 92.188, 92.911, 0.723, 1714, 2, 92.911, 93.737, 0.826, 1644,     1.569,
 572, 0, 93.012, 93.012, 93.039, 0.027, 69, 93.039, 93.76, 0.72, 1565, 2, 93.76, 93.77, 0.01, 21,     0.758,
 573, 0, 93.082, 93.082, 93.092, 0.01, 32, 93.092, 93.808, 0.715, 1604, 2, 93.808, 93.841, 0.034, 67,     0.759,
 571, 0, 93.005, 93.005, 93.012, 0.007, 15, 93.012, 93.727, 0.715, 1442, 2, 93.727, 93.883, 0.156, 312,     0.878,
 576, 0, 93.193, 93.193, 93.203, 0.01, 13, 93.203, 93.977, 0.775, 786, 2, 93.977, 94.066, 0.089, 178,     0.874,
 577, 0, 93.475, 93.475, 93.505, 0.029, 59, 93.505, 94.226, 0.722, 1489, 2, 94.226, 94.238, 0.011, 24,     0.763,
 575, 0, 93.132, 93.132, 93.381, 0.249, 497, 93.381, 94.096, 0.716, 1821, 2, 94.096, 94.317, 0.221, 442,     1.185,
 574, 0, 93.105, 93.105, 93.142, 0.037, 56, 93.142, 93.857, 0.715, 901, 2, 93.857, 94.431, 0.573, 1136,     1.325,
 578, 0, 93.791, 93.791, 93.815, 0.025, 49, 93.815, 94.676, 0.86, 790, 2, 94.676, 94.694, 0.019, 37,     0.903,
 579, 0, 94.032, 94.032, 94.032, 0, 7, 94.032, 94.777, 0.745, 1601, 2, 94.777, 94.802, 0.025, 51,     0.770,
 580, 0, 94.126, 94.126, 94.148, 0.023, 60, 94.148, 94.941, 0.792, 1384, 2, 94.941, 94.952, 0.011, 22,     0.826,
 582, 0, 94.19, 94.19, 94.19, 0, 2, 94.19, 95.006, 0.816, 1511, 2, 95.006, 95.044, 0.038, 76,     0.854,
 581, 0, 94.162, 94.162, 94.199, 0.037, 77, 94.199, 95.006, 0.806, 1816, 2, 95.006, 95.062, 0.056, 124,     0.900,
 583, 0, 94.321, 94.321, 94.34, 0.019, 37, 94.34, 95.266, 0.927, 1517, 2, 95.266, 95.297, 0.031, 61,     0.976,
 558, 0, 91.219, 91.219, 91.241, 0.022, 44, 91.241, 92.27, 1.029, 2029, 2, 92.27, 95.362, 3.093, 6186,     4.143,
 584, 0, 95.011, 95.011, 95.025, 0.014, 28, 95.025, 95.78, 0.755, 1191, 2, 95.78, 95.819, 0.039, 77,     0.808,
 586, 0, 95.27, 95.27, 95.302, 0.032, 65, 95.302, 96.083, 0.781, 1081, 2, 96.083, 96.125, 0.042, 84,     0.855,
 585, 0, 95.148, 95.148, 95.188, 0.04, 75, 95.188, 95.968, 0.78, 1366, 2, 95.968, 96.189, 0.221, 442,     1.041,
 587, 0, 95.329, 95.329, 95.36, 0.031, 64, 95.36, 96.279, 0.919, 1653, 2, 96.279, 96.314, 0.035, 70,     0.985,
 588, 0, 95.383, 95.383, 95.383, 0, 3, 95.383, 96.332, 0.95, 998, 2, 96.332, 96.433, 0.1, 201,     1.050,
 589, 0, 95.649, 95.649, 95.659, 0.01, 19, 95.659, 96.537, 0.878, 1628, 2, 96.537, 96.547, 0.01, 19,     0.898,
 591, 0, 96.163, 96.163, 96.173, 0.01, 10, 96.173, 96.895, 0.722, 1054, 2, 96.895, 96.918, 0.023, 46,     0.755,
 590, 0, 96.149, 96.149, 96.282, 0.133, 267, 96.282, 96.998, 0.716, 1675, 2, 96.998, 97.008, 0.01, 17,     0.859,
 592, 0, 96.415, 96.415, 96.654, 0.238, 452, 96.654, 97.388, 0.734, 1452, 2, 97.388, 97.463, 0.075, 150,     1.048,
 594, 0, 96.587, 96.587, 96.73, 0.143, 286, 96.73, 97.463, 0.733, 1530, 2, 97.463, 97.479, 0.016, 33,     0.892,
 593, 0, 96.45, 96.45, 96.468, 0.017, 35, 96.468, 97.181, 0.713, 1437, 2, 97.181, 97.633, 0.452, 904,     1.183,
 595, 0, 96.941, 96.941, 97.077, 0.136, 268, 97.077, 97.802, 0.725, 1363, 2, 97.802, 97.827, 0.025, 51,     0.886,
 596, 0, 97.304, 97.304, 97.335, 0.032, 49, 97.335, 98.059, 0.723, 1586, 2, 98.059, 98.082, 0.023, 47,     0.779,
 598, 0, 97.556, 97.556, 97.577, 0.021, 56, 97.577, 98.317, 0.74, 1102, 2, 98.317, 98.327, 0.01, 7,     0.771,
 597, 0, 97.51, 97.51, 97.588, 0.079, 157, 97.588, 98.317, 0.728, 871, 2, 98.317, 98.364, 0.047, 95,     0.854,
 599, 0, 97.611, 97.611, 97.644, 0.034, 53, 97.644, 98.365, 0.72, 2092, 2, 98.365, 98.375, 0.01, 7,     0.764,
 600, 0, 97.844, 97.844, 97.854, 0.01, 13, 97.854, 98.566, 0.712, 1703, 2, 98.566, 98.596, 0.03, 60,     0.752,
 601, 0, 98.037, 98.037, 98.076, 0.039, 71, 98.076, 98.815, 0.74, 1937, 2, 98.815, 98.825, 0.01, 19,     0.789,
 602, 0, 98.111, 98.111, 98.21, 0.1, 199, 98.21, 98.926, 0.716, 1331, 2, 98.926, 98.936, 0.01, 16,     0.825,
 603, 0, 98.401, 98.401, 98.411, 0.01, 11, 98.411, 99.129, 0.718, 1354, 2, 99.129, 99.139, 0.01, 1,     0.738,
 604, 0, 98.468, 98.468, 98.513, 0.045, 65, 98.513, 99.247, 0.733, 1321, 2, 99.247, 99.331, 0.084, 168,     0.862,
 605, 0, 98.552, 98.552, 98.609, 0.058, 100, 98.609, 99.358, 0.748, 1642, 2, 99.358, 99.506, 0.148, 296,     0.954,
 606, 0, 98.868, 98.868, 98.968, 0.099, 162, 98.968, 99.702, 0.734, 1200, 2, 99.702, 99.721, 0.019, 39,     0.853,
 609, 0, 99.345, 99.345, 99.408, 0.063, 126, 99.408, 100.138, 0.731, 1671, 2, 100.138, 100.164, 0.026, 52,     0.819,
 610, 0, 99.409, 99.409, 99.481, 0.071, 128, 99.481, 100.192, 0.712, 1559, 2, 100.192, 100.222, 0.029, 59,     0.812,
 608, 0, 99.299, 99.299, 99.563, 0.264, 544, 99.563, 100.302, 0.739, 1802, 2, 100.302, 100.374, 0.072, 143,     1.075,
 611, 0, 99.652, 99.652, 99.702, 0.05, 82, 99.702, 100.432, 0.73, 1107, 2, 100.432, 100.463, 0.031, 62,     0.811,
 612, 0, 99.762, 99.762, 100.246, 0.485, 970, 100.246, 100.972, 0.726, 1772, 2, 100.972, 100.982, 0.01, 9,     1.220,
 614, 0, 100.057, 100.057, 100.294, 0.237, 60, 100.294, 101.15, 0.856, 1575, 2, 101.15, 101.198, 0.047, 95,     1.141,
 615, 0, 100.211, 100.211, 100.364, 0.153, 140, 100.364, 101.228, 0.864, 1682, 2, 101.228, 101.262, 0.034, 68,     1.051,
 613, 0, 99.812, 99.812, 100.482, 0.669, 1353, 100.482, 101.228, 0.746, 1454, 2, 101.228, 101.445, 0.217, 434,     1.632,
 616, 0, 100.347, 100.347, 100.861, 0.514, 980, 100.861, 101.663, 0.802, 1514, 2, 101.663, 101.704, 0.04, 80,     1.356,
 618, 0, 100.546, 100.546, 100.861, 0.315, 120, 100.861, 101.733, 0.871, 1578, 2, 101.733, 101.743, 0.01, 2,     1.196,
 619, 0, 100.803, 100.803, 100.875, 0.072, 28, 100.875, 101.733, 0.857, 1096, 2, 101.733, 101.773, 0.04, 80,     0.970,
 620, 0, 101.07, 101.07, 101.122, 0.052, 80, 101.122, 101.888, 0.766, 1501, 2, 101.888, 101.905, 0.017, 34,     0.835,
 617, 0, 100.487, 100.487, 100.785, 0.298, 568, 100.785, 101.639, 0.854, 1577, 2, 101.639, 101.929, 0.29, 573,     1.441,
 621, 0, 101.222, 101.222, 101.232, 0.01, 20, 101.232, 101.982, 0.75, 1173, 2, 101.982, 102.004, 0.022, 26,     0.782,
 622, 0, 101.266, 101.266, 101.35, 0.083, 152, 101.35, 102.169, 0.819, 1121, 2, 102.169, 102.231, 0.062, 125,     0.965,
 623, 0, 101.371, 101.371, 101.453, 0.082, 164, 101.453, 102.251, 0.798, 1451, 2, 102.251, 102.352, 0.101, 202,     0.981,
 624, 0, 101.402, 101.402, 101.465, 0.062, 131, 101.465, 102.393, 0.928, 1481, 2, 102.393, 102.482, 0.089, 179,     1.080,
 625, 0, 101.44, 101.44, 101.667, 0.227, 418, 101.667, 102.653, 0.986, 1621, 2, 102.653, 102.69, 0.037, 74,     1.250,
 626, 0, 101.532, 101.532, 101.575, 0.043, 72, 101.575, 102.488, 0.912, 1942, 2, 102.488, 102.71, 0.222, 430,     1.178,
 629, 0, 102.171, 102.171, 102.171, 0, 10, 102.171, 102.937, 0.765, 1467, 2, 102.937, 103.004, 0.067, 117,     0.833,
 628, 0, 102.162, 102.162, 102.222, 0.06, 102, 102.222, 103.158, 0.936, 1872, 2, 103.158, 103.32, 0.162, 325,     1.158,
 630, 0, 102.288, 102.288, 102.301, 0.013, 25, 102.301, 103.31, 1.009, 1145, 2, 103.31, 103.36, 0.05, 99,     1.071,
 607, 0, 99.063, 99.063, 99.088, 0.025, 41, 99.088, 99.818, 0.73, 2020, 2, 99.818, 103.531, 3.713, 7426,     4.468,
 631, 0, 102.413, 102.413, 102.424, 0.01, 9, 102.424, 103.572, 1.149, 1349, 2, 103.572, 103.638, 0.066, 131,     1.224,
 634, 0, 102.741, 102.741, 102.8, 0.059, 115, 102.8, 103.822, 1.023, 1477, 2, 103.822, 103.888, 0.066, 140,     1.147,
 632, 0, 102.564, 102.564, 102.736, 0.172, 345, 102.736, 103.776, 1.04, 999, 2, 103.776, 103.977, 0.201, 402,     1.414,
 635, 0, 102.79, 102.79, 103.3, 0.51, 1014, 103.3, 104.072, 0.771, 1615, 2, 104.072, 104.109, 0.038, 76,     1.320,
 638, 0, 103.331, 103.331, 103.341, 0.01, 1, 103.341, 104.192, 0.851, 1076, 2, 104.192, 104.276, 0.084, 168,     0.945,
 639, 0, 103.36, 103.36, 103.39, 0.03, 70, 103.39, 104.283, 0.893, 1782, 2, 104.283, 104.283, 0, 3,     0.923,
 637, 0, 103.29, 103.29, 103.3, 0.01, 23, 103.3, 104.172, 0.872, 1765, 2, 104.172, 104.303, 0.13, 261,     1.013,
 636, 0, 103.011, 103.011, 103.016, 0.005, 23, 103.016, 103.919, 0.903, 1410, 2, 103.919, 104.317, 0.398, 797,     1.307,
 627, 0, 102.069, 102.069, 102.079, 0.01, 9, 102.079, 102.805, 0.726, 1422, 2, 102.805, 104.542, 1.738, 3467,     2.474,
 640, 0, 103.838, 103.838, 103.861, 0.023, 29, 103.861, 104.611, 0.75, 1055, 2, 104.611, 104.621, 0.01, 1,     0.783,
 641, 0, 103.911, 103.911, 103.921, 0.01, 19, 103.921, 104.643, 0.722, 1746, 2, 104.643, 104.737, 0.094, 188,     0.826,
 642, 0, 103.95, 103.95, 104.124, 0.175, 334, 104.124, 104.84, 0.716, 1750, 2, 104.84, 104.854, 0.013, 27,     0.904,
 633, 0, 102.619, 102.619, 102.682, 0.063, 92, 102.682, 103.684, 1.003, 1919, 2, 103.684, 105.065, 1.381, 2762,     2.446,
 644, 0, 104.124, 104.124, 105.081, 0.956, 1906, 105.081, 105.809, 0.728, 1098, 2, 105.809, 105.83, 0.022, 43,     1.706,
 646, 0, 104.559, 104.559, 105.129, 0.57, 37, 105.129, 105.845, 0.716, 1381, 2, 105.845, 105.855, 0.01, 1,     1.296,
 645, 0, 104.149, 104.149, 105.095, 0.946, 22, 105.095, 105.819, 0.724, 1564, 2, 105.819, 105.865, 0.046, 91,     1.716,
 647, 0, 104.659, 104.659, 105.155, 0.495, 32, 105.155, 105.895, 0.74, 1187, 2, 105.895, 105.92, 0.025, 51,     1.261,
 649, 0, 104.912, 104.912, 105.228, 0.316, 15, 105.228, 106.068, 0.84, 2143, 2, 106.068, 106.078, 0.01, 8,     1.166,
 648, 0, 104.858, 104.858, 105.214, 0.356, 118, 105.214, 106.058, 0.844, 1806, 2, 106.058, 106.088, 0.03, 52,     1.231,
 650, 0, 105.071, 105.071, 105.546, 0.475, 619, 105.546, 106.315, 0.769, 1611, 2, 106.315, 106.326, 0.011, 23,     1.256,
 651, 0, 105.597, 105.597, 105.623, 0.026, 70, 105.623, 106.357, 0.734, 1242, 2, 106.357, 106.379, 0.022, 45,     0.783,
 652, 0, 105.736, 105.736, 105.746, 0.01, 17, 105.746, 106.577, 0.831, 1619, 2, 106.577, 106.695, 0.118, 224,     0.959,
 654, 0, 105.902, 105.902, 105.934, 0.032, 53, 105.934, 106.685, 0.751, 1223, 2, 106.685, 106.715, 0.03, 61,     0.813,
 653, 0, 105.797, 105.797, 105.827, 0.03, 53, 105.827, 106.577, 0.75, 1713, 2, 106.577, 106.783, 0.206, 412,     0.986,
 655, 0, 105.975, 105.975, 105.975, 0, 9, 105.975, 106.826, 0.851, 1323, 2, 106.826, 106.883, 0.057, 114,     0.908,
 656, 0, 106.041, 106.041, 106.06, 0.019, 46, 106.06, 106.873, 0.814, 1627, 2, 106.873, 106.92, 0.047, 93,     0.879,
 657, 0, 106.201, 106.201, 106.323, 0.122, 225, 106.323, 107.083, 0.76, 1294, 2, 107.083, 107.093, 0.01, 2,     0.892,
 658, 0, 106.271, 106.271, 106.432, 0.161, 194, 106.432, 107.144, 0.712, 1557, 2, 107.144, 107.178, 0.034, 49,     0.907,
 660, 0, 106.463, 106.463, 106.735, 0.273, 93, 106.735, 107.587, 0.852, 1406, 2, 107.587, 107.597, 0.01, 3,     1.135,
 659, 0, 106.296, 106.296, 106.67, 0.374, 477, 106.67, 107.456, 0.786, 1815, 2, 107.456, 107.658, 0.202, 405,     1.363,
 661, 0, 107.025, 107.025, 107.083, 0.058, 107, 107.083, 107.837, 0.754, 2090, 2, 107.837, 107.971, 0.134, 279,     0.946,
 662, 0, 107.061, 107.061, 107.422, 0.361, 669, 107.422, 108.141, 0.719, 1436, 2, 108.141, 108.16, 0.019, 37,     1.098,
 664, 0, 107.711, 107.711, 107.763, 0.052, 66, 107.763, 108.484, 0.72, 1578, 2, 108.484, 108.494, 0.01, 8,     0.782,
 665, 0, 107.733, 107.733, 107.794, 0.061, 61, 107.794, 108.514, 0.72, 1407, 2, 108.514, 108.542, 0.028, 57,     0.809,
 663, 0, 107.706, 107.706, 107.725, 0.019, 48, 107.725, 108.433, 0.708, 1548, 2, 108.433, 108.634, 0.201, 402,     0.928,
 666, 0, 107.832, 107.832, 107.886, 0.054, 108, 107.886, 108.703, 0.817, 1421, 2, 108.703, 108.713, 0.01, 6,     0.881,
 667, 0, 107.937, 107.937, 107.989, 0.052, 99, 107.989, 108.737, 0.748, 890, 2, 108.737, 108.781, 0.044, 72,     0.845,
 670, 0, 108.176, 108.176, 108.188, 0.013, 27, 108.188, 108.995, 0.807, 1277, 2, 108.995, 109.031, 0.036, 63,     0.856,
 668, 0, 108.027, 108.027, 108.049, 0.022, 53, 108.049, 108.791, 0.742, 1886, 2, 108.791, 109.176, 0.385, 771,     1.150,
 671, 0, 108.435, 108.435, 108.516, 0.081, 138, 108.516, 109.244, 0.728, 1610, 2, 109.244, 109.285, 0.041, 48,     0.849,
 673, 0, 108.845, 108.845, 108.896, 0.051, 17, 108.896, 109.621, 0.725, 1688, 2, 109.621, 109.643, 0.022, 25,     0.798,
 675, 0, 109.135, 109.135, 109.143, 0.008, 10, 109.143, 109.929, 0.786, 1597, 2, 109.929, 109.944, 0.016, 31,     0.809,
 676, 0, 109.218, 109.218, 109.235, 0.016, 33, 109.235, 110.14, 0.905, 1878, 2, 110.14, 110.228, 0.089, 144,     1.010,
 677, 0, 109.268, 109.268, 109.278, 0.01, 21, 109.278, 110.185, 0.907, 1113, 2, 110.185, 110.348, 0.163, 328,     1.080,
 680, 0, 109.386, 109.386, 109.478, 0.092, 4, 109.478, 110.389, 0.911, 1176, 2, 110.389, 110.45, 0.06, 106,     1.063,
 678, 0, 109.293, 109.293, 109.33, 0.037, 60, 109.33, 110.369, 1.039, 1382, 2, 110.369, 110.611, 0.242, 484,     1.318,
 681, 0, 109.643, 109.643, 109.708, 0.065, 105, 109.708, 110.619, 0.911, 1955, 2, 110.619, 110.629, 0.01, 13,     0.986,
 679, 0, 109.361, 109.361, 109.464, 0.103, 216, 109.464, 110.369, 0.905, 1868, 2, 110.369, 110.649, 0.279, 559,     1.287,
 682, 0, 109.846, 109.846, 109.961, 0.115, 230, 109.961, 110.679, 0.718, 1516, 2, 110.679, 110.699, 0.02, 37,     0.853,
 672, 0, 108.837, 108.837, 108.882, 0.045, 90, 108.882, 109.609, 0.727, 1202, 2, 109.609, 110.797, 1.187, 2375,     1.959,
 684, 0, 110.051, 110.051, 110.175, 0.124, 221, 110.175, 110.891, 0.716, 1819, 2, 110.891, 110.942, 0.051, 102,     0.891,
 685, 0, 110.09, 110.09, 110.187, 0.097, 22, 110.187, 110.929, 0.742, 1509, 2, 110.929, 110.959, 0.03, 54,     0.869,
 683, 0, 109.912, 109.912, 109.975, 0.063, 20, 109.975, 110.689, 0.714, 1318, 2, 110.689, 111.017, 0.328, 656,     1.105,
 686, 0, 110.11, 110.11, 110.213, 0.103, 46, 110.213, 111.12, 0.908, 1226, 2, 111.12, 111.15, 0.03, 41,     1.040,
 674, 0, 109.063, 109.063, 109.073, 0.01, 14, 109.073, 109.87, 0.797, 1417, 2, 109.87, 111.228, 1.358, 2710,     2.165,
 687, 0, 110.368, 110.368, 110.378, 0.01, 12, 110.378, 111.178, 0.8, 1362, 2, 111.178, 111.318, 0.14, 280,     0.950,
 688, 0, 110.54, 110.54, 110.582, 0.041, 83, 110.582, 111.379, 0.797, 2121, 2, 111.379, 111.464, 0.086, 172,     0.924,
 689, 0, 110.608, 110.608, 110.616, 0.008, 6, 110.616, 111.389, 0.773, 1767, 2, 111.389, 111.534, 0.145, 289,     0.926,
 690, 0, 110.839, 110.839, 110.849, 0.01, 15, 110.849, 111.578, 0.729, 1436, 2, 111.578, 111.588, 0.01, 12,     0.749,
 669, 0, 108.151, 108.151, 108.161, 0.01, 16, 108.161, 108.953, 0.792, 1537, 2, 108.953, 111.891, 2.938, 5877,     3.740,
 691, 0, 111.114, 111.114, 111.138, 0.023, 27, 111.138, 111.85, 0.712, 1141, 2, 111.85, 111.894, 0.044, 87,     0.779,
 692, 0, 111.17, 111.17, 111.17, 0, 1, 111.17, 111.904, 0.734, 1129, 2, 111.904, 111.966, 0.062, 125,     0.797,
 694, 0, 111.235, 111.235, 111.653, 0.418, 41, 111.653, 112.365, 0.712, 2005, 2, 112.365, 112.375, 0.01, 15,     1.139,
 693, 0, 111.195, 111.195, 111.629, 0.434, 841, 111.629, 112.355, 0.726, 1831, 2, 112.355, 112.477, 0.123, 245,     1.282,
 695, 0, 111.363, 111.363, 111.673, 0.31, 37, 111.673, 112.427, 0.754, 1687, 2, 112.427, 112.527, 0.1, 201,     1.164,
 643, 0, 104.072, 104.072, 111.817, 7.745, 15457, 111.817, 112.615, 0.798, 1166, 2, 112.615, 112.649, 0.034, 68,     8.576,
 696, 0, 111.501, 111.501, 111.783, 0.282, 221, 111.783, 112.604, 0.821, 1416, 2, 112.604, 112.741, 0.137, 274,     1.240,
 698, 0, 111.88, 111.88, 111.95, 0.07, 115, 111.95, 112.677, 0.726, 1635, 2, 112.677, 112.855, 0.179, 358,     0.975,
 700, 0, 112.032, 112.032, 113.231, 1.199, 198, 113.231, 113.945, 0.715, 1474, 2, 113.945, 114.083, 0.138, 276,     2.051,
 701, 0, 112.064, 112.064, 113.452, 1.388, 433, 113.452, 114.177, 0.724, 1673, 2, 114.177, 114.189, 0.012, 24,     2.125,
 702, 0, 112.313, 112.313, 113.48, 1.167, 42, 113.48, 114.36, 0.879, 1632, 2, 114.36, 114.37, 0.01, 13,     2.056,
 703, 0, 113.353, 113.353, 113.506, 0.153, 51, 113.506, 114.426, 0.92, 1407, 2, 114.426, 114.501, 0.075, 149,     1.147,
 704, 0, 113.444, 113.444, 113.572, 0.127, 132, 113.572, 114.446, 0.874, 1683, 2, 114.446, 114.537, 0.09, 181,     1.092,
 705, 0, 113.543, 113.543, 113.61, 0.068, 63, 113.61, 114.609, 0.999, 1582, 2, 114.609, 114.619, 0.01, 11,     1.076,
 706, 0, 113.575, 113.575, 113.654, 0.079, 59, 113.654, 114.661, 1.008, 1694, 2, 114.661, 114.672, 0.01, 21,     1.097,
 697, 0, 111.717, 111.717, 113.123, 1.406, 2682, 113.123, 113.839, 0.716, 1419, 2, 113.839, 114.687, 0.848, 1696,     2.969,
 707, 0, 113.683, 113.683, 113.683, 0, 7, 113.683, 114.678, 0.994, 1819, 2, 114.678, 114.687, 0.009, 27,     1.003,
 708, 0, 113.725, 113.725, 113.741, 0.016, 33, 113.741, 114.7, 0.958, 1446, 2, 114.7, 114.741, 0.041, 83,     1.016,
 709, 0, 113.841, 113.841, 113.841, 0, 1, 113.841, 114.911, 1.07, 1248, 2, 114.911, 114.969, 0.059, 114,     1.128,
 710, 0, 113.867, 113.867, 113.922, 0.055, 111, 113.922, 114.959, 1.038, 1507, 2, 114.959, 115.123, 0.164, 328,     1.256,
 711, 0, 113.97, 113.97, 113.993, 0.023, 46, 113.993, 115.108, 1.115, 1588, 2, 115.108, 115.153, 0.045, 90,     1.183,
 699, 0, 112.021, 112.021, 113.867, 1.846, 3687, 113.867, 114.927, 1.061, 1585, 2, 114.927, 115.16, 0.233, 477,     3.139,
 712, 0, 114.031, 114.031, 114.107, 0.076, 152, 114.107, 115.18, 1.074, 1853, 2, 115.18, 115.54, 0.36, 735,     1.510,
 713, 0, 114.425, 114.425, 114.459, 0.034, 71, 114.459, 115.659, 1.201, 1408, 2, 115.659, 115.67, 0.011, 22,     1.246,
 714, 0, 114.515, 114.515, 114.606, 0.091, 202, 114.606, 115.681, 1.075, 1173, 2, 115.681, 115.704, 0.023, 46,     1.189,
 715, 0, 114.831, 114.831, 114.842, 0.011, 22, 114.842, 115.729, 0.886, 1242, 2, 115.729, 115.853, 0.124, 263,     1.022,
 718, 0, 114.992, 114.992, 115.137, 0.145, 270, 115.137, 115.931, 0.794, 1961, 2, 115.931, 115.951, 0.02, 26,     0.959,
 717, 0, 114.949, 114.949, 115.217, 0.268, 556, 115.217, 115.991, 0.774, 1680, 2, 115.991, 116.001, 0.01, 9,     1.051,
 716, 0, 114.929, 114.929, 115.002, 0.073, 142, 115.002, 115.876, 0.874, 1620, 2, 115.876, 116.169, 0.293, 575,     1.239,
 721, 0, 115.293, 115.293, 115.488, 0.195, 391, 115.488, 116.211, 0.723, 867, 2, 116.211, 116.236, 0.025, 51,     0.943,
 720, 0, 115.204, 115.204, 115.249, 0.046, 57, 115.249, 116.125, 0.876, 1380, 2, 116.125, 116.254, 0.129, 225,     1.051,
 722, 0, 115.357, 115.357, 115.522, 0.165, 33, 115.522, 116.254, 0.732, 1517, 2, 116.254, 116.283, 0.028, 57,     0.925,
 723, 0, 115.421, 115.421, 115.536, 0.115, 17, 115.536, 116.382, 0.846, 974, 2, 116.382, 116.416, 0.034, 36,     0.996,
 719, 0, 115.142, 115.142, 115.904, 0.762, 1508, 115.904, 116.631, 0.727, 1281, 2, 116.631, 116.675, 0.044, 89,     1.534,
 724, 0, 116.016, 116.016, 116.023, 0.007, 12, 116.023, 116.74, 0.717, 1306, 2, 116.74, 116.762, 0.022, 44,     0.746,
 726, 0, 116.96, 116.96, 117.023, 0.063, 108, 117.023, 117.735, 0.712, 1202, 2, 117.735, 117.765, 0.03, 43,     0.805,
 728, 0, 117.023, 117.023, 117.033, 0.01, 5, 117.033, 117.755, 0.722, 1436, 2, 117.755, 117.796, 0.041, 82,     0.773,
 729, 0, 117.05, 117.05, 117.05, 0, 3, 117.05, 117.96, 0.909, 986, 2, 117.96, 118.011, 0.052, 103,     0.961,
 725, 0, 116.956, 116.956, 116.995, 0.039, 78, 116.995, 117.711, 0.716, 1441, 2, 117.711, 118.039, 0.328, 657,     1.083,
 730, 0, 117.395, 117.395, 117.42, 0.024, 40, 117.42, 118.234, 0.814, 1700, 2, 118.234, 118.246, 0.012, 31,     0.850,
 731, 0, 117.521, 117.521, 117.531, 0.01, 32, 117.531, 118.262, 0.731, 1428, 2, 118.262, 118.272, 0.01, 5,     0.751,
 733, 0, 117.658, 117.658, 117.686, 0.028, 56, 117.686, 118.483, 0.797, 1307, 2, 118.483, 118.572, 0.09, 183,     0.914,
 732, 0, 117.647, 117.647, 117.759, 0.112, 235, 117.759, 118.511, 0.752, 1575, 2, 118.511, 118.592, 0.081, 161,     0.945,
 734, 0, 118.074, 118.074, 118.113, 0.039, 79, 118.113, 118.918, 0.805, 1082, 2, 118.918, 119.002, 0.084, 164,     0.928,
 736, 0, 118.199, 118.199, 118.216, 0.017, 54, 118.216, 119.012, 0.796, 1044, 2, 119.012, 119.252, 0.24, 477,     1.053,
 737, 0, 118.328, 118.328, 118.344, 0.016, 31, 118.344, 119.222, 0.878, 1830, 2, 119.222, 119.262, 0.04, 74,     0.933,
 727, 0, 116.995, 116.995, 117.033, 0.039, 69, 117.033, 117.755, 0.722, 2185, 2, 117.755, 119.282, 1.527, 3037,     2.287,
 738, 0, 118.368, 118.368, 118.49, 0.122, 240, 118.49, 119.262, 0.772, 1699, 2, 119.262, 119.282, 0.02, 39,     0.914,
 735, 0, 118.103, 118.103, 118.52, 0.417, 830, 118.52, 119.432, 0.912, 998, 2, 119.432, 119.445, 0.013, 26,     1.343,
 739, 0, 118.392, 118.392, 118.54, 0.148, 85, 118.54, 119.486, 0.946, 1305, 2, 119.486, 119.496, 0.01, 9,     1.104,
 741, 0, 118.569, 118.569, 118.663, 0.094, 207, 118.663, 119.518, 0.855, 1623, 2, 119.518, 119.636, 0.118, 235,     1.067,
 740, 0, 118.514, 118.514, 118.569, 0.055, 85, 118.569, 119.498, 0.929, 1647, 2, 119.498, 119.686, 0.188, 379,     1.172,
 742, 0, 118.751, 118.751, 118.751, 0, 7, 118.751, 119.698, 0.947, 1646, 2, 119.698, 119.826, 0.128, 245,     1.075,
 745, 0, 119.188, 119.188, 119.211, 0.024, 33, 119.211, 120.035, 0.823, 1316, 2, 120.035, 120.045, 0.01, 5,     0.857,
 744, 0, 119.118, 119.118, 119.145, 0.027, 65, 119.145, 120.015, 0.869, 1432, 2, 120.015, 120.157, 0.142, 285,     1.039,
 746, 0, 119.332, 119.332, 119.359, 0.028, 45, 119.359, 120.206, 0.847, 1630, 2, 120.206, 120.216, 0.01, 3,     0.884,
 743, 0, 118.903, 118.903, 119.075, 0.172, 347, 119.075, 119.995, 0.92, 1244, 2, 119.995, 120.329, 0.334, 669,     1.426,
 748, 0, 119.801, 119.801, 119.829, 0.028, 70, 119.829, 120.545, 0.716, 1383, 2, 120.545, 120.555, 0.01, 20,     0.754,
 747, 0, 119.752, 119.752, 119.841, 0.089, 182, 119.841, 120.565, 0.724, 1546, 2, 120.565, 120.579, 0.014, 28,     0.826,
 749, 0, 119.841, 119.841, 119.882, 0.041, 82, 119.882, 120.611, 0.729, 1529, 2, 120.611, 120.654, 0.043, 87,     0.813,
 750, 0, 119.928, 119.928, 119.942, 0.013, 26, 119.942, 120.716, 0.774, 1522, 2, 120.716, 120.726, 0.01, 8,     0.797,
 752, 0, 120.071, 120.071, 120.127, 0.056, 93, 120.127, 120.843, 0.716, 1542, 2, 120.843, 120.854, 0.011, 23,     0.783,
 753, 0, 120.177, 120.177, 120.238, 0.061, 123, 120.238, 120.953, 0.715, 1870, 2, 120.953, 120.999, 0.046, 92,     0.822,
 754, 0, 120.356, 120.356, 120.356, 0, 4, 120.356, 121.072, 0.716, 1374, 2, 121.072, 121.082, 0.01, 19,     0.726,
 751, 0, 119.977, 119.977, 120.499, 0.522, 1044, 120.499, 121.213, 0.714, 1462, 2, 121.213, 121.223, 0.01, 1,     1.246,
 755, 0, 120.418, 120.418, 120.513, 0.095, 189, 120.513, 121.233, 0.72, 1183, 2, 121.233, 121.337, 0.104, 228,     0.919,
 757, 0, 120.641, 120.641, 120.651, 0.01, 3, 120.651, 121.363, 0.712, 1093, 2, 121.363, 121.398, 0.035, 70,     0.757,
 756, 0, 120.562, 120.562, 120.661, 0.099, 198, 120.661, 121.463, 0.802, 1822, 2, 121.463, 121.473, 0.01, 14,     0.910,
 759, 0, 121.027, 121.027, 121.059, 0.032, 57, 121.059, 121.8, 0.74, 1455, 2, 121.8, 121.824, 0.024, 48,     0.796,
 760, 0, 121.05, 121.05, 121.073, 0.023, 8, 121.073, 121.863, 0.789, 1126, 2, 121.863, 121.873, 0.01, 17,     0.822,
 758, 0, 120.938, 120.938, 121.087, 0.149, 287, 121.087, 121.889, 0.801, 1225, 2, 121.889, 121.922, 0.033, 66,     0.984,
 761, 0, 121.665, 121.665, 121.675, 0.01, 13, 121.675, 122.388, 0.713, 1626, 2, 122.388, 122.398, 0.01, 16,     0.733,
 763, 0, 121.899, 121.899, 121.943, 0.044, 88, 121.943, 122.669, 0.726, 988, 2, 122.669, 122.679, 0.01, 1,     0.780,
 764, 0, 121.962, 121.962, 121.981, 0.019, 48, 121.981, 122.693, 0.712, 1910, 2, 122.693, 122.703, 0.01, 20,     0.741,
 765, 0, 121.978, 121.978, 121.995, 0.017, 51, 121.995, 122.719, 0.724, 1551, 2, 122.719, 122.739, 0.02, 40,     0.761,
 766, 0, 122.028, 122.028, 122.082, 0.054, 85, 122.082, 122.919, 0.837, 1800, 2, 122.919, 122.967, 0.048, 96,     0.939,
 767, 0, 122.1, 122.1, 122.1, 0, 1, 122.1, 122.945, 0.845, 1307, 2, 122.945, 123.048, 0.103, 207,     0.949,
 762, 0, 121.724, 121.724, 121.734, 0.01, 11, 121.734, 122.464, 0.73, 1741, 2, 122.464, 123.235, 0.771, 1543,     1.511,
 768, 0, 122.467, 122.467, 122.478, 0.011, 22, 122.478, 123.232, 0.755, 1552, 2, 123.232, 123.334, 0.101, 221,     0.867,
 771, 0, 122.94, 122.94, 122.977, 0.037, 81, 122.977, 123.732, 0.755, 1597, 2, 123.732, 123.743, 0.01, 21,     0.803,
 770, 0, 122.877, 122.877, 122.887, 0.01, 12, 122.887, 123.679, 0.792, 1481, 2, 123.679, 123.755, 0.076, 152,     0.878,
 769, 0, 122.645, 122.645, 122.652, 0.006, 13, 122.652, 123.482, 0.831, 1866, 2, 123.482, 123.767, 0.285, 589,     1.122,
 773, 0, 123.833, 123.833, 123.843, 0.01, 10, 123.843, 124.569, 0.726, 1431, 2, 124.569, 124.625, 0.056, 112,     0.792,
 776, 0, 124.048, 124.048, 124.076, 0.027, 55, 124.076, 124.8, 0.725, 1389, 2, 124.8, 124.837, 0.037, 73,     0.789,
 772, 0, 123.816, 123.816, 124.04, 0.224, 455, 124.04, 124.759, 0.719, 1734, 2, 124.759, 124.926, 0.168, 336,     1.110,
 774, 0, 123.885, 123.885, 124.183, 0.298, 596, 124.183, 124.901, 0.718, 1463, 2, 124.901, 124.946, 0.046, 66,     1.061,
 775, 0, 123.939, 123.939, 124.048, 0.109, 1, 124.048, 124.769, 0.72, 994, 2, 124.769, 124.966, 0.198, 379,     1.027,
 778, 0, 124.238, 124.238, 124.248, 0.01, 1, 124.248, 125.008, 0.76, 1658, 2, 125.008, 125.008, 0, 8,     0.770,
 777, 0, 124.211, 124.211, 124.268, 0.057, 97, 124.268, 125.024, 0.756, 1627, 2, 125.024, 125.187, 0.162, 325,     0.976,
 780, 0, 124.539, 124.539, 124.637, 0.097, 195, 124.637, 125.4, 0.763, 2073, 2, 125.4, 125.448, 0.049, 97,     0.909,
 781, 0, 124.796, 124.796, 124.808, 0.011, 25, 124.808, 125.607, 0.799, 1731, 2, 125.607, 125.705, 0.098, 196,     0.908,
 782, 0, 124.893, 124.893, 124.923, 0.029, 59, 124.923, 125.785, 0.862, 1904, 2, 125.785, 125.852, 0.067, 135,     0.959,
 783, 0, 125.073, 125.073, 125.147, 0.075, 152, 125.147, 125.899, 0.752, 1156, 2, 125.899, 125.909, 0.01, 1,     0.836,
 779, 0, 124.496, 124.496, 125.083, 0.587, 1174, 125.083, 125.857, 0.774, 1423, 2, 125.857, 126.592, 0.735, 1461,     2.095,
 784, 0, 125.841, 125.841, 125.851, 0.01, 2, 125.851, 126.582, 0.731, 1764, 2, 126.582, 126.592, 0.01, 16,     0.751,
 785, 0, 125.855, 125.855, 125.885, 0.03, 33, 125.885, 126.6, 0.716, 1582, 2, 126.6, 126.681, 0.08, 175,     0.826,
 786, 0, 125.893, 125.893, 125.938, 0.045, 107, 125.938, 126.671, 0.733, 1073, 2, 126.671, 126.824, 0.154, 307,     0.931,
 788, 0, 126.11, 126.11, 126.142, 0.032, 44, 126.142, 126.883, 0.741, 950, 2, 126.883, 126.895, 0.011, 23,     0.785,
 787, 0, 125.923, 125.923, 126.156, 0.233, 444, 126.156, 127.094, 0.939, 1469, 2, 127.094, 127.156, 0.061, 123,     1.233,
 790, 0, 126.395, 126.395, 126.395, 0, 4, 126.395, 127.365, 0.97, 1274, 2, 127.365, 127.389, 0.025, 49,     0.994,
 789, 0, 126.341, 126.341, 126.382, 0.041, 83, 126.382, 127.345, 0.963, 1511, 2, 127.345, 127.414, 0.069, 138,     1.073,
 791, 0, 126.415, 126.415, 126.441, 0.026, 52, 126.441, 127.439, 0.997, 1597, 2, 127.439, 127.449, 0.01, 15,     1.033,
 792, 0, 126.436, 126.436, 126.662, 0.226, 437, 126.662, 127.626, 0.964, 1764, 2, 127.626, 127.682, 0.056, 112,     1.246,
 793, 0, 126.513, 126.513, 126.575, 0.062, 107, 126.575, 127.606, 1.031, 1675, 2, 127.606, 127.893, 0.287, 575,     1.380,
 794, 0, 126.631, 126.631, 127.068, 0.437, 848, 127.068, 128.107, 1.04, 1798, 2, 128.107, 128.128, 0.02, 41,     1.497,
 799, 0, 127.254, 127.254, 127.254, 0, 9, 127.254, 128.381, 1.127, 1755, 2, 128.381, 128.414, 0.032, 65,     1.159,
 797, 0, 127.182, 127.182, 127.225, 0.042, 63, 127.225, 128.186, 0.962, 1579, 2, 128.186, 128.468, 0.282, 565,     1.286,
 800, 0, 127.559, 127.559, 127.735, 0.176, 360, 127.735, 128.617, 0.883, 1421, 2, 128.617, 128.627, 0.01, 10,     1.069,
 798, 0, 127.234, 127.234, 127.234, 0, 15, 127.234, 128.357, 1.123, 1388, 2, 128.357, 128.64, 0.283, 577,     1.406,
 802, 0, 128.18, 128.18, 128.19, 0.01, 7, 128.19, 128.902, 0.712, 1958, 2, 128.902, 128.912, 0.01, 11,     0.732,
 801, 0, 128.025, 128.025, 128.09, 0.065, 119, 128.09, 128.807, 0.716, 1606, 2, 128.807, 128.923, 0.117, 234,     0.898,
 803, 0, 128.263, 128.263, 128.273, 0.01, 13, 128.273, 129.095, 0.822, 1413, 2, 129.095, 129.251, 0.156, 313,     0.988,
 804, 0, 128.37, 128.37, 128.748, 0.378, 753, 128.748, 129.464, 0.716, 1774, 2, 129.464, 129.506, 0.042, 83,     1.135,
 805, 0, 128.453, 128.453, 128.8, 0.347, 103, 128.8, 129.534, 0.734, 1353, 2, 129.534, 129.558, 0.024, 49,     1.106,
 806, 0, 128.589, 128.589, 128.935, 0.346, 251, 128.935, 129.65, 0.715, 1421, 2, 129.65, 129.731, 0.081, 161,     1.142,
 807, 0, 128.641, 128.641, 129.031, 0.389, 192, 129.031, 129.745, 0.715, 1523, 2, 129.745, 129.869, 0.124, 247,     1.227,
 808, 0, 128.935, 128.935, 129.984, 1.048, 1906, 129.984, 130.709, 0.725, 1338, 2, 130.709, 130.729, 0.02, 40,     1.794,
 810, 0, 129.233, 129.233, 130.04, 0.807, 30, 130.04, 130.759, 0.719, 1780, 2, 130.759, 130.769, 0.01, 3,     1.536,
 811, 0, 129.388, 129.388, 130.242, 0.854, 388, 130.242, 130.958, 0.717, 1396, 2, 130.958, 131.005, 0.047, 94,     1.618,
 814, 0, 129.903, 129.903, 130.616, 0.714, 20, 130.616, 131.362, 0.746, 1344, 2, 131.362, 131.383, 0.02, 41,     1.480,
 813, 0, 129.829, 129.829, 130.602, 0.773, 582, 130.602, 131.328, 0.726, 1924, 2, 131.328, 131.403, 0.074, 120,     1.574,
 815, 0, 130.04, 130.04, 130.63, 0.591, 3, 130.63, 131.362, 0.732, 1729, 2, 131.362, 131.464, 0.102, 204,     1.425,
 809, 0, 129.138, 129.138, 130.016, 0.878, 65, 130.016, 130.733, 0.717, 1503, 2, 130.733, 131.6, 0.867, 1743,     2.462,
 816, 0, 130.069, 130.069, 131.059, 0.99, 859, 131.059, 131.796, 0.736, 1528, 2, 131.796, 131.826, 0.03, 59,     1.757,
 818, 0, 130.501, 130.501, 131.087, 0.587, 3, 131.087, 131.816, 0.728, 1175, 2, 131.816, 131.846, 0.03, 43,     1.345,
 817, 0, 130.457, 130.457, 131.073, 0.617, 4, 131.073, 131.796, 0.722, 1818, 2, 131.796, 131.923, 0.127, 254,     1.466,
 819, 0, 130.765, 130.765, 131.348, 0.583, 521, 131.348, 132.294, 0.946, 1291, 2, 132.294, 132.316, 0.022, 43,     1.551,
 812, 0, 129.57, 129.57, 130.312, 0.741, 111, 130.312, 131.057, 0.746, 1105, 2, 131.057, 132.348, 1.291, 2582,     2.778,
 820, 0, 130.822, 130.822, 131.362, 0.539, 11, 131.362, 132.294, 0.933, 1799, 2, 132.294, 132.388, 0.094, 160,     1.566,
 821, 0, 130.964, 130.964, 131.468, 0.504, 173, 131.468, 132.44, 0.972, 1875, 2, 132.44, 132.452, 0.012, 25,     1.489,
 822, 0, 131.102, 131.102, 131.688, 0.586, 410, 131.688, 132.556, 0.868, 1006, 2, 132.556, 132.566, 0.01, 2,     1.463,
 824, 0, 131.285, 131.285, 131.744, 0.459, 2, 131.744, 132.576, 0.832, 1583, 2, 132.576, 132.588, 0.012, 25,     1.303,
 825, 0, 131.744, 131.744, 131.995, 0.252, 504, 131.995, 132.715, 0.72, 1585, 2, 132.715, 132.744, 0.029, 57,     1.000,
 827, 0, 131.87, 131.87, 132.022, 0.151, 1, 132.022, 132.805, 0.784, 1494, 2, 132.805, 132.825, 0.02, 40,     0.955,
 823, 0, 131.197, 131.197, 131.74, 0.542, 104, 131.74, 132.556, 0.816, 1705, 2, 132.556, 132.839, 0.283, 547,     1.642,
 826, 0, 131.757, 131.757, 132.009, 0.252, 13, 132.009, 132.805, 0.796, 1539, 2, 132.805, 132.874, 0.069, 137,     1.116,
 828, 0, 131.962, 131.962, 132.108, 0.146, 174, 132.108, 132.839, 0.731, 1446, 2, 132.839, 132.909, 0.07, 139,     0.946,
 829, 0, 132.022, 132.022, 132.122, 0.101, 1, 132.122, 132.965, 0.843, 1103, 2, 132.965, 132.975, 0.01, 9,     0.954,
 831, 0, 132.231, 132.231, 132.251, 0.019, 39, 132.251, 133.055, 0.804, 1957, 2, 133.055, 133.066, 0.011, 22,     0.835,
 830, 0, 132.178, 132.178, 132.188, 0.01, 17, 132.188, 133.055, 0.867, 1942, 2, 133.055, 133.085, 0.03, 60,     0.907,
 832, 0, 132.295, 132.295, 132.372, 0.077, 155, 132.372, 133.108, 0.736, 1608, 2, 133.108, 133.144, 0.036, 73,     0.850,
 833, 0, 132.406, 132.406, 132.598, 0.192, 384, 132.598, 133.328, 0.73, 1017, 2, 133.328, 133.338, 0.01, 14,     0.932,
 834, 0, 132.745, 132.745, 132.755, 0.01, 8, 132.755, 133.48, 0.724, 1586, 2, 133.48, 133.49, 0.01, 7,     0.744,
 835, 0, 132.763, 132.763, 132.769, 0.007, 19, 132.769, 133.504, 0.734, 1374, 2, 133.504, 133.52, 0.016, 32,     0.757,
 836, 0, 132.779, 132.779, 132.803, 0.024, 45, 132.803, 133.534, 0.73, 1675, 2, 133.534, 133.754, 0.22, 441,     0.975,
 837, 0, 133.181, 133.181, 133.239, 0.058, 101, 133.239, 134.059, 0.82, 1130, 2, 134.059, 134.069, 0.01, 4,     0.888,
 839, 0, 133.437, 133.437, 133.471, 0.034, 46, 133.471, 134.56, 1.089, 2037, 2, 134.56, 134.616, 0.056, 97,     1.179,
 840, 0, 133.55, 133.55, 133.584, 0.034, 47, 133.584, 134.81, 1.226, 1408, 2, 134.81, 134.881, 0.071, 105,     1.331,
 841, 0, 133.661, 133.661, 133.685, 0.024, 30, 133.685, 135.038, 1.353, 1632, 2, 135.038, 135.104, 0.066, 98,     1.443,
 838, 0, 133.314, 133.314, 133.324, 0.01, 20, 133.324, 134.309, 0.985, 1562, 2, 134.309, 135.463, 1.154, 2309,     2.149,
 842, 0, 134.055, 134.055, 134.085, 0.03, 66, 134.085, 135.546, 1.461, 1419, 2, 135.546, 135.556, 0.01, 1,     1.501,
 843, 0, 134.49, 134.49, 134.695, 0.205, 420, 134.695, 135.568, 0.873, 1521, 2, 135.568, 135.605, 0.036, 73,     1.115,
 844, 0, 134.575, 134.575, 134.761, 0.186, 132, 134.761, 135.568, 0.807, 1197, 2, 135.568, 135.623, 0.054, 109,     1.048,
 845, 0, 134.931, 134.931, 134.958, 0.027, 74, 134.958, 135.772, 0.814, 1865, 2, 135.772, 135.782, 0.01, 2,     0.851,
 847, 0, 135.077, 135.077, 135.128, 0.051, 102, 135.128, 135.857, 0.729, 1131, 2, 135.857, 135.867, 0.01, 12,     0.790,
 846, 0, 134.989, 134.989, 135.087, 0.098, 178, 135.087, 135.818, 0.731, 1332, 2, 135.818, 135.987, 0.169, 339,     0.998,
 850, 0, 135.308, 135.308, 135.38, 0.072, 150, 135.38, 136.097, 0.717, 1800, 2, 136.097, 136.107, 0.01, 18,     0.799,
 851, 0, 135.521, 135.521, 135.531, 0.01, 15, 135.531, 136.243, 0.712, 1538, 2, 136.243, 136.253, 0.01, 13,     0.732,
 796, 0, 126.862, 126.862, 127.169, 0.307, 181, 127.169, 128.151, 0.983, 1712, 2, 128.151, 136.377, 8.226, 16462,     9.515,
 852, 0, 135.856, 135.856, 135.936, 0.08, 124, 135.936, 136.66, 0.724, 1062, 2, 136.66, 136.674, 0.014, 28,     0.817,
 848, 0, 135.168, 135.168, 135.22, 0.052, 79, 135.22, 136.022, 0.801, 855, 2, 136.022, 137.023, 1.001, 2003,     1.854,
 853, 0, 136.276, 136.276, 136.298, 0.022, 44, 136.298, 137.051, 0.752, 1934, 2, 137.051, 137.079, 0.029, 73,     0.803,
 855, 0, 136.453, 136.453, 136.489, 0.036, 78, 136.489, 137.344, 0.855, 2089, 2, 137.344, 137.371, 0.027, 54,     0.917,
 854, 0, 136.409, 136.409, 136.419, 0.01, 7, 136.419, 137.255, 0.836, 1233, 2, 137.255, 137.383, 0.128, 256,     0.974,
 795, 0, 126.715, 126.715, 135.066, 8.351, 16679, 135.066, 135.796, 0.73, 1648, 2, 135.796, 137.536, 1.74, 3480,    10.820,
 856, 0, 136.477, 136.477, 136.527, 0.05, 84, 136.527, 137.565, 1.038, 2133, 2, 137.565, 137.631, 0.066, 127,     1.154,
 857, 0, 136.599, 136.599, 136.616, 0.017, 48, 136.616, 137.611, 0.995, 1460, 2, 137.611, 137.641, 0.03, 44,     1.042,
 858, 0, 136.618, 136.618, 136.918, 0.3, 598, 136.918, 138.067, 1.15, 1695, 2, 138.067, 138.16, 0.092, 180,     1.542,
 859, 0, 137.128, 137.128, 137.128, 0, 6, 137.128, 138.376, 1.248, 1558, 2, 138.376, 138.392, 0.017, 33,     1.264,
 861, 0, 137.212, 137.212, 137.222, 0.01, 14, 137.222, 138.513, 1.291, 1519, 2, 138.513, 138.568, 0.055, 110,     1.356,
 860, 0, 137.154, 137.154, 137.336, 0.182, 346, 137.336, 138.625, 1.289, 1311, 2, 138.625, 138.653, 0.029, 57,     1.500,
 862, 0, 137.587, 137.587, 137.597, 0.01, 9, 137.597, 138.827, 1.231, 1694, 2, 138.827, 138.87, 0.043, 86,     1.284,
 864, 0, 137.827, 137.827, 137.848, 0.022, 43, 137.848, 138.877, 1.029, 1214, 2, 138.877, 138.877, 0, 5,     1.051,
 865, 0, 137.903, 137.903, 137.913, 0.01, 10, 137.913, 139.022, 1.109, 1011, 2, 139.022, 139.034, 0.012, 24,     1.131,
 863, 0, 137.793, 137.793, 137.816, 0.023, 47, 137.816, 138.877, 1.062, 1412, 2, 138.877, 139.066, 0.189, 378,     1.273,
 868, 0, 138.138, 138.138, 138.148, 0.01, 23, 138.148, 139.127, 0.979, 1671, 2, 139.127, 139.176, 0.049, 98,     1.038,
 866, 0, 138.067, 138.067, 138.097, 0.03, 30, 138.097, 139.077, 0.98, 1870, 2, 139.077, 139.21, 0.132, 265,     1.143,
 867, 0, 138.114, 138.114, 138.239, 0.125, 257, 138.239, 139.127, 0.888, 1245, 2, 139.127, 139.288, 0.161, 323,     1.174,
 869, 0, 138.524, 138.524, 138.572, 0.048, 104, 138.572, 139.376, 0.804, 1369, 2, 139.376, 139.481, 0.105, 210,     0.957,
 849, 0, 135.238, 135.238, 135.394, 0.156, 299, 135.394, 136.117, 0.723, 1082, 2, 136.117, 139.991, 3.875, 7750,     4.753,
 871, 0, 138.686, 138.686, 139.323, 0.637, 1275, 139.323, 140.04, 0.717, 1675, 2, 140.04, 140.058, 0.018, 35,     1.372,
 873, 0, 139.036, 139.036, 139.337, 0.301, 3, 139.337, 140.156, 0.819, 1843, 2, 140.156, 140.186, 0.03, 57,     1.150,
 870, 0, 138.557, 138.557, 138.586, 0.029, 32, 138.586, 139.376, 0.79, 1671, 2, 139.376, 140.3, 0.923, 1831,     1.743,
 875, 0, 139.095, 139.095, 139.435, 0.341, 160, 139.435, 140.29, 0.855, 1230, 2, 140.29, 140.372, 0.082, 164,     1.277,
 876, 0, 139.102, 139.102, 139.445, 0.343, 11, 139.445, 140.406, 0.961, 1746, 2, 140.406, 140.422, 0.016, 32,     1.320,
 877, 0, 139.204, 139.204, 139.455, 0.251, 5, 139.455, 140.426, 0.971, 1751, 2, 140.426, 140.455, 0.029, 66,     1.251,
 878, 0, 139.25, 139.25, 139.465, 0.215, 16, 139.465, 140.456, 0.991, 2601, 2, 140.456, 140.517, 0.06, 124,     1.267,
 879, 0, 139.274, 139.274, 140.202, 0.927, 1473, 140.202, 140.924, 0.723, 1714, 2, 140.924, 140.934, 0.01, 9,     1.660,
 881, 0, 140.187, 140.187, 140.229, 0.042, 15, 140.229, 140.949, 0.72, 1055, 2, 140.949, 140.964, 0.014, 29,     0.777,
 880, 0, 139.754, 139.754, 140.215, 0.462, 1, 140.215, 140.949, 0.734, 1250, 2, 140.949, 141.053, 0.104, 196,     1.299,
 882, 0, 140.296, 140.296, 140.327, 0.031, 63, 140.327, 141.043, 0.716, 1602, 2, 141.043, 141.096, 0.053, 107,     0.800,
 883, 0, 140.301, 140.301, 140.35, 0.048, 37, 140.35, 141.179, 0.829, 1157, 2, 141.179, 141.209, 0.03, 54,     0.908,
 874, 0, 139.074, 139.074, 139.351, 0.277, 7, 139.351, 140.176, 0.825, 1683, 2, 140.176, 141.676, 1.5, 3000,     2.602,
 884, 0, 140.35, 140.35, 140.721, 0.371, 735, 140.721, 141.715, 0.993, 1684, 2, 141.715, 141.725, 0.01, 10,     1.375,
 885, 0, 140.625, 140.625, 140.878, 0.253, 314, 140.878, 141.81, 0.931, 922, 2, 141.81, 141.975, 0.165, 330,     1.349,
 886, 0, 140.721, 140.721, 140.987, 0.266, 218, 140.987, 141.964, 0.977, 1303, 2, 141.964, 141.995, 0.031, 34,     1.273,
 887, 0, 140.762, 140.762, 141.001, 0.239, 12, 141.001, 141.964, 0.963, 1298, 2, 141.964, 142.046, 0.082, 139,     1.284,
 888, 0, 140.841, 140.841, 141.025, 0.184, 36, 141.025, 142.06, 1.034, 1702, 2, 142.06, 142.086, 0.026, 53,     1.245,
 889, 0, 141.043, 141.043, 141.184, 0.141, 299, 141.184, 142.214, 1.029, 1497, 2, 142.214, 142.228, 0.014, 30,     1.185,
 891, 0, 141.258, 141.258, 141.29, 0.032, 32, 141.29, 142.309, 1.02, 1374, 2, 142.309, 142.319, 0.01, 5,     1.062,
 890, 0, 141.106, 141.106, 141.218, 0.113, 39, 141.218, 142.214, 0.995, 1836, 2, 142.214, 142.386, 0.173, 346,     1.281,
 892, 0, 141.343, 141.343, 141.382, 0.038, 77, 141.382, 142.446, 1.064, 1607, 2, 142.446, 142.456, 0.01, 7,     1.113,
 872, 0, 138.983, 138.983, 141.987, 3.005, 6023, 141.987, 142.708, 0.721, 827, 2, 142.708, 142.718, 0.01, 11,     3.735,
 895, 0, 141.656, 141.656, 142.001, 0.345, 1, 142.001, 142.728, 0.727, 1015, 2, 142.728, 142.738, 0.01, 9,     1.082,
 896, 0, 141.74, 141.74, 142.15, 0.41, 299, 142.15, 142.866, 0.716, 1000, 2, 142.866, 142.879, 0.013, 26,     1.139,
 897, 0, 141.778, 141.778, 142.164, 0.387, 14, 142.164, 142.898, 0.734, 1502, 2, 142.898, 142.914, 0.016, 31,     1.136,
 893, 0, 141.434, 141.434, 141.509, 0.075, 140, 141.509, 142.464, 0.955, 1095, 2, 142.464, 143.005, 0.541, 1087,     1.571,
 898, 0, 142.12, 142.12, 142.317, 0.196, 305, 142.317, 143.148, 0.831, 1440, 2, 143.148, 143.226, 0.078, 157,     1.106,
 901, 0, 142.501, 142.501, 142.952, 0.452, 51, 142.952, 143.755, 0.802, 1573, 2, 143.755, 143.769, 0.014, 28,     1.268,
 894, 0, 141.499, 141.499, 142.927, 1.428, 2812, 142.927, 143.745, 0.818, 1955, 2, 143.745, 143.781, 0.036, 73,     2.282,
 902, 0, 142.714, 142.714, 142.966, 0.253, 16, 142.966, 143.868, 0.901, 1334, 2, 143.868, 143.9, 0.032, 65,     1.187,
 903, 0, 142.774, 142.774, 142.993, 0.219, 30, 142.993, 143.912, 0.919, 2247, 2, 143.912, 143.943, 0.03, 61,     1.169,
 904, 0, 143.164, 143.164, 143.363, 0.199, 413, 143.363, 144.168, 0.806, 1664, 2, 144.168, 144.168, 0, 9,     1.004,
 905, 0, 143.236, 143.236, 143.842, 0.605, 958, 143.842, 144.564, 0.722, 1116, 2, 144.564, 144.574, 0.01, 9,     1.338,
 899, 0, 142.29, 142.29, 142.42, 0.129, 186, 142.42, 143.234, 0.815, 1730, 2, 143.234, 144.708, 1.474, 2941,     2.418,
 907, 0, 143.864, 143.864, 143.947, 0.083, 45, 143.947, 144.883, 0.936, 1423, 2, 144.883, 144.918, 0.035, 68,     1.054,
 906, 0, 143.506, 143.506, 143.913, 0.407, 144, 143.913, 144.813, 0.9, 1467, 2, 144.813, 144.948, 0.135, 262,     1.442,
 908, 0, 143.951, 143.951, 143.981, 0.031, 45, 143.981, 144.908, 0.927, 1688, 2, 144.908, 145.049, 0.141, 283,     1.099,
 909, 0, 144.048, 144.048, 144.058, 0.01, 5, 144.058, 145.082, 1.024, 1875, 2, 145.082, 145.093, 0.011, 21,     1.045,
 900, 0, 142.455, 142.455, 144.058, 1.602, 3202, 144.058, 145.062, 1.004, 1712, 2, 145.062, 145.126, 0.064, 128,     2.671,
 910, 0, 144.107, 144.107, 144.129, 0.022, 51, 144.129, 145.145, 1.016, 1248, 2, 145.145, 145.167, 0.022, 28,     1.060,
 911, 0, 144.327, 144.327, 144.363, 0.036, 66, 144.363, 145.316, 0.953, 1612, 2, 145.316, 145.396, 0.08, 161,     1.069,
 912, 0, 144.447, 144.447, 144.523, 0.076, 140, 144.523, 145.407, 0.884, 685, 2, 145.407, 145.428, 0.022, 43,     0.981,
 916, 0, 145.167, 145.167, 145.176, 0.009, 8, 145.176, 145.889, 0.713, 973, 2, 145.889, 145.912, 0.024, 47,     0.745,
 917, 0, 145.257, 145.257, 145.286, 0.029, 51, 145.286, 146.019, 0.733, 1374, 2, 146.019, 146.047, 0.029, 57,     0.790,
 915, 0, 144.988, 144.988, 145.594, 0.606, 1180, 145.594, 146.317, 0.723, 847, 2, 146.317, 146.327, 0.01, 15,     1.338,
 913, 0, 144.861, 144.861, 144.87, 0.01, 18, 144.87, 145.656, 0.786, 2442, 2, 145.656, 146.337, 0.681, 1351,     1.476,
 918, 0, 145.454, 145.454, 145.608, 0.154, 301, 145.608, 146.343, 0.735, 1729, 2, 146.343, 146.347, 0.004, 13,     0.893,
 914, 0, 144.917, 144.917, 144.927, 0.01, 18, 144.927, 145.656, 0.73, 1255, 2, 145.656, 146.451, 0.795, 1594,     1.534,
 919, 0, 145.788, 145.788, 146, 0.213, 446, 146, 146.727, 0.727, 1820, 2, 146.727, 146.747, 0.02, 40,     0.960,
 921, 0, 145.989, 145.989, 146.035, 0.046, 69, 146.035, 146.75, 0.715, 1484, 2, 146.75, 146.783, 0.033, 72,     0.794,
 922, 0, 146.066, 146.066, 146.076, 0.01, 12, 146.076, 146.79, 0.714, 1972, 2, 146.79, 146.8, 0.01, 20,     0.734,
 920, 0, 145.916, 145.916, 146.179, 0.263, 522, 146.179, 146.984, 0.805, 1442, 2, 146.984, 146.994, 0.01, 6,     1.078,
 923, 0, 146.249, 146.249, 146.27, 0.02, 56, 146.27, 147.056, 0.786, 1861, 2, 147.056, 147.066, 0.01, 4,     0.816,
 924, 0, 146.443, 146.443, 146.454, 0.012, 23, 146.454, 147.234, 0.779, 1723, 2, 147.234, 147.273, 0.039, 78,     0.830,
 925, 0, 146.617, 146.617, 146.627, 0.01, 9, 146.627, 147.342, 0.715, 1454, 2, 147.342, 147.717, 0.375, 750,     1.100,
 926, 0, 147.039, 147.039, 147.049, 0.01, 12, 147.049, 147.76, 0.712, 1466, 2, 147.76, 147.835, 0.074, 149,     0.796,
 927, 0, 147.657, 147.657, 147.668, 0.011, 21, 147.668, 148.392, 0.724, 907, 2, 148.392, 148.432, 0.041, 81,     0.775,
 928, 0, 147.662, 147.662, 147.682, 0.02, 49, 147.682, 148.416, 0.734, 929, 2, 148.416, 148.525, 0.109, 219,     0.863,
 930, 0, 147.897, 147.897, 148.01, 0.114, 196, 148.01, 148.747, 0.737, 1789, 2, 148.747, 148.84, 0.093, 186,     0.943,
 929, 0, 147.838, 147.838, 148.087, 0.249, 498, 148.087, 148.812, 0.725, 1363, 2, 148.812, 148.871, 0.059, 119,     1.033,
 931, 0, 147.935, 147.935, 148.151, 0.216, 273, 148.151, 148.892, 0.741, 1121, 2, 148.892, 149.129, 0.237, 476,     1.195,
 932, 0, 148.362, 148.362, 148.376, 0.014, 29, 148.376, 149.104, 0.728, 1446, 2, 149.104, 149.129, 0.025, 36,     0.767,
 934, 0, 148.457, 148.457, 148.472, 0.015, 30, 148.472, 149.246, 0.774, 1580, 2, 149.246, 149.274, 0.029, 57,     0.817,
 933, 0, 148.412, 148.412, 149.028, 0.616, 1232, 149.028, 149.744, 0.716, 1651, 2, 149.744, 149.77, 0.026, 52,     1.357,
 935, 0, 148.767, 148.767, 149.097, 0.329, 659, 149.097, 149.822, 0.725, 1939, 2, 149.822, 149.832, 0.01, 14,     1.064,
 937, 0, 149.143, 149.143, 149.154, 0.011, 22, 149.154, 149.881, 0.728, 1418, 2, 149.881, 149.897, 0.016, 31,     0.754,
 936, 0, 148.972, 148.972, 149.054, 0.082, 52, 149.054, 149.778, 0.724, 1508, 2, 149.778, 150.019, 0.241, 499,     1.047,
 938, 0, 149.189, 149.189, 149.211, 0.023, 45, 149.211, 150.041, 0.83, 1339, 2, 150.041, 150.051, 0.01, 17,     0.863,
 939, 0, 149.437, 149.437, 149.555, 0.118, 236, 149.555, 150.271, 0.716, 1063, 2, 150.271, 150.293, 0.022, 44,     0.856,
 940, 0, 149.626, 149.626, 149.679, 0.052, 105, 149.679, 150.417, 0.739, 1380, 2, 150.417, 150.482, 0.065, 137,     0.856,
 943, 0, 150.049, 150.049, 150.128, 0.08, 135, 150.128, 150.85, 0.722, 1407, 2, 150.85, 151.004, 0.153, 307,     0.955,
 944, 0, 150.074, 150.074, 150.188, 0.114, 105, 150.188, 151.049, 0.861, 2096, 2, 151.049, 151.059, 0.01, 7,     0.985,
 945, 0, 150.311, 150.311, 150.376, 0.065, 133, 150.376, 151.1, 0.725, 1339, 2, 151.1, 151.173, 0.073, 146,     0.862,
 947, 0, 150.423, 150.423, 150.433, 0.01, 5, 150.433, 151.299, 0.866, 1703, 2, 151.299, 151.471, 0.172, 344,     1.048,
 946, 0, 150.332, 150.332, 150.421, 0.089, 91, 150.421, 151.273, 0.851, 1525, 2, 151.273, 151.725, 0.453, 899,     1.393,
 948, 0, 150.656, 150.656, 150.682, 0.026, 41, 150.682, 151.399, 0.716, 1451, 2, 151.399, 151.841, 0.442, 885,     1.185,
 949, 0, 151.082, 151.082, 151.097, 0.015, 30, 151.097, 151.809, 0.712, 1399, 2, 151.809, 151.861, 0.051, 93,     0.779,
 950, 0, 151.219, 151.219, 151.229, 0.01, 19, 151.229, 151.945, 0.715, 1162, 2, 151.945, 152.066, 0.121, 214,     0.847,
 942, 0, 149.943, 149.943, 149.953, 0.011, 21, 149.953, 150.687, 0.734, 1295, 2, 150.687, 152.203, 1.516, 3032,     2.260,
 951, 0, 151.636, 151.636, 151.665, 0.029, 57, 151.665, 152.381, 0.716, 1533, 2, 152.381, 152.438, 0.057, 115,     0.802,
 953, 0, 151.763, 151.763, 151.789, 0.026, 52, 151.789, 152.631, 0.842, 1642, 2, 152.631, 152.641, 0.01, 9,     0.878,
 954, 0, 151.783, 151.783, 151.822, 0.039, 58, 151.822, 152.701, 0.879, 1292, 2, 152.701, 152.711, 0.01, 18,     0.928,
 952, 0, 151.735, 151.735, 151.763, 0.028, 34, 151.763, 152.581, 0.818, 1410, 2, 152.581, 152.756, 0.175, 350,     1.021,
 955, 0, 151.822, 151.822, 151.903, 0.081, 169, 151.903, 152.924, 1.021, 1592, 2, 152.924, 152.994, 0.07, 139,     1.172,
 957, 0, 151.918, 151.918, 152.48, 0.562, 1103, 152.48, 153.196, 0.716, 1238, 2, 153.196, 153.206, 0.01, 13,     1.288,
 958, 0, 152.396, 152.396, 152.494, 0.098, 204, 152.494, 153.208, 0.714, 1836, 2, 153.208, 153.208, 0, 2,     0.811,
 961, 0, 152.573, 152.573, 152.583, 0.011, 21, 152.583, 153.299, 0.716, 1477, 2, 153.299, 153.309, 0.01, 3,     0.736,
 959, 0, 152.496, 152.496, 152.506, 0.01, 6, 152.506, 153.237, 0.731, 1845, 2, 153.237, 153.325, 0.088, 184,     0.829,
 962, 0, 152.731, 152.731, 152.757, 0.026, 53, 152.757, 153.561, 0.803, 1057, 2, 153.561, 153.571, 0.01, 12,     0.840,
 960, 0, 152.521, 152.521, 152.626, 0.105, 213, 152.626, 153.448, 0.822, 1319, 2, 153.448, 153.674, 0.226, 452,     1.153,
 963, 0, 152.879, 152.879, 152.892, 0.012, 38, 152.892, 153.698, 0.807, 1524, 2, 153.698, 153.708, 0.01, 11,     0.829,
 964, 0, 153.197, 153.197, 153.207, 0.01, 21, 153.207, 153.968, 0.761, 1615, 2, 153.968, 154.016, 0.048, 97,     0.820,
 965, 0, 153.279, 153.279, 153.306, 0.027, 54, 153.306, 154.079, 0.773, 1539, 2, 154.079, 154.089, 0.01, 10,     0.810,
 941, 0, 149.872, 149.872, 151.813, 1.941, 3880, 151.813, 152.663, 0.85, 895, 2, 152.663, 154.326, 1.663, 3327,     4.454,
 967, 0, 153.509, 153.509, 153.541, 0.032, 46, 153.541, 154.277, 0.736, 1680, 2, 154.277, 154.356, 0.079, 159,     0.847,
 968, 0, 153.673, 153.673, 153.759, 0.085, 153, 153.759, 154.482, 0.723, 1824, 2, 154.482, 154.492, 0.011, 21,     0.819,
 966, 0, 153.463, 153.463, 153.498, 0.035, 81, 153.498, 154.243, 0.745, 1013, 2, 154.243, 154.742, 0.499, 999,     1.279,
 956, 0, 151.856, 151.856, 151.96, 0.103, 206, 151.96, 152.958, 0.999, 1864, 2, 152.958, 154.979, 2.021, 4042,     3.123,
 969, 0, 154.648, 154.648, 154.66, 0.012, 24, 154.66, 155.398, 0.738, 1179, 2, 155.398, 155.56, 0.162, 325,     0.912,
 970, 0, 154.726, 154.726, 154.75, 0.024, 32, 154.75, 155.668, 0.918, 1669, 2, 155.668, 155.688, 0.02, 31,     0.962,
 971, 0, 154.778, 154.778, 154.82, 0.042, 81, 154.82, 155.818, 0.999, 1876, 2, 155.818, 155.85, 0.032, 60,     1.073,
 974, 0, 154.893, 154.893, 155.117, 0.224, 38, 155.117, 155.92, 0.803, 1304, 2, 155.92, 155.948, 0.029, 57,     1.055,
 973, 0, 154.867, 154.867, 155.129, 0.262, 519, 155.129, 155.92, 0.791, 1402, 2, 155.92, 155.984, 0.065, 129,     1.117,
 972, 0, 154.81, 154.81, 155.093, 0.283, 568, 155.093, 155.9, 0.807, 1521, 2, 155.9, 156.061, 0.161, 322,     1.251,
 975, 0, 155.079, 155.079, 155.143, 0.063, 39, 155.143, 156.068, 0.925, 1522, 2, 156.068, 156.094, 0.026, 68,     1.015,
 976, 0, 155.417, 155.417, 155.427, 0.01, 8, 155.427, 156.169, 0.742, 1437, 2, 156.169, 156.179, 0.01, 1,     0.762,
 977, 0, 155.526, 155.526, 155.605, 0.078, 157, 155.605, 156.399, 0.794, 1217, 2, 156.399, 156.43, 0.031, 63,     0.904,
 978, 0, 155.546, 155.546, 155.799, 0.253, 494, 155.799, 156.576, 0.776, 1011, 2, 156.576, 156.621, 0.046, 91,     1.075,
 979, 0, 155.957, 155.957, 156.031, 0.074, 138, 156.031, 156.754, 0.723, 1455, 2, 156.754, 156.764, 0.01, 15,     0.807,
 980, 0, 155.986, 155.986, 156.031, 0.044, 72, 156.031, 156.774, 0.743, 1300, 2, 156.774, 156.834, 0.06, 120,     0.847,
 981, 0, 156.075, 156.075, 156.085, 0.01, 9, 156.085, 157.003, 0.918, 1271, 2, 157.003, 157.095, 0.092, 168,     1.020,
 983, 0, 156.131, 156.131, 156.147, 0.016, 50, 156.147, 157.085, 0.938, 1455, 2, 157.085, 157.115, 0.03, 49,     0.984,
 984, 0, 156.223, 156.223, 156.223, 0, 13, 156.223, 157.253, 1.03, 1577, 2, 157.253, 157.35, 0.098, 196,     1.128,
 982, 0, 156.111, 156.111, 156.289, 0.178, 345, 156.289, 157.335, 1.046, 1547, 2, 157.335, 157.39, 0.055, 111,     1.280,
 985, 0, 157.147, 157.147, 157.147, 0, 11, 157.147, 157.862, 0.716, 1393, 2, 157.862, 158.216, 0.354, 712,     1.070,
 986, 0, 157.54, 157.54, 157.55, 0.01, 1, 157.55, 158.276, 0.726, 1393, 2, 158.276, 158.301, 0.025, 50,     0.761,
 987, 0, 157.611, 157.611, 157.621, 0.01, 2, 157.621, 158.334, 0.712, 1352, 2, 158.334, 158.355, 0.022, 43,     0.744,
 988, 0, 157.67, 157.67, 157.799, 0.129, 232, 157.799, 158.597, 0.798, 1589, 2, 158.597, 158.645, 0.048, 95,     0.975,
 989, 0, 157.908, 157.908, 157.928, 0.02, 34, 157.928, 158.733, 0.805, 1792, 2, 158.733, 158.772, 0.038, 77,     0.863,
 990, 0, 157.961, 157.961, 158.045, 0.083, 154, 158.045, 158.846, 0.802, 910, 2, 158.846, 158.856, 0.01, 11,     0.895,
 992, 0, 158.056, 158.056, 158.066, 0.01, 12, 158.066, 158.909, 0.843, 1312, 2, 158.909, 158.919, 0.01, 15,     0.863,
 993, 0, 158.082, 158.082, 158.154, 0.072, 148, 158.154, 158.996, 0.842, 1752, 2, 158.996, 159.03, 0.034, 67,     0.948,
 991, 0, 158.028, 158.028, 158.181, 0.152, 291, 158.181, 159.099, 0.918, 1944, 2, 159.099, 159.109, 0.01, 14,     1.081,
 995, 0, 158.139, 158.139, 158.193, 0.053, 24, 158.193, 159.159, 0.966, 1457, 2, 159.159, 159.169, 0.01, 6,     1.030,
 994, 0, 158.124, 158.124, 158.218, 0.094, 129, 158.218, 159.256, 1.037, 1882, 2, 159.256, 159.266, 0.01, 8,     1.142,
 996, 0, 158.631, 158.631, 158.657, 0.026, 53, 158.657, 159.663, 1.005, 1452, 2, 159.663, 159.716, 0.054, 107,     1.085,
 998, 0, 158.802, 158.802, 158.858, 0.056, 100, 158.858, 159.756, 0.897, 1083, 2, 159.756, 159.833, 0.077, 154,     1.030,
 997, 0, 158.662, 158.662, 159.158, 0.496, 1003, 159.158, 159.928, 0.77, 1382, 2, 159.928, 159.95, 0.022, 44,     1.288,
 999, 0, 159.076, 159.076, 159.239, 0.162, 325, 159.239, 160.017, 0.778, 1708, 2, 160.017, 160.087, 0.07, 140,     1.010,
 1001, 0, 159.596, 159.596, 159.729, 0.133, 243, 159.729, 160.449, 0.72, 1302, 2, 160.449, 160.46, 0.011, 22,     0.864,
 1002, 0, 159.672, 159.672, 159.743, 0.072, 11, 159.743, 160.53, 0.787, 1552, 2, 160.53, 160.542, 0.012, 25,     0.871,
 1003, 0, 159.756, 159.756, 159.997, 0.241, 483, 159.997, 160.698, 0.702, 1497, 2, 160.698, 160.708, 0.01, 2,     0.953,
 1005, 0, 159.923, 159.923, 160.025, 0.102, 18, 160.025, 160.876, 0.851, 1097, 2, 160.876, 160.886, 0.01, 1,     0.962,
 1006, 0, 160.062, 160.062, 160.087, 0.025, 39, 160.087, 160.934, 0.847, 1709, 2, 160.934, 160.944, 0.01, 18,     0.882,
 1007, 0, 160.132, 160.132, 160.132, 0, 1, 160.132, 160.948, 0.816, 1797, 2, 160.948, 160.964, 0.016, 40,     0.832,
 1004, 0, 159.824, 159.824, 160.015, 0.191, 1, 160.015, 160.779, 0.764, 1768, 2, 160.779, 161.007, 0.228, 456,     1.183,
 1008, 0, 160.269, 160.269, 160.345, 0.076, 153, 160.345, 161.13, 0.784, 1668, 2, 161.13, 161.14, 0.01, 6,     0.871,
 1010, 0, 160.645, 160.645, 160.645, 0, 3, 160.645, 161.384, 0.739, 1928, 2, 161.384, 161.394, 0.01, 7,     0.749,
 1009, 0, 160.625, 160.625, 160.635, 0.01, 19, 160.635, 161.354, 0.719, 1511, 2, 161.354, 161.426, 0.072, 141,     0.801,
 1000, 0, 159.469, 159.469, 160.683, 1.214, 2428, 160.683, 161.416, 0.733, 1314, 2, 161.416, 161.436, 0.02, 27,     1.967,
 1011, 0, 160.683, 160.683, 160.693, 0.01, 10, 160.693, 161.48, 0.787, 1336, 2, 161.48, 161.506, 0.026, 53,     0.823,
 1012, 0, 160.709, 160.709, 160.728, 0.019, 42, 160.728, 161.603, 0.875, 1493, 2, 161.603, 161.603, 0, 8,     0.894,
 1014, 0, 160.744, 160.744, 160.767, 0.023, 59, 160.767, 161.666, 0.899, 1496, 2, 161.666, 161.682, 0.017, 33,     0.938,
 1016, 0, 160.922, 160.922, 160.962, 0.04, 82, 160.962, 161.883, 0.922, 1881, 2, 161.883, 161.949, 0.065, 131,     1.026,
 1015, 0, 160.901, 160.901, 160.976, 0.075, 136, 160.976, 161.915, 0.939, 1582, 2, 161.915, 161.986, 0.071, 143,     1.085,
 1017, 0, 161.014, 161.014, 161.056, 0.042, 76, 161.056, 161.989, 0.934, 1781, 2, 161.989, 161.999, 0.01, 12,     0.985,
 1013, 0, 160.728, 160.728, 160.728, 0, 1, 160.728, 161.634, 0.906, 1014, 2, 161.634, 162.053, 0.42, 840,     1.325,
 1018, 0, 161.03, 161.03, 161.662, 0.633, 1238, 161.662, 162.386, 0.723, 1410, 2, 162.386, 162.453, 0.067, 135,     1.424,
 1022, 0, 161.862, 161.862, 161.885, 0.023, 34, 161.885, 162.676, 0.791, 1183, 2, 162.676, 162.702, 0.025, 51,     0.840,
 1020, 0, 161.333, 161.333, 161.861, 0.528, 379, 161.861, 162.611, 0.75, 1512, 2, 162.611, 162.722, 0.11, 191,     1.389,
 1021, 0, 161.82, 161.82, 161.862, 0.043, 2, 161.862, 162.635, 0.773, 1673, 2, 162.635, 162.722, 0.086, 140,     0.902,
 1019, 0, 161.222, 161.222, 161.997, 0.775, 1550, 161.997, 162.886, 0.889, 450, 2, 162.886, 162.945, 0.059, 113,     1.723,
 1025, 0, 162.529, 162.529, 162.601, 0.071, 143, 162.601, 163.386, 0.785, 1420, 2, 163.386, 163.411, 0.025, 51,     0.882,
 1027, 0, 162.655, 162.655, 162.655, 0, 2, 162.655, 163.439, 0.784, 1610, 2, 163.439, 163.47, 0.031, 63,     0.815,
 1024, 0, 162.483, 162.483, 162.519, 0.036, 71, 162.519, 163.344, 0.825, 1624, 2, 163.344, 163.559, 0.215, 431,     1.076,
 1026, 0, 162.618, 162.618, 162.618, 0, 7, 162.618, 163.398, 0.78, 1500, 2, 163.398, 163.687, 0.289, 579,     1.069,
 1028, 0, 162.848, 162.848, 162.848, 0, 1, 162.848, 163.847, 0.998, 2127, 2, 163.847, 163.878, 0.031, 62,     1.029,
 1029, 0, 162.942, 162.942, 162.962, 0.02, 52, 162.962, 163.943, 0.981, 1354, 2, 163.943, 163.962, 0.019, 39,     1.020,
 1032, 0, 163.292, 163.292, 163.302, 0.01, 10, 163.302, 164.154, 0.853, 1320, 2, 164.154, 164.164, 0.01, 15,     0.873,
 1030, 0, 163.039, 163.039, 163.145, 0.106, 202, 163.145, 164.144, 1, 1848, 2, 164.144, 164.174, 0.03, 52,     1.135,
 1035, 0, 163.472, 163.472, 163.472, 0, 4, 163.472, 164.394, 0.922, 1474, 2, 164.394, 164.41, 0.016, 32,     0.938,
 1033, 0, 163.358, 163.358, 163.465, 0.107, 208, 163.465, 164.365, 0.901, 1317, 2, 164.365, 164.428, 0.063, 126,     1.070,
 1031, 0, 163.106, 163.106, 163.418, 0.312, 631, 163.418, 164.192, 0.774, 1769, 2, 164.192, 164.558, 0.365, 747,     1.452,
 1023, 0, 162.055, 162.055, 162.065, 0.01, 14, 162.065, 163.131, 1.066, 1352, 2, 163.131, 164.684, 1.553, 3099,     2.628,
 1034, 0, 163.363, 163.363, 163.592, 0.229, 348, 163.592, 164.644, 1.052, 1604, 2, 164.644, 164.694, 0.05, 93,     1.331,
 1036, 0, 163.478, 163.478, 163.478, 0, 4, 163.478, 164.414, 0.936, 1454, 2, 164.414, 164.949, 0.535, 1063,     1.471,
 1038, 0, 164.874, 164.874, 164.884, 0.011, 21, 164.884, 165.618, 0.734, 1434, 2, 165.618, 165.618, 0, 12,     0.744,
 1039, 0, 164.967, 164.967, 165.02, 0.053, 99, 165.02, 165.754, 0.734, 1572, 2, 165.754, 165.79, 0.036, 73,     0.823,
 1040, 0, 165.171, 165.171, 165.189, 0.018, 37, 165.189, 165.907, 0.718, 1149, 2, 165.907, 166.049, 0.142, 284,     0.878,
 1042, 0, 165.469, 165.469, 165.479, 0.01, 9, 165.479, 166.196, 0.717, 1673, 2, 166.196, 166.214, 0.018, 36,     0.745,
 1041, 0, 165.357, 165.357, 165.367, 0.01, 1, 165.367, 166.107, 0.74, 939, 2, 166.107, 166.283, 0.176, 353,     0.926,
 1044, 0, 165.746, 165.746, 165.756, 0.01, 15, 165.756, 166.472, 0.716, 661, 2, 166.472, 166.482, 0.01, 1,     0.736,
 1043, 0, 165.616, 165.616, 165.816, 0.2, 401, 165.816, 166.551, 0.735, 1439, 2, 166.551, 166.561, 0.01, 2,     0.945,
 1045, 0, 166.083, 166.083, 166.083, 0, 9, 166.083, 166.813, 0.73, 1280, 2, 166.813, 166.823, 0.01, 6,     0.740,
 1046, 0, 166.175, 166.175, 166.197, 0.022, 43, 166.197, 166.913, 0.716, 1037, 2, 166.913, 166.937, 0.024, 49,     0.762,
 1047, 0, 166.429, 166.429, 166.475, 0.047, 106, 166.475, 167.191, 0.716, 1956, 2, 167.191, 167.201, 0.01, 11,     0.773,
 1048, 0, 166.734, 166.734, 166.751, 0.017, 33, 166.751, 167.467, 0.716, 1641, 2, 167.467, 167.477, 0.01, 15,     0.742,
 1050, 0, 166.825, 166.825, 166.839, 0.014, 28, 166.839, 167.555, 0.716, 1737, 2, 167.555, 167.616, 0.06, 102,     0.790,
 1049, 0, 166.766, 166.766, 166.873, 0.108, 182, 166.873, 167.606, 0.732, 961, 2, 167.606, 167.616, 0.01, 18,     0.850,
 1051, 0, 167.068, 167.068, 167.119, 0.051, 80, 167.119, 167.835, 0.716, 1567, 2, 167.835, 167.969, 0.134, 268,     0.901,
 1053, 0, 167.294, 167.294, 167.333, 0.038, 48, 167.333, 168.047, 0.714, 1479, 2, 168.047, 168.057, 0.01, 1,     0.762,
 1052, 0, 167.259, 167.259, 167.513, 0.255, 510, 167.513, 168.248, 0.735, 1167, 2, 168.248, 168.258, 0.01, 20,     0.999,
 1055, 0, 167.529, 167.529, 167.652, 0.124, 250, 167.652, 168.368, 0.716, 1585, 2, 168.368, 168.441, 0.073, 146,     0.913,
 1056, 0, 167.548, 167.548, 167.666, 0.118, 23, 167.666, 168.4, 0.734, 1388, 2, 168.4, 168.459, 0.058, 107,     0.911,
 1054, 0, 167.432, 167.432, 167.7, 0.268, 501, 167.7, 168.449, 0.749, 1268, 2, 168.449, 168.505, 0.056, 127,     1.073,
 1057, 0, 167.725, 167.725, 167.962, 0.237, 435, 167.962, 168.678, 0.717, 1470, 2, 168.678, 168.82, 0.142, 284,     1.095,
 1058, 0, 168.016, 168.016, 168.026, 0.01, 29, 168.026, 168.742, 0.716, 1248, 2, 168.742, 168.851, 0.108, 217,     0.834,
 1037, 0, 164.716, 164.716, 164.726, 0.01, 8, 164.726, 165.464, 0.738, 1237, 2, 165.464, 169.065, 3.601, 7203,     4.349,
 1059, 0, 168.191, 168.191, 168.648, 0.457, 921, 168.648, 169.382, 0.734, 1424, 2, 169.382, 169.4, 0.018, 36,     1.209,
 1060, 0, 168.819, 168.819, 168.828, 0.01, 4, 168.828, 169.551, 0.723, 1494, 2, 169.551, 169.561, 0.01, 14,     0.743,
 1063, 0, 169.041, 169.041, 169.051, 0.01, 15, 169.051, 169.77, 0.719, 1771, 2, 169.77, 169.817, 0.048, 95,     0.776,
 1064, 0, 169.16, 169.16, 169.17, 0.01, 17, 169.17, 169.887, 0.717, 1391, 2, 169.887, 169.899, 0.012, 25,     0.739,
 1065, 0, 169.229, 169.229, 169.25, 0.021, 42, 169.25, 169.969, 0.72, 1328, 2, 169.969, 170.041, 0.071, 143,     0.812,
 1061, 0, 168.907, 168.907, 168.933, 0.026, 53, 168.933, 169.661, 0.728, 1644, 2, 169.661, 170.148, 0.487, 975,     1.241,
 1066, 0, 169.631, 169.631, 169.666, 0.035, 49, 169.666, 170.478, 0.812, 1590, 2, 170.478, 170.528, 0.05, 81,     0.896,
 1067, 0, 169.794, 169.794, 169.804, 0.01, 5, 169.804, 170.587, 0.783, 1370, 2, 170.587, 170.632, 0.045, 91,     0.838,
 1062, 0, 168.989, 168.989, 169.94, 0.951, 1879, 169.94, 170.837, 0.897, 1569, 2, 170.837, 170.853, 0.017, 33,     1.864,
 1068, 0, 169.92, 169.92, 169.94, 0.02, 36, 169.94, 170.987, 1.047, 1886, 2, 170.987, 170.997, 0.01, 9,     1.077,
 1070, 0, 170.406, 170.406, 170.619, 0.213, 441, 170.619, 171.983, 1.364, 1756, 2, 171.983, 172.013, 0.03, 37,     1.607,
 1071, 0, 170.619, 170.619, 170.642, 0.023, 46, 170.642, 172.088, 1.446, 1311, 2, 172.088, 172.284, 0.196, 383,     1.666,
 1074, 0, 170.905, 170.905, 170.92, 0.015, 30, 170.92, 172.532, 1.612, 1030, 2, 172.532, 172.542, 0.01, 20,     1.637,
 1072, 0, 170.659, 170.659, 170.682, 0.023, 38, 170.682, 172.239, 1.557, 1474, 2, 172.239, 172.574, 0.335, 671,     1.915,
 1069, 0, 170.327, 170.327, 171.184, 0.857, 1711, 171.184, 172.595, 1.412, 1848, 2, 172.595, 172.671, 0.076, 152,     2.344,
 1076, 0, 171.44, 171.44, 171.44, 0, 1, 171.44, 172.742, 1.302, 1549, 2, 172.742, 172.805, 0.063, 126,     1.365,
 1073, 0, 170.705, 170.705, 170.71, 0.005, 23, 170.71, 172.489, 1.779, 1556, 2, 172.489, 172.816, 0.327, 654,     2.110,
 1077, 0, 171.63, 171.63, 172.091, 0.462, 933, 172.091, 173.24, 1.149, 1595, 2, 173.24, 173.304, 0.064, 128,     1.675,
 1078, 0, 171.736, 171.736, 172.188, 0.452, 181, 172.188, 173.364, 1.176, 1399, 2, 173.364, 173.374, 0.01, 8,     1.638,
 1075, 0, 171.367, 171.367, 172.279, 0.913, 1844, 172.279, 173.545, 1.266, 1694, 2, 173.545, 173.555, 0.01, 2,     2.188,
 1079, 0, 171.75, 171.75, 172.22, 0.47, 32, 172.22, 173.49, 1.27, 1640, 2, 173.49, 173.805, 0.315, 635,     2.055,
 1080, 0, 171.838, 171.838, 172.467, 0.629, 474, 172.467, 173.863, 1.396, 1322, 2, 173.863, 173.901, 0.038, 77,     2.063,
 1083, 0, 172.035, 172.035, 172.481, 0.446, 3, 172.481, 173.99, 1.509, 1986, 2, 173.99, 174.02, 0.03, 49,     1.985,
 1082, 0, 171.988, 171.988, 172.491, 0.503, 157, 172.491, 174.051, 1.561, 1622, 2, 174.051, 174.076, 0.025, 50,     2.088,
 1086, 0, 172.557, 172.557, 172.567, 0.01, 19, 172.567, 174.24, 1.672, 1206, 2, 174.24, 174.273, 0.033, 66,     1.715,
 1085, 0, 172.519, 172.519, 172.521, 0.002, 19, 172.521, 174.26, 1.739, 1205, 2, 174.26, 174.301, 0.041, 82,     1.781,
 1084, 0, 172.189, 172.189, 172.491, 0.302, 12, 172.491, 174.113, 1.622, 1916, 2, 174.113, 174.306, 0.193, 379,     2.117,
 1087, 0, 172.815, 172.815, 172.815, 0, 1, 172.815, 174.362, 1.546, 1415, 2, 174.362, 174.372, 0.01, 3,     1.556,
 1088, 0, 172.837, 172.837, 172.908, 0.071, 154, 172.908, 174.526, 1.618, 1806, 2, 174.526, 174.536, 0.01, 4,     1.699,
 1089, 0, 172.908, 172.908, 173.15, 0.242, 498, 173.15, 174.563, 1.413, 1225, 2, 174.563, 174.573, 0.01, 17,     1.665,
 1092, 0, 173.088, 173.088, 173.362, 0.274, 10, 173.362, 174.813, 1.451, 1866, 2, 174.813, 174.825, 0.012, 23,     1.736,
 1091, 0, 173.02, 173.02, 173.348, 0.328, 377, 173.348, 174.773, 1.425, 1353, 2, 174.773, 174.875, 0.102, 186,     1.855,
 1093, 0, 173.138, 173.138, 173.372, 0.234, 1, 173.372, 174.875, 1.503, 1040, 2, 174.875, 174.889, 0.014, 28,     1.751,
 1094, 0, 173.199, 173.199, 173.384, 0.185, 1, 173.384, 175.043, 1.659, 1533, 2, 175.043, 175.075, 0.032, 57,     1.876,
 1095, 0, 173.467, 173.467, 173.477, 0.01, 10, 173.477, 175.292, 1.816, 1180, 2, 175.292, 175.335, 0.043, 84,     1.869,
 1096, 0, 174.033, 174.033, 174.132, 0.1, 199, 174.132, 175.39, 1.258, 1300, 2, 175.39, 175.445, 0.055, 110,     1.412,
 1097, 0, 174.101, 174.101, 174.132, 0.031, 53, 174.132, 175.542, 1.41, 1456, 2, 175.542, 175.552, 0.01, 10,     1.451,
 1098, 0, 174.461, 174.461, 174.572, 0.111, 204, 174.572, 175.792, 1.22, 1762, 2, 175.792, 175.814, 0.022, 43,     1.352,
 1100, 0, 175.007, 175.007, 175.199, 0.192, 399, 175.199, 176.021, 0.822, 1435, 2, 176.021, 176.031, 0.01, 20,     1.024,
 1090, 0, 172.989, 172.989, 173.412, 0.423, 821, 173.412, 175.136, 1.724, 2010, 2, 175.136, 176.701, 1.564, 3114,     3.712,
 1103, 0, 175.629, 175.629, 175.683, 0.054, 70, 175.683, 176.554, 0.87, 1523, 2, 176.554, 176.722, 0.168, 337,     1.093,
 1105, 0, 175.698, 175.698, 175.698, 0, 3, 175.698, 176.691, 0.993, 1743, 2, 176.691, 176.742, 0.051, 102,     1.044,
 1106, 0, 176.044, 176.044, 176.058, 0.013, 26, 176.058, 176.875, 0.817, 1644, 2, 176.875, 176.885, 0.01, 18,     0.840,
 1101, 0, 175.517, 175.517, 175.943, 0.426, 829, 175.943, 176.813, 0.869, 1800, 2, 176.813, 176.94, 0.127, 255,     1.423,
 1108, 0, 176.229, 176.229, 176.269, 0.04, 74, 176.269, 177.052, 0.783, 1242, 2, 177.052, 177.092, 0.04, 80,     0.863,
 1107, 0, 176.214, 176.214, 176.313, 0.098, 194, 176.313, 177.13, 0.817, 1370, 2, 177.13, 177.172, 0.042, 85,     0.958,
 1109, 0, 176.356, 176.356, 176.371, 0.015, 30, 176.371, 177.226, 0.856, 1213, 2, 177.226, 177.245, 0.018, 37,     0.889,
 1110, 0, 176.418, 176.418, 176.45, 0.032, 64, 176.45, 177.311, 0.862, 1496, 2, 177.311, 177.321, 0.01, 10,     0.903,
 1111, 0, 176.436, 176.436, 176.464, 0.028, 45, 176.464, 177.311, 0.848, 911, 2, 177.311, 177.352, 0.041, 82,     0.917,
 1102, 0, 175.536, 175.536, 175.639, 0.103, 208, 175.639, 176.365, 0.726, 1550, 2, 176.365, 177.578, 1.212, 2425,     2.042,
 1112, 0, 176.833, 176.833, 176.877, 0.043, 76, 176.877, 177.607, 0.73, 1594, 2, 177.607, 177.617, 0.01, 17,     0.783,
 1104, 0, 175.683, 175.683, 175.693, 0.01, 3, 175.693, 176.564, 0.87, 1469, 2, 176.564, 177.697, 1.134, 2267,     2.014,
 1113, 0, 176.867, 176.867, 176.952, 0.085, 186, 176.952, 177.675, 0.724, 1655, 2, 177.675, 177.697, 0.022, 39,     0.831,
 1114, 0, 177.029, 177.029, 177.07, 0.041, 69, 177.07, 177.81, 0.74, 1783, 2, 177.81, 177.835, 0.025, 50,     0.806,
 1115, 0, 177.496, 177.496, 177.506, 0.011, 21, 177.506, 178.225, 0.719, 1541, 2, 178.225, 178.235, 0.01, 16,     0.739,
 1081, 0, 171.906, 171.906, 172.411, 0.505, 248, 172.411, 173.607, 1.196, 1328, 2, 173.607, 178.676, 5.069, 10138,     6.769,
 1119, 0, 178.194, 178.194, 178.204, 0.01, 18, 178.204, 178.978, 0.774, 1423, 2, 178.978, 179.104, 0.126, 252,     0.910,
 1120, 0, 178.366, 178.366, 178.366, 0, 6, 178.366, 179.115, 0.749, 1703, 2, 179.115, 179.133, 0.018, 35,     0.766,
 1117, 0, 177.703, 177.703, 177.744, 0.041, 100, 177.744, 178.479, 0.735, 1610, 2, 178.479, 179.179, 0.7, 1400,     1.475,
 1121, 0, 178.402, 178.402, 178.412, 0.01, 1, 178.412, 179.227, 0.815, 1549, 2, 179.227, 179.254, 0.026, 53,     0.852,
 1123, 0, 178.855, 178.855, 178.96, 0.106, 39, 178.96, 179.682, 0.722, 1516, 2, 179.682, 179.713, 0.031, 29,     0.859,
 1122, 0, 178.777, 178.777, 178.927, 0.15, 300, 178.927, 179.658, 0.732, 1133, 2, 179.658, 179.755, 0.097, 194,     0.979,
 1124, 0, 178.915, 178.915, 179.026, 0.112, 132, 179.026, 179.756, 0.729, 1891, 2, 179.756, 179.767, 0.011, 23,     0.852,
 1126, 0, 179.124, 179.124, 179.165, 0.042, 11, 179.165, 180.172, 1.007, 1742, 2, 180.172, 180.182, 0.01, 3,     1.058,
 1125, 0, 179.098, 179.098, 179.151, 0.053, 102, 179.151, 180.009, 0.858, 1090, 2, 180.009, 180.296, 0.286, 592,     1.198,
 1116, 0, 177.621, 177.621, 179.467, 1.846, 3692, 179.467, 180.374, 0.907, 1512, 2, 180.374, 180.515, 0.141, 282,     2.894,
 1127, 0, 179.349, 179.349, 179.371, 0.023, 30, 179.371, 180.19, 0.819, 1619, 2, 180.19, 180.634, 0.443, 891,     1.285,
 1128, 0, 179.758, 179.758, 179.802, 0.044, 89, 179.802, 180.698, 0.895, 1419, 2, 180.698, 180.708, 0.01, 1,     0.949,
 1129, 0, 179.834, 179.834, 179.993, 0.159, 318, 179.993, 180.722, 0.728, 1742, 2, 180.722, 180.816, 0.095, 189,     0.982,
 1131, 0, 179.97, 179.97, 180.015, 0.045, 28, 180.015, 180.873, 0.858, 1130, 2, 180.873, 180.943, 0.07, 140,     0.973,
 1099, 0, 174.488, 174.488, 174.498, 0.01, 3, 174.498, 175.639, 1.141, 1818, 2, 175.639, 180.968, 5.328, 10657,     6.479,
 1133, 0, 180.4, 180.4, 180.443, 0.043, 86, 180.443, 181.207, 0.764, 1903, 2, 181.207, 181.224, 0.017, 34,     0.824,
 1130, 0, 179.953, 179.953, 179.993, 0.04, 63, 179.993, 180.769, 0.775, 1489, 2, 180.769, 181.458, 0.69, 1370,     1.505,
 1135, 0, 180.874, 180.874, 180.907, 0.034, 86, 180.907, 181.632, 0.725, 1020, 2, 181.632, 181.703, 0.07, 141,     0.829,
 1137, 0, 181.019, 181.019, 181.019, 0, 3, 181.019, 181.745, 0.726, 1568, 2, 181.745, 181.755, 0.01, 10,     0.736,
 1136, 0, 180.95, 180.95, 181.048, 0.098, 176, 181.048, 181.831, 0.784, 1829, 2, 181.831, 181.872, 0.041, 82,     0.923,
 1138, 0, 181.081, 181.081, 181.103, 0.022, 49, 181.103, 181.882, 0.779, 1104, 2, 181.882, 181.892, 0.01, 10,     0.812,
 1140, 0, 181.143, 181.143, 181.173, 0.031, 81, 181.173, 181.928, 0.755, 1561, 2, 181.928, 181.96, 0.032, 64,     0.818,
 1139, 0, 181.093, 181.093, 181.367, 0.274, 549, 181.367, 182.104, 0.737, 1501, 2, 182.104, 182.114, 0.01, 3,     1.021,
 1141, 0, 181.722, 181.722, 181.732, 0.01, 9, 181.732, 182.453, 0.721, 1580, 2, 182.453, 182.463, 0.01, 3,     0.741,
 1118, 0, 177.952, 177.952, 178.006, 0.054, 108, 178.006, 178.728, 0.722, 1469, 2, 178.728, 182.525, 3.797, 7595,     4.574,
 1132, 0, 180.039, 180.039, 180.049, 0.01, 17, 180.049, 180.977, 0.928, 1188, 2, 180.977, 182.696, 1.719, 3458,     2.657,
 1142, 0, 181.736, 181.736, 181.786, 0.05, 72, 181.786, 182.515, 0.729, 1826, 2, 182.515, 182.738, 0.223, 447,     1.002,
 1143, 0, 182.119, 182.119, 182.129, 0.01, 12, 182.129, 182.845, 0.716, 1250, 2, 182.845, 182.855, 0.01, 5,     0.736,
 1144, 0, 182.22, 182.22, 182.238, 0.017, 22, 182.238, 182.966, 0.728, 1445, 2, 182.966, 182.976, 0.01, 16,     0.755,
 1145, 0, 182.303, 182.303, 182.314, 0.011, 22, 182.314, 183.031, 0.716, 1158, 2, 183.031, 183.041, 0.01, 1,     0.737,
 1146, 0, 182.535, 182.535, 182.59, 0.055, 123, 182.59, 183.307, 0.717, 1546, 2, 183.307, 183.343, 0.036, 73,     0.808,
 1134, 0, 180.59, 180.59, 180.6, 0.01, 1, 180.6, 181.317, 0.716, 1561, 2, 181.317, 183.483, 2.166, 4333,     2.893,
 1148, 0, 182.812, 182.812, 182.826, 0.013, 45, 182.826, 183.542, 0.716, 1111, 2, 183.542, 183.555, 0.013, 26,     0.742,
 1147, 0, 182.75, 182.75, 182.998, 0.248, 487, 182.998, 183.792, 0.794, 1494, 2, 183.792, 183.86, 0.068, 120,     1.110,
 1150, 0, 183.577, 183.577, 183.665, 0.088, 176, 183.665, 184.388, 0.723, 1548, 2, 184.388, 184.416, 0.029, 57,     0.839,
 1151, 0, 183.68, 183.68, 183.742, 0.062, 127, 183.742, 184.464, 0.722, 1414, 2, 184.464, 184.596, 0.132, 265,     0.916,
 1152, 0, 183.824, 183.824, 183.903, 0.078, 134, 183.903, 184.628, 0.725, 1927, 2, 184.628, 184.651, 0.023, 46,     0.827,
 1153, 0, 184.068, 184.068, 184.111, 0.043, 92, 184.111, 184.877, 0.766, 1362, 2, 184.877, 185.018, 0.141, 261,     0.950,
 1154, 0, 184.636, 184.636, 184.646, 0.01, 17, 184.646, 185.37, 0.723, 1448, 2, 185.37, 185.47, 0.1, 200,     0.833,
 1156, 0, 184.905, 184.905, 184.915, 0.01, 19, 184.915, 185.629, 0.715, 1322, 2, 185.629, 185.639, 0.01, 3,     0.735,
 1159, 0, 185.693, 185.693, 185.703, 0.01, 5, 185.703, 186.439, 0.736, 1334, 2, 186.439, 186.449, 0.01, 18,     0.756,
 1160, 0, 185.741, 185.741, 185.76, 0.019, 39, 185.76, 186.473, 0.714, 1248, 2, 186.473, 186.483, 0.01, 4,     0.743,
 1158, 0, 185.623, 185.623, 185.693, 0.07, 140, 185.693, 186.409, 0.716, 1481, 2, 186.409, 186.568, 0.159, 318,     0.945,
 1157, 0, 185.534, 185.534, 185.79, 0.256, 512, 185.79, 186.659, 0.869, 1201, 2, 186.659, 186.687, 0.029, 57,     1.154,
 1161, 0, 185.808, 185.808, 185.818, 0.01, 26, 185.818, 186.698, 0.88, 1704, 2, 186.698, 186.722, 0.024, 30,     0.914,
 1155, 0, 184.84, 184.84, 184.85, 0.009, 12, 184.85, 185.57, 0.72, 1597, 2, 185.57, 187.016, 1.446, 2893,     2.176,
 1162, 0, 186.366, 186.366, 186.376, 0.01, 2, 186.376, 187.096, 0.72, 1702, 2, 187.096, 187.106, 0.01, 10,     0.740,
 1164, 0, 186.956, 186.956, 186.998, 0.041, 68, 186.998, 187.8, 0.802, 1625, 2, 187.8, 187.852, 0.052, 104,     0.896,
 1165, 0, 186.978, 186.978, 186.988, 0.01, 24, 186.988, 187.78, 0.792, 1135, 2, 187.78, 187.892, 0.112, 224,     0.914,
 1149, 0, 182.849, 182.849, 182.859, 0.01, 35, 182.859, 183.592, 0.733, 1143, 2, 183.592, 188.133, 4.541, 9083,     5.284,
 1167, 0, 187.365, 187.365, 187.395, 0.03, 42, 187.395, 188.119, 0.724, 1568, 2, 188.119, 188.161, 0.042, 68,     0.796,
 1166, 0, 187.349, 187.349, 187.375, 0.026, 35, 187.375, 188.087, 0.712, 1328, 2, 188.087, 188.221, 0.134, 269,     0.872,
 1163, 0, 186.887, 186.887, 186.956, 0.07, 118, 186.956, 187.686, 0.73, 1240, 2, 187.686, 188.267, 0.581, 1162,     1.380,
 1168, 0, 187.519, 187.519, 187.559, 0.04, 56, 187.559, 188.337, 0.778, 1055, 2, 188.337, 188.347, 0.01, 10,     0.828,
 1169, 0, 187.861, 187.861, 187.995, 0.134, 269, 187.995, 188.72, 0.725, 1918, 2, 188.72, 188.843, 0.123, 246,     0.982,
 1170, 0, 188.389, 188.389, 188.52, 0.131, 263, 188.52, 189.251, 0.731, 1425, 2, 189.251, 189.261, 0.01, 14,     0.872,
 1171, 0, 188.448, 188.448, 188.548, 0.099, 206, 188.548, 189.283, 0.736, 1743, 2, 189.283, 189.293, 0.01, 4,     0.845,
 1172, 0, 188.613, 188.613, 188.623, 0.01, 7, 188.623, 189.333, 0.711, 1489, 2, 189.333, 189.355, 0.022, 32,     0.743,
 1173, 0, 188.789, 188.789, 188.842, 0.053, 98, 188.842, 189.594, 0.752, 2095, 2, 189.594, 189.645, 0.051, 102,     0.856,
 1175, 0, 188.963, 188.963, 190.079, 1.117, 2234, 190.079, 190.803, 0.724, 1471, 2, 190.803, 190.82, 0.017, 34,     1.857,
 1178, 0, 189.333, 189.333, 190.41, 1.076, 187, 190.41, 191.119, 0.71, 1213, 2, 191.119, 191.133, 0.013, 27,     1.799,
 1179, 0, 189.473, 189.473, 190.43, 0.957, 40, 190.43, 191.15, 0.72, 1922, 2, 191.15, 191.212, 0.062, 125,     1.739,
 1176, 0, 189.147, 189.147, 190.121, 0.975, 81, 190.121, 190.85, 0.728, 1734, 2, 190.85, 191.302, 0.452, 899,     2.155,
 1181, 0, 189.732, 189.732, 190.532, 0.8, 19, 190.532, 191.322, 0.79, 1765, 2, 191.322, 191.368, 0.046, 92,     1.636,
 1180, 0, 189.599, 189.599, 190.522, 0.923, 181, 190.522, 191.292, 0.77, 1627, 2, 191.292, 191.392, 0.1, 201,     1.793,
 1183, 0, 189.97, 189.97, 190.562, 0.592, 4, 190.562, 191.401, 0.839, 2255, 2, 191.401, 191.455, 0.054, 126,     1.485,
 1182, 0, 189.843, 189.843, 190.552, 0.709, 33, 190.552, 191.369, 0.817, 1370, 2, 191.369, 191.563, 0.194, 390,     1.719,
 1184, 0, 190.112, 190.112, 190.686, 0.575, 249, 190.686, 191.542, 0.855, 1166, 2, 191.542, 191.572, 0.03, 46,     1.460,
 1186, 0, 190.364, 190.364, 190.731, 0.367, 38, 190.731, 191.619, 0.887, 1684, 2, 191.619, 191.629, 0.01, 4,     1.264,
 1185, 0, 190.197, 190.197, 190.7, 0.503, 12, 190.7, 191.572, 0.871, 1008, 2, 191.572, 191.639, 0.067, 133,     1.442,
 1187, 0, 190.4, 190.4, 190.761, 0.362, 34, 190.761, 191.651, 0.889, 1586, 2, 191.651, 191.668, 0.018, 39,     1.269,
 1189, 0, 190.584, 190.584, 190.799, 0.215, 1, 190.799, 191.869, 1.069, 1975, 2, 191.869, 191.963, 0.095, 189,     1.379,
 1190, 0, 190.658, 190.658, 190.823, 0.165, 38, 190.823, 191.904, 1.081, 1473, 2, 191.904, 191.983, 0.079, 140,     1.325,
 1191, 0, 190.837, 190.837, 190.993, 0.155, 289, 190.993, 192.125, 1.132, 1675, 2, 192.125, 192.186, 0.061, 122,     1.349,
 1192, 0, 190.897, 190.897, 191.061, 0.164, 124, 191.061, 192.153, 1.092, 630, 2, 192.153, 192.219, 0.066, 132,     1.322,
 1193, 0, 191.019, 191.019, 191.099, 0.08, 76, 191.099, 192.321, 1.222, 1999, 2, 192.321, 192.331, 0.01, 1,     1.312,
 1188, 0, 190.512, 190.512, 190.785, 0.273, 34, 190.785, 191.822, 1.036, 1333, 2, 191.822, 192.483, 0.661, 1323,     1.971,
 1177, 0, 189.297, 189.297, 190.316, 1.019, 389, 190.316, 191.04, 0.725, 1903, 2, 191.04, 193.272, 2.232, 4460,     3.975,
 1194, 0, 191.051, 191.051, 194.6, 3.549, 7002, 194.6, 195.31, 0.71, 1404, 2, 195.31, 195.345, 0.034, 69,     4.294,
 1196, 0, 191.661, 191.661, 194.662, 3.001, 103, 194.662, 195.384, 0.723, 1415, 2, 195.384, 195.403, 0.019, 38,     3.743,
 1195, 0, 191.099, 191.099, 194.61, 3.511, 20, 194.61, 195.322, 0.712, 1152, 2, 195.322, 195.768, 0.446, 893,     4.669,
 1174, 0, 188.918, 188.918, 196.419, 7.501, 14986, 196.419, 197.153, 0.735, 1181, 2, 197.153, 197.163, 0.01, 16,     8.245,
 1199, 0, 192.521, 192.521, 196.616, 4.095, 328, 196.616, 197.393, 0.777, 1827, 2, 197.393, 197.427, 0.034, 68,     4.906,
 1200, 0, 192.981, 192.981, 197.069, 4.087, 905, 197.069, 197.784, 0.716, 1532, 2, 197.784, 197.795, 0.011, 22,     4.814,
 1201, 0, 193.256, 193.256, 197.083, 3.826, 12, 197.083, 197.816, 0.734, 1578, 2, 197.816, 197.868, 0.052, 104,     4.612,
 1202, 0, 193.282, 193.282, 197.123, 3.84, 80, 197.123, 197.836, 0.714, 1465, 2, 197.836, 197.888, 0.052, 95,     4.606,
 1198, 0, 192.35, 192.35, 196.453, 4.103, 31, 196.453, 197.241, 0.789, 1430, 2, 197.241, 198.079, 0.838, 1677,     5.730,
 1203, 0, 193.384, 193.384, 197.383, 3.999, 522, 197.383, 198.123, 0.74, 1949, 2, 198.123, 198.142, 0.018, 37,     4.758,
 1204, 0, 193.405, 193.405, 197.756, 4.351, 747, 197.756, 198.47, 0.714, 1693, 2, 198.47, 198.498, 0.028, 55,     5.093,
 1205, 0, 193.63, 193.63, 197.805, 4.175, 93, 197.805, 198.52, 0.716, 1110, 2, 198.52, 198.594, 0.074, 136,     4.964,
 1206, 0, 193.64, 193.64, 198.936, 5.296, 2263, 198.936, 199.65, 0.714, 1466, 2, 199.65, 199.66, 0.01, 12,     6.019,
 1208, 0, 194.125, 194.125, 199.053, 4.928, 17, 199.053, 199.899, 0.846, 1747, 2, 199.899, 199.934, 0.035, 69,     5.809,
 1207, 0, 193.897, 193.897, 199.043, 5.146, 214, 199.043, 199.899, 0.856, 1776, 2, 199.899, 199.956, 0.056, 124,     6.059,
 1209, 0, 194.304, 194.304, 199.094, 4.79, 82, 199.094, 199.96, 0.866, 1425, 2, 199.96, 200.083, 0.123, 254,     5.779,
 1210, 0, 194.337, 194.337, 199.191, 4.854, 182, 199.191, 200.059, 0.867, 1129, 2, 200.059, 200.102, 0.044, 50,     5.765,
 1211, 0, 194.5, 194.5, 200, 5.5, 1595, 200, 200.717, 0.718, 936, 2, 200.717, 200.727, 0.01, 3,     6.227,
 1212, 0, 194.53, 194.53, 200.014, 5.483, 28, 200.014, 200.747, 0.734, 1791, 2, 200.747, 200.804, 0.056, 113,     6.274,
 1213, 0, 194.577, 194.577, 200.028, 5.451, 22, 200.028, 200.747, 0.72, 2088, 2, 200.747, 200.829, 0.082, 164,     6.252,
 1214, 0, 194.844, 194.844, 200.142, 5.298, 229, 200.142, 200.846, 0.704, 1722, 2, 200.846, 200.856, 0.01, 8,     6.013,
 1215, 0, 194.912, 194.912, 200.184, 5.272, 84, 200.184, 200.974, 0.79, 1441, 2, 200.974, 200.994, 0.019, 39,     6.081,
 1217, 0, 195.179, 195.179, 200.362, 5.183, 202, 200.362, 201.254, 0.892, 1751, 2, 201.254, 201.288, 0.034, 68,     6.109,
 1197, 0, 191.679, 191.679, 200.438, 8.759, 11551, 200.438, 201.355, 0.916, 1552, 2, 201.355, 201.414, 0.06, 119,     9.735,
 1218, 0, 195.192, 195.192, 200.424, 5.233, 114, 200.424, 201.268, 0.844, 1381, 2, 201.268, 201.471, 0.202, 414,     6.279,
 1216, 0, 195.111, 195.111, 200.257, 5.146, 123, 200.257, 201.004, 0.747, 1202, 2, 201.004, 201.5, 0.496, 993,     6.389,
 1219, 0, 195.224, 195.224, 200.438, 5.214, 21, 200.438, 201.489, 1.051, 1422, 2, 201.489, 201.519, 0.03, 59,     6.295,
 1221, 0, 195.644, 195.644, 200.476, 4.832, 43, 200.476, 201.519, 1.043, 1743, 2, 201.519, 201.529, 0.01, 7,     5.885,
 1223, 0, 196.384, 196.384, 200.486, 4.102, 7, 200.486, 201.604, 1.118, 1889, 2, 201.604, 201.715, 0.111, 221,     5.331,
 1222, 0, 196.034, 196.034, 200.496, 4.462, 48, 200.496, 201.739, 1.243, 1288, 2, 201.739, 201.793, 0.054, 109,     5.760,
 1224, 0, 196.553, 196.553, 200.496, 3.944, 17, 200.496, 201.762, 1.266, 1548, 2, 201.762, 201.813, 0.051, 68,     5.261,
 1225, 0, 196.575, 196.575, 200.506, 3.931, 7, 200.506, 201.776, 1.27, 1834, 2, 201.776, 201.854, 0.078, 156,     5.279,
 1226, 0, 196.649, 196.649, 200.516, 3.868, 2, 200.516, 201.854, 1.338, 2170, 2, 201.854, 201.953, 0.099, 198,     5.304,
 1227, 0, 197.248, 197.248, 200.627, 3.38, 213, 200.627, 202.028, 1.401, 1044, 2, 202.028, 202.054, 0.026, 52,     4.806,
 1230, 0, 197.42, 197.42, 200.686, 3.267, 149, 200.686, 202.104, 1.417, 1602, 2, 202.104, 202.114, 0.01, 17,     4.694,
 1231, 0, 197.666, 197.666, 200.698, 3.033, 141, 200.698, 202.247, 1.549, 1866, 2, 202.247, 202.262, 0.015, 30,     4.597,
 1220, 0, 195.481, 195.481, 200.452, 4.971, 5, 200.452, 201.509, 1.057, 1410, 2, 201.509, 202.273, 0.763, 1546,     6.792,
 1228, 0, 197.281, 197.281, 200.581, 3.3, 109, 200.581, 201.998, 1.417, 1592, 2, 201.998, 202.301, 0.303, 607,     5.021,
 1229, 0, 197.345, 197.345, 200.595, 3.25, 14, 200.595, 202.018, 1.423, 1883, 2, 202.018, 202.394, 0.376, 752,     5.048,
 1232, 0, 197.69, 197.69, 200.698, 3.008, 14, 200.698, 202.269, 1.571, 1615, 2, 202.269, 202.414, 0.144, 276,     4.723,
 1233, 0, 197.712, 197.712, 200.711, 2.999, 15, 200.711, 202.279, 1.568, 1735, 2, 202.279, 202.511, 0.232, 465,     4.799,
 1234, 0, 197.73, 197.73, 200.753, 3.023, 70, 200.753, 202.501, 1.748, 1948, 2, 202.501, 202.511, 0.01, 10,     4.781,
 1235, 0, 197.924, 197.924, 200.871, 2.947, 296, 200.871, 202.618, 1.747, 948, 2, 202.618, 202.632, 0.013, 27,     4.708,
 1237, 0, 198.201, 198.201, 201.05, 2.849, 340, 201.05, 202.758, 1.708, 1118, 2, 202.758, 202.837, 0.079, 159,     4.636,
 1236, 0, 197.984, 197.984, 201.983, 3.999, 2442, 201.983, 203.281, 1.297, 1601, 2, 203.281, 203.349, 0.069, 137,     5.365,
 1239, 0, 198.469, 198.469, 202.094, 3.625, 220, 202.094, 203.379, 1.285, 1813, 2, 203.379, 203.389, 0.01, 9,     4.919,
 1241, 0, 198.606, 198.606, 202.16, 3.555, 2, 202.16, 203.545, 1.385, 1437, 2, 203.545, 203.555, 0.01, 17,     4.949,
 1240, 0, 198.528, 198.528, 202.146, 3.618, 81, 202.146, 203.545, 1.399, 1144, 2, 203.545, 203.572, 0.028, 55,     5.045,
 1242, 0, 198.886, 198.886, 202.195, 3.31, 64, 202.195, 203.629, 1.434, 1555, 2, 203.629, 203.652, 0.024, 47,     4.767,
 1245, 0, 199.315, 199.315, 202.377, 3.063, 184, 202.377, 203.879, 1.501, 1352, 2, 203.879, 203.889, 0.01, 4,     4.574,
 1243, 0, 198.966, 198.966, 202.25, 3.284, 87, 202.25, 203.804, 1.554, 1322, 2, 203.804, 203.988, 0.184, 369,     5.021,
 1244, 0, 199.28, 199.28, 202.27, 2.99, 22, 202.27, 203.804, 1.534, 1528, 2, 203.804, 204.025, 0.221, 443,     4.745,
 1246, 0, 199.454, 199.454, 202.482, 3.029, 210, 202.482, 204.014, 1.531, 1487, 2, 204.014, 204.093, 0.079, 121,     4.639,
 1247, 0, 199.526, 199.526, 202.604, 3.078, 245, 202.604, 204.054, 1.449, 1532, 2, 204.054, 204.113, 0.059, 80,     4.586,
 1248, 0, 199.548, 199.548, 202.618, 3.07, 1, 202.618, 204.138, 1.52, 2059, 2, 204.138, 204.19, 0.052, 104,     4.642,
 1250, 0, 199.699, 199.699, 202.758, 3.06, 169, 202.758, 204.303, 1.545, 1177, 2, 204.303, 204.313, 0.01, 1,     4.614,
 1251, 0, 199.804, 199.804, 202.982, 3.178, 447, 202.982, 204.394, 1.412, 2113, 2, 204.394, 204.41, 0.017, 33,     4.607,
 1253, 0, 200.318, 200.318, 203.242, 2.924, 87, 203.242, 204.553, 1.31, 908, 2, 204.553, 204.577, 0.024, 48,     4.259,
 1255, 0, 200.4, 200.4, 203.801, 3.401, 86, 203.801, 204.802, 1.001, 1806, 2, 204.802, 204.824, 0.022, 43,     4.423,
 1252, 0, 199.936, 199.936, 203.196, 3.261, 430, 203.196, 204.513, 1.316, 1425, 2, 204.513, 204.923, 0.41, 821,     4.987,
 1238, 0, 198.355, 198.355, 204.375, 6.02, 6651, 204.375, 205.109, 0.734, 1490, 2, 205.109, 205.156, 0.047, 94,     6.801,
 1249, 0, 199.619, 199.619, 202.662, 3.044, 76, 202.662, 204.303, 1.641, 1180, 2, 204.303, 205.301, 0.998, 1997,     5.683,
 1256, 0, 200.431, 200.431, 204.854, 4.423, 2085, 204.854, 205.57, 0.716, 1033, 2, 205.57, 205.644, 0.074, 126,     5.213,
 1258, 0, 200.827, 200.827, 204.888, 4.06, 39, 204.888, 205.612, 0.724, 1327, 2, 205.612, 205.681, 0.069, 138,     4.853,
 1257, 0, 200.617, 200.617, 205.15, 4.533, 1551, 205.15, 205.871, 0.721, 924, 2, 205.871, 205.881, 0.01, 16,     5.264,
 1254, 0, 200.362, 200.362, 203.759, 3.397, 1033, 203.759, 204.802, 1.043, 1349, 2, 204.802, 205.891, 1.089, 2169,     5.529,
 1259, 0, 201.027, 201.027, 205.537, 4.509, 1272, 205.537, 206.27, 0.733, 2139, 2, 206.27, 206.292, 0.022, 44,     5.264,
 1260, 0, 201.04, 201.04, 205.503, 4.463, 705, 205.503, 206.225, 0.722, 1776, 2, 206.225, 206.372, 0.147, 266,     5.332,
 1264, 0, 201.581, 201.581, 205.734, 4.153, 116, 205.734, 206.576, 0.842, 1229, 2, 206.576, 206.586, 0.01, 13,     5.005,
 1263, 0, 201.504, 201.504, 205.676, 4.173, 156, 205.676, 206.48, 0.803, 1579, 2, 206.48, 206.604, 0.124, 249,     5.100,
 1262, 0, 201.164, 201.164, 205.599, 4.435, 93, 205.599, 206.32, 0.721, 1615, 2, 206.32, 206.696, 0.376, 738,     5.532,
 1265, 0, 201.622, 201.622, 205.762, 4.141, 42, 205.762, 206.686, 0.924, 1256, 2, 206.686, 206.706, 0.02, 27,     5.084,
 1261, 0, 201.111, 201.111, 205.84, 4.729, 666, 205.84, 206.768, 0.928, 1545, 2, 206.768, 206.778, 0.01, 8,     5.667,
 1267, 0, 201.973, 201.973, 205.868, 3.894, 36, 205.868, 206.836, 0.969, 1856, 2, 206.836, 206.87, 0.034, 67,     4.896,
 1266, 0, 201.889, 201.889, 205.914, 4.025, 281, 205.914, 206.977, 1.064, 824, 2, 206.977, 206.99, 0.013, 26,     5.102,
 1268, 0, 202.06, 202.06, 205.914, 3.853, 88, 205.914, 207.023, 1.11, 1378, 2, 207.023, 207.065, 0.042, 84,     5.005,
 1270, 0, 202.219, 202.219, 206.501, 4.283, 1148, 206.501, 207.486, 0.984, 1442, 2, 207.486, 207.583, 0.097, 195,     5.365,
 1271, 0, 202.562, 202.562, 206.702, 4.14, 395, 206.702, 207.737, 1.035, 862, 2, 207.737, 207.747, 0.01, 18,     5.185,
 1272, 0, 203.019, 203.019, 206.722, 3.703, 37, 206.722, 207.785, 1.062, 1739, 2, 207.785, 207.795, 0.01, 9,     4.775,
 1274, 0, 203.284, 203.284, 206.752, 3.468, 31, 206.752, 207.955, 1.202, 1945, 2, 207.955, 207.965, 0.01, 9,     4.681,
 1275, 0, 203.434, 203.434, 206.762, 3.329, 9, 206.762, 208.034, 1.272, 1124, 2, 208.034, 208.044, 0.01, 14,     4.610,
 1273, 0, 203.176, 203.176, 206.732, 3.556, 19, 206.732, 207.863, 1.13, 993, 2, 207.863, 208.122, 0.259, 514,     4.946,
 1269, 0, 202.185, 202.185, 206.782, 4.597, 1728, 206.782, 208.112, 1.33, 1592, 2, 208.112, 208.155, 0.043, 86,     5.970,
 1277, 0, 203.528, 203.528, 206.792, 3.265, 4, 206.792, 208.209, 1.417, 1226, 2, 208.209, 208.234, 0.025, 51,     4.707,
 1279, 0, 203.699, 203.699, 206.857, 3.158, 94, 206.857, 208.361, 1.504, 1794, 2, 208.361, 208.408, 0.047, 93,     4.709,
 1278, 0, 203.536, 203.536, 206.869, 3.334, 154, 206.869, 208.464, 1.595, 1475, 2, 208.464, 208.487, 0.023, 45,     4.951,
 1280, 0, 203.763, 203.763, 206.906, 3.143, 90, 206.906, 208.544, 1.638, 1256, 2, 208.544, 208.555, 0.011, 21,     4.792,
 1283, 0, 204.438, 204.438, 206.992, 2.553, 157, 206.992, 208.611, 1.619, 1572, 2, 208.611, 208.626, 0.015, 30,     4.188,
 1281, 0, 203.788, 203.788, 206.896, 3.108, 39, 206.896, 208.51, 1.614, 1741, 2, 208.51, 208.697, 0.187, 374,     4.909,
 1284, 0, 204.457, 204.457, 207.032, 2.575, 49, 207.032, 208.714, 1.682, 1351, 2, 208.714, 208.827, 0.114, 228,     4.371,
 1285, 0, 204.481, 204.481, 207.069, 2.587, 67, 207.069, 208.861, 1.792, 1238, 2, 208.861, 208.886, 0.025, 50,     4.404,
 1282, 0, 204.024, 204.024, 207.165, 3.141, 520, 207.165, 208.964, 1.799, 1686, 2, 208.964, 208.974, 0.01, 1,     4.950,
 1286, 0, 204.507, 204.507, 207.165, 2.658, 182, 207.165, 209.013, 1.848, 1389, 2, 209.013, 209.04, 0.027, 54,     4.533,
 1287, 0, 204.549, 204.549, 207.175, 2.626, 8, 207.175, 209.05, 1.875, 1867, 2, 209.05, 209.076, 0.026, 52,     4.527,
 1276, 0, 203.439, 203.439, 206.802, 3.363, 66, 206.802, 208.246, 1.444, 1198, 2, 208.246, 209.097, 0.851, 1703,     5.658,
 1288, 0, 204.757, 204.757, 207.185, 2.428, 2, 207.185, 209.111, 1.926, 1920, 2, 209.111, 209.127, 0.016, 32,     4.370,
 1289, 0, 205.036, 205.036, 207.195, 2.158, 2, 207.195, 209.213, 2.018, 1227, 2, 209.213, 209.247, 0.034, 68,     4.210,
 1291, 0, 205.279, 205.279, 207.225, 1.946, 35, 207.225, 209.368, 2.143, 1091, 2, 209.368, 209.378, 0.01, 8,     4.099,
 1306, 0, 207.203, 207.203, 207.203, 0, 13, 207.203, 209.262, 2.058, 1281, 2, 209.262, 209.472, 0.21, 421,     2.268,
 1292, 0, 205.431, 205.431, 207.285, 1.854, 109, 207.285, 209.462, 2.177, 1673, 2, 209.462, 209.5, 0.038, 76,     4.069,
 1294, 0, 205.762, 205.762, 207.318, 1.556, 47, 207.318, 209.549, 2.231, 1475, 2, 209.549, 209.566, 0.017, 34,     3.804,
 1293, 0, 205.629, 205.629, 207.295, 1.665, 11, 207.295, 209.511, 2.216, 1814, 2, 209.511, 209.601, 0.09, 180,     3.971,
 1295, 0, 205.962, 205.962, 207.409, 1.446, 181, 207.409, 209.618, 2.209, 1458, 2, 209.618, 209.628, 0.01, 3,     3.666,
 1296, 0, 206.125, 206.125, 207.423, 1.298, 9, 207.423, 209.712, 2.289, 1892, 2, 209.712, 209.722, 0.01, 19,     3.597,
 1298, 0, 206.534, 206.534, 207.486, 0.952, 103, 207.486, 209.868, 2.382, 1721, 2, 209.868, 209.889, 0.021, 42,     3.354,
 1297, 0, 206.446, 206.446, 207.435, 0.988, 24, 207.435, 209.761, 2.326, 1268, 2, 209.761, 209.924, 0.163, 327,     3.478,
 1300, 0, 206.644, 206.644, 207.556, 0.911, 76, 207.556, 210.014, 2.459, 915, 2, 210.014, 210.051, 0.037, 74,     3.407,
 1301, 0, 206.663, 206.663, 207.58, 0.918, 49, 207.58, 210.066, 2.486, 1841, 2, 210.066, 210.076, 0.011, 21,     3.414,
 1302, 0, 206.692, 206.692, 207.594, 0.902, 4, 207.594, 210.134, 2.54, 1232, 2, 210.134, 210.157, 0.023, 46,     3.464,
 1299, 0, 206.624, 206.624, 207.506, 0.882, 38, 207.506, 209.972, 2.466, 1606, 2, 209.972, 210.185, 0.213, 426,     3.561,
 1303, 0, 206.896, 206.896, 207.622, 0.726, 37, 207.622, 210.221, 2.6, 1486, 2, 210.221, 210.291, 0.07, 139,     3.395,
 1305, 0, 207.103, 207.103, 207.743, 0.64, 151, 207.743, 210.471, 2.728, 1569, 2, 210.471, 210.481, 0.01, 8,     3.378,
 1307, 0, 207.68, 207.68, 207.755, 0.075, 2, 207.755, 210.513, 2.758, 1262, 2, 210.513, 210.561, 0.048, 96,     2.880,
 1308, 0, 207.938, 207.938, 207.948, 0.01, 6, 207.948, 210.658, 2.71, 1205, 2, 210.658, 210.696, 0.038, 76,     2.758,
 1309, 0, 207.959, 207.959, 208.177, 0.218, 438, 208.177, 210.72, 2.543, 1154, 2, 210.72, 210.73, 0.01, 15,     2.770,
 1310, 0, 208.018, 208.018, 208.211, 0.192, 32, 208.211, 210.775, 2.564, 1838, 2, 210.775, 210.785, 0.01, 14,     2.767,
 1311, 0, 208.18, 208.18, 208.269, 0.089, 98, 208.269, 210.984, 2.715, 1399, 2, 210.984, 210.994, 0.01, 18,     2.813,
 1312, 0, 208.434, 208.434, 208.442, 0.007, 15, 208.442, 211.064, 2.622, 970, 2, 211.064, 211.092, 0.028, 56,     2.657,
 1304, 0, 207.043, 207.043, 207.659, 0.616, 75, 207.659, 210.263, 2.604, 2111, 2, 210.263, 211.212, 0.948, 1897,     4.169,
 1313, 0, 208.717, 208.717, 208.717, 0, 8, 208.717, 211.286, 2.569, 1601, 2, 211.286, 211.296, 0.01, 5,     2.579,
 1314, 0, 208.906, 208.906, 208.916, 0.01, 5, 208.916, 211.318, 2.402, 1433, 2, 211.318, 211.328, 0.01, 13,     2.422,
 1315, 0, 209.035, 209.035, 209.058, 0.023, 35, 209.058, 211.535, 2.476, 1688, 2, 211.535, 211.603, 0.068, 136,     2.568,
 1317, 0, 209.089, 209.089, 209.34, 0.251, 22, 209.34, 211.797, 2.457, 1747, 2, 211.797, 211.836, 0.039, 79,     2.747,
 1316, 0, 209.06, 209.06, 209.328, 0.268, 501, 209.328, 211.748, 2.42, 1553, 2, 211.748, 211.876, 0.128, 229,     2.816,
 1319, 0, 209.607, 209.607, 209.893, 0.286, 37, 209.893, 212.051, 2.158, 1626, 2, 212.051, 212.087, 0.036, 73,     2.481,
 1318, 0, 209.52, 209.52, 209.859, 0.339, 673, 209.859, 211.997, 2.138, 893, 2, 211.997, 212.17, 0.173, 330,     2.650,
 1320, 0, 209.669, 209.669, 209.921, 0.251, 56, 209.921, 212.071, 2.15, 1708, 2, 212.071, 212.19, 0.119, 226,     2.521,
 1290, 0, 205.224, 205.224, 209.935, 4.711, 5480, 209.935, 212.16, 2.225, 1430, 2, 212.16, 212.2, 0.04, 65,     6.976,
 1322, 0, 210.142, 210.142, 210.174, 0.032, 54, 210.174, 212.249, 2.076, 1146, 2, 212.249, 212.278, 0.029, 57,     2.136,
 1321, 0, 210.075, 210.075, 210.188, 0.113, 201, 210.188, 212.313, 2.126, 909, 2, 212.313, 212.339, 0.026, 52,     2.264,
 1323, 0, 210.191, 210.191, 210.219, 0.028, 42, 210.219, 212.424, 2.205, 2034, 2, 212.424, 212.434, 0.01, 8,     2.243,
 1324, 0, 210.219, 210.219, 210.246, 0.026, 38, 210.246, 212.498, 2.253, 1122, 2, 212.498, 212.515, 0.017, 34,     2.296,
 1326, 0, 210.358, 210.358, 210.39, 0.032, 51, 210.39, 212.563, 2.173, 2072, 2, 212.563, 212.583, 0.02, 33,     2.225,
 1325, 0, 210.291, 210.291, 210.5, 0.209, 419, 210.5, 212.68, 2.179, 1703, 2, 212.68, 212.758, 0.078, 144,     2.467,
 1327, 0, 210.893, 210.893, 210.903, 0.01, 15, 210.903, 212.997, 2.094, 1269, 2, 212.997, 213.014, 0.017, 34,     2.121,
 1328, 0, 211.129, 211.129, 211.223, 0.094, 188, 211.223, 213.257, 2.034, 1418, 2, 213.257, 213.28, 0.024, 47,     2.151,
 1329, 0, 211.152, 211.152, 211.197, 0.045, 76, 211.197, 213.091, 1.894, 1501, 2, 213.091, 213.313, 0.222, 442,     2.161,
 1330, 0, 211.391, 211.391, 211.401, 0.011, 33, 211.401, 213.348, 1.947, 1001, 2, 213.348, 213.45, 0.101, 203,     2.059,
 1332, 0, 211.536, 211.536, 212.058, 0.523, 1046, 212.058, 213.865, 1.806, 1576, 2, 213.865, 213.941, 0.076, 163,     2.405,
 1333, 0, 211.561, 211.561, 212.072, 0.511, 1, 212.072, 213.946, 1.874, 1779, 2, 213.946, 214.021, 0.075, 147,     2.460,
 1334, 0, 211.581, 211.581, 212.092, 0.511, 40, 212.092, 214.011, 1.919, 2018, 2, 214.011, 214.046, 0.035, 71,     2.466,
 1335, 0, 211.631, 211.631, 212.102, 0.471, 15, 212.102, 214.083, 1.981, 1769, 2, 214.083, 214.093, 0.01, 14,     2.462,
 1336, 0, 211.687, 211.687, 212.112, 0.425, 2, 212.112, 214.114, 2.002, 1535, 2, 214.114, 214.162, 0.048, 97,     2.475,
 1337, 0, 211.81, 211.81, 212.902, 1.092, 1547, 212.902, 214.51, 1.608, 1458, 2, 214.51, 214.538, 0.028, 56,     2.728,
 1338, 0, 212.263, 212.263, 213.087, 0.824, 361, 213.087, 214.582, 1.495, 1974, 2, 214.582, 214.601, 0.019, 39,     2.338,
 1339, 0, 212.356, 212.356, 213.107, 0.752, 27, 213.107, 214.626, 1.519, 1476, 2, 214.626, 214.636, 0.01, 1,     2.280,
 1340, 0, 212.386, 212.386, 213.117, 0.731, 16, 213.117, 214.704, 1.586, 1670, 2, 214.704, 214.751, 0.048, 95,     2.365,
 1341, 0, 212.486, 212.486, 213.137, 0.651, 29, 213.137, 214.76, 1.622, 1088, 2, 214.76, 214.818, 0.058, 133,     2.332,
 1331, 0, 211.401, 211.401, 213.353, 1.952, 3910, 213.353, 215.02, 1.667, 1181, 2, 215.02, 215.039, 0.019, 38,     3.638,
 1343, 0, 212.7, 212.7, 213.363, 0.663, 35, 213.363, 215.093, 1.73, 1928, 2, 215.093, 215.103, 0.01, 2,     2.404,
 1345, 0, 212.802, 212.802, 213.383, 0.582, 33, 213.383, 215.127, 1.744, 968, 2, 215.127, 215.222, 0.095, 181,     2.421,
 1346, 0, 213.045, 213.045, 213.393, 0.348, 16, 213.393, 215.212, 1.819, 1354, 2, 215.212, 215.222, 0.01, 9,     2.177,
 1342, 0, 212.631, 212.631, 213.343, 0.712, 410, 213.343, 214.964, 1.621, 2027, 2, 214.964, 215.354, 0.391, 782,     2.723,
 1347, 0, 213.066, 213.066, 213.413, 0.348, 27, 213.413, 215.377, 1.964, 1321, 2, 215.377, 215.387, 0.01, 25,     2.322,
 1348, 0, 213.236, 213.236, 213.433, 0.197, 37, 213.433, 215.464, 2.031, 1658, 2, 215.464, 215.494, 0.03, 60,     2.258,
 1349, 0, 213.453, 213.453, 213.47, 0.017, 34, 213.47, 215.532, 2.062, 1618, 2, 215.532, 215.542, 0.01, 4,     2.089,
 1344, 0, 212.735, 212.735, 213.413, 0.678, 118, 213.413, 215.343, 1.93, 1258, 2, 215.343, 215.568, 0.225, 451,     2.833,
 1351, 0, 213.747, 213.747, 213.79, 0.043, 89, 213.79, 215.883, 2.093, 1397, 2, 215.883, 216.026, 0.143, 287,     2.279,
 1352, 0, 213.893, 213.893, 213.928, 0.035, 70, 213.928, 215.97, 2.042, 1474, 2, 215.97, 216.057, 0.087, 172,     2.164,
 1353, 0, 214.115, 214.115, 214.158, 0.043, 83, 214.158, 216.047, 1.888, 1740, 2, 216.047, 216.067, 0.02, 38,     1.951,
 1354, 0, 214.148, 214.148, 214.168, 0.02, 22, 214.168, 216.123, 1.954, 1098, 2, 216.123, 216.143, 0.02, 27,     1.994,
 1356, 0, 214.419, 214.419, 214.435, 0.016, 32, 214.435, 216.133, 1.698, 1822, 2, 216.133, 216.224, 0.091, 183,     1.805,
 1357, 0, 214.5, 214.5, 214.531, 0.03, 61, 214.531, 216.236, 1.705, 1809, 2, 216.236, 216.259, 0.024, 47,     1.759,
 1358, 0, 214.522, 214.522, 214.561, 0.039, 32, 214.561, 216.308, 1.747, 1318, 2, 216.308, 216.318, 0.01, 7,     1.796,
 1359, 0, 214.563, 214.563, 214.603, 0.04, 61, 214.603, 216.376, 1.773, 1154, 2, 216.376, 216.434, 0.058, 117,     1.871,
 1360, 0, 214.736, 214.736, 214.755, 0.019, 39, 214.755, 216.646, 1.89, 1424, 2, 216.646, 216.756, 0.11, 208,     2.020,
 1362, 0, 214.791, 214.791, 214.839, 0.048, 49, 214.839, 216.898, 2.059, 1001, 2, 216.898, 216.987, 0.089, 178,     2.196,
 1361, 0, 214.788, 214.788, 214.813, 0.025, 67, 214.813, 216.878, 2.065, 1528, 2, 216.878, 217.046, 0.168, 337,     2.259,
 1363, 0, 215.319, 215.319, 215.328, 0.01, 2, 215.328, 217.317, 1.989, 1850, 2, 217.317, 217.416, 0.098, 197,     2.097,
 1355, 0, 214.269, 214.269, 215.534, 1.266, 2532, 215.534, 217.418, 1.884, 1946, 2, 217.418, 217.462, 0.043, 73,     3.193,
 1364, 0, 215.438, 215.438, 215.689, 0.251, 503, 215.689, 217.645, 1.956, 1045, 2, 217.645, 217.655, 0.01, 3,     2.218,
 1365, 0, 215.782, 215.782, 215.792, 0.01, 32, 215.792, 217.83, 2.038, 1568, 2, 217.83, 217.999, 0.169, 338,     2.217,
 1367, 0, 216.047, 216.047, 216.079, 0.032, 58, 216.079, 217.927, 1.848, 1463, 2, 217.927, 218.013, 0.086, 152,     1.966,
 1368, 0, 216.095, 216.095, 216.105, 0.01, 7, 216.105, 218.013, 1.908, 1330, 2, 218.013, 218.041, 0.029, 57,     1.946,
 1366, 0, 215.892, 215.892, 215.902, 0.01, 5, 215.902, 217.895, 1.993, 831, 2, 217.895, 218.105, 0.21, 420,     2.213,
 1369, 0, 216.142, 216.142, 216.171, 0.029, 68, 216.171, 218.262, 2.091, 1433, 2, 218.262, 218.309, 0.047, 94,     2.167,
 1370, 0, 216.235, 216.235, 216.245, 0.01, 8, 216.245, 218.329, 2.085, 1767, 2, 218.329, 218.384, 0.055, 110,     2.150,
 1371, 0, 217.188, 217.188, 217.198, 0.01, 13, 217.198, 218.597, 1.399, 1696, 2, 218.597, 218.659, 0.062, 116,     1.471,
 1372, 0, 217.203, 217.203, 217.26, 0.056, 115, 217.26, 218.689, 1.43, 1423, 2, 218.689, 218.74, 0.05, 104,     1.537,
 1374, 0, 217.472, 217.472, 217.546, 0.073, 150, 217.546, 218.939, 1.393, 1470, 2, 218.939, 218.999, 0.06, 119,     1.526,
 1373, 0, 217.319, 217.319, 217.358, 0.039, 78, 217.358, 218.9, 1.542, 1386, 2, 218.9, 219.04, 0.14, 262,     1.721,
 1378, 0, 218.122, 218.122, 218.194, 0.072, 147, 218.194, 219.354, 1.16, 859, 2, 219.354, 219.374, 0.02, 31,     1.252,
 1379, 0, 218.182, 218.182, 218.206, 0.024, 10, 218.206, 219.412, 1.206, 1153, 2, 219.412, 219.447, 0.035, 47,     1.266,
 1377, 0, 217.767, 217.767, 217.88, 0.113, 237, 217.88, 219.162, 1.282, 1666, 2, 219.162, 219.502, 0.34, 681,     1.735,
 1375, 0, 217.616, 217.616, 217.631, 0.014, 29, 217.631, 219.096, 1.465, 1447, 2, 219.096, 219.554, 0.458, 917,     1.937,
 1380, 0, 218.269, 218.269, 218.288, 0.019, 38, 218.288, 219.538, 1.249, 1814, 2, 219.538, 219.734, 0.196, 393,     1.465,
 1350, 0, 213.624, 213.624, 213.691, 0.067, 135, 213.691, 215.633, 1.942, 1103, 2, 215.633, 219.894, 4.261, 8522,     6.270,
 1382, 0, 218.676, 218.676, 218.816, 0.14, 293, 218.816, 219.854, 1.038, 1531, 2, 219.854, 219.923, 0.069, 138,     1.247,
 1383, 0, 219.021, 219.021, 219.136, 0.114, 230, 219.136, 220.064, 0.928, 700, 2, 220.064, 220.074, 0.01, 16,     1.052,
 1384, 0, 219.086, 219.086, 219.192, 0.106, 113, 219.192, 220.103, 0.911, 1877, 2, 220.103, 220.113, 0.01, 4,     1.027,
 1385, 0, 219.113, 219.113, 219.226, 0.112, 31, 219.226, 220.181, 0.956, 1066, 2, 220.181, 220.211, 0.03, 46,     1.098,
 1386, 0, 219.226, 219.226, 219.392, 0.166, 332, 219.392, 220.324, 0.932, 1139, 2, 220.324, 220.363, 0.039, 78,     1.137,
 1381, 0, 218.498, 218.498, 218.55, 0.052, 94, 218.55, 219.799, 1.249, 1140, 2, 219.799, 220.441, 0.643, 1267,     1.943,
 1388, 0, 219.498, 219.498, 219.535, 0.037, 95, 219.535, 220.431, 0.896, 1133, 2, 220.431, 220.441, 0.01, 10,     0.944,
 1387, 0, 219.464, 219.464, 219.488, 0.024, 34, 219.488, 220.352, 0.865, 1305, 2, 220.352, 221.267, 0.915, 1830,     1.803,
 1389, 0, 220.45, 220.45, 220.514, 0.064, 127, 220.514, 221.234, 0.72, 1015, 2, 221.234, 221.381, 0.147, 276,     0.931,
 1391, 0, 220.879, 220.879, 220.926, 0.047, 94, 220.926, 221.67, 0.744, 1948, 2, 221.67, 221.7, 0.03, 59,     0.820,
 1390, 0, 220.685, 220.685, 220.787, 0.102, 176, 220.787, 221.517, 0.73, 1592, 2, 221.517, 221.914, 0.397, 794,     1.229,
 1392, 0, 221.028, 221.028, 221.096, 0.069, 143, 221.096, 221.814, 0.718, 1082, 2, 221.814, 222.096, 0.282, 543,     1.069,
 1393, 0, 221.367, 221.367, 221.377, 0.01, 7, 221.377, 222.098, 0.721, 1462, 2, 222.098, 222.135, 0.037, 78,     0.768,
 1394, 0, 221.409, 221.409, 221.603, 0.194, 370, 221.603, 222.316, 0.713, 1691, 2, 222.316, 222.369, 0.052, 103,     0.960,
 1396, 0, 221.748, 221.748, 221.802, 0.054, 104, 221.802, 222.554, 0.752, 1481, 2, 222.554, 222.566, 0.012, 25,     0.818,
 1395, 0, 221.61, 221.61, 221.63, 0.02, 54, 221.63, 222.541, 0.911, 1235, 2, 222.541, 222.915, 0.374, 748,     1.305,
 1397, 0, 221.929, 221.929, 222.006, 0.078, 156, 222.006, 222.797, 0.79, 1303, 2, 222.797, 222.935, 0.138, 273,     1.006,
 1399, 0, 222.051, 222.051, 222.152, 0.101, 14, 222.152, 222.875, 0.723, 1728, 2, 222.875, 222.985, 0.11, 221,     0.934,
 1398, 0, 221.998, 221.998, 222.138, 0.14, 233, 222.138, 222.855, 0.717, 1128, 2, 222.855, 223.143, 0.289, 578,     1.145,
 1400, 0, 222.43, 222.43, 222.634, 0.203, 382, 222.634, 223.348, 0.714, 1091, 2, 223.348, 223.381, 0.033, 66,     0.950,
 1401, 0, 222.543, 222.543, 222.69, 0.147, 114, 222.69, 223.409, 0.719, 1450, 2, 223.409, 223.42, 0.011, 22,     0.877,
 1402, 0, 222.557, 222.557, 223.407, 0.85, 1434, 223.407, 224.123, 0.716, 1199, 2, 224.123, 224.147, 0.024, 47,     1.590,
 1403, 0, 222.646, 222.646, 223.468, 0.822, 123, 223.468, 224.197, 0.729, 1577, 2, 224.197, 224.237, 0.04, 79,     1.590,
 1404, 0, 222.857, 222.857, 223.502, 0.645, 43, 223.502, 224.219, 0.717, 1099, 2, 224.219, 224.255, 0.036, 57,     1.398,
 1405, 0, 222.983, 222.983, 223.516, 0.534, 1, 223.516, 224.245, 0.729, 1410, 2, 224.245, 224.275, 0.03, 67,     1.293,
 1407, 0, 223.205, 223.205, 223.544, 0.339, 25, 223.544, 224.447, 0.903, 1627, 2, 224.447, 224.457, 0.01, 15,     1.252,
 1406, 0, 223.109, 223.109, 223.53, 0.421, 25, 223.53, 224.373, 0.843, 1556, 2, 224.373, 224.467, 0.094, 182,     1.358,
 1408, 0, 223.283, 223.283, 223.728, 0.445, 348, 223.728, 224.481, 0.753, 1524, 2, 224.481, 224.583, 0.102, 213,     1.300,
 1409, 0, 223.622, 223.622, 223.742, 0.12, 12, 223.742, 224.505, 0.763, 1473, 2, 224.505, 224.629, 0.124, 249,     1.007,
 1410, 0, 223.898, 223.898, 224.024, 0.126, 237, 224.024, 224.742, 0.718, 1257, 2, 224.742, 224.752, 0.01, 3,     0.854,
 1411, 0, 223.951, 223.951, 224.09, 0.139, 132, 224.09, 224.907, 0.817, 1413, 2, 224.907, 224.93, 0.023, 45,     0.979,
 1413, 0, 224.043, 224.043, 224.118, 0.074, 10, 224.118, 225.002, 0.885, 1552, 2, 225.002, 225.132, 0.13, 265,     1.089,
 1412, 0, 224.025, 224.025, 224.104, 0.078, 23, 224.104, 224.953, 0.849, 1529, 2, 224.953, 225.182, 0.229, 458,     1.157,
 1414, 0, 224.797, 224.797, 224.813, 0.017, 33, 224.813, 225.543, 0.73, 1424, 2, 225.543, 225.585, 0.042, 84,     0.789,
 1416, 0, 224.929, 224.929, 224.973, 0.045, 57, 224.973, 225.721, 0.748, 1788, 2, 225.721, 225.744, 0.023, 46,     0.816,
 1415, 0, 224.854, 224.854, 224.875, 0.021, 42, 224.875, 225.59, 0.715, 1530, 2, 225.59, 225.785, 0.195, 387,     0.931,
 1417, 0, 225.09, 225.09, 225.1, 0.01, 12, 225.1, 225.826, 0.726, 1180, 2, 225.826, 226.046, 0.22, 441,     0.956,
 1418, 0, 225.418, 225.418, 225.511, 0.093, 187, 225.511, 226.225, 0.714, 943, 2, 226.225, 226.235, 0.01, 13,     0.817,
 1420, 0, 225.468, 225.468, 226.24, 0.772, 37, 226.24, 226.975, 0.735, 1469, 2, 226.975, 226.994, 0.019, 38,     1.526,
 1421, 0, 225.523, 225.523, 226.249, 0.726, 20, 226.249, 227.023, 0.773, 1517, 2, 227.023, 227.033, 0.01, 13,     1.509,
 1423, 0, 225.742, 225.742, 226.317, 0.574, 46, 226.317, 227.185, 0.868, 1515, 2, 227.185, 227.195, 0.01, 7,     1.452,
 1422, 0, 225.534, 225.534, 226.289, 0.755, 80, 226.289, 227.185, 0.895, 1222, 2, 227.185, 227.328, 0.144, 288,     1.794,
 1424, 0, 226.232, 226.232, 226.331, 0.098, 6, 226.331, 227.24, 0.909, 1250, 2, 227.24, 227.348, 0.108, 208,     1.116,
 1376, 0, 217.622, 217.622, 226.22, 8.597, 17191, 226.22, 226.935, 0.715, 1732, 2, 226.935, 227.368, 0.434, 845,     9.746,
 1425, 0, 226.249, 226.249, 226.345, 0.095, 1, 226.345, 227.274, 0.929, 1492, 2, 227.274, 227.427, 0.153, 306,     1.177,
 1426, 0, 226.649, 226.649, 226.754, 0.104, 183, 226.754, 227.523, 0.769, 1817, 2, 227.523, 227.534, 0.011, 22,     0.885,
 1427, 0, 226.703, 226.703, 226.768, 0.065, 12, 226.768, 227.686, 0.918, 1867, 2, 227.686, 227.696, 0.01, 20,     0.993,
 1429, 0, 226.909, 226.909, 226.909, 0, 1, 226.909, 227.777, 0.868, 2023, 2, 227.777, 227.796, 0.019, 38,     0.887,
 1430, 0, 227.048, 227.048, 227.159, 0.111, 233, 227.159, 227.999, 0.84, 1410, 2, 227.999, 228.029, 0.03, 52,     0.981,
 1431, 0, 227.149, 227.149, 227.185, 0.036, 44, 227.185, 228.03, 0.845, 1182, 2, 228.03, 228.03, 0, 2,     0.882,
 1428, 0, 226.893, 226.893, 226.905, 0.012, 41, 226.905, 227.75, 0.845, 1930, 2, 227.75, 228.104, 0.354, 709,     1.211,
 1432, 0, 227.448, 227.448, 227.495, 0.047, 101, 227.495, 228.282, 0.787, 1601, 2, 228.282, 228.325, 0.043, 87,     0.877,
 1419, 0, 225.46, 225.46, 227.629, 2.169, 4236, 227.629, 228.538, 0.908, 1916, 2, 228.538, 228.665, 0.127, 255,     3.204,
 1434, 0, 227.669, 227.669, 227.679, 0.01, 1, 227.679, 228.717, 1.038, 1220, 2, 228.717, 228.734, 0.017, 34,     1.065,
 1435, 0, 227.888, 227.888, 227.908, 0.02, 28, 227.908, 228.763, 0.854, 1721, 2, 228.763, 228.775, 0.012, 24,     0.887,
 1433, 0, 227.461, 227.461, 227.584, 0.123, 165, 227.584, 228.506, 0.922, 1370, 2, 228.506, 228.918, 0.412, 825,     1.457,
 1436, 0, 227.982, 227.982, 228.078, 0.096, 193, 228.078, 228.815, 0.737, 1445, 2, 228.815, 228.946, 0.131, 262,     0.964,
 1438, 0, 228.223, 228.223, 228.223, 0, 3, 228.223, 228.972, 0.749, 1512, 2, 228.972, 228.985, 0.013, 26,     0.762,
 1437, 0, 228.201, 228.201, 228.233, 0.032, 45, 228.233, 229.012, 0.779, 1598, 2, 229.012, 229.022, 0.01, 29,     0.821,
 1441, 0, 228.574, 228.574, 228.584, 0.01, 11, 228.584, 229.314, 0.73, 1831, 2, 229.314, 229.324, 0.01, 4,     0.750,
 1439, 0, 228.275, 228.275, 228.275, 0, 5, 228.275, 229.238, 0.963, 1713, 2, 229.238, 229.334, 0.096, 173,     1.059,
 1442, 0, 228.651, 228.651, 228.689, 0.038, 80, 228.689, 229.488, 0.799, 2036, 2, 229.488, 229.521, 0.034, 67,     0.870,
 1440, 0, 228.41, 228.41, 228.476, 0.066, 114, 228.476, 229.261, 0.786, 1519, 2, 229.261, 229.541, 0.28, 527,     1.132,
 1443, 0, 228.722, 228.722, 228.731, 0.009, 4, 228.731, 229.564, 0.833, 1501, 2, 229.564, 229.575, 0.011, 22,     0.853,
 1444, 0, 228.911, 228.911, 228.921, 0.01, 17, 228.921, 229.749, 0.827, 970, 2, 229.749, 229.856, 0.107, 193,     0.944,
 1448, 0, 229.487, 229.487, 229.494, 0.006, 17, 229.494, 230.254, 0.76, 1067, 2, 230.254, 230.351, 0.096, 193,     0.863,
 1445, 0, 229.08, 229.08, 229.093, 0.013, 39, 229.093, 229.999, 0.906, 1976, 2, 229.999, 230.371, 0.372, 711,     1.291,
 1446, 0, 229.173, 229.173, 229.869, 0.696, 1393, 229.869, 230.576, 0.706, 1634, 2, 230.576, 230.699, 0.123, 246,     1.526,
 1450, 0, 230.033, 230.033, 230.033, 0, 6, 230.033, 230.77, 0.737, 1859, 2, 230.77, 230.78, 0.01, 4,     0.747,
 1447, 0, 229.209, 229.209, 229.209, 0, 6, 229.209, 230.019, 0.809, 1727, 2, 230.019, 231.179, 1.16, 2321,     1.970,
 1451, 0, 230.415, 230.415, 230.495, 0.079, 159, 230.495, 231.212, 0.717, 1864, 2, 231.212, 231.316, 0.105, 209,     0.901,
 1452, 0, 230.567, 230.567, 230.829, 0.261, 516, 230.829, 231.564, 0.735, 1784, 2, 231.564, 231.606, 0.042, 84,     1.038,
 1454, 0, 230.768, 230.768, 230.991, 0.222, 251, 230.991, 231.786, 0.795, 2053, 2, 231.786, 231.855, 0.069, 138,     1.086,
 1455, 0, 230.864, 230.864, 231.059, 0.194, 100, 231.059, 231.814, 0.755, 1709, 2, 231.814, 231.881, 0.067, 135,     1.017,
 1449, 0, 229.858, 229.858, 231.255, 1.397, 2760, 231.255, 232.074, 0.819, 1829, 2, 232.074, 232.084, 0.01, 5,     2.226,
 1456, 0, 231.128, 231.128, 231.128, 0, 1, 231.128, 232.035, 0.907, 1546, 2, 232.035, 232.13, 0.095, 191,     1.002,
 1457, 0, 231.149, 231.149, 231.209, 0.06, 134, 231.209, 232.074, 0.865, 1481, 2, 232.074, 232.15, 0.076, 141,     1.001,
 1458, 0, 231.182, 231.182, 231.289, 0.107, 138, 231.289, 232.094, 0.805, 1824, 2, 232.094, 232.15, 0.056, 88,     0.969,
 1459, 0, 231.348, 231.348, 231.423, 0.074, 160, 231.423, 232.284, 0.862, 1441, 2, 232.284, 232.294, 0.01, 14,     0.946,
 1460, 0, 231.603, 231.603, 231.646, 0.043, 69, 231.646, 232.366, 0.72, 1487, 2, 232.366, 232.376, 0.01, 2,     0.773,
 1453, 0, 230.686, 230.686, 230.852, 0.166, 26, 230.852, 231.574, 0.722, 1408, 2, 231.574, 232.492, 0.919, 1838,     1.807,
 1461, 0, 232.367, 232.367, 232.377, 0.01, 4, 232.377, 233.111, 0.734, 1761, 2, 233.111, 233.121, 0.01, 12,     0.754,
 1462, 0, 232.439, 232.439, 232.526, 0.087, 188, 232.526, 233.252, 0.726, 1580, 2, 233.252, 233.262, 0.01, 1,     0.823,
 1463, 0, 232.556, 232.556, 232.609, 0.052, 87, 232.609, 233.323, 0.714, 1706, 2, 233.323, 233.333, 0.01, 4,     0.776,
 1464, 0, 232.616, 232.616, 232.66, 0.044, 84, 232.66, 233.392, 0.732, 1659, 2, 233.392, 233.402, 0.01, 17,     0.786,
 1465, 0, 232.765, 232.765, 232.765, 0, 5, 232.765, 233.69, 0.925, 1455, 2, 233.69, 233.766, 0.076, 151,     1.001,
 1467, 0, 233.136, 233.136, 233.323, 0.187, 374, 233.323, 234.052, 0.73, 1122, 2, 234.052, 234.082, 0.03, 60,     0.947,
 1466, 0, 232.936, 232.936, 233.449, 0.513, 999, 233.449, 234.184, 0.735, 1335, 2, 234.184, 234.214, 0.03, 61,     1.278,
 1468, 0, 233.325, 233.325, 233.483, 0.158, 283, 233.483, 234.199, 0.716, 1083, 2, 234.199, 234.359, 0.16, 320,     1.034,
 1469, 0, 233.554, 233.554, 233.621, 0.067, 144, 233.621, 234.433, 0.813, 1742, 2, 234.433, 234.443, 0.01, 9,     0.890,
 1470, 0, 233.606, 233.606, 233.631, 0.025, 52, 233.631, 234.448, 0.818, 1422, 2, 234.448, 234.448, 0, 9,     0.842,
 1471, 0, 233.791, 233.791, 233.885, 0.094, 175, 233.885, 234.699, 0.814, 1904, 2, 234.699, 234.75, 0.051, 118,     0.959,
 1472, 0, 233.897, 233.897, 233.929, 0.032, 30, 233.929, 234.78, 0.851, 1682, 2, 234.78, 234.796, 0.016, 32,     0.899,
 1474, 0, 234.325, 234.325, 234.372, 0.047, 86, 234.372, 235.199, 0.827, 1539, 2, 235.199, 235.233, 0.034, 70,     0.908,
 1478, 0, 234.65, 234.65, 234.66, 0.01, 3, 234.66, 235.539, 0.879, 1915, 2, 235.539, 235.549, 0.01, 15,     0.899,
 1475, 0, 234.414, 234.414, 234.424, 0.01, 20, 234.424, 235.209, 0.784, 1770, 2, 235.209, 235.717, 0.508, 1017,     1.303,
 1480, 0, 234.707, 234.707, 234.823, 0.116, 46, 234.823, 235.718, 0.895, 1351, 2, 235.718, 235.748, 0.03, 63,     1.041,
 1481, 0, 234.825, 234.825, 234.872, 0.047, 80, 234.872, 235.788, 0.916, 1479, 2, 235.788, 235.798, 0.01, 12,     0.974,
 1477, 0, 234.539, 234.539, 234.566, 0.027, 54, 234.566, 235.458, 0.892, 1359, 2, 235.458, 235.864, 0.406, 805,     1.325,
 1483, 0, 235.08, 235.08, 235.109, 0.03, 59, 235.109, 235.967, 0.858, 1508, 2, 235.967, 235.977, 0.01, 19,     0.898,
 1473, 0, 234.111, 234.111, 234.918, 0.807, 1605, 234.918, 235.854, 0.936, 1018, 2, 235.854, 235.997, 0.143, 284,     1.887,
 1476, 0, 234.448, 234.448, 234.448, 0, 7, 234.448, 235.29, 0.842, 1254, 2, 235.29, 236.04, 0.75, 1500,     1.591,
 1484, 0, 235.128, 235.128, 235.138, 0.01, 12, 235.138, 236.046, 0.908, 1102, 2, 236.046, 236.097, 0.051, 115,     0.969,
 1485, 0, 235.2, 235.2, 235.579, 0.379, 743, 235.579, 236.309, 0.73, 1502, 2, 236.309, 236.319, 0.01, 15,     1.119,
 1482, 0, 234.981, 234.981, 234.99, 0.01, 5, 234.99, 235.947, 0.957, 1999, 2, 235.947, 236.346, 0.399, 798,     1.365,
 1486, 0, 235.644, 235.644, 235.654, 0.01, 17, 235.654, 236.373, 0.719, 914, 2, 236.373, 236.712, 0.338, 639,     1.067,
 1488, 0, 235.953, 235.953, 235.966, 0.013, 28, 235.966, 236.679, 0.712, 1475, 2, 236.679, 236.712, 0.033, 34,     0.758,
 1489, 0, 235.979, 235.979, 236.011, 0.031, 68, 236.011, 236.874, 0.863, 2380, 2, 236.874, 236.893, 0.019, 39,     0.914,
 1487, 0, 235.88, 235.88, 235.89, 0.01, 18, 235.89, 236.625, 0.735, 986, 2, 236.625, 237.19, 0.566, 1132,     1.310,
 1490, 0, 236.428, 236.428, 236.438, 0.009, 14, 236.438, 237.226, 0.788, 1220, 2, 237.226, 237.253, 0.028, 55,     0.825,
 1491, 0, 236.454, 236.454, 236.464, 0.01, 12, 236.464, 237.373, 0.909, 1212, 2, 237.373, 237.403, 0.03, 61,     0.949,
 1494, 0, 236.692, 236.692, 236.782, 0.09, 162, 236.782, 237.506, 0.723, 1294, 2, 237.506, 237.589, 0.083, 167,     0.897,
 1493, 0, 236.685, 236.685, 236.796, 0.111, 221, 236.796, 237.623, 0.827, 1593, 2, 237.623, 237.635, 0.012, 24,     0.949,
 1492, 0, 236.617, 236.617, 236.645, 0.028, 55, 236.645, 237.446, 0.801, 1688, 2, 237.446, 237.681, 0.235, 470,     1.063,
 1496, 0, 237.232, 237.232, 237.341, 0.109, 218, 237.341, 238.057, 0.716, 1702, 2, 238.057, 238.067, 0.01, 20,     0.835,
 1495, 0, 236.985, 236.985, 236.995, 0.01, 18, 236.995, 237.708, 0.713, 1796, 2, 237.708, 238.08, 0.372, 745,     1.095,
 1497, 0, 237.655, 237.655, 237.676, 0.022, 43, 237.676, 238.396, 0.72, 1797, 2, 238.396, 238.422, 0.026, 52,     0.767,
 1498, 0, 237.687, 237.687, 237.874, 0.187, 374, 237.874, 238.589, 0.715, 1223, 2, 238.589, 238.599, 0.01, 3,     0.911,
 1500, 0, 237.887, 237.887, 237.897, 0.01, 16, 237.897, 238.632, 0.734, 1460, 2, 238.632, 238.672, 0.041, 81,     0.785,
 1499, 0, 237.883, 237.883, 237.941, 0.058, 135, 237.941, 238.658, 0.717, 1339, 2, 238.658, 238.768, 0.111, 221,     0.885,
 1501, 0, 237.947, 237.947, 237.974, 0.028, 67, 237.974, 238.692, 0.717, 1884, 2, 238.692, 238.853, 0.162, 313,     0.907,
 1502, 0, 237.99, 237.99, 238.034, 0.044, 79, 238.034, 238.843, 0.81, 1371, 2, 238.843, 238.863, 0.02, 40,     0.874,
 1479, 0, 234.661, 234.661, 234.8, 0.139, 253, 234.8, 235.698, 0.898, 1759, 2, 235.698, 238.873, 3.175, 6334,     4.213,
 1503, 0, 238.024, 238.024, 238.034, 0.01, 7, 238.034, 238.891, 0.858, 1411, 2, 238.891, 238.931, 0.04, 85,     0.908,
 1504, 0, 238.172, 238.172, 238.264, 0.092, 195, 238.264, 239.39, 1.126, 1267, 2, 239.39, 239.402, 0.012, 24,     1.230,
 1506, 0, 238.197, 238.197, 238.622, 0.425, 679, 238.622, 239.454, 0.831, 1860, 2, 239.454, 239.492, 0.038, 76,     1.295,
 1505, 0, 238.182, 238.182, 238.31, 0.128, 249, 238.31, 239.41, 1.1, 1167, 2, 239.41, 239.577, 0.167, 351,     1.395,
 1508, 0, 238.477, 238.477, 238.636, 0.16, 2, 238.636, 239.601, 0.964, 1373, 2, 239.601, 239.659, 0.058, 120,     1.182,
 1509, 0, 238.696, 238.696, 238.721, 0.025, 30, 238.721, 239.649, 0.927, 1926, 2, 239.649, 239.659, 0.01, 2,     0.963,
 1507, 0, 238.359, 238.359, 238.77, 0.412, 815, 238.77, 239.663, 0.892, 1004, 2, 239.663, 239.688, 0.025, 59,     1.330,
 1510, 0, 238.704, 238.704, 238.77, 0.066, 92, 238.77, 239.704, 0.933, 1831, 2, 239.704, 239.719, 0.015, 30,     1.015,
 1513, 0, 239.782, 239.782, 240.038, 0.256, 3, 240.038, 240.938, 0.9, 909, 2, 240.938, 240.968, 0.03, 41,     1.186,
 1514, 0, 239.816, 239.816, 240.05, 0.234, 15, 240.05, 240.958, 0.908, 1263, 2, 240.958, 240.993, 0.035, 89,     1.177,
 1515, 0, 239.852, 239.852, 240.094, 0.242, 83, 240.094, 241.107, 1.012, 881, 2, 241.107, 241.142, 0.036, 71,     1.290,
 1517, 0, 240.249, 240.249, 240.255, 0.006, 18, 240.255, 241.206, 0.951, 1726, 2, 241.206, 241.22, 0.014, 28,     0.971,
 1516, 0, 240.058, 240.058, 240.108, 0.05, 15, 240.108, 241.189, 1.08, 1920, 2, 241.189, 241.239, 0.05, 100,     1.181,
 1512, 0, 239.569, 239.569, 240.024, 0.455, 911, 240.024, 240.938, 0.914, 1089, 2, 240.938, 241.282, 0.344, 689,     1.713,
 1518, 0, 240.316, 240.316, 240.316, 0, 17, 240.316, 241.357, 1.04, 1423, 2, 241.357, 241.367, 0.01, 3,     1.050,
 1520, 0, 240.431, 240.431, 240.441, 0.01, 12, 240.441, 241.467, 1.026, 1198, 2, 241.467, 241.512, 0.045, 90,     1.081,
 1519, 0, 240.344, 240.344, 240.354, 0.01, 10, 240.354, 241.456, 1.102, 955, 2, 241.456, 241.541, 0.085, 171,     1.197,
 1521, 0, 240.45, 240.45, 240.988, 0.538, 1077, 240.988, 241.725, 0.737, 1601, 2, 241.725, 241.753, 0.028, 56,     1.303,
 1522, 0, 240.503, 240.503, 240.998, 0.495, 15, 240.998, 241.856, 0.858, 1515, 2, 241.856, 241.872, 0.017, 33,     1.369,
 1523, 0, 240.535, 240.535, 241.045, 0.51, 84, 241.045, 241.973, 0.928, 1177, 2, 241.973, 241.993, 0.02, 39,     1.458,
 1525, 0, 241.145, 241.145, 241.272, 0.127, 7, 241.272, 242.243, 0.971, 1179, 2, 242.243, 242.373, 0.13, 261,     1.228,
 1527, 0, 241.708, 241.708, 241.718, 0.01, 9, 241.718, 242.498, 0.78, 1797, 2, 242.498, 242.544, 0.046, 94,     0.836,
 1526, 0, 241.382, 241.382, 241.484, 0.102, 197, 241.484, 242.478, 0.994, 1054, 2, 242.478, 242.577, 0.099, 198,     1.195,
 1524, 0, 241.104, 241.104, 241.26, 0.156, 286, 241.26, 242.223, 0.963, 1375, 2, 242.223, 242.688, 0.465, 931,     1.584,
 1530, 0, 241.962, 241.962, 241.962, 0, 1, 241.962, 242.731, 0.769, 1305, 2, 242.731, 242.905, 0.174, 349,     0.944,
 1529, 0, 241.846, 241.846, 241.944, 0.097, 195, 241.944, 242.731, 0.787, 1396, 2, 242.731, 242.954, 0.223, 446,     1.108,
 1531, 0, 242.142, 242.142, 242.196, 0.054, 126, 242.196, 243.013, 0.817, 1397, 2, 243.013, 243.056, 0.043, 86,     0.914,
 1532, 0, 242.196, 242.196, 242.223, 0.027, 54, 242.223, 243.12, 0.897, 1687, 2, 243.12, 243.197, 0.077, 154,     1.001,
 1528, 0, 241.777, 241.777, 241.807, 0.03, 32, 241.807, 242.612, 0.805, 1540, 2, 242.612, 243.246, 0.635, 1259,     1.470,
 1534, 0, 242.383, 242.383, 242.395, 0.012, 24, 242.395, 243.236, 0.841, 1861, 2, 243.236, 243.246, 0.01, 6,     0.863,
 1533, 0, 242.361, 242.361, 242.361, 0, 3, 242.361, 243.236, 0.876, 1397, 2, 243.236, 243.256, 0.02, 29,     0.896,
 1535, 0, 242.409, 242.409, 242.439, 0.03, 27, 242.439, 243.369, 0.93, 1290, 2, 243.369, 243.426, 0.057, 114,     1.017,
 1536, 0, 242.694, 242.694, 242.819, 0.125, 242, 242.819, 243.622, 0.803, 1405, 2, 243.622, 243.632, 0.01, 13,     0.938,
 1537, 0, 243.014, 243.014, 243.078, 0.065, 135, 243.078, 243.879, 0.801, 1554, 2, 243.879, 243.89, 0.011, 21,     0.876,
 1538, 0, 243.159, 243.159, 243.169, 0.01, 10, 243.169, 244, 0.831, 1272, 2, 244, 244.01, 0.01, 16,     0.851,
 1539, 0, 243.408, 243.408, 243.44, 0.031, 79, 243.44, 244.159, 0.719, 1350, 2, 244.159, 244.233, 0.073, 147,     0.824,
 1540, 0, 243.492, 243.492, 243.546, 0.054, 113, 243.546, 244.301, 0.755, 1560, 2, 244.301, 244.311, 0.01, 8,     0.819,
 1541, 0, 243.629, 243.629, 243.638, 0.01, 8, 243.638, 244.409, 0.771, 1523, 2, 244.409, 244.419, 0.01, 16,     0.791,
 1511, 0, 239.248, 239.248, 244.337, 5.089, 10179, 244.337, 245.057, 0.72, 1220, 2, 245.057, 245.097, 0.04, 79,     5.849,
 1543, 0, 244.683, 244.683, 244.693, 0.01, 9, 244.693, 245.408, 0.715, 1491, 2, 245.408, 245.467, 0.06, 119,     0.784,
 1544, 0, 244.7, 244.7, 244.749, 0.049, 113, 244.749, 245.485, 0.735, 1272, 2, 245.485, 245.495, 0.01, 4,     0.794,
 1545, 0, 244.988, 244.988, 244.998, 0.01, 25, 244.998, 245.7, 0.702, 801, 2, 245.7, 245.777, 0.077, 155,     0.789,
 1546, 0, 245.012, 245.012, 245.022, 0.01, 14, 245.022, 245.734, 0.712, 1681, 2, 245.734, 245.804, 0.07, 140,     0.792,
 1549, 0, 245.173, 245.173, 245.21, 0.037, 76, 245.21, 245.992, 0.782, 1840, 2, 245.992, 246.002, 0.01, 2,     0.829,
 1542, 0, 244.045, 244.045, 245.153, 1.108, 2217, 245.153, 245.95, 0.797, 1443, 2, 245.95, 246.012, 0.062, 105,     1.967,
 1548, 0, 245.109, 245.109, 245.264, 0.154, 305, 245.264, 246.186, 0.922, 1690, 2, 246.186, 246.21, 0.024, 36,     1.100,
 1550, 0, 245.96, 245.96, 245.973, 0.013, 28, 245.973, 246.69, 0.718, 1264, 2, 246.69, 246.744, 0.054, 113,     0.785,
 1551, 0, 246.003, 246.003, 246.034, 0.031, 68, 246.034, 246.75, 0.716, 1833, 2, 246.75, 246.75, 0, 12,     0.747,
 1553, 0, 246.063, 246.063, 246.106, 0.042, 87, 246.106, 246.819, 0.714, 1920, 2, 246.819, 246.845, 0.025, 51,     0.782,
 1555, 0, 246.128, 246.128, 246.23, 0.102, 193, 246.23, 247.034, 0.805, 1504, 2, 247.034, 247.099, 0.065, 130,     0.972,
 1554, 0, 246.117, 246.117, 246.24, 0.123, 233, 246.24, 247.086, 0.847, 1966, 2, 247.086, 247.119, 0.033, 51,     1.002,
 1556, 0, 246.156, 246.156, 246.24, 0.084, 14, 246.24, 247.194, 0.955, 1197, 2, 247.194, 247.329, 0.135, 271,     1.173,
 1558, 0, 246.175, 246.175, 246.27, 0.095, 22, 246.27, 247.34, 1.071, 1042, 2, 247.34, 247.37, 0.03, 54,     1.195,
 1557, 0, 246.159, 246.159, 246.29, 0.131, 88, 246.29, 247.444, 1.154, 1807, 2, 247.444, 247.548, 0.104, 201,     1.389,
 1547, 0, 245.031, 245.031, 245.062, 0.031, 81, 245.062, 245.936, 0.873, 1552, 2, 245.936, 247.944, 2.008, 4017,     2.912,
 1560, 0, 247.394, 247.394, 247.408, 0.014, 28, 247.408, 248.142, 0.734, 1301, 2, 248.142, 248.163, 0.021, 31,     0.769,
 1552, 0, 246.02, 246.02, 246.048, 0.028, 35, 246.048, 246.77, 0.722, 1498, 2, 246.77, 248.173, 1.403, 2802,     2.153,
 1561, 0, 247.428, 247.428, 247.428, 0, 9, 247.428, 248.153, 0.725, 2421, 2, 248.153, 248.276, 0.122, 245,     0.848,
 1562, 0, 247.633, 247.633, 247.651, 0.018, 37, 247.651, 248.403, 0.752, 1936, 2, 248.403, 248.433, 0.03, 60,     0.800,
 1563, 0, 247.956, 247.956, 248.026, 0.07, 139, 248.026, 248.765, 0.738, 1105, 2, 248.765, 248.903, 0.138, 277,     0.947,
 1564, 0, 248.389, 248.389, 248.399, 0.01, 3, 248.399, 249.116, 0.717, 1840, 2, 249.116, 249.213, 0.096, 193,     0.824,
 1559, 0, 247.034, 247.034, 247.069, 0.035, 70, 247.069, 247.789, 0.72, 1453, 2, 247.789, 249.308, 1.519, 3039,     2.274,
 1567, 0, 248.809, 248.809, 248.819, 0.01, 3, 248.819, 249.555, 0.736, 1124, 2, 249.555, 249.565, 0.01, 10,     0.756,
 1568, 0, 248.871, 248.871, 248.885, 0.014, 40, 248.885, 249.615, 0.73, 1481, 2, 249.615, 249.662, 0.047, 94,     0.791,
 1566, 0, 248.798, 248.798, 248.808, 0.01, 13, 248.808, 249.521, 0.713, 1435, 2, 249.521, 249.783, 0.261, 523,     0.984,
 1569, 0, 249.698, 249.698, 249.71, 0.012, 26, 249.71, 250.452, 0.742, 1131, 2, 250.452, 250.462, 0.01, 5,     0.765,
 1570, 0, 249.78, 249.78, 249.948, 0.168, 326, 249.948, 250.697, 0.749, 1597, 2, 250.697, 250.727, 0.03, 44,     0.947,
 1573, 0, 249.983, 249.983, 250.245, 0.262, 17, 250.245, 250.998, 0.753, 1588, 2, 250.998, 251.008, 0.01, 14,     1.025,
 1571, 0, 249.804, 249.804, 250.092, 0.288, 258, 250.092, 250.882, 0.79, 1196, 2, 250.882, 251.018, 0.136, 254,     1.215,
 1572, 0, 249.939, 249.939, 250.231, 0.293, 249, 250.231, 250.959, 0.728, 1662, 2, 250.959, 251.177, 0.218, 437,     1.239,
 1575, 0, 250.156, 250.156, 250.289, 0.133, 64, 250.289, 251.158, 0.869, 844, 2, 251.158, 251.302, 0.144, 288,     1.145,
 1576, 0, 250.643, 250.643, 250.691, 0.048, 63, 250.691, 251.407, 0.716, 1557, 2, 251.407, 251.437, 0.03, 51,     0.794,
 1565, 0, 248.402, 248.402, 251.2, 2.798, 5588, 251.2, 251.928, 0.727, 1683, 2, 251.928, 251.938, 0.01, 8,     3.536,
 1577, 0, 251.143, 251.143, 251.186, 0.043, 51, 251.186, 251.916, 0.729, 1577, 2, 251.916, 252.011, 0.095, 191,     0.868,
 1578, 0, 251.303, 251.303, 251.315, 0.012, 39, 251.315, 252.03, 0.715, 1671, 2, 252.03, 252.061, 0.03, 61,     0.758,
 1574, 0, 250.132, 250.132, 250.257, 0.125, 1, 250.257, 251.131, 0.874, 1701, 2, 251.131, 252.142, 1.011, 2022,     2.009,
 1579, 0, 251.357, 251.357, 251.367, 0.01, 3, 251.367, 252.09, 0.724, 1212, 2, 252.09, 252.221, 0.13, 261,     0.864,
 1581, 0, 251.744, 251.744, 252.458, 0.714, 1419, 252.458, 253.183, 0.725, 1441, 2, 253.183, 253.202, 0.019, 38,     1.458,
 1582, 0, 251.796, 251.796, 253.222, 1.426, 1522, 253.222, 253.986, 0.764, 1416, 2, 253.986, 254.086, 0.1, 200,     2.291,
 1583, 0, 251.845, 251.845, 253.242, 1.397, 36, 253.242, 254.012, 0.77, 1714, 2, 254.012, 254.172, 0.16, 320,     2.328,
 1585, 0, 251.934, 251.934, 253.379, 1.444, 74, 253.379, 254.434, 1.056, 1530, 2, 254.434, 254.454, 0.019, 39,     2.519,
 1586, 0, 252.038, 252.038, 253.388, 1.351, 7, 253.388, 254.486, 1.098, 1385, 2, 254.486, 254.496, 0.01, 1,     2.458,
 1587, 0, 252.138, 252.138, 253.398, 1.261, 6, 253.398, 254.518, 1.12, 1149, 2, 254.518, 254.566, 0.048, 95,     2.428,
 1584, 0, 251.882, 251.882, 253.332, 1.45, 164, 253.332, 254.323, 0.991, 1507, 2, 254.323, 254.728, 0.405, 810,     2.846,
 1589, 0, 252.448, 252.448, 254.082, 1.634, 79, 254.082, 255.017, 0.935, 1707, 2, 255.017, 255.027, 0.01, 9,     2.579,
 1590, 0, 252.5, 252.5, 254.137, 1.637, 110, 254.137, 255.017, 0.88, 1608, 2, 255.017, 255.093, 0.076, 153,     2.593,
 1588, 0, 252.416, 252.416, 254.04, 1.623, 1262, 254.04, 254.768, 0.728, 1609, 2, 254.768, 255.2, 0.433, 866,     2.784,
 1591, 0, 252.539, 252.539, 256.045, 3.506, 3811, 256.045, 256.761, 0.715, 1650, 2, 256.761, 257.083, 0.323, 646,     4.544,
 1580, 0, 251.422, 251.422, 256.752, 5.33, 10678, 256.752, 257.465, 0.714, 1443, 2, 257.465, 257.495, 0.03, 41,     6.073,
 1593, 0, 252.883, 252.883, 256.766, 3.883, 6, 256.766, 257.485, 0.72, 1664, 2, 257.485, 257.495, 0.01, 2,     4.613,
 1594, 0, 252.922, 252.922, 256.872, 3.95, 213, 256.872, 257.589, 0.716, 1791, 2, 257.589, 257.603, 0.014, 29,     4.681,
 1596, 0, 253.037, 253.037, 256.941, 3.904, 9, 256.941, 257.715, 0.774, 1843, 2, 257.715, 257.732, 0.017, 35,     4.695,
 1597, 0, 253.054, 253.054, 257.244, 4.191, 599, 257.244, 258.243, 0.998, 1335, 2, 258.243, 258.299, 0.056, 104,     5.245,
 1592, 0, 252.857, 252.857, 257.197, 4.34, 2305, 257.197, 258.219, 1.022, 1137, 2, 258.219, 258.322, 0.103, 207,     5.465,
 1599, 0, 253.299, 253.299, 257.258, 3.959, 11, 257.258, 258.406, 1.148, 1414, 2, 258.406, 258.448, 0.043, 85,     5.149,
 1598, 0, 253.19, 253.19, 257.244, 4.054, 55, 257.244, 258.347, 1.103, 2079, 2, 258.347, 258.471, 0.124, 249,     5.281,
 1600, 0, 253.369, 253.369, 257.338, 3.969, 141, 257.338, 258.492, 1.154, 1224, 2, 258.492, 258.516, 0.024, 49,     5.148,
 1601, 0, 253.575, 253.575, 257.317, 3.742, 57, 257.317, 258.482, 1.164, 1672, 2, 258.482, 258.568, 0.086, 173,     4.993,
 1602, 0, 253.597, 253.597, 257.348, 3.751, 60, 257.348, 258.615, 1.268, 1114, 2, 258.615, 258.625, 0.01, 23,     5.029,
 1603, 0, 253.635, 253.635, 257.348, 3.713, 20, 257.348, 258.655, 1.307, 1382, 2, 258.655, 258.667, 0.012, 24,     5.033,
 1607, 0, 254.818, 254.818, 257.418, 2.6, 62, 257.418, 258.909, 1.491, 1442, 2, 258.909, 258.922, 0.013, 26,     4.104,
 1608, 0, 255.159, 255.159, 257.56, 2.4, 261, 257.56, 258.983, 1.423, 1949, 2, 258.983, 259.054, 0.072, 143,     3.895,
 1609, 0, 255.953, 255.953, 257.598, 1.645, 65, 257.598, 258.993, 1.395, 932, 2, 258.993, 259.074, 0.082, 146,     3.121,
 1605, 0, 254.569, 254.569, 257.699, 3.13, 683, 257.699, 259.118, 1.419, 1065, 2, 259.118, 259.129, 0.01, 21,     4.560,
 1604, 0, 254.04, 254.04, 257.358, 3.318, 17, 257.358, 258.741, 1.383, 1295, 2, 258.741, 259.139, 0.398, 797,     5.100,
 1610, 0, 256.126, 256.126, 257.778, 1.652, 342, 257.778, 259.172, 1.394, 1317, 2, 259.172, 259.227, 0.055, 109,     3.101,
 1612, 0, 256.29, 256.29, 257.802, 1.512, 40, 257.802, 259.232, 1.43, 1611, 2, 259.232, 259.242, 0.01, 23,     2.953,
 1611, 0, 256.19, 256.19, 257.828, 1.638, 245, 257.828, 259.367, 1.539, 1794, 2, 259.367, 259.418, 0.05, 101,     3.228,
 1613, 0, 256.374, 256.374, 257.814, 1.44, 2, 257.814, 259.252, 1.438, 1436, 2, 259.252, 259.459, 0.207, 414,     3.085,
 1616, 0, 256.961, 256.961, 257.856, 0.895, 10, 257.856, 259.482, 1.626, 1558, 2, 259.482, 259.492, 0.01, 1,     2.530,
 1614, 0, 256.539, 256.539, 257.953, 1.413, 278, 257.953, 259.513, 1.56, 1401, 2, 259.513, 259.57, 0.057, 114,     3.031,
 1620, 0, 257.503, 257.503, 258.165, 0.662, 350, 258.165, 259.763, 1.598, 1275, 2, 259.763, 259.763, 0, 1,     2.260,
 1618, 0, 257.186, 257.186, 257.966, 0.78, 7, 257.966, 259.617, 1.651, 1566, 2, 259.617, 259.86, 0.243, 486,     2.673,
 1621, 0, 257.604, 257.604, 258.201, 0.596, 69, 258.201, 259.871, 1.671, 1721, 2, 259.871, 259.899, 0.028, 56,     2.295,
 1619, 0, 257.328, 257.328, 257.99, 0.662, 32, 257.99, 259.672, 1.682, 1412, 2, 259.672, 259.965, 0.293, 587,     2.637,
 1623, 0, 257.682, 257.682, 258.271, 0.589, 23, 258.271, 260.012, 1.741, 1320, 2, 260.012, 260.028, 0.016, 32,     2.346,
 1606, 0, 254.741, 254.741, 257.378, 2.637, 3, 257.378, 258.869, 1.491, 1533, 2, 258.869, 260.167, 1.299, 2570,     5.426,
 1624, 0, 257.877, 257.877, 258.51, 0.633, 479, 258.51, 260.186, 1.676, 1460, 2, 260.186, 260.228, 0.042, 84,     2.351,
 1625, 0, 257.936, 257.936, 258.574, 0.638, 109, 258.574, 260.262, 1.688, 1583, 2, 260.262, 260.262, 0, 1,     2.327,
 1615, 0, 256.89, 256.89, 257.842, 0.952, 8, 257.842, 259.421, 1.579, 1311, 2, 259.421, 260.339, 0.918, 1842,     3.449,
 1626, 0, 258.097, 258.097, 258.588, 0.49, 13, 258.588, 260.37, 1.783, 1370, 2, 260.37, 260.433, 0.063, 126,     2.336,
 1627, 0, 258.354, 258.354, 258.618, 0.263, 53, 258.618, 260.44, 1.822, 1336, 2, 260.44, 260.44, 0, 6,     2.086,
 1630, 0, 258.638, 258.638, 258.837, 0.199, 125, 258.837, 260.877, 2.039, 1268, 2, 260.877, 260.914, 0.038, 75,     2.276,
 1629, 0, 258.627, 258.627, 258.772, 0.145, 221, 258.772, 260.692, 1.92, 1659, 2, 260.692, 260.934, 0.243, 450,     2.308,
 1631, 0, 258.677, 258.677, 258.897, 0.221, 94, 258.897, 260.941, 2.044, 1825, 2, 260.941, 260.941, 0, 15,     2.265,
 1632, 0, 259.106, 259.106, 259.14, 0.034, 67, 259.14, 261.036, 1.897, 1308, 2, 261.036, 261.108, 0.072, 144,     2.002,
 1633, 0, 259.186, 259.186, 259.258, 0.072, 155, 259.258, 261.266, 2.008, 1433, 2, 261.266, 261.353, 0.087, 174,     2.167,
 1634, 0, 259.368, 259.368, 259.396, 0.027, 63, 259.396, 261.386, 1.991, 1763, 2, 261.386, 261.423, 0.036, 73,     2.055,
 1635, 0, 259.546, 259.546, 259.58, 0.034, 78, 259.58, 261.446, 1.865, 1862, 2, 261.446, 261.456, 0.01, 10,     1.909,
 1636, 0, 259.55, 259.55, 259.594, 0.045, 25, 259.594, 261.525, 1.93, 1678, 2, 261.525, 261.703, 0.178, 356,     2.153,
 1622, 0, 257.659, 257.659, 258.241, 0.582, 65, 258.241, 259.99, 1.75, 1821, 2, 259.99, 261.715, 1.725, 3451,     4.056,
 1595, 0, 253.011, 253.011, 256.927, 3.916, 110, 256.927, 257.649, 0.722, 1178, 2, 257.649, 261.837, 4.188, 8377,     8.826,
 1639, 0, 260.104, 260.104, 260.14, 0.037, 67, 260.14, 261.893, 1.752, 1969, 2, 261.893, 261.935, 0.042, 84,     1.831,
 1637, 0, 260.039, 260.039, 260.189, 0.15, 290, 260.189, 261.968, 1.779, 1956, 2, 261.968, 261.986, 0.018, 36,     1.947,
 1617, 0, 257.096, 257.096, 259.965, 2.869, 4203, 259.965, 261.792, 1.826, 1297, 2, 261.792, 262.025, 0.234, 468,     4.929,
 1640, 0, 260.13, 260.13, 260.219, 0.089, 146, 260.219, 262.067, 1.848, 907, 2, 262.067, 262.161, 0.094, 187,     2.030,
 1638, 0, 260.073, 260.073, 260.083, 0.01, 9, 260.083, 261.812, 1.728, 1559, 2, 261.812, 262.171, 0.359, 718,     2.097,
 1641, 0, 260.145, 260.145, 260.291, 0.146, 170, 260.291, 262.142, 1.851, 1727, 2, 262.142, 262.171, 0.029, 45,     2.025,
 1628, 0, 258.392, 258.392, 258.658, 0.266, 72, 258.658, 260.627, 1.969, 909, 2, 260.627, 262.217, 1.589, 3179,     3.824,
 1642, 0, 260.155, 260.155, 260.386, 0.232, 334, 260.386, 262.328, 1.942, 1332, 2, 262.328, 262.357, 0.029, 59,     2.203,
 1644, 0, 260.301, 260.301, 260.396, 0.095, 24, 260.396, 262.392, 1.996, 2404, 2, 262.392, 262.402, 0.01, 16,     2.101,
 1645, 0, 260.305, 260.305, 260.481, 0.176, 190, 260.481, 262.486, 2.005, 1503, 2, 262.486, 262.504, 0.017, 35,     2.199,
 1643, 0, 260.23, 260.23, 260.376, 0.146, 153, 260.376, 262.297, 1.921, 1334, 2, 262.297, 262.756, 0.459, 913,     2.526,
 1648, 0, 261.148, 261.148, 261.177, 0.029, 54, 261.177, 262.827, 1.649, 1731, 2, 262.827, 262.907, 0.081, 162,     1.759,
 1649, 0, 261.181, 261.181, 261.191, 0.01, 24, 261.191, 262.907, 1.717, 1588, 2, 262.907, 262.931, 0.024, 47,     1.750,
 1650, 0, 261.192, 261.192, 261.218, 0.026, 55, 261.218, 262.985, 1.767, 2014, 2, 262.985, 262.995, 0.01, 14,     1.803,
 1646, 0, 260.517, 260.517, 260.596, 0.079, 131, 260.596, 262.654, 2.058, 1248, 2, 262.654, 263.047, 0.393, 786,     2.530,
 1652, 0, 261.356, 261.356, 261.366, 0.01, 19, 261.366, 263.082, 1.716, 2006, 2, 263.082, 263.123, 0.041, 81,     1.766,
 1651, 0, 261.254, 261.254, 261.264, 0.01, 4, 261.264, 263.052, 1.788, 1669, 2, 263.052, 263.137, 0.084, 181,     1.883,
 1653, 0, 261.423, 261.423, 261.517, 0.093, 167, 261.517, 263.234, 1.718, 1002, 2, 263.234, 263.244, 0.01, 13,     1.821,
 1647, 0, 261.079, 261.079, 261.585, 0.506, 1005, 261.585, 263.336, 1.752, 1524, 2, 263.336, 263.379, 0.043, 86,     2.301,
 1654, 0, 261.445, 261.445, 261.585, 0.14, 122, 261.585, 263.406, 1.822, 1123, 2, 263.406, 263.416, 0.01, 6,     1.972,
 1655, 0, 262.067, 262.067, 262.201, 0.135, 269, 262.201, 263.596, 1.395, 1397, 2, 263.596, 263.64, 0.044, 88,     1.574,
 1657, 0, 262.367, 262.367, 262.425, 0.058, 97, 262.425, 263.828, 1.403, 1897, 2, 263.828, 263.838, 0.01, 18,     1.470,
 1658, 0, 262.43, 262.43, 262.43, 0, 9, 262.43, 263.846, 1.416, 1718, 2, 263.846, 263.86, 0.014, 44,     1.430,
 1659, 0, 262.832, 262.832, 262.841, 0.01, 20, 262.841, 264.155, 1.314, 1501, 2, 264.155, 264.177, 0.022, 44,     1.346,
 1661, 0, 263.065, 263.065, 263.095, 0.03, 52, 263.095, 264.327, 1.232, 1993, 2, 264.327, 264.34, 0.012, 25,     1.275,
 1662, 0, 263.181, 263.181, 263.191, 0.01, 9, 263.191, 264.347, 1.156, 1379, 2, 264.347, 264.357, 0.01, 32,     1.176,
 1660, 0, 262.958, 262.958, 263.341, 0.383, 737, 263.341, 264.506, 1.164, 1537, 2, 264.506, 264.531, 0.026, 51,     1.573,
 1663, 0, 263.213, 263.213, 263.466, 0.254, 507, 263.466, 264.592, 1.126, 850, 2, 264.592, 264.603, 0.011, 22,     1.390,
 1665, 0, 264.192, 264.192, 264.211, 0.018, 30, 264.211, 264.932, 0.721, 1590, 2, 264.932, 264.962, 0.03, 50,     0.769,
 1664, 0, 264.076, 264.076, 264.118, 0.042, 78, 264.118, 264.857, 0.738, 1736, 2, 264.857, 265.02, 0.163, 303,     0.944,
 1666, 0, 264.331, 264.331, 264.381, 0.05, 99, 264.381, 265.157, 0.776, 1780, 2, 265.157, 265.25, 0.093, 186,     0.919,
 1667, 0, 264.479, 264.479, 264.486, 0.007, 24, 264.486, 265.365, 0.879, 1429, 2, 265.365, 265.38, 0.015, 31,     0.901,
 1668, 0, 264.883, 264.883, 264.898, 0.015, 36, 264.898, 265.66, 0.762, 1709, 2, 265.66, 265.684, 0.024, 47,     0.801,
 1670, 0, 264.918, 264.918, 264.926, 0.008, 26, 264.926, 265.7, 0.774, 1238, 2, 265.7, 265.727, 0.026, 53,     0.809,
 1669, 0, 264.9, 264.9, 264.918, 0.018, 31, 264.918, 265.686, 0.768, 1912, 2, 265.686, 265.75, 0.063, 132,     0.850,
 1671, 0, 265.181, 265.181, 265.208, 0.027, 54, 265.208, 265.944, 0.736, 1100, 2, 265.944, 265.98, 0.036, 78,     0.799,
 1672, 0, 265.7, 265.7, 265.741, 0.041, 75, 265.741, 266.465, 0.724, 1176, 2, 266.465, 266.477, 0.012, 23,     0.777,
 1674, 0, 265.926, 265.926, 265.957, 0.031, 62, 265.957, 266.671, 0.714, 1360, 2, 266.671, 266.705, 0.034, 68,     0.779,
 1656, 0, 262.209, 262.209, 262.209, 0, 12, 262.209, 263.656, 1.447, 1289, 2, 263.656, 266.758, 3.102, 6205,     4.549,
 1673, 0, 265.876, 265.876, 266.028, 0.152, 295, 266.028, 266.745, 0.716, 1675, 2, 266.745, 266.793, 0.048, 97,     0.917,
 1676, 0, 266.018, 266.018, 266.038, 0.02, 27, 266.038, 266.765, 0.726, 1699, 2, 266.765, 266.813, 0.048, 82,     0.795,
 1675, 0, 265.953, 265.953, 265.989, 0.036, 25, 265.989, 266.717, 0.728, 1810, 2, 266.717, 266.878, 0.162, 324,     0.925,
 1677, 0, 266.072, 266.072, 266.093, 0.021, 41, 266.093, 266.928, 0.835, 1841, 2, 266.928, 267.002, 0.073, 147,     0.929,
 1679, 0, 266.203, 266.203, 266.203, 0, 1, 266.203, 267.006, 0.803, 1526, 2, 267.006, 267.032, 0.026, 61,     0.829,
 1680, 0, 266.259, 266.259, 266.38, 0.121, 241, 266.38, 267.096, 0.717, 1561, 2, 267.096, 267.127, 0.031, 58,     0.868,
 1681, 0, 266.307, 266.307, 266.394, 0.087, 18, 266.394, 267.178, 0.784, 1506, 2, 267.178, 267.25, 0.072, 137,     0.943,
 1683, 0, 266.735, 266.735, 266.779, 0.044, 80, 266.779, 267.513, 0.734, 1285, 2, 267.513, 267.537, 0.024, 48,     0.802,
 1685, 0, 267.178, 267.178, 267.178, 0, 15, 267.178, 267.909, 0.731, 1781, 2, 267.909, 267.946, 0.038, 86,     0.768,
 1678, 0, 266.15, 266.15, 267.272, 1.121, 2227, 267.272, 268.158, 0.887, 1256, 2, 268.158, 268.239, 0.081, 176,     2.089,
 1686, 0, 267.232, 267.232, 267.272, 0.039, 70, 267.272, 268.36, 1.088, 1789, 2, 268.36, 268.391, 0.031, 59,     1.158,
 1687, 0, 267.303, 267.303, 267.318, 0.015, 31, 267.318, 268.381, 1.062, 1699, 2, 268.381, 268.438, 0.058, 115,     1.135,
 1692, 0, 267.627, 267.627, 267.627, 0, 12, 267.627, 268.633, 1.006, 1855, 2, 268.633, 268.643, 0.01, 4,     1.016,
 1691, 0, 267.569, 267.569, 267.621, 0.052, 98, 267.621, 268.633, 1.012, 1187, 2, 268.633, 268.663, 0.03, 24,     1.094,
 1690, 0, 267.46, 267.46, 267.479, 0.019, 37, 267.479, 268.609, 1.13, 1514, 2, 268.609, 268.742, 0.133, 267,     1.282,
 1688, 0, 267.31, 267.31, 267.318, 0.008, 23, 267.318, 268.381, 1.062, 1454, 2, 268.381, 268.778, 0.397, 795,     1.467,
 1693, 0, 267.673, 267.673, 267.683, 0.01, 22, 267.683, 268.858, 1.175, 1041, 2, 268.858, 268.893, 0.035, 70,     1.220,
 1694, 0, 268.087, 268.087, 268.163, 0.076, 129, 268.163, 268.916, 0.753, 1048, 2, 268.916, 268.938, 0.022, 44,     0.851,
 1689, 0, 267.379, 267.379, 267.937, 0.558, 1096, 267.937, 268.882, 0.945, 1942, 2, 268.882, 268.988, 0.106, 211,     1.609,
 1695, 0, 268.099, 268.099, 268.109, 0.01, 10, 268.109, 268.882, 0.774, 1069, 2, 268.882, 269.008, 0.125, 232,     0.909,
 1696, 0, 268.25, 268.25, 268.26, 0.01, 13, 268.26, 269.132, 0.872, 1699, 2, 269.132, 269.142, 0.01, 4,     0.892,
 1697, 0, 268.296, 268.296, 268.306, 0.01, 2, 268.306, 269.132, 0.826, 1591, 2, 269.132, 269.21, 0.078, 156,     0.914,
 1698, 0, 268.38, 268.38, 268.501, 0.121, 242, 268.501, 269.22, 0.719, 1475, 2, 269.22, 269.253, 0.033, 66,     0.873,
 1684, 0, 267.023, 267.023, 267.131, 0.108, 216, 267.131, 267.852, 0.721, 1367, 2, 267.852, 269.379, 1.527, 3055,     2.356,
 1699, 0, 268.465, 268.465, 268.514, 0.049, 77, 268.514, 269.357, 0.844, 1502, 2, 269.357, 269.411, 0.054, 85,     0.946,
 1700, 0, 268.476, 268.476, 268.514, 0.037, 14, 268.514, 269.381, 0.868, 1209, 2, 269.381, 269.411, 0.03, 31,     0.935,
 1701, 0, 268.566, 268.566, 268.592, 0.026, 33, 268.592, 269.469, 0.877, 1715, 2, 269.469, 269.487, 0.018, 36,     0.921,
 1702, 0, 268.654, 268.654, 268.664, 0.01, 12, 268.664, 269.639, 0.974, 1449, 2, 269.639, 269.649, 0.01, 14,     0.994,
 1703, 0, 269.418, 269.418, 269.428, 0.01, 21, 269.428, 270.224, 0.796, 1143, 2, 270.224, 270.254, 0.03, 58,     0.835,
 1705, 0, 269.633, 269.633, 269.661, 0.027, 47, 269.661, 270.42, 0.759, 1814, 2, 270.42, 270.45, 0.03, 59,     0.817,
 1704, 0, 269.621, 269.621, 269.75, 0.129, 240, 269.75, 270.473, 0.723, 1471, 2, 270.473, 270.483, 0.01, 3,     0.862,
 1682, 0, 266.647, 266.647, 266.731, 0.084, 168, 266.731, 267.465, 0.734, 1826, 2, 267.465, 270.55, 3.085, 6171,     3.903,
 1707, 0, 269.651, 269.651, 269.76, 0.109, 14, 269.76, 270.58, 0.82, 1492, 2, 270.58, 270.629, 0.05, 99,     0.979,
 1708, 0, 269.692, 269.692, 269.78, 0.088, 29, 269.78, 270.639, 0.859, 1566, 2, 270.639, 270.639, 0, 9,     0.947,
 1709, 0, 269.75, 269.75, 269.79, 0.04, 3, 269.79, 270.669, 0.879, 1490, 2, 270.669, 270.746, 0.077, 153,     0.996,
 1710, 0, 269.86, 269.86, 270.052, 0.192, 385, 270.052, 270.768, 0.715, 1537, 2, 270.768, 270.778, 0.01, 15,     0.918,
 1712, 0, 269.977, 269.977, 270.116, 0.139, 105, 270.116, 270.919, 0.803, 1472, 2, 270.919, 270.932, 0.013, 26,     0.955,
 1713, 0, 270.209, 270.209, 270.219, 0.01, 2, 270.219, 271.097, 0.878, 876, 2, 271.097, 271.126, 0.029, 63,     0.918,
 1714, 0, 270.362, 270.362, 270.487, 0.125, 244, 270.487, 271.346, 0.859, 1809, 2, 271.346, 271.356, 0.01, 19,     0.994,
 1715, 0, 270.372, 270.372, 270.507, 0.135, 24, 270.507, 271.412, 0.906, 1398, 2, 271.412, 271.444, 0.032, 64,     1.072,
 1706, 0, 269.639, 269.639, 270.572, 0.933, 1824, 270.572, 271.526, 0.954, 1707, 2, 271.526, 271.536, 0.01, 7,     1.897,
 1711, 0, 269.951, 269.951, 270.064, 0.113, 5, 270.064, 270.847, 0.783, 1536, 2, 270.847, 271.864, 1.017, 2028,     1.913,
 1718, 0, 271.066, 271.066, 271.183, 0.117, 220, 271.183, 271.912, 0.729, 1501, 2, 271.912, 271.922, 0.01, 14,     0.856,
 1717, 0, 271.053, 271.053, 271.295, 0.242, 474, 271.295, 272.025, 0.731, 1455, 2, 272.025, 272.092, 0.067, 122,     1.040,
 1719, 0, 271.522, 271.522, 271.555, 0.033, 47, 271.555, 272.272, 0.717, 1719, 2, 272.272, 272.291, 0.019, 39,     0.769,
 1721, 0, 271.745, 271.745, 271.755, 0.01, 15, 271.755, 272.47, 0.716, 1722, 2, 272.47, 272.509, 0.038, 77,     0.764,
 1722, 0, 271.761, 271.761, 271.761, 0, 14, 271.761, 272.47, 0.709, 1548, 2, 272.47, 272.522, 0.052, 104,     0.761,
 1723, 0, 271.876, 271.876, 271.991, 0.115, 208, 271.991, 272.71, 0.719, 1865, 2, 272.71, 272.72, 0.01, 1,     0.844,
 1724, 0, 271.965, 271.965, 272.041, 0.075, 94, 272.041, 272.762, 0.721, 1738, 2, 272.762, 272.772, 0.01, 11,     0.806,
 1725, 0, 272.031, 272.031, 272.075, 0.044, 68, 272.075, 272.969, 0.895, 1525, 2, 272.969, 272.979, 0.01, 12,     0.949,
 1720, 0, 271.555, 271.555, 272.195, 0.64, 1281, 272.195, 272.989, 0.794, 1728, 2, 272.989, 273.029, 0.039, 79,     1.474,
 1726, 0, 272.284, 272.284, 272.297, 0.014, 29, 272.297, 273.239, 0.942, 1841, 2, 273.239, 273.249, 0.01, 10,     0.966,
 1727, 0, 272.566, 272.566, 272.58, 0.014, 28, 272.58, 273.301, 0.721, 1520, 2, 273.301, 273.36, 0.058, 117,     0.793,
 1728, 0, 272.718, 272.718, 272.738, 0.02, 25, 272.738, 273.752, 1.014, 1258, 2, 273.752, 273.772, 0.02, 32,     1.054,
 1731, 0, 272.908, 272.908, 273.04, 0.132, 258, 273.04, 273.81, 0.77, 1603, 2, 273.81, 273.855, 0.045, 89,     0.947,
 1730, 0, 272.747, 272.747, 272.747, 0, 11, 272.747, 273.767, 1.02, 1479, 2, 273.767, 273.867, 0.101, 210,     1.121,
 1732, 0, 273.11, 273.11, 273.134, 0.024, 48, 273.134, 273.984, 0.85, 2016, 2, 273.984, 273.994, 0.01, 8,     0.884,
 1734, 0, 273.3, 273.3, 273.436, 0.136, 11, 273.436, 274.152, 0.717, 1303, 2, 274.152, 274.162, 0.01, 8,     0.862,
 1735, 0, 273.35, 273.35, 273.45, 0.099, 3, 273.45, 274.245, 0.795, 1878, 2, 274.245, 274.255, 0.01, 1,     0.905,
 1736, 0, 273.581, 273.581, 273.661, 0.08, 151, 273.661, 274.654, 0.993, 1544, 2, 274.654, 274.729, 0.075, 150,     1.148,
 1737, 0, 273.828, 273.828, 273.956, 0.128, 257, 273.956, 274.778, 0.822, 1407, 2, 274.778, 274.835, 0.057, 114,     1.008,
 1740, 0, 274.096, 274.096, 274.207, 0.111, 203, 274.207, 275.028, 0.821, 1651, 2, 275.028, 275.056, 0.029, 57,     0.961,
 1739, 0, 274.041, 274.041, 274.106, 0.065, 128, 274.106, 275.007, 0.901, 1346, 2, 275.007, 275.084, 0.077, 168,     1.043,
 1733, 0, 273.195, 273.195, 273.422, 0.227, 454, 273.422, 274.142, 0.721, 1551, 2, 274.142, 275.152, 1.01, 2021,     1.958,
 1741, 0, 274.14, 274.14, 274.228, 0.088, 37, 274.228, 275.157, 0.929, 1727, 2, 275.157, 275.2, 0.043, 64,     1.060,
 1742, 0, 274.189, 274.189, 274.252, 0.063, 36, 274.252, 275.256, 1.004, 1673, 2, 275.256, 275.348, 0.092, 184,     1.159,
 1744, 0, 274.228, 274.228, 274.827, 0.599, 28, 274.827, 275.674, 0.846, 1358, 2, 275.674, 275.712, 0.038, 77,     1.484,
 1745, 0, 274.526, 274.526, 274.841, 0.316, 6, 274.841, 275.674, 0.832, 1487, 2, 275.674, 275.822, 0.148, 297,     1.296,
 1747, 0, 274.724, 274.724, 274.936, 0.212, 127, 274.936, 275.788, 0.852, 1324, 2, 275.788, 275.868, 0.079, 159,     1.144,
 1743, 0, 274.207, 274.207, 275.107, 0.9, 1709, 275.107, 275.931, 0.825, 1689, 2, 275.931, 275.963, 0.031, 63,     1.756,
 1716, 0, 270.431, 270.431, 270.547, 0.116, 73, 270.547, 271.424, 0.877, 1349, 2, 271.424, 276.075, 4.651, 9303,     5.644,
 1738, 0, 273.911, 273.911, 273.97, 0.059, 28, 273.97, 274.907, 0.937, 1821, 2, 274.907, 276.142, 1.235, 2471,     2.232,
 1746, 0, 274.709, 274.709, 274.855, 0.146, 3, 274.855, 275.768, 0.913, 802, 2, 275.768, 276.191, 0.423, 841,     1.482,
 1750, 0, 275.389, 275.389, 275.399, 0.01, 1, 275.399, 276.181, 0.782, 1567, 2, 276.181, 276.211, 0.03, 42,     0.822,
 1748, 0, 275.329, 275.329, 275.34, 0.01, 21, 275.34, 276.064, 0.724, 809, 2, 276.064, 276.446, 0.382, 762,     1.117,
 1749, 0, 275.376, 275.376, 275.567, 0.191, 383, 275.567, 276.436, 0.869, 1098, 2, 276.436, 276.456, 0.02, 32,     1.080,
 1753, 0, 275.548, 275.548, 275.577, 0.03, 19, 275.577, 276.446, 0.869, 1698, 2, 276.446, 276.456, 0.01, 6,     0.908,
 1751, 0, 275.474, 275.474, 275.483, 0.01, 18, 275.483, 276.276, 0.793, 1467, 2, 276.276, 276.489, 0.213, 426,     1.015,
 1752, 0, 275.516, 275.516, 275.637, 0.121, 256, 275.637, 276.563, 0.926, 1740, 2, 276.563, 276.579, 0.015, 31,     1.063,
 1755, 0, 275.773, 275.773, 275.789, 0.017, 46, 275.789, 276.814, 1.025, 1045, 2, 276.814, 276.883, 0.068, 137,     1.110,
 1754, 0, 275.751, 275.751, 275.766, 0.015, 31, 275.766, 276.78, 1.014, 1593, 2, 276.78, 276.945, 0.165, 330,     1.194,
 1756, 0, 276.086, 276.086, 276.175, 0.09, 174, 276.175, 277.038, 0.863, 1630, 2, 277.038, 277.116, 0.078, 157,     1.030,
 1757, 0, 276.331, 276.331, 276.343, 0.012, 41, 276.343, 277.069, 0.726, 1540, 2, 277.069, 277.136, 0.067, 96,     0.805,
 1758, 0, 276.529, 276.529, 276.539, 0.01, 7, 276.539, 277.318, 0.779, 1542, 2, 277.318, 277.369, 0.051, 76,     0.840,
 1759, 0, 276.745, 276.745, 276.797, 0.051, 116, 276.797, 277.575, 0.778, 1184, 2, 277.575, 277.598, 0.023, 46,     0.852,
 1760, 0, 276.774, 276.774, 276.808, 0.034, 59, 276.808, 277.705, 0.898, 1341, 2, 277.705, 277.715, 0.01, 16,     0.941,
 1761, 0, 276.808, 276.808, 276.818, 0.01, 14, 276.818, 277.705, 0.888, 1692, 2, 277.705, 277.74, 0.034, 69,     0.932,
 1729, 0, 272.728, 272.728, 274.813, 2.085, 4170, 274.813, 275.53, 0.717, 1236, 2, 275.53, 277.753, 2.223, 4447,     5.025,
 1762, 0, 277.089, 277.089, 277.099, 0.01, 10, 277.099, 277.826, 0.728, 1686, 2, 277.826, 277.911, 0.084, 173,     0.822,
 1764, 0, 277.289, 277.289, 277.299, 0.01, 4, 277.299, 278.22, 0.921, 1638, 2, 278.22, 278.264, 0.044, 88,     0.975,
 1763, 0, 277.267, 277.267, 277.274, 0.007, 16, 277.274, 278.22, 0.946, 1190, 2, 278.22, 278.294, 0.073, 147,     1.026,
 1765, 0, 277.316, 277.316, 277.364, 0.047, 92, 277.364, 278.314, 0.95, 1769, 2, 278.314, 278.324, 0.01, 10,     1.007,
 1766, 0, 277.368, 277.368, 277.39, 0.022, 33, 277.39, 278.326, 0.936, 2003, 2, 278.326, 278.361, 0.035, 64,     0.993,
 1769, 0, 277.48, 277.48, 277.523, 0.043, 89, 277.523, 278.583, 1.06, 1220, 2, 278.583, 278.593, 0.01, 16,     1.113,
 1770, 0, 277.539, 277.539, 277.743, 0.204, 381, 277.743, 278.739, 0.996, 1200, 2, 278.739, 278.753, 0.014, 29,     1.214,
 1768, 0, 277.454, 277.454, 277.464, 0.01, 13, 277.464, 278.563, 1.098, 2166, 2, 278.563, 278.94, 0.378, 751,     1.486,
 1772, 0, 278.196, 278.196, 278.214, 0.018, 36, 278.214, 278.93, 0.717, 1497, 2, 278.93, 278.966, 0.036, 72,     0.771,
 1771, 0, 278.148, 278.148, 278.161, 0.013, 26, 278.161, 278.889, 0.728, 1714, 2, 278.889, 278.986, 0.097, 171,     0.838,
 1767, 0, 277.414, 277.414, 277.45, 0.036, 72, 277.45, 278.489, 1.038, 1624, 2, 278.489, 279.218, 0.729, 1459,     1.804,
 1773, 0, 278.567, 278.567, 278.615, 0.048, 95, 278.615, 279.345, 0.731, 1145, 2, 279.345, 279.362, 0.017, 34,     0.795,
 1776, 0, 278.761, 278.761, 278.808, 0.048, 69, 278.808, 279.535, 0.727, 1664, 2, 279.535, 279.557, 0.022, 44,     0.796,
 1774, 0, 278.654, 278.654, 278.709, 0.055, 94, 278.709, 279.417, 0.707, 1451, 2, 279.417, 279.597, 0.18, 361,     0.943,
 1775, 0, 278.712, 278.712, 278.712, 0, 2, 278.712, 279.444, 0.731, 1109, 2, 279.444, 279.613, 0.169, 331,     0.901,
 1778, 0, 279, 279, 279.046, 0.046, 96, 279.046, 279.861, 0.815, 1997, 2, 279.861, 279.982, 0.121, 242,     0.982,
 1779, 0, 279.077, 279.077, 279.136, 0.059, 110, 279.136, 280.037, 0.901, 1553, 2, 280.037, 280.088, 0.05, 101,     1.010,
 1780, 0, 279.185, 279.185, 279.222, 0.037, 72, 279.222, 280.19, 0.968, 1259, 2, 280.19, 280.2, 0.01, 4,     1.015,
 1777, 0, 278.969, 278.969, 279.376, 0.407, 800, 279.376, 280.439, 1.063, 1680, 2, 280.439, 280.454, 0.014, 29,     1.484,
 1781, 0, 279.262, 279.262, 279.362, 0.1, 198, 279.362, 280.37, 1.008, 1563, 2, 280.37, 280.459, 0.089, 170,     1.197,
 1783, 0, 279.574, 279.574, 279.606, 0.032, 78, 279.606, 280.625, 1.019, 1440, 2, 280.625, 280.67, 0.045, 90,     1.096,
 1782, 0, 279.551, 279.551, 279.634, 0.083, 162, 279.634, 280.689, 1.055, 1582, 2, 280.689, 280.719, 0.03, 50,     1.168,
 1784, 0, 279.624, 279.624, 279.739, 0.115, 218, 279.739, 280.79, 1.051, 1956, 2, 280.79, 280.807, 0.017, 34,     1.183,
 1785, 0, 279.644, 279.644, 279.654, 0.01, 15, 279.654, 280.709, 1.054, 1132, 2, 280.709, 280.827, 0.119, 238,     1.183,
 1786, 0, 280.059, 280.059, 280.069, 0.01, 2, 280.069, 280.938, 0.869, 1207, 2, 280.938, 280.951, 0.014, 27,     0.892,
 1787, 0, 280.163, 280.163, 280.411, 0.247, 495, 280.411, 281.126, 0.716, 1470, 2, 281.126, 281.136, 0.01, 10,     0.973,
 1789, 0, 280.541, 280.541, 280.571, 0.03, 64, 280.571, 281.292, 0.721, 1644, 2, 281.292, 281.308, 0.015, 31,     0.767,
 1790, 0, 280.551, 280.551, 280.583, 0.032, 9, 280.583, 281.347, 0.763, 1476, 2, 281.347, 281.378, 0.031, 62,     0.827,
 1791, 0, 280.613, 280.613, 280.751, 0.138, 272, 280.751, 281.541, 0.79, 1206, 2, 281.541, 281.551, 0.01, 8,     0.938,
 1794, 0, 281.132, 281.132, 281.763, 0.631, 50, 281.763, 282.495, 0.732, 1892, 2, 282.495, 282.543, 0.048, 96,     1.411,
 1792, 0, 281.052, 281.052, 281.715, 0.663, 1328, 281.715, 282.431, 0.716, 1428, 2, 282.431, 282.653, 0.222, 444,     1.601,
 1793, 0, 281.086, 281.086, 281.729, 0.643, 20, 281.729, 282.471, 0.742, 1369, 2, 282.471, 282.697, 0.226, 452,     1.611,
 1795, 0, 281.211, 281.211, 281.777, 0.566, 14, 281.777, 282.721, 0.944, 1808, 2, 282.721, 282.737, 0.017, 33,     1.526,
 1796, 0, 281.23, 281.23, 281.815, 0.584, 76, 281.815, 282.755, 0.94, 1627, 2, 282.755, 282.775, 0.02, 25,     1.544,
 1798, 0, 281.837, 281.837, 281.851, 0.014, 10, 281.851, 282.97, 1.118, 2171, 2, 282.97, 282.98, 0.01, 8,     1.142,
 1797, 0, 281.796, 281.796, 281.837, 0.042, 45, 281.837, 282.949, 1.112, 1594, 2, 282.949, 282.996, 0.047, 94,     1.200,
 1799, 0, 281.865, 281.865, 281.875, 0.01, 7, 281.875, 283.022, 1.146, 1866, 2, 283.022, 283.041, 0.019, 39,     1.176,
 1800, 0, 282.288, 282.288, 282.354, 0.065, 107, 282.354, 283.22, 0.866, 1158, 2, 283.22, 283.23, 0.01, 3,     0.941,
 1801, 0, 282.374, 282.374, 282.404, 0.029, 60, 282.404, 283.277, 0.874, 2004, 2, 283.277, 283.48, 0.202, 399,     1.106,
 1802, 0, 282.44, 282.44, 282.5, 0.059, 98, 282.5, 283.47, 0.97, 1526, 2, 283.47, 283.5, 0.03, 43,     1.059,
 1806, 0, 282.688, 282.688, 284.48, 1.792, 37, 284.48, 285.185, 0.705, 1173, 2, 285.185, 285.201, 0.016, 32,     2.513,
 1805, 0, 282.564, 282.564, 284.452, 1.888, 18, 284.452, 285.185, 0.733, 1262, 2, 285.185, 285.258, 0.074, 147,     2.695,
 1803, 0, 282.503, 282.503, 284.386, 1.883, 3773, 284.386, 285.112, 0.727, 1484, 2, 285.112, 285.278, 0.166, 332,     2.775,
 1807, 0, 282.736, 282.736, 284.494, 1.757, 1, 284.494, 285.373, 0.88, 2195, 2, 285.373, 285.386, 0.013, 26,     2.650,
 1808, 0, 283.047, 283.047, 284.508, 1.461, 25, 284.508, 285.418, 0.911, 1172, 2, 285.418, 285.459, 0.041, 81,     2.412,
 1811, 0, 283.332, 283.332, 284.978, 1.646, 5, 284.978, 285.88, 0.902, 1710, 2, 285.88, 285.902, 0.022, 43,     2.569,
 1788, 0, 280.313, 280.313, 285.389, 5.076, 10146, 285.389, 286.199, 0.81, 1262, 2, 286.199, 286.26, 0.061, 122,     5.947,
 1813, 0, 283.447, 283.447, 285.403, 1.956, 2, 285.403, 286.391, 0.988, 1509, 2, 286.391, 286.401, 0.01, 11,     2.954,
 1814, 0, 284.306, 284.306, 285.544, 1.238, 253, 285.544, 286.451, 0.907, 1449, 2, 286.451, 286.461, 0.01, 4,     2.155,
 1815, 0, 284.663, 284.663, 285.603, 0.94, 113, 285.603, 286.646, 1.043, 2253, 2, 286.646, 286.662, 0.017, 33,     1.999,
 1816, 0, 284.801, 284.801, 285.659, 0.858, 105, 285.659, 286.681, 1.022, 1991, 2, 286.681, 286.691, 0.01, 15,     1.890,
 1809, 0, 283.067, 283.067, 284.576, 1.508, 136, 284.576, 285.44, 0.865, 1739, 2, 285.44, 286.909, 1.469, 2919,     3.842,
 1818, 0, 284.855, 284.855, 285.76, 0.905, 148, 285.76, 286.899, 1.139, 1411, 2, 286.899, 286.929, 0.03, 57,     2.074,
 1812, 0, 283.409, 283.409, 286.01, 2.601, 2034, 286.01, 286.95, 0.94, 1571, 2, 286.95, 286.96, 0.01, 15,     3.551,
 1819, 0, 284.902, 284.902, 285.859, 0.957, 161, 285.859, 286.931, 1.072, 1696, 2, 286.931, 286.97, 0.039, 77,     2.068,
 1821, 0, 285, 285, 286.066, 1.066, 86, 286.066, 286.95, 0.884, 1462, 2, 286.95, 286.97, 0.02, 36,     1.970,
 1810, 0, 283.282, 283.282, 284.968, 1.686, 766, 284.968, 285.69, 0.722, 1209, 2, 285.69, 286.98, 1.29, 2576,     3.698,
 1825, 0, 285.354, 285.354, 286.13, 0.776, 8, 286.13, 287.208, 1.078, 1889, 2, 287.208, 287.23, 0.022, 43,     1.876,
 1820, 0, 284.958, 284.958, 286.1, 1.142, 473, 286.1, 287.18, 1.08, 1249, 2, 287.18, 287.246, 0.066, 132,     2.288,
 1823, 0, 285.112, 285.112, 286.12, 1.008, 61, 286.12, 287.208, 1.088, 1645, 2, 287.208, 287.336, 0.128, 256,     2.224,
 1817, 0, 284.833, 284.833, 285.686, 0.853, 37, 285.686, 286.701, 1.015, 1140, 2, 286.701, 287.375, 0.674, 1348,     2.542,
 1826, 0, 285.748, 285.748, 286.269, 0.521, 279, 286.269, 287.46, 1.19, 1258, 2, 287.46, 287.47, 0.01, 16,     1.721,
 1828, 0, 285.962, 285.962, 286.19, 0.228, 9, 286.19, 287.46, 1.27, 2179, 2, 287.46, 287.49, 0.03, 39,     1.528,
 1822, 0, 285.063, 285.063, 286.08, 1.017, 14, 286.08, 287.148, 1.068, 1207, 2, 287.148, 287.569, 0.421, 843,     2.506,
 1827, 0, 285.88, 285.88, 286.18, 0.299, 3, 286.18, 287.43, 1.25, 1307, 2, 287.43, 287.631, 0.201, 403,     1.751,
 1829, 0, 286.043, 286.043, 286.391, 0.347, 402, 286.391, 287.691, 1.3, 1208, 2, 287.691, 287.701, 0.01, 10,     1.657,
 1804, 0, 282.525, 282.525, 284.438, 1.913, 104, 284.438, 285.16, 0.722, 1373, 2, 285.16, 287.95, 2.79, 5580,     5.425,
 1831, 0, 286.76, 286.76, 286.77, 0.01, 8, 286.77, 287.962, 1.192, 1274, 2, 287.962, 287.98, 0.018, 28,     1.220,
 1833, 0, 286.885, 286.885, 286.927, 0.042, 81, 286.927, 287.962, 1.035, 1484, 2, 287.962, 288.05, 0.087, 175,     1.164,
 1824, 0, 285.321, 285.321, 286.17, 0.849, 132, 286.17, 287.409, 1.24, 1576, 2, 287.409, 288.071, 0.661, 1323,     2.749,
 1836, 0, 287.055, 287.055, 287.059, 0.004, 18, 287.059, 288.222, 1.162, 1820, 2, 288.222, 288.24, 0.018, 36,     1.185,
 1832, 0, 286.87, 286.87, 286.967, 0.097, 189, 286.967, 288.17, 1.202, 1633, 2, 288.17, 288.252, 0.082, 165,     1.382,
 1830, 0, 286.589, 286.589, 286.599, 0.01, 1, 286.599, 287.92, 1.321, 1501, 2, 287.92, 288.302, 0.382, 764,     1.713,
 1835, 0, 287.039, 287.039, 287.049, 0.01, 18, 287.049, 288.222, 1.172, 1277, 2, 288.222, 288.513, 0.291, 549,     1.473,
 1838, 0, 287.545, 287.545, 287.545, 0, 5, 287.545, 288.721, 1.176, 1629, 2, 288.721, 288.783, 0.062, 124,     1.238,
 1837, 0, 287.407, 287.407, 287.469, 0.061, 89, 287.469, 288.671, 1.202, 1618, 2, 288.671, 288.882, 0.211, 422,     1.475,
 1840, 0, 287.612, 287.612, 287.625, 0.013, 32, 287.625, 288.924, 1.3, 939, 2, 288.924, 288.934, 0.01, 14,     1.323,
 1841, 0, 287.651, 287.651, 287.665, 0.014, 28, 287.665, 288.946, 1.281, 1394, 2, 288.946, 288.956, 0.01, 14,     1.305,
 1834, 0, 287.014, 287.014, 287.219, 0.205, 401, 287.219, 288.471, 1.252, 1469, 2, 288.471, 289.137, 0.666, 1332,     2.123,
 1839, 0, 287.565, 287.565, 287.565, 0, 1, 287.565, 288.721, 1.156, 1538, 2, 288.721, 289.157, 0.436, 842,     1.592,
 1842, 0, 288.166, 288.166, 288.192, 0.026, 38, 288.192, 289.23, 1.037, 1630, 2, 289.23, 289.442, 0.212, 407,     1.275,
 1843, 0, 288.5, 288.5, 288.527, 0.027, 55, 288.527, 289.493, 0.965, 1451, 2, 289.493, 289.503, 0.01, 3,     1.003,
 1844, 0, 288.909, 288.909, 288.916, 0.007, 4, 288.916, 289.755, 0.838, 1353, 2, 289.755, 289.807, 0.053, 105,     0.898,
 1846, 0, 288.957, 288.957, 288.975, 0.018, 49, 288.975, 289.952, 0.977, 1334, 2, 289.952, 289.962, 0.01, 14,     1.005,
 1845, 0, 288.916, 288.916, 289.081, 0.164, 344, 289.081, 290.011, 0.93, 1140, 2, 290.011, 290.021, 0.01, 12,     1.104,
 1848, 0, 289.191, 289.191, 289.191, 0, 6, 289.191, 290.011, 0.82, 1388, 2, 290.011, 290.073, 0.062, 124,     0.882,
 1849, 0, 289.296, 289.296, 289.48, 0.183, 367, 289.48, 290.26, 0.78, 2002, 2, 290.26, 290.292, 0.031, 63,     0.995,
 1850, 0, 289.606, 289.606, 289.616, 0.01, 19, 289.616, 290.46, 0.844, 1751, 2, 290.46, 290.472, 0.012, 24,     0.866,
 1851, 0, 289.66, 289.66, 289.685, 0.024, 49, 289.685, 290.498, 0.813, 1345, 2, 290.498, 290.508, 0.01, 30,     0.847,
 1852, 0, 289.787, 289.787, 289.787, 0, 14, 289.787, 290.522, 0.735, 1384, 2, 290.522, 290.558, 0.036, 72,     0.771,
 1853, 0, 289.916, 289.916, 289.955, 0.039, 91, 289.955, 290.71, 0.755, 1678, 2, 290.71, 290.72, 0.01, 7,     0.804,
 1854, 0, 289.988, 289.988, 290.031, 0.043, 65, 290.031, 290.752, 0.721, 1498, 2, 290.752, 290.822, 0.07, 141,     0.834,
 1856, 0, 290.092, 290.092, 290.257, 0.165, 231, 290.257, 290.993, 0.736, 1494, 2, 290.993, 291.015, 0.022, 44,     0.923,
 1855, 0, 290.065, 290.065, 290.138, 0.073, 146, 290.138, 290.864, 0.726, 1658, 2, 290.864, 291.035, 0.171, 312,     0.970,
 1857, 0, 290.624, 290.624, 290.638, 0.014, 30, 290.638, 291.352, 0.714, 1227, 2, 291.352, 291.362, 0.01, 21,     0.738,
 1858, 0, 290.977, 290.977, 291.22, 0.243, 486, 291.22, 291.955, 0.735, 1588, 2, 291.955, 291.968, 0.013, 38,     0.991,
 1860, 0, 291.302, 291.302, 291.313, 0.011, 26, 291.313, 292.043, 0.73, 1432, 2, 292.043, 292.054, 0.011, 22,     0.752,
 1859, 0, 291.267, 291.267, 291.277, 0.01, 5, 291.277, 291.997, 0.719, 1263, 2, 291.997, 292.111, 0.115, 229,     0.844,
 1861, 0, 291.862, 291.862, 291.872, 0.01, 9, 291.872, 292.588, 0.717, 1673, 2, 292.588, 292.588, 0, 10,     0.727,
 1847, 0, 289.141, 289.141, 291.882, 2.741, 5467, 291.882, 292.601, 0.719, 1209, 2, 292.601, 292.611, 0.01, 19,     3.471,
 1863, 0, 292.013, 292.013, 292.058, 0.045, 103, 292.058, 292.798, 0.74, 1132, 2, 292.798, 292.905, 0.107, 215,     0.892,
 1865, 0, 292.214, 292.214, 292.224, 0.01, 17, 292.224, 293.047, 0.823, 1964, 2, 293.047, 293.057, 0.01, 1,     0.843,
 1864, 0, 292.122, 292.122, 292.18, 0.058, 115, 292.18, 292.997, 0.818, 1416, 2, 292.997, 293.069, 0.072, 143,     0.947,
 1866, 0, 292.303, 292.303, 292.303, 0, 1, 292.303, 293.087, 0.784, 1561, 2, 293.087, 293.097, 0.01, 14,     0.794,
 1862, 0, 291.985, 291.985, 292.086, 0.101, 182, 292.086, 292.858, 0.771, 1854, 2, 292.858, 293.196, 0.338, 677,     1.211,
 1867, 0, 292.408, 292.408, 292.462, 0.053, 107, 292.462, 293.258, 0.796, 864, 2, 293.258, 293.268, 0.01, 14,     0.860,
 1868, 0, 292.861, 292.861, 292.922, 0.062, 110, 292.922, 293.643, 0.721, 1072, 2, 293.643, 293.671, 0.027, 55,     0.810,
 1869, 0, 292.892, 292.892, 293.003, 0.111, 223, 293.003, 293.757, 0.754, 1196, 2, 293.757, 293.767, 0.01, 9,     0.875,
 1870, 0, 293.1, 293.1, 293.297, 0.197, 395, 293.297, 294.019, 0.722, 738, 2, 294.019, 294.037, 0.019, 37,     0.938,
 1873, 0, 293.653, 293.653, 293.663, 0.01, 18, 293.663, 294.402, 0.739, 836, 2, 294.402, 294.488, 0.086, 172,     0.835,
 1875, 0, 293.875, 293.875, 294.018, 0.143, 17, 294.018, 294.751, 0.733, 1425, 2, 294.751, 294.761, 0.01, 12,     0.885,
 1874, 0, 293.853, 293.853, 294.004, 0.152, 288, 294.004, 294.731, 0.727, 1314, 2, 294.731, 294.932, 0.201, 407,     1.080,
 1876, 0, 294.035, 294.035, 294.045, 0.01, 16, 294.045, 294.905, 0.86, 675, 2, 294.905, 294.967, 0.062, 124,     0.932,
 1877, 0, 294.121, 294.121, 294.131, 0.01, 16, 294.131, 294.981, 0.85, 1759, 2, 294.981, 295.084, 0.103, 207,     0.963,
 1880, 0, 294.37, 294.37, 294.38, 0.01, 3, 294.38, 295.262, 0.882, 1299, 2, 295.262, 295.369, 0.107, 214,     0.999,
 1878, 0, 294.187, 294.187, 294.202, 0.015, 36, 294.202, 295.23, 1.028, 1936, 2, 295.23, 295.383, 0.153, 306,     1.196,
 1879, 0, 294.298, 294.298, 294.429, 0.13, 261, 294.429, 295.405, 0.976, 2014, 2, 295.405, 295.415, 0.01, 13,     1.116,
 1882, 0, 294.469, 294.469, 294.653, 0.184, 356, 294.653, 295.48, 0.827, 1750, 2, 295.48, 295.49, 0.01, 5,     1.021,
 1881, 0, 294.437, 294.437, 294.453, 0.016, 25, 294.453, 295.48, 1.027, 1676, 2, 295.48, 295.594, 0.114, 229,     1.157,
 1872, 0, 293.496, 293.496, 294.185, 0.689, 1378, 294.185, 295.154, 0.969, 1634, 2, 295.154, 295.614, 0.46, 892,     2.118,
 1883, 0, 295.081, 295.081, 295.144, 0.062, 113, 295.144, 295.876, 0.732, 1131, 2, 295.876, 295.886, 0.01, 23,     0.804,
 1884, 0, 295.16, 295.16, 295.195, 0.035, 82, 295.195, 295.916, 0.721, 1648, 2, 295.916, 295.949, 0.034, 67,     0.789,
 1885, 0, 295.32, 295.32, 295.33, 0.01, 5, 295.33, 296.052, 0.722, 1188, 2, 296.052, 296.062, 0.01, 13,     0.742,
 1886, 0, 295.508, 295.508, 295.546, 0.038, 59, 295.546, 296.312, 0.765, 1344, 2, 296.312, 296.341, 0.029, 59,     0.833,
 1888, 0, 295.623, 295.623, 295.645, 0.021, 51, 295.645, 296.378, 0.734, 1460, 2, 296.378, 296.591, 0.213, 426,     0.968,
 1889, 0, 295.711, 295.711, 295.711, 0, 3, 295.711, 296.635, 0.924, 1898, 2, 296.635, 296.884, 0.249, 498,     1.173,
 1890, 0, 296.046, 296.046, 296.057, 0.011, 22, 296.057, 296.901, 0.845, 1742, 2, 296.901, 296.943, 0.041, 46,     0.897,
 1891, 0, 296.591, 296.591, 296.712, 0.121, 240, 296.712, 297.425, 0.714, 1677, 2, 297.425, 297.45, 0.024, 49,     0.859,
 1892, 0, 296.64, 296.64, 296.721, 0.081, 154, 296.721, 297.463, 0.742, 1396, 2, 297.463, 297.473, 0.01, 8,     0.833,
 1894, 0, 296.716, 296.716, 296.746, 0.03, 50, 296.746, 297.512, 0.766, 1133, 2, 297.512, 297.522, 0.01, 8,     0.806,
 1893, 0, 296.702, 296.702, 296.76, 0.058, 94, 296.76, 297.527, 0.768, 1965, 2, 297.527, 297.545, 0.017, 45,     0.843,
 1871, 0, 293.475, 293.475, 293.566, 0.091, 182, 293.566, 294.3, 0.734, 1546, 2, 294.3, 297.994, 3.694, 7379,     4.519,
 1895, 0, 296.899, 296.899, 296.982, 0.084, 166, 296.982, 297.984, 1.001, 1316, 2, 297.984, 298.017, 0.034, 67,     1.119,
 1897, 0, 297.091, 297.091, 297.101, 0.01, 12, 297.101, 298.054, 0.953, 1565, 2, 298.054, 298.296, 0.242, 485,     1.206,
 1899, 0, 297.372, 297.372, 297.444, 0.072, 164, 297.444, 298.236, 0.792, 1418, 2, 298.236, 298.366, 0.131, 262,     0.995,
 1901, 0, 297.507, 297.507, 297.517, 0.01, 29, 297.517, 298.445, 0.928, 1464, 2, 298.445, 298.455, 0.01, 7,     0.948,
 1887, 0, 295.591, 295.591, 295.655, 0.064, 134, 295.655, 296.561, 0.906, 1285, 2, 296.561, 298.605, 2.045, 4090,     3.015,
 1902, 0, 297.797, 297.797, 297.844, 0.046, 102, 297.844, 298.567, 0.724, 931, 2, 298.567, 298.625, 0.058, 101,     0.828,
 1898, 0, 297.286, 297.286, 297.768, 0.482, 964, 297.768, 298.511, 0.744, 1506, 2, 298.511, 298.645, 0.134, 237,     1.359,
 1904, 0, 297.824, 297.824, 297.919, 0.096, 131, 297.919, 298.83, 0.911, 1679, 2, 298.83, 298.843, 0.014, 27,     1.020,
 1905, 0, 297.998, 297.998, 298.025, 0.027, 41, 298.025, 298.844, 0.819, 1802, 2, 298.844, 298.854, 0.01, 12,     0.856,
 1903, 0, 297.817, 297.817, 297.919, 0.103, 200, 297.919, 298.769, 0.85, 1308, 2, 298.769, 298.901, 0.131, 263,     1.084,
 1906, 0, 298.035, 298.035, 298.055, 0.021, 30, 298.055, 298.945, 0.889, 2010, 2, 298.945, 299.054, 0.109, 219,     1.020,
 1909, 0, 298.171, 298.171, 298.204, 0.034, 68, 298.204, 299.083, 0.878, 1512, 2, 299.083, 299.093, 0.01, 10,     0.922,
 1900, 0, 297.471, 297.471, 297.491, 0.02, 40, 297.491, 298.308, 0.818, 1271, 2, 298.308, 299.103, 0.794, 1587,     1.632,
 1907, 0, 298.061, 298.061, 298.078, 0.017, 45, 298.078, 299.025, 0.947, 1825, 2, 299.025, 299.113, 0.088, 165,     1.052,
 1908, 0, 298.141, 298.141, 298.236, 0.095, 191, 298.236, 299.094, 0.857, 733, 2, 299.094, 299.133, 0.039, 67,     0.991,
 1910, 0, 298.567, 298.567, 298.567, 0, 4, 298.567, 299.345, 0.777, 1502, 2, 299.345, 299.355, 0.01, 2,     0.787,
 1896, 0, 296.978, 296.978, 296.982, 0.004, 15, 296.982, 298.022, 1.039, 1376, 2, 298.022, 299.631, 1.61, 3229,     2.653,
 1911, 0, 298.599, 298.599, 298.599, 0, 13, 298.599, 299.597, 0.998, 1636, 2, 299.597, 299.651, 0.054, 102,     1.053,
 1912, 0, 298.706, 298.706, 298.802, 0.096, 197, 298.802, 299.786, 0.984, 2077, 2, 299.786, 299.956, 0.17, 339,     1.250,
 1914, 0, 299.069, 299.069, 299.279, 0.21, 421, 299.279, 300.098, 0.818, 1747, 2, 300.098, 300.109, 0.011, 22,     1.040,
 1916, 0, 299.324, 299.324, 299.324, 0, 7, 299.324, 300.098, 0.774, 1576, 2, 300.098, 300.144, 0.046, 92,     0.820,
 1917, 0, 299.416, 299.416, 299.471, 0.055, 111, 299.471, 300.347, 0.876, 1701, 2, 300.347, 300.357, 0.01, 8,     0.941,
 1913, 0, 298.997, 298.997, 299.129, 0.132, 260, 299.129, 299.986, 0.857, 1163, 2, 299.986, 300.383, 0.397, 794,     1.386,
 1915, 0, 299.084, 299.084, 299.163, 0.079, 57, 299.163, 300.036, 0.873, 1427, 2, 300.036, 300.421, 0.385, 770,     1.337,
 1918, 0, 299.494, 299.494, 299.504, 0.01, 32, 299.504, 300.5, 0.997, 1078, 2, 300.5, 300.525, 0.024, 49,     1.031,
 1919, 0, 299.553, 299.553, 299.572, 0.019, 52, 299.572, 300.552, 0.98, 1653, 2, 300.552, 300.585, 0.034, 67,     1.033,
 1922, 0, 299.683, 299.683, 299.693, 0.01, 6, 299.693, 300.597, 0.904, 2364, 2, 300.597, 300.645, 0.048, 97,     0.962,
 1920, 0, 299.579, 299.579, 299.586, 0.006, 23, 299.586, 300.597, 1.011, 1570, 2, 300.597, 300.824, 0.227, 443,     1.245,
 1924, 0, 299.9, 299.9, 299.91, 0.01, 15, 299.91, 300.846, 0.936, 1729, 2, 300.846, 300.924, 0.077, 155,     1.023,
 1923, 0, 299.703, 299.703, 299.733, 0.03, 21, 299.733, 300.814, 1.081, 1460, 2, 300.814, 300.99, 0.176, 352,     1.287,
 1921, 0, 299.6, 299.6, 299.757, 0.157, 304, 299.757, 300.846, 1.089, 2029, 2, 300.846, 301.051, 0.205, 410,     1.450,
 1926, 0, 300.116, 300.116, 300.311, 0.194, 374, 300.311, 301.322, 1.011, 1083, 2, 301.322, 301.332, 0.01, 9,     1.216,
 1929, 0, 300.301, 300.301, 300.46, 0.159, 126, 300.46, 301.345, 0.886, 1425, 2, 301.345, 301.373, 0.028, 56,     1.072,
 1930, 0, 300.327, 300.327, 300.474, 0.147, 25, 300.474, 301.507, 1.033, 1673, 2, 301.507, 301.517, 0.01, 10,     1.190,
 1928, 0, 300.239, 300.239, 300.397, 0.157, 172, 300.397, 301.345, 0.949, 1159, 2, 301.345, 301.637, 0.292, 550,     1.398,
 1931, 0, 300.358, 300.358, 300.559, 0.201, 171, 300.559, 301.584, 1.025, 682, 2, 301.584, 301.745, 0.161, 322,     1.387,
 1933, 0, 301.21, 301.21, 301.221, 0.011, 22, 301.221, 302.083, 0.862, 1357, 2, 302.083, 302.176, 0.093, 186,     0.966,
 1934, 0, 301.234, 301.234, 301.367, 0.133, 258, 301.367, 302.278, 0.911, 1338, 2, 302.278, 302.288, 0.01, 1,     1.053,
 1935, 0, 301.323, 301.323, 301.397, 0.074, 50, 301.397, 302.35, 0.953, 1151, 2, 302.35, 302.38, 0.03, 49,     1.057,
 1936, 0, 301.349, 301.349, 301.417, 0.069, 31, 301.417, 302.37, 0.953, 1355, 2, 302.37, 302.39, 0.02, 25,     1.041,
 1937, 0, 301.471, 301.471, 301.542, 0.071, 105, 301.542, 302.382, 0.84, 1379, 2, 302.382, 302.507, 0.125, 254,     1.036,
 1938, 0, 301.648, 301.648, 301.648, 0, 1, 301.648, 302.527, 0.879, 1331, 2, 302.527, 302.539, 0.012, 24,     0.891,
 1940, 0, 301.798, 301.798, 301.813, 0.014, 29, 301.813, 302.619, 0.807, 1407, 2, 302.619, 302.629, 0.01, 12,     0.831,
 1939, 0, 301.74, 301.74, 301.754, 0.014, 28, 301.754, 302.607, 0.853, 1171, 2, 302.607, 302.659, 0.052, 92,     0.919,
 1942, 0, 302.188, 302.188, 302.306, 0.118, 208, 302.306, 303.022, 0.716, 1447, 2, 303.022, 303.034, 0.012, 25,     0.846,
 1941, 0, 302.089, 302.089, 302.141, 0.052, 92, 302.141, 302.857, 0.716, 1360, 2, 302.857, 303.114, 0.257, 515,     1.025,
 1943, 0, 302.552, 302.552, 302.569, 0.017, 34, 302.569, 303.303, 0.734, 1646, 2, 303.303, 303.313, 0.01, 9,     0.761,
 1944, 0, 302.629, 302.629, 302.962, 0.332, 665, 302.962, 303.687, 0.725, 1896, 2, 303.687, 303.875, 0.188, 367,     1.245,
 1932, 0, 301.086, 301.086, 303.196, 2.11, 4206, 303.196, 303.948, 0.752, 1753, 2, 303.948, 303.958, 0.01, 17,     2.872,
 1947, 0, 303.378, 303.378, 303.568, 0.19, 193, 303.568, 304.731, 1.164, 1144, 2, 304.731, 304.741, 0.01, 20,     1.364,
 1946, 0, 303.336, 303.336, 303.466, 0.129, 246, 303.466, 304.643, 1.178, 1603, 2, 304.643, 304.762, 0.119, 238,     1.426,
 1948, 0, 303.427, 303.427, 303.634, 0.206, 126, 303.634, 304.827, 1.194, 2206, 2, 304.827, 304.837, 0.01, 3,     1.410,
 1949, 0, 303.687, 303.687, 303.72, 0.032, 51, 303.72, 304.873, 1.154, 1915, 2, 304.873, 304.883, 0.01, 1,     1.196,
 1950, 0, 303.774, 303.774, 303.774, 0, 1, 303.774, 304.893, 1.119, 1542, 2, 304.893, 304.903, 0.01, 1,     1.129,
 1953, 0, 304.022, 304.022, 304.422, 0.4, 119, 304.422, 305.158, 0.735, 1891, 2, 305.158, 305.168, 0.01, 2,     1.145,
 1954, 0, 304.11, 304.11, 304.456, 0.346, 35, 304.456, 305.178, 0.721, 1469, 2, 305.178, 305.258, 0.08, 160,     1.148,
 1945, 0, 302.66, 302.66, 304.35, 1.69, 2744, 304.35, 305.077, 0.726, 1359, 2, 305.077, 305.346, 0.269, 539,     2.686,
 1952, 0, 303.954, 303.954, 304.71, 0.756, 1514, 304.71, 305.427, 0.718, 1133, 2, 305.427, 305.512, 0.085, 170,     1.558,
 1951, 0, 303.892, 303.892, 303.902, 0.01, 24, 303.902, 304.981, 1.078, 1693, 2, 304.981, 305.557, 0.576, 1152,     1.664,
 1925, 0, 300.025, 300.025, 300.037, 0.012, 25, 300.037, 301.257, 1.22, 1738, 2, 301.257, 305.631, 4.374, 8749,     5.607,
 1955, 0, 304.682, 304.682, 304.988, 0.306, 613, 304.988, 305.702, 0.715, 1458, 2, 305.702, 305.714, 0.012, 24,     1.033,
 1956, 0, 304.756, 304.756, 305.078, 0.323, 646, 305.078, 305.825, 0.747, 1583, 2, 305.825, 305.835, 0.01, 16,     1.079,
 1957, 0, 304.818, 304.818, 305.152, 0.334, 312, 305.152, 305.887, 0.735, 1102, 2, 305.887, 305.909, 0.022, 43,     1.090,
 1959, 0, 305.468, 305.468, 305.478, 0.01, 25, 305.478, 306.202, 0.724, 1606, 2, 306.202, 306.321, 0.118, 237,     0.853,
 1961, 0, 305.903, 305.903, 305.947, 0.044, 69, 305.947, 306.719, 0.772, 1681, 2, 306.719, 306.74, 0.021, 42,     0.837,
 1962, 0, 306.077, 306.077, 306.087, 0.01, 4, 306.087, 306.817, 0.73, 1756, 2, 306.817, 306.827, 0.01, 19,     0.750,
 1960, 0, 305.586, 305.586, 306.147, 0.561, 1106, 306.147, 306.863, 0.716, 1600, 2, 306.863, 306.92, 0.057, 114,     1.334,
 1964, 0, 306.824, 306.824, 306.981, 0.157, 315, 306.981, 307.706, 0.724, 1322, 2, 307.706, 307.716, 0.01, 14,     0.892,
 1966, 0, 306.927, 306.927, 307.013, 0.087, 192, 307.013, 307.729, 0.715, 800, 2, 307.729, 307.742, 0.013, 32,     0.815,
 1968, 0, 307.159, 307.159, 307.175, 0.017, 33, 307.175, 307.978, 0.803, 1825, 2, 307.978, 308.022, 0.044, 79,     0.864,
 1970, 0, 307.195, 307.195, 307.195, 0, 1, 307.195, 308.012, 0.817, 1392, 2, 308.012, 308.056, 0.043, 87,     0.860,
 1967, 0, 307.078, 307.078, 307.095, 0.017, 33, 307.095, 307.88, 0.785, 1684, 2, 307.88, 308.075, 0.195, 390,     0.997,
 1969, 0, 307.166, 307.166, 307.203, 0.037, 78, 307.203, 308.129, 0.926, 964, 2, 308.129, 308.139, 0.01, 7,     0.974,
 1971, 0, 307.252, 307.252, 307.282, 0.03, 39, 307.282, 308.204, 0.922, 1187, 2, 308.204, 308.214, 0.01, 3,     0.962,
 1965, 0, 306.861, 306.861, 306.885, 0.024, 49, 306.885, 307.611, 0.726, 1276, 2, 307.611, 308.312, 0.701, 1402,     1.451,
 1973, 0, 307.619, 307.619, 307.757, 0.138, 243, 307.757, 308.486, 0.729, 1815, 2, 308.486, 308.496, 0.01, 10,     0.877,
 1972, 0, 307.411, 307.411, 307.79, 0.378, 776, 307.79, 308.518, 0.729, 1588, 2, 308.518, 308.535, 0.017, 33,     1.124,
 1963, 0, 306.27, 306.27, 306.312, 0.042, 77, 306.312, 307.046, 0.734, 1379, 2, 307.046, 308.558, 1.512, 3025,     2.289,
 1958, 0, 304.854, 304.854, 305.138, 0.284, 120, 305.138, 305.855, 0.717, 1415, 2, 305.855, 308.79, 2.935, 5856,     3.936,
 1974, 0, 308.017, 308.017, 308.059, 0.042, 55, 308.059, 308.78, 0.721, 1508, 2, 308.78, 308.919, 0.139, 252,     0.902,
 1975, 0, 308.106, 308.106, 308.154, 0.048, 71, 308.154, 308.87, 0.716, 1878, 2, 308.87, 308.919, 0.049, 92,     0.813,
 1976, 0, 308.225, 308.225, 308.265, 0.04, 44, 308.265, 308.985, 0.72, 1626, 2, 308.985, 308.995, 0.01, 12,     0.770,
 1978, 0, 308.527, 308.527, 308.527, 0, 3, 308.527, 309.241, 0.714, 900, 2, 309.241, 309.267, 0.026, 52,     0.740,
 1980, 0, 308.712, 308.712, 308.764, 0.052, 83, 308.764, 309.478, 0.714, 1635, 2, 309.478, 309.501, 0.022, 40,     0.788,
 1979, 0, 308.69, 308.69, 308.785, 0.095, 190, 308.785, 309.491, 0.706, 1758, 2, 309.491, 309.501, 0.01, 15,     0.811,
 1981, 0, 308.785, 308.785, 308.788, 0.004, 16, 308.788, 309.504, 0.716, 1686, 2, 309.504, 309.533, 0.029, 65,     0.748,
 1983, 0, 309.02, 309.02, 309.123, 0.103, 223, 309.123, 309.835, 0.712, 1345, 2, 309.835, 309.924, 0.089, 178,     0.904,
 1984, 0, 309.109, 309.109, 309.133, 0.024, 14, 309.133, 309.847, 0.714, 1416, 2, 309.847, 309.954, 0.106, 213,     0.845,
 1977, 0, 308.455, 308.455, 308.503, 0.049, 98, 308.503, 309.241, 0.737, 1476, 2, 309.241, 310.057, 0.817, 1615,     1.603,
 1986, 0, 309.197, 309.197, 309.216, 0.02, 10, 309.216, 310.101, 0.885, 1797, 2, 310.101, 310.185, 0.084, 168,     0.989,
 1985, 0, 309.162, 309.162, 309.207, 0.045, 99, 309.207, 310.101, 0.895, 1520, 2, 310.101, 310.223, 0.122, 244,     1.062,
 1982, 0, 308.905, 308.905, 309.397, 0.492, 983, 309.397, 310.309, 0.912, 1912, 2, 310.309, 310.402, 0.092, 157,     1.497,
 1927, 0, 300.204, 300.204, 300.818, 0.614, 1245, 300.818, 301.856, 1.038, 501, 2, 301.856, 310.456, 8.6, 17201,    10.252,
 1988, 0, 309.618, 309.618, 309.657, 0.039, 42, 309.657, 310.607, 0.949, 1782, 2, 310.607, 310.621, 0.014, 28,     1.002,
 1987, 0, 309.298, 309.298, 309.417, 0.119, 229, 309.417, 310.54, 1.123, 1830, 2, 310.54, 310.778, 0.238, 476,     1.480,
 1991, 0, 310.073, 310.073, 310.146, 0.074, 146, 310.146, 311.071, 0.924, 1522, 2, 311.071, 311.081, 0.01, 18,     1.008,
 1992, 0, 310.234, 310.234, 310.244, 0.01, 12, 310.244, 311.106, 0.862, 1104, 2, 311.106, 311.116, 0.01, 14,     0.882,
 1990, 0, 310.037, 310.037, 310.054, 0.017, 34, 310.054, 310.856, 0.802, 1618, 2, 310.856, 311.199, 0.343, 686,     1.162,
 1989, 0, 309.816, 309.816, 309.826, 0.01, 18, 309.826, 310.821, 0.995, 1058, 2, 310.821, 311.219, 0.398, 795,     1.403,
 1993, 0, 310.463, 310.463, 310.47, 0.006, 13, 310.47, 311.302, 0.833, 1139, 2, 311.302, 311.312, 0.01, 14,     0.849,
 1994, 0, 310.84, 310.84, 310.865, 0.025, 36, 310.865, 311.737, 0.872, 1148, 2, 311.737, 311.778, 0.041, 83,     0.938,
 1995, 0, 310.913, 310.913, 310.945, 0.032, 64, 310.945, 311.802, 0.856, 1871, 2, 311.802, 311.812, 0.01, 6,     0.898,
 1997, 0, 311.128, 311.128, 311.191, 0.063, 102, 311.191, 311.922, 0.731, 1163, 2, 311.922, 311.932, 0.01, 7,     0.804,
 1996, 0, 311.07, 311.07, 311.138, 0.068, 137, 311.138, 311.876, 0.738, 1423, 2, 311.876, 312.066, 0.19, 381,     0.996,
 1998, 0, 311.229, 311.229, 311.25, 0.021, 42, 311.25, 312.051, 0.801, 1132, 2, 312.051, 312.086, 0.034, 41,     0.857,
 2000, 0, 311.925, 311.925, 312.09, 0.165, 345, 312.09, 312.827, 0.737, 1359, 2, 312.827, 312.846, 0.019, 37,     0.921,
 1999, 0, 311.424, 311.424, 311.451, 0.026, 27, 311.451, 312.307, 0.856, 1268, 2, 312.307, 313.082, 0.775, 1566,     1.657,
 2004, 0, 312.576, 312.576, 312.586, 0.01, 7, 312.586, 313.301, 0.715, 1519, 2, 313.301, 313.311, 0.01, 14,     0.735,
 2003, 0, 312.303, 312.303, 312.576, 0.274, 83, 312.576, 313.29, 0.714, 1487, 2, 313.29, 313.321, 0.031, 46,     1.019,
 2005, 0, 312.817, 312.817, 312.817, 0, 7, 312.817, 313.556, 0.739, 1451, 2, 313.556, 313.619, 0.063, 126,     0.802,
 2006, 0, 312.95, 312.95, 312.959, 0.009, 16, 312.959, 313.669, 0.71, 1591, 2, 313.669, 313.714, 0.045, 89,     0.763,
 2001, 0, 311.967, 311.967, 312.529, 0.563, 1126, 312.529, 313.25, 0.721, 1584, 2, 313.25, 313.832, 0.582, 1165,     1.866,
 2007, 0, 313.06, 313.06, 313.092, 0.031, 63, 313.092, 313.806, 0.714, 1505, 2, 313.806, 313.852, 0.046, 69,     0.792,
 2008, 0, 313.122, 313.122, 313.186, 0.063, 133, 313.186, 314.07, 0.885, 1689, 2, 314.07, 314.137, 0.066, 104,     1.014,
 2009, 0, 313.186, 313.186, 313.193, 0.007, 7, 313.193, 314.07, 0.877, 1332, 2, 314.07, 314.199, 0.128, 257,     1.013,
 2010, 0, 313.651, 313.651, 313.697, 0.046, 70, 313.697, 314.428, 0.731, 1497, 2, 314.428, 314.438, 0.01, 21,     0.787,
 2012, 0, 313.951, 313.951, 313.951, 0, 10, 313.951, 314.671, 0.72, 1611, 2, 314.671, 314.681, 0.01, 15,     0.730,
 2011, 0, 313.809, 313.809, 313.898, 0.088, 177, 313.898, 314.613, 0.716, 1914, 2, 314.613, 315.059, 0.446, 892,     1.250,
 2013, 0, 314.012, 314.012, 314.416, 0.404, 809, 314.416, 315.132, 0.716, 1118, 2, 315.132, 315.142, 0.01, 1,     1.130,
 2014, 0, 314.297, 314.297, 314.49, 0.192, 147, 314.49, 315.206, 0.716, 1942, 2, 315.206, 315.216, 0.01, 14,     0.918,
 2016, 0, 314.646, 314.646, 315.865, 1.22, 20, 315.865, 316.601, 0.735, 1881, 2, 316.601, 316.611, 0.01, 18,     1.965,
 2015, 0, 314.51, 314.51, 315.851, 1.341, 2696, 315.851, 316.569, 0.717, 1165, 2, 316.569, 316.726, 0.158, 307,     2.216,
 2017, 0, 314.652, 314.652, 315.985, 1.333, 239, 315.985, 316.778, 0.793, 1296, 2, 316.778, 316.896, 0.118, 236,     2.244,
 2019, 0, 314.974, 314.974, 318.16, 3.185, 38, 318.16, 318.879, 0.719, 1015, 2, 318.879, 318.899, 0.02, 40,     3.925,
 2002, 0, 312.116, 312.116, 318.128, 6.011, 11985, 318.128, 318.864, 0.736, 1477, 2, 318.864, 318.919, 0.055, 76,     6.803,
 2020, 0, 315.125, 315.125, 318.198, 3.072, 76, 318.198, 318.925, 0.727, 2162, 2, 318.925, 318.925, 0, 1,     3.800,
 2021, 0, 315.411, 315.411, 318.24, 2.829, 67, 318.24, 318.964, 0.724, 1853, 2, 318.964, 319.03, 0.065, 131,     3.618,
 2023, 0, 315.483, 315.483, 318.29, 2.808, 60, 318.29, 319.129, 0.838, 1677, 2, 319.129, 319.146, 0.017, 34,     3.663,
 2024, 0, 315.553, 315.553, 318.325, 2.772, 70, 318.325, 319.175, 0.849, 1755, 2, 319.175, 319.189, 0.014, 29,     3.636,
 2022, 0, 315.428, 315.428, 318.26, 2.832, 37, 318.26, 319.119, 0.858, 1594, 2, 319.119, 319.236, 0.118, 235,     3.808,
 2025, 0, 315.672, 315.672, 318.337, 2.664, 19, 318.337, 319.368, 1.031, 569, 2, 319.368, 319.378, 0.01, 5,     3.706,
 2026, 0, 316.082, 316.082, 318.638, 2.556, 593, 318.638, 319.628, 0.99, 1652, 2, 319.628, 319.638, 0.01, 2,     3.556,
 2027, 0, 316.284, 316.284, 318.652, 2.368, 4, 318.652, 319.678, 1.026, 1612, 2, 319.678, 319.738, 0.06, 108,     3.454,
 2028, 0, 316.52, 316.52, 318.709, 2.189, 92, 318.709, 319.876, 1.166, 1532, 2, 319.876, 319.886, 0.01, 20,     3.366,
 2030, 0, 316.57, 316.57, 318.737, 2.168, 1, 318.737, 319.928, 1.191, 1229, 2, 319.928, 319.939, 0.01, 21,     3.369,
 2029, 0, 316.537, 316.537, 318.723, 2.186, 4, 318.723, 319.896, 1.172, 1435, 2, 319.896, 320.047, 0.151, 303,     3.509,
 2031, 0, 316.656, 316.656, 318.838, 2.182, 189, 318.838, 320.125, 1.288, 1632, 2, 320.125, 320.135, 0.01, 6,     3.479,
 2032, 0, 316.722, 316.722, 318.858, 2.136, 28, 318.858, 320.145, 1.288, 1017, 2, 320.145, 320.177, 0.032, 64,     3.455,
 2018, 0, 314.72, 314.72, 318.868, 4.148, 5763, 318.868, 320.178, 1.311, 1350, 2, 320.178, 320.225, 0.046, 95,     5.505,
 2034, 0, 317.2, 317.2, 318.949, 1.749, 144, 318.949, 320.23, 1.282, 1504, 2, 320.23, 320.23, 0, 3,     3.031,
 2033, 0, 317.164, 317.164, 319.137, 1.973, 540, 319.137, 320.431, 1.294, 1363, 2, 320.431, 320.442, 0.011, 22,     3.278,
 2035, 0, 317.502, 317.502, 319.005, 1.503, 97, 319.005, 320.395, 1.39, 1704, 2, 320.395, 320.464, 0.069, 148,     2.961,
 2037, 0, 318.024, 318.024, 319.147, 1.123, 4, 319.147, 320.495, 1.348, 1863, 2, 320.495, 320.507, 0.012, 25,     2.483,
 2038, 0, 318.045, 318.045, 319.177, 1.132, 49, 319.177, 320.63, 1.453, 1288, 2, 320.63, 320.66, 0.03, 53,     2.615,
 2036, 0, 317.61, 317.61, 319.187, 1.577, 360, 319.187, 320.65, 1.463, 1580, 2, 320.65, 320.69, 0.04, 68,     3.080,
 2040, 0, 318.222, 318.222, 319.197, 0.975, 1, 319.197, 320.756, 1.559, 1745, 2, 320.756, 320.791, 0.035, 70,     2.569,
 2039, 0, 318.16, 318.16, 319.187, 1.027, 8, 319.187, 320.68, 1.493, 1378, 2, 320.68, 320.828, 0.148, 296,     2.668,
 2042, 0, 318.256, 318.256, 319.255, 0.999, 96, 319.255, 320.879, 1.624, 1231, 2, 320.879, 320.891, 0.012, 23,     2.635,
 2044, 0, 318.87, 318.87, 319.279, 0.409, 20, 319.279, 320.929, 1.65, 1719, 2, 320.929, 320.939, 0.01, 3,     2.069,
 2043, 0, 318.397, 318.397, 319.26, 0.863, 1, 319.26, 320.899, 1.64, 1555, 2, 320.899, 320.98, 0.081, 179,     2.584,
 2045, 0, 319.056, 319.056, 319.289, 0.233, 15, 319.289, 321.009, 1.72, 1488, 2, 321.009, 321.019, 0.01, 9,     1.963,
 2047, 0, 319.478, 319.478, 319.488, 0.01, 23, 319.488, 321.179, 1.69, 1632, 2, 321.179, 321.196, 0.017, 34,     1.717,
 2046, 0, 319.26, 319.26, 319.339, 0.079, 74, 319.339, 321.138, 1.799, 1482, 2, 321.138, 321.48, 0.342, 685,     2.220,
 2048, 0, 319.554, 319.554, 319.677, 0.124, 244, 319.677, 321.435, 1.758, 987, 2, 321.435, 321.506, 0.071, 145,     1.953,
 2049, 0, 319.637, 319.637, 319.687, 0.05, 19, 319.687, 321.518, 1.831, 1064, 2, 321.518, 321.629, 0.111, 221,     1.992,
 2050, 0, 319.667, 319.667, 319.697, 0.03, 12, 319.697, 321.653, 1.956, 1284, 2, 321.653, 321.683, 0.03, 50,     2.016,
 2051, 0, 320.027, 320.027, 320.154, 0.126, 264, 320.154, 321.693, 1.539, 1214, 2, 321.693, 321.725, 0.032, 64,     1.698,
 2054, 0, 320.387, 320.387, 320.439, 0.052, 11, 320.439, 321.952, 1.513, 1019, 2, 321.952, 321.963, 0.011, 22,     1.576,
 2053, 0, 320.079, 320.079, 320.429, 0.35, 2, 320.429, 321.922, 1.493, 1349, 2, 321.922, 321.988, 0.066, 133,     1.909,
 2055, 0, 320.411, 320.411, 320.464, 0.053, 49, 320.464, 322.036, 1.573, 970, 2, 322.036, 322.046, 0.01, 8,     1.635,
 2052, 0, 320.075, 320.075, 320.658, 0.583, 996, 320.658, 322.184, 1.526, 1807, 2, 322.184, 322.298, 0.114, 229,     2.223,
 2056, 0, 320.748, 320.748, 320.758, 0.01, 20, 320.758, 322.22, 1.463, 1438, 2, 322.22, 322.486, 0.265, 522,     1.738,
 2058, 0, 321.062, 321.062, 321.062, 0, 2, 321.062, 322.445, 1.383, 1231, 2, 322.445, 322.505, 0.06, 111,     1.444,
 2059, 0, 321.389, 321.389, 321.399, 0.01, 7, 321.399, 322.707, 1.308, 1452, 2, 322.707, 322.717, 0.01, 14,     1.328,
 2060, 0, 321.558, 321.558, 321.597, 0.039, 56, 321.597, 322.9, 1.303, 1543, 2, 322.9, 322.91, 0.01, 1,     1.352,
 2061, 0, 321.646, 321.646, 321.691, 0.045, 82, 321.691, 322.96, 1.269, 1528, 2, 322.96, 322.97, 0.01, 6,     1.324,
 2062, 0, 321.691, 321.691, 321.749, 0.058, 117, 321.749, 323.034, 1.284, 1819, 2, 323.034, 323.067, 0.033, 66,     1.376,
 2041, 0, 318.23, 318.23, 320.419, 2.189, 2436, 320.419, 321.902, 1.483, 1939, 2, 321.902, 323.459, 1.557, 3115,     5.229,
 2063, 0, 321.764, 321.764, 322.596, 0.832, 1657, 322.596, 323.463, 0.866, 1378, 2, 323.463, 323.493, 0.03, 63,     1.729,
 2057, 0, 321.026, 321.026, 322.733, 1.707, 3416, 322.733, 323.551, 0.819, 1391, 2, 323.551, 323.588, 0.037, 71,     2.562,
 2065, 0, 321.959, 321.959, 322.753, 0.793, 28, 322.753, 323.664, 0.912, 1308, 2, 323.664, 323.674, 0.01, 13,     1.715,
 2066, 0, 322.019, 322.019, 322.773, 0.754, 37, 322.773, 323.732, 0.96, 1599, 2, 323.732, 323.776, 0.044, 88,     1.757,
 2064, 0, 321.929, 321.929, 322.773, 0.843, 347, 322.773, 323.712, 0.94, 1637, 2, 323.712, 323.811, 0.099, 198,     1.882,
 2068, 0, 322.399, 322.399, 322.803, 0.403, 33, 322.803, 323.962, 1.159, 1221, 2, 323.962, 324.004, 0.042, 85,     1.605,
 2071, 0, 322.781, 322.781, 322.793, 0.012, 28, 322.793, 323.914, 1.121, 1857, 2, 323.914, 324.08, 0.166, 333,     1.300,
 2069, 0, 322.586, 322.586, 322.803, 0.216, 1, 322.803, 323.982, 1.179, 1207, 2, 323.982, 324.16, 0.178, 357,     1.574,
 2072, 0, 322.81, 322.81, 322.813, 0.003, 20, 322.813, 324.168, 1.355, 2072, 2, 324.168, 324.178, 0.01, 17,     1.368,
 2067, 0, 322.235, 322.235, 322.781, 0.546, 1, 322.781, 323.801, 1.021, 1704, 2, 323.801, 324.385, 0.583, 1167,     2.150,
 2074, 0, 323.102, 323.102, 323.113, 0.01, 21, 323.113, 324.422, 1.309, 2157, 2, 324.422, 324.432, 0.01, 14,     1.330,
 2075, 0, 323.144, 323.144, 323.276, 0.132, 280, 323.276, 324.469, 1.192, 1742, 2, 324.469, 324.487, 0.018, 36,     1.343,
 2070, 0, 322.742, 322.742, 322.81, 0.068, 13, 322.81, 324.051, 1.241, 1009, 2, 324.051, 324.861, 0.81, 1584,     2.119,
 2077, 0, 323.634, 323.634, 324.306, 0.672, 1344, 324.306, 325.224, 0.918, 1807, 2, 325.224, 325.224, 0, 8,     1.590,
 2078, 0, 323.653, 323.653, 324.34, 0.686, 57, 324.34, 325.253, 0.913, 1652, 2, 325.253, 325.287, 0.034, 68,     1.634,
 2073, 0, 322.851, 322.851, 322.952, 0.101, 194, 322.952, 324.3, 1.348, 1473, 2, 324.3, 325.398, 1.098, 2197,     2.547,
 2079, 0, 323.695, 323.695, 324.406, 0.711, 116, 324.406, 325.438, 1.032, 1701, 2, 325.438, 325.454, 0.016, 32,     1.759,
 2076, 0, 323.185, 323.185, 324.46, 1.275, 2566, 324.46, 325.474, 1.014, 1503, 2, 325.474, 325.483, 0.01, 6,     2.299,
 2082, 0, 324.551, 324.551, 324.561, 0.01, 8, 324.561, 325.731, 1.17, 1562, 2, 325.731, 325.741, 0.01, 7,     1.190,
 2081, 0, 324.059, 324.059, 324.504, 0.445, 72, 324.504, 325.687, 1.183, 1284, 2, 325.687, 325.751, 0.064, 112,     1.692,
 2083, 0, 324.604, 324.604, 324.611, 0.006, 12, 324.611, 325.761, 1.15, 887, 2, 325.761, 325.8, 0.039, 78,     1.196,
 2080, 0, 323.904, 323.904, 324.474, 0.57, 133, 324.474, 325.502, 1.029, 1227, 2, 325.502, 325.82, 0.318, 603,     1.916,
 2084, 0, 324.682, 324.682, 324.699, 0.017, 34, 324.699, 325.822, 1.123, 1041, 2, 325.822, 325.853, 0.031, 66,     1.171,
 2085, 0, 324.872, 324.872, 324.935, 0.063, 94, 324.935, 325.982, 1.046, 1568, 2, 325.982, 326.034, 0.052, 105,     1.162,
 2087, 0, 325.053, 325.053, 325.063, 0.01, 26, 325.063, 326.191, 1.129, 1329, 2, 326.191, 326.222, 0.031, 61,     1.169,
 2088, 0, 325.161, 325.161, 325.185, 0.023, 46, 325.185, 326.261, 1.077, 1022, 2, 326.261, 326.271, 0.01, 28,     1.110,
 2089, 0, 325.426, 325.426, 325.446, 0.02, 41, 325.446, 326.323, 0.877, 1308, 2, 326.323, 326.374, 0.051, 108,     0.948,
 2086, 0, 324.954, 324.954, 324.954, 0, 11, 324.954, 326.071, 1.117, 1486, 2, 326.071, 326.433, 0.362, 725,     1.480,
 2090, 0, 325.485, 325.485, 325.5, 0.015, 21, 325.5, 326.49, 0.99, 2318, 2, 326.49, 326.5, 0.01, 12,     1.015,
 2093, 0, 325.847, 325.847, 325.97, 0.124, 222, 325.97, 326.948, 0.978, 1863, 2, 326.948, 326.958, 0.01, 24,     1.112,
 2091, 0, 325.691, 325.691, 325.701, 0.01, 17, 325.701, 326.749, 1.048, 1269, 2, 326.749, 326.985, 0.237, 474,     1.295,
 2095, 0, 325.944, 325.944, 326.092, 0.149, 13, 326.092, 327.084, 0.992, 1362, 2, 327.084, 327.114, 0.03, 63,     1.171,
 2094, 0, 325.857, 325.857, 326.082, 0.225, 205, 326.082, 327.03, 0.948, 1651, 2, 327.03, 327.447, 0.416, 833,     1.589,
 2097, 0, 326.259, 326.259, 326.393, 0.134, 263, 326.393, 327.448, 1.054, 952, 2, 327.448, 327.458, 0.01, 12,     1.198,
 2096, 0, 326.165, 326.165, 326.259, 0.095, 190, 326.259, 327.284, 1.025, 1868, 2, 327.284, 327.478, 0.193, 387,     1.313,
 2092, 0, 325.717, 325.717, 326.422, 0.704, 1404, 326.422, 327.498, 1.076, 1952, 2, 327.498, 327.516, 0.017, 35,     1.798,
 2098, 0, 326.439, 326.439, 326.439, 0, 10, 326.439, 327.584, 1.144, 1244, 2, 327.584, 327.666, 0.082, 164,     1.226,
 2100, 0, 326.551, 326.551, 326.562, 0.011, 22, 326.562, 327.76, 1.198, 1408, 2, 327.76, 327.774, 0.014, 28,     1.223,
 2101, 0, 326.593, 326.593, 326.611, 0.019, 35, 326.611, 327.792, 1.181, 1542, 2, 327.792, 327.792, 0, 1,     1.199,
 2102, 0, 326.611, 326.611, 326.621, 0.009, 10, 326.621, 327.833, 1.212, 1552, 2, 327.833, 327.843, 0.01, 10,     1.231,
 2103, 0, 326.661, 326.661, 326.685, 0.024, 36, 326.685, 328.042, 1.357, 2063, 2, 328.042, 328.058, 0.016, 32,     1.396,
 2099, 0, 326.504, 326.504, 326.673, 0.168, 354, 326.673, 328.014, 1.341, 1564, 2, 328.014, 328.098, 0.084, 164,     1.593,
 2104, 0, 326.685, 326.685, 327.031, 0.346, 692, 327.031, 328.263, 1.232, 1861, 2, 328.263, 328.308, 0.045, 82,     1.623,
 2107, 0, 327.176, 327.176, 327.257, 0.081, 135, 327.257, 328.338, 1.081, 1829, 2, 328.338, 328.353, 0.015, 31,     1.177,
 2106, 0, 326.813, 326.813, 326.996, 0.183, 374, 326.996, 328.223, 1.227, 2011, 2, 328.223, 328.405, 0.182, 365,     1.592,
 2109, 0, 327.361, 327.361, 327.404, 0.042, 85, 327.404, 328.524, 1.121, 1423, 2, 328.524, 328.534, 0.01, 11,     1.173,
 2110, 0, 327.444, 327.444, 327.539, 0.095, 175, 327.539, 328.592, 1.053, 1424, 2, 328.592, 328.602, 0.01, 5,     1.158,
 2111, 0, 327.499, 327.499, 327.539, 0.04, 80, 327.539, 328.735, 1.196, 1483, 2, 328.735, 328.752, 0.017, 33,     1.253,
 2108, 0, 327.3, 327.3, 327.313, 0.013, 41, 327.313, 328.473, 1.16, 1536, 2, 328.473, 328.786, 0.314, 618,     1.487,
 2112, 0, 327.722, 327.722, 327.738, 0.015, 41, 327.738, 328.841, 1.104, 925, 2, 328.841, 328.864, 0.023, 46,     1.142,
 2114, 0, 328.037, 328.037, 328.047, 0.01, 16, 328.047, 329.058, 1.012, 1179, 2, 329.058, 329.068, 0.01, 4,     1.032,
 2113, 0, 327.808, 327.808, 327.867, 0.059, 119, 327.867, 329.026, 1.16, 1433, 2, 329.026, 329.097, 0.07, 141,     1.289,
 2117, 0, 328.38, 328.38, 328.39, 0.01, 13, 328.39, 329.276, 0.886, 1695, 2, 329.276, 329.306, 0.03, 46,     0.926,
 2118, 0, 328.423, 328.423, 328.514, 0.091, 182, 328.514, 329.355, 0.841, 1306, 2, 329.355, 329.365, 0.01, 6,     0.942,
 2119, 0, 328.427, 328.427, 328.546, 0.118, 64, 328.546, 329.496, 0.95, 1267, 2, 329.496, 329.516, 0.02, 40,     1.089,
 2116, 0, 328.301, 328.301, 328.62, 0.319, 634, 328.62, 329.529, 0.908, 1517, 2, 329.529, 329.539, 0.01, 7,     1.237,
 2115, 0, 328.273, 328.273, 328.337, 0.064, 104, 328.337, 329.246, 0.909, 1201, 2, 329.246, 329.578, 0.332, 664,     1.305,
 2121, 0, 329.07, 329.07, 329.07, 0, 3, 329.07, 329.803, 0.733, 1288, 2, 329.803, 329.813, 0.01, 18,     0.743,
 2120, 0, 328.674, 328.674, 329.278, 0.604, 1208, 329.278, 329.991, 0.713, 1323, 2, 329.991, 330.001, 0.01, 2,     1.327,
 2122, 0, 329.268, 329.268, 329.278, 0.01, 19, 329.278, 330.052, 0.774, 1618, 2, 330.052, 330.062, 0.01, 8,     0.794,
 2123, 0, 329.369, 329.369, 329.48, 0.111, 205, 329.48, 330.206, 0.725, 1072, 2, 330.206, 330.251, 0.045, 82,     0.881,
 2125, 0, 329.463, 329.463, 329.528, 0.064, 129, 329.528, 330.423, 0.896, 792, 2, 330.423, 330.433, 0.01, 2,     0.970,
 2127, 0, 329.496, 329.496, 329.528, 0.031, 6, 329.528, 330.455, 0.928, 1338, 2, 330.455, 330.465, 0.01, 2,     0.969,
 2126, 0, 329.47, 329.47, 329.514, 0.043, 67, 329.514, 330.302, 0.788, 1449, 2, 330.302, 330.475, 0.174, 346,     1.005,
 2105, 0, 326.799, 326.799, 326.809, 0.01, 11, 326.809, 328.088, 1.278, 1778, 2, 328.088, 330.485, 2.398, 4780,     3.686,
 2128, 0, 330.12, 330.12, 330.13, 0.01, 8, 330.13, 330.847, 0.716, 1730, 2, 330.847, 330.857, 0.01, 15,     0.736,
 2124, 0, 329.43, 329.43, 329.441, 0.01, 21, 329.441, 330.174, 0.733, 1337, 2, 330.174, 330.888, 0.715, 1430,     1.458,
 2130, 0, 330.208, 330.208, 330.332, 0.124, 261, 330.332, 331.047, 0.714, 1409, 2, 331.047, 331.057, 0.01, 19,     0.848,
 2129, 0, 330.186, 330.186, 330.202, 0.016, 39, 330.202, 330.917, 0.715, 1218, 2, 330.917, 331.539, 0.623, 1246,     1.353,
 2133, 0, 330.836, 330.836, 330.846, 0.01, 10, 330.846, 331.578, 0.731, 1841, 2, 331.578, 331.705, 0.127, 241,     0.868,
 2131, 0, 330.756, 330.756, 330.766, 0.01, 8, 330.766, 331.488, 0.722, 1653, 2, 331.488, 331.73, 0.242, 485,     0.974,
 2132, 0, 330.794, 330.794, 331.125, 0.331, 680, 331.125, 331.859, 0.733, 1367, 2, 331.859, 331.892, 0.034, 40,     1.098,
 2135, 0, 331.229, 331.229, 331.27, 0.041, 100, 331.27, 331.988, 0.718, 1047, 2, 331.988, 332.333, 0.345, 691,     1.104,
 2136, 0, 331.462, 331.462, 331.472, 0.009, 24, 331.472, 332.187, 0.715, 1309, 2, 332.187, 332.367, 0.18, 360,     0.905,
 2138, 0, 331.549, 331.549, 331.572, 0.022, 65, 331.572, 332.44, 0.868, 1645, 2, 332.44, 332.45, 0.01, 20,     0.901,
 2137, 0, 331.51, 331.51, 331.539, 0.03, 60, 331.539, 332.44, 0.901, 796, 2, 332.44, 332.47, 0.03, 26,     0.961,
 2139, 0, 331.607, 331.607, 331.805, 0.198, 396, 331.805, 332.52, 0.715, 1527, 2, 332.52, 332.533, 0.013, 26,     0.926,
 2140, 0, 332.233, 332.233, 332.243, 0.01, 30, 332.243, 332.979, 0.736, 1585, 2, 332.979, 332.989, 0.01, 31,     0.756,
 2141, 0, 332.443, 332.443, 332.449, 0.006, 28, 332.449, 333.181, 0.732, 1436, 2, 333.181, 333.191, 0.01, 1,     0.748,
 2142, 0, 332.646, 332.646, 332.704, 0.058, 99, 332.704, 333.431, 0.727, 1864, 2, 333.431, 333.488, 0.056, 113,     0.841,
 2143, 0, 332.659, 332.659, 332.738, 0.079, 60, 332.738, 333.558, 0.82, 1362, 2, 333.558, 333.646, 0.088, 176,     0.987,
 2145, 0, 332.862, 332.862, 332.889, 0.027, 54, 332.889, 333.68, 0.791, 1275, 2, 333.68, 333.69, 0.01, 2,     0.828,
 2144, 0, 332.812, 332.812, 332.83, 0.017, 48, 332.83, 333.68, 0.85, 1710, 2, 333.68, 333.775, 0.095, 190,     0.963,
 2146, 0, 332.927, 332.927, 332.973, 0.046, 110, 332.973, 333.815, 0.842, 1913, 2, 333.815, 333.825, 0.01, 17,     0.899,
 2147, 0, 333.098, 333.098, 333.15, 0.052, 72, 333.15, 333.947, 0.797, 1430, 2, 333.947, 333.965, 0.018, 36,     0.867,
 2148, 0, 333.317, 333.317, 333.333, 0.016, 32, 333.333, 334.064, 0.731, 981, 2, 334.064, 334.074, 0.01, 14,     0.757,
 2134, 0, 331.196, 331.196, 333.271, 2.075, 4150, 333.271, 333.993, 0.722, 2019, 2, 333.993, 334.143, 0.15, 300,     2.947,
 2149, 0, 333.519, 333.519, 333.528, 0.01, 22, 333.528, 334.242, 0.714, 1419, 2, 334.242, 334.252, 0.01, 12,     0.733,
 2151, 0, 333.858, 333.858, 333.87, 0.012, 30, 333.87, 334.585, 0.715, 1375, 2, 334.585, 334.688, 0.103, 205,     0.830,
 2153, 0, 334.034, 334.034, 334.145, 0.111, 8, 334.145, 334.861, 0.716, 1528, 2, 334.861, 334.997, 0.137, 273,     0.964,
 2154, 0, 334.103, 334.103, 334.165, 0.062, 30, 334.165, 334.887, 0.722, 1326, 2, 334.887, 335.017, 0.13, 247,     0.914,
 2152, 0, 333.924, 333.924, 334.135, 0.211, 421, 334.135, 334.851, 0.716, 1170, 2, 334.851, 335.018, 0.167, 334,     1.094,
 2155, 0, 334.193, 334.193, 334.205, 0.012, 24, 334.205, 335.018, 0.813, 968, 2, 335.018, 335.028, 0.01, 9,     0.835,
 2156, 0, 334.261, 334.261, 334.277, 0.017, 38, 334.277, 335.152, 0.875, 1926, 2, 335.152, 335.205, 0.053, 105,     0.944,
 2157, 0, 334.288, 334.288, 334.318, 0.03, 53, 334.318, 335.383, 1.065, 1103, 2, 335.383, 335.415, 0.032, 60,     1.126,
 2160, 0, 334.594, 334.594, 334.61, 0.016, 36, 334.61, 335.66, 1.051, 1597, 2, 335.66, 335.686, 0.026, 51,     1.092,
 2161, 0, 334.691, 334.691, 334.766, 0.075, 146, 334.766, 335.766, 1, 1390, 2, 335.766, 335.776, 0.01, 14,     1.085,
 2162, 0, 334.766, 334.766, 335.016, 0.25, 467, 335.016, 335.92, 0.904, 1548, 2, 335.92, 335.956, 0.036, 87,     1.190,
 2150, 0, 333.621, 333.621, 334.298, 0.678, 1345, 334.298, 335.365, 1.067, 2025, 2, 335.365, 335.976, 0.61, 1195,     2.355,
 2163, 0, 335.048, 335.048, 335.078, 0.031, 61, 335.078, 336.132, 1.053, 1922, 2, 336.132, 336.142, 0.01, 1,     1.094,
 2164, 0, 335.071, 335.071, 335.09, 0.019, 34, 335.09, 336.148, 1.057, 1426, 2, 336.148, 336.148, 0, 9,     1.077,
 2165, 0, 335.144, 335.144, 335.164, 0.02, 38, 335.164, 336.26, 1.097, 1287, 2, 336.26, 336.381, 0.121, 238,     1.237,
 2167, 0, 335.413, 335.413, 335.459, 0.046, 99, 335.459, 336.419, 0.96, 1553, 2, 336.419, 336.431, 0.012, 25,     1.018,
 2166, 0, 335.399, 335.399, 335.409, 0.01, 15, 335.409, 336.397, 0.987, 2139, 2, 336.397, 336.451, 0.054, 73,     1.052,
 2169, 0, 335.631, 335.631, 335.641, 0.01, 5, 335.641, 336.515, 0.874, 2026, 2, 336.515, 336.568, 0.053, 107,     0.937,
 2170, 0, 335.803, 335.803, 335.837, 0.034, 68, 335.837, 336.933, 1.097, 1507, 2, 336.933, 337.051, 0.118, 236,     1.249,
 2171, 0, 335.946, 335.946, 335.963, 0.017, 35, 335.963, 337.186, 1.223, 1076, 2, 337.186, 337.302, 0.116, 233,     1.357,
 2168, 0, 335.623, 335.623, 335.679, 0.057, 121, 335.679, 336.669, 0.99, 1554, 2, 336.669, 337.419, 0.75, 1486,     1.796,
 2173, 0, 336.063, 336.063, 336.063, 0, 2, 336.063, 337.409, 1.345, 1893, 2, 337.409, 337.419, 0.01, 5,     1.355,
 2172, 0, 336.038, 336.038, 336.048, 0.01, 9, 336.048, 337.397, 1.349, 1691, 2, 337.397, 337.668, 0.271, 528,     1.630,
 2176, 0, 336.878, 336.878, 336.893, 0.015, 30, 336.893, 337.907, 1.014, 1830, 2, 337.907, 337.918, 0.01, 21,     1.040,
 2175, 0, 336.836, 336.836, 336.935, 0.099, 191, 336.935, 337.959, 1.024, 1731, 2, 337.959, 337.981, 0.022, 45,     1.145,
 2174, 0, 336.823, 336.823, 336.847, 0.025, 65, 336.847, 337.907, 1.06, 1411, 2, 337.907, 338.069, 0.162, 324,     1.247,
 2177, 0, 337.062, 337.062, 337.088, 0.026, 54, 337.088, 338.157, 1.069, 1398, 2, 338.157, 338.362, 0.205, 410,     1.300,
 2181, 0, 337.448, 337.448, 337.679, 0.231, 461, 337.679, 338.543, 0.864, 1512, 2, 338.543, 338.631, 0.088, 176,     1.183,
 2182, 0, 338.075, 338.075, 338.075, 0, 8, 338.075, 338.823, 0.748, 1195, 2, 338.823, 338.855, 0.032, 64,     0.780,
 2180, 0, 337.386, 337.386, 337.403, 0.017, 34, 337.403, 338.413, 1.009, 1225, 2, 338.413, 338.889, 0.477, 954,     1.503,
 2178, 0, 337.235, 337.235, 337.244, 0.009, 18, 337.244, 338.208, 0.964, 1938, 2, 338.208, 338.952, 0.745, 1455,     1.717,
 2183, 0, 338.091, 338.091, 338.118, 0.026, 66, 338.118, 339.041, 0.923, 1243, 2, 339.041, 339.051, 0.01, 15,     0.959,
 2179, 0, 337.344, 337.344, 338.095, 0.751, 1502, 338.095, 338.957, 0.862, 1199, 2, 338.957, 339.085, 0.128, 263,     1.741,
 2184, 0, 338.113, 338.113, 338.192, 0.079, 166, 338.192, 339.171, 0.979, 1201, 2, 339.171, 339.451, 0.28, 560,     1.338,
 2185, 0, 338.616, 338.616, 338.736, 0.12, 208, 338.736, 339.464, 0.728, 1580, 2, 339.464, 339.499, 0.034, 69,     0.883,
 2186, 0, 338.688, 338.688, 338.82, 0.132, 265, 338.82, 339.54, 0.72, 1889, 2, 339.54, 339.593, 0.053, 106,     0.905,
 2187, 0, 338.902, 338.902, 338.967, 0.065, 109, 338.967, 339.7, 0.733, 1328, 2, 339.7, 339.71, 0.01, 1,     0.808,
 2159, 0, 334.58, 334.58, 334.59, 0.01, 10, 334.59, 335.64, 1.051, 1167, 2, 335.64, 339.841, 4.201, 8402,     5.261,
 2190, 0, 339.258, 339.258, 339.366, 0.108, 205, 339.366, 340.103, 0.737, 966, 2, 340.103, 340.195, 0.092, 184,     0.937,
 2189, 0, 339.177, 339.177, 339.525, 0.348, 667, 339.525, 340.253, 0.728, 999, 2, 340.253, 340.263, 0.01, 12,     1.086,
 2193, 0, 339.585, 339.585, 339.608, 0.022, 45, 339.608, 340.502, 0.894, 1567, 2, 340.502, 340.615, 0.113, 224,     1.030,
 2194, 0, 339.708, 339.708, 339.744, 0.036, 77, 339.744, 340.605, 0.861, 1690, 2, 340.605, 340.625, 0.02, 35,     0.917,
 2195, 0, 339.734, 339.734, 339.764, 0.03, 35, 339.764, 340.701, 0.937, 1375, 2, 340.701, 340.753, 0.051, 103,     1.018,
 2188, 0, 339.128, 339.128, 339.209, 0.082, 152, 339.209, 339.95, 0.741, 1314, 2, 339.95, 340.893, 0.943, 1884,     1.766,
 2192, 0, 339.397, 339.397, 339.585, 0.188, 105, 339.585, 340.452, 0.867, 1875, 2, 340.452, 340.923, 0.471, 943,     1.526,
 2196, 0, 339.842, 339.842, 339.897, 0.055, 111, 339.897, 340.769, 0.872, 1506, 2, 340.769, 341.067, 0.298, 597,     1.225,
 2197, 0, 340.028, 340.028, 340.067, 0.039, 52, 340.067, 341.052, 0.985, 1608, 2, 341.052, 341.169, 0.117, 234,     1.141,
 2198, 0, 340.042, 340.042, 340.081, 0.039, 22, 340.081, 341.218, 1.136, 1817, 2, 341.218, 341.23, 0.012, 24,     1.188,
 2200, 0, 340.721, 340.721, 340.721, 0, 7, 340.721, 341.555, 0.834, 907, 2, 341.555, 341.578, 0.023, 46,     0.857,
 2199, 0, 340.46, 340.46, 340.47, 0.01, 20, 340.47, 341.467, 0.997, 1303, 2, 341.467, 341.624, 0.157, 314,     1.163,
 2202, 0, 340.746, 340.746, 340.797, 0.051, 3, 340.797, 341.79, 0.993, 744, 2, 341.79, 341.803, 0.013, 26,     1.058,
 2201, 0, 340.74, 340.74, 340.787, 0.047, 90, 340.787, 341.716, 0.929, 1697, 2, 341.716, 341.81, 0.094, 183,     1.070,
 2203, 0, 340.787, 340.787, 340.811, 0.024, 1, 340.811, 341.88, 1.069, 1672, 2, 341.88, 341.951, 0.072, 152,     1.164,
 2204, 0, 340.822, 340.822, 340.832, 0.01, 6, 340.832, 341.966, 1.134, 1563, 2, 341.966, 341.976, 0.01, 7,     1.154,
 2158, 0, 334.495, 334.495, 334.519, 0.025, 37, 334.519, 335.517, 0.997, 1312, 2, 335.517, 342.047, 6.531, 13044,     7.553,
 2205, 0, 340.837, 340.837, 340.869, 0.032, 73, 340.869, 342.037, 1.169, 690, 2, 342.037, 342.056, 0.018, 36,     1.219,
 2206, 0, 341.092, 341.092, 341.146, 0.054, 107, 341.146, 342.13, 0.983, 1340, 2, 342.13, 342.14, 0.01, 20,     1.048,
 2207, 0, 341.103, 341.103, 341.167, 0.063, 37, 341.167, 342.215, 1.048, 1338, 2, 342.215, 342.225, 0.01, 17,     1.122,
 2208, 0, 341.12, 341.12, 341.904, 0.784, 1475, 341.904, 342.64, 0.736, 1831, 2, 342.64, 342.661, 0.022, 43,     1.541,
 2209, 0, 341.146, 341.146, 341.938, 0.792, 63, 341.938, 342.729, 0.791, 1686, 2, 342.729, 342.739, 0.01, 8,     1.592,
 2210, 0, 341.167, 341.167, 341.994, 0.827, 85, 341.994, 342.82, 0.826, 1571, 2, 342.82, 342.84, 0.02, 32,     1.673,
 2211, 0, 341.209, 341.209, 342.008, 0.799, 27, 342.008, 342.903, 0.895, 1603, 2, 342.903, 342.944, 0.041, 63,     1.735,
 2212, 0, 342.147, 342.147, 342.16, 0.012, 23, 342.16, 343.05, 0.891, 1032, 2, 343.05, 343.07, 0.02, 40,     0.923,
 2213, 0, 342.191, 342.191, 342.201, 0.01, 19, 342.201, 343.07, 0.87, 1481, 2, 343.07, 343.08, 0.01, 10,     0.890,
 2214, 0, 343.104, 343.104, 343.171, 0.066, 115, 343.171, 343.888, 0.718, 1699, 2, 343.888, 343.898, 0.01, 16,     0.794,
 2215, 0, 343.186, 343.186, 343.196, 0.01, 17, 343.196, 343.918, 0.722, 1338, 2, 343.918, 343.928, 0.01, 4,     0.742,
 2191, 0, 339.275, 339.275, 343.406, 4.131, 8061, 343.406, 344.118, 0.712, 2191, 2, 344.118, 344.128, 0.01, 10,     4.853,
 2217, 0, 343.548, 343.548, 343.657, 0.109, 215, 343.657, 344.379, 0.722, 1455, 2, 344.379, 344.405, 0.026, 51,     0.857,
 2218, 0, 343.891, 343.891, 343.918, 0.027, 59, 343.918, 344.698, 0.779, 1285, 2, 344.698, 344.908, 0.21, 420,     1.016,
 2219, 0, 343.987, 343.987, 344.221, 0.234, 468, 344.221, 344.938, 0.717, 1279, 2, 344.938, 344.955, 0.017, 35,     0.968,
 2220, 0, 344.127, 344.127, 344.255, 0.128, 31, 344.255, 344.977, 0.722, 1817, 2, 344.977, 345.041, 0.064, 128,     0.914,
 2221, 0, 344.17, 344.17, 344.318, 0.148, 126, 344.318, 345.187, 0.869, 1431, 2, 345.187, 345.197, 0.01, 13,     1.027,
 2224, 0, 344.602, 344.602, 344.632, 0.03, 39, 344.632, 345.51, 0.878, 1975, 2, 345.51, 345.532, 0.022, 44,     0.930,
 2223, 0, 344.577, 344.577, 344.612, 0.036, 77, 344.612, 345.49, 0.878, 1361, 2, 345.49, 345.704, 0.214, 429,     1.128,
 2226, 0, 344.843, 344.843, 344.853, 0.01, 7, 344.853, 345.739, 0.886, 1540, 2, 345.739, 345.835, 0.096, 192,     0.992,
 2216, 0, 343.396, 343.396, 345.215, 1.819, 3638, 345.215, 345.938, 0.723, 1513, 2, 345.938, 345.948, 0.01, 12,     2.552,
 2225, 0, 344.768, 344.768, 344.784, 0.016, 32, 344.784, 345.691, 0.906, 1890, 2, 345.691, 346.047, 0.356, 713,     1.279,
 2227, 0, 345.45, 345.45, 345.45, 0, 13, 345.45, 346.179, 0.729, 1331, 2, 346.179, 346.189, 0.01, 6,     0.739,
 2229, 0, 345.793, 345.793, 345.803, 0.01, 4, 345.803, 346.528, 0.725, 1608, 2, 346.528, 346.538, 0.01, 6,     0.745,
 2228, 0, 345.721, 345.721, 345.731, 0.01, 9, 345.731, 346.454, 0.724, 1816, 2, 346.454, 346.581, 0.126, 253,     0.860,
 2230, 0, 345.869, 345.869, 345.938, 0.069, 109, 345.938, 346.666, 0.728, 1451, 2, 346.666, 346.718, 0.052, 105,     0.849,
 2231, 0, 345.943, 345.943, 345.952, 0.009, 23, 345.952, 346.708, 0.756, 598, 2, 346.708, 346.763, 0.055, 110,     0.820,
 2232, 0, 346.265, 346.265, 346.32, 0.055, 91, 346.32, 347.063, 0.743, 1789, 2, 347.063, 347.173, 0.11, 233,     0.908,
 2233, 0, 346.435, 346.435, 346.487, 0.052, 83, 346.487, 347.218, 0.731, 715, 2, 347.218, 347.247, 0.029, 57,     0.812,
 2235, 0, 346.797, 346.797, 346.808, 0.01, 21, 346.808, 347.535, 0.727, 1824, 2, 347.535, 347.573, 0.038, 77,     0.776,
 2236, 0, 346.839, 346.839, 346.919, 0.08, 149, 346.919, 347.645, 0.727, 1610, 2, 347.645, 347.702, 0.057, 113,     0.863,
 2234, 0, 346.662, 346.662, 347.068, 0.406, 813, 347.068, 347.784, 0.716, 1632, 2, 347.784, 347.797, 0.014, 27,     1.135,
 2238, 0, 346.969, 346.969, 347.13, 0.161, 123, 347.13, 347.868, 0.738, 1331, 2, 347.868, 347.879, 0.012, 23,     0.910,
 2237, 0, 346.891, 346.891, 347.223, 0.332, 608, 347.223, 347.953, 0.73, 1397, 2, 347.953, 348.102, 0.149, 298,     1.211,
 2240, 0, 347.326, 347.326, 347.338, 0.012, 24, 347.338, 348.153, 0.815, 1643, 2, 348.153, 348.163, 0.01, 12,     0.837,
 2241, 0, 347.349, 347.349, 347.359, 0.01, 4, 347.359, 348.202, 0.843, 1161, 2, 348.202, 348.23, 0.027, 55,     0.881,
 2242, 0, 347.431, 347.431, 347.463, 0.031, 63, 347.463, 348.307, 0.844, 1616, 2, 348.307, 348.325, 0.018, 36,     0.893,
 2239, 0, 347.287, 347.287, 347.593, 0.306, 586, 347.593, 348.375, 0.782, 1513, 2, 348.375, 348.393, 0.018, 36,     1.106,
 2243, 0, 347.561, 347.561, 347.593, 0.032, 39, 347.593, 348.405, 0.812, 1505, 2, 348.405, 348.415, 0.01, 5,     0.854,
 2244, 0, 347.924, 347.924, 347.984, 0.059, 119, 347.984, 348.694, 0.71, 1467, 2, 348.694, 348.727, 0.033, 66,     0.803,
 2245, 0, 347.962, 347.962, 348.086, 0.123, 246, 348.086, 348.818, 0.733, 1146, 2, 348.818, 348.828, 0.01, 19,     0.866,
 2246, 0, 348.157, 348.157, 348.184, 0.026, 59, 348.184, 348.948, 0.765, 1115, 2, 348.948, 349.208, 0.259, 505,     1.050,
 2248, 0, 348.509, 348.509, 348.531, 0.023, 29, 348.531, 349.279, 0.747, 1862, 2, 349.279, 349.318, 0.039, 54,     0.809,
 2247, 0, 348.459, 348.459, 348.598, 0.139, 290, 348.598, 349.322, 0.724, 1574, 2, 349.322, 349.372, 0.05, 109,     0.913,
 2250, 0, 348.707, 348.707, 348.725, 0.017, 35, 348.725, 349.47, 0.745, 1392, 2, 349.47, 349.498, 0.029, 57,     0.791,
 2249, 0, 348.68, 348.68, 348.695, 0.015, 31, 348.695, 349.416, 0.72, 1736, 2, 349.416, 349.581, 0.165, 330,     0.901,
 2251, 0, 348.888, 348.888, 348.899, 0.011, 22, 348.899, 349.615, 0.715, 829, 2, 349.615, 349.638, 0.024, 47,     0.750,
 2253, 0, 348.989, 348.989, 348.994, 0.005, 16, 348.994, 349.865, 0.871, 1732, 2, 349.865, 349.929, 0.064, 128,     0.940,
 2254, 0, 349.104, 349.104, 349.114, 0.01, 1, 349.114, 349.977, 0.863, 1521, 2, 349.977, 350.02, 0.043, 57,     0.916,
 2255, 0, 349.264, 349.264, 349.374, 0.109, 190, 349.374, 350.188, 0.814, 1768, 2, 350.188, 350.254, 0.067, 111,     0.990,
 2259, 0, 349.973, 349.973, 350.007, 0.034, 43, 350.007, 350.727, 0.72, 1524, 2, 350.727, 350.757, 0.03, 42,     0.784,
 2257, 0, 349.944, 349.944, 350.027, 0.083, 183, 350.027, 350.747, 0.72, 1249, 2, 350.747, 350.757, 0.01, 2,     0.813,
 2252, 0, 348.938, 348.938, 348.994, 0.056, 113, 348.994, 349.777, 0.783, 1260, 2, 349.777, 350.874, 1.098, 2196,     1.937,
 2261, 0, 350.245, 350.245, 350.255, 0.01, 9, 350.255, 350.966, 0.711, 1521, 2, 350.966, 351.035, 0.069, 115,     0.790,
 2260, 0, 349.994, 349.994, 350.348, 0.354, 661, 350.348, 351.064, 0.716, 1102, 2, 351.064, 351.074, 0.01, 15,     1.080,
 2258, 0, 349.967, 349.967, 349.977, 0.01, 14, 349.977, 350.689, 0.712, 1297, 2, 350.689, 351.259, 0.57, 1118,     1.292,
 2262, 0, 350.305, 350.305, 350.393, 0.088, 151, 350.393, 351.218, 0.825, 1745, 2, 351.218, 351.293, 0.075, 151,     0.988,
 2263, 0, 350.415, 350.415, 350.506, 0.09, 163, 350.506, 351.314, 0.808, 1927, 2, 351.314, 351.325, 0.011, 22,     0.910,
 2256, 0, 349.677, 349.677, 349.722, 0.045, 90, 349.722, 350.44, 0.718, 1069, 2, 350.44, 351.432, 0.992, 1985,     1.755,
 2265, 0, 350.858, 350.858, 350.921, 0.063, 126, 350.921, 351.637, 0.716, 1234, 2, 351.637, 351.681, 0.043, 87,     0.822,
 2266, 0, 350.957, 350.957, 350.967, 0.01, 18, 350.967, 351.729, 0.762, 1683, 2, 351.729, 351.764, 0.036, 71,     0.807,
 2267, 0, 351.169, 351.169, 351.251, 0.082, 152, 351.251, 351.988, 0.737, 1395, 2, 351.988, 351.998, 0.01, 17,     0.829,
 2268, 0, 351.174, 351.174, 351.265, 0.091, 176, 351.265, 352.002, 0.737, 2535, 2, 352.002, 352.093, 0.091, 182,     0.919,
 2269, 0, 351.376, 351.376, 351.43, 0.053, 107, 351.43, 352.238, 0.808, 788, 2, 352.238, 352.329, 0.091, 183,     0.953,
 2272, 0, 351.61, 351.61, 351.62, 0.01, 5, 351.62, 352.511, 0.891, 1035, 2, 352.511, 352.544, 0.034, 67,     0.934,
 2271, 0, 351.559, 351.559, 351.62, 0.061, 107, 351.62, 352.491, 0.871, 1856, 2, 352.491, 352.564, 0.073, 124,     1.005,
 2273, 0, 351.735, 351.735, 351.747, 0.012, 24, 351.747, 352.531, 0.784, 1750, 2, 352.531, 352.604, 0.073, 146,     0.869,
 2274, 0, 351.773, 351.773, 351.804, 0.031, 37, 351.804, 352.758, 0.954, 841, 2, 352.758, 352.805, 0.047, 112,     1.032,
 2264, 0, 350.579, 350.579, 350.589, 0.01, 12, 350.589, 351.468, 0.879, 995, 2, 351.468, 352.82, 1.352, 2705,     2.241,
 2276, 0, 352.149, 352.149, 352.149, 0, 3, 352.149, 353.007, 0.858, 1621, 2, 353.007, 353.017, 0.01, 1,     0.868,
 2275, 0, 352.133, 352.133, 352.143, 0.01, 20, 352.143, 352.987, 0.844, 1487, 2, 352.987, 353.137, 0.15, 300,     1.004,
 2277, 0, 352.477, 352.477, 352.477, 0, 13, 352.477, 353.257, 0.78, 1341, 2, 353.257, 353.784, 0.526, 1053,     1.307,
 2280, 0, 352.971, 352.971, 352.996, 0.025, 46, 352.996, 353.719, 0.722, 1080, 2, 353.719, 353.864, 0.145, 290,     0.892,
 2222, 0, 344.264, 344.264, 344.346, 0.082, 32, 344.346, 345.241, 0.895, 1704, 2, 345.241, 354.002, 8.761, 17530,     9.738,
 2279, 0, 352.952, 352.952, 353.365, 0.413, 839, 353.365, 354.082, 0.717, 1517, 2, 354.082, 354.102, 0.02, 23,     1.150,
 2282, 0, 353.04, 353.04, 353.409, 0.368, 74, 353.409, 354.131, 0.722, 1312, 2, 354.131, 354.168, 0.038, 75,     1.128,
 2270, 0, 351.531, 351.531, 351.595, 0.064, 128, 351.595, 352.481, 0.886, 1671, 2, 352.481, 354.181, 1.7, 3401,     2.650,
 2284, 0, 353.095, 353.095, 353.439, 0.344, 22, 353.439, 354.338, 0.9, 1387, 2, 354.338, 354.36, 0.022, 44,     1.265,
 2283, 0, 353.088, 353.088, 353.419, 0.331, 7, 353.419, 354.299, 0.88, 1319, 2, 354.299, 354.38, 0.081, 130,     1.293,
 2285, 0, 353.158, 353.158, 353.464, 0.306, 50, 353.464, 354.38, 0.917, 1594, 2, 354.38, 354.39, 0.01, 13,     1.233,
 2278, 0, 352.627, 352.627, 352.721, 0.093, 169, 352.721, 353.491, 0.77, 1341, 2, 353.491, 355.087, 1.596, 3193,     2.459,
 2281, 0, 352.986, 352.986, 354.633, 1.646, 3273, 354.633, 355.364, 0.731, 1392, 2, 355.364, 355.38, 0.017, 33,     2.394,
 2288, 0, 353.528, 353.528, 354.674, 1.147, 41, 354.674, 355.414, 0.74, 2088, 2, 355.414, 355.424, 0.01, 4,     1.896,
 2287, 0, 353.409, 353.409, 354.647, 1.238, 14, 354.647, 355.364, 0.717, 1604, 2, 355.364, 355.449, 0.085, 170,     2.040,
 2289, 0, 353.548, 353.548, 354.688, 1.14, 1, 354.688, 355.414, 0.726, 1446, 2, 355.414, 355.523, 0.109, 218,     1.975,
 2290, 0, 353.588, 353.588, 354.721, 1.133, 65, 354.721, 355.631, 0.91, 1501, 2, 355.631, 355.641, 0.01, 14,     2.053,
 2291, 0, 353.978, 353.978, 354.735, 0.757, 15, 354.735, 355.631, 0.896, 1765, 2, 355.631, 355.641, 0.01, 5,     1.663,
 2292, 0, 354.087, 354.087, 354.86, 0.773, 227, 354.86, 355.663, 0.803, 1212, 2, 355.663, 355.774, 0.111, 221,     1.687,
 2293, 0, 354.122, 354.122, 354.928, 0.806, 112, 354.928, 355.881, 0.953, 1696, 2, 355.881, 355.903, 0.022, 45,     1.781,
 2295, 0, 354.309, 354.309, 354.99, 0.682, 71, 354.99, 355.922, 0.931, 1770, 2, 355.922, 355.932, 0.01, 17,     1.623,
 2294, 0, 354.145, 354.145, 354.955, 0.81, 55, 354.955, 355.922, 0.967, 1787, 2, 355.922, 356.004, 0.082, 164,     1.859,
 2296, 0, 354.341, 354.341, 355.056, 0.715, 131, 355.056, 356.131, 1.075, 1296, 2, 356.131, 356.145, 0.014, 27,     1.803,
 2298, 0, 354.664, 354.664, 355.113, 0.449, 67, 355.113, 356.171, 1.058, 1427, 2, 356.171, 356.181, 0.01, 14,     1.517,
 2297, 0, 354.577, 354.577, 355.07, 0.493, 5, 355.07, 356.171, 1.101, 1266, 2, 356.171, 356.225, 0.054, 78,     1.648,
 2300, 0, 355.075, 355.075, 355.159, 0.084, 72, 355.159, 356.38, 1.221, 1414, 2, 356.38, 356.39, 0.01, 20,     1.315,
 2299, 0, 354.928, 354.928, 355.123, 0.195, 5, 355.123, 356.38, 1.257, 1679, 2, 356.38, 356.43, 0.05, 100,     1.503,
 2303, 0, 355.349, 355.349, 355.359, 0.01, 2, 355.359, 356.67, 1.31, 1586, 2, 356.67, 356.68, 0.01, 1,     1.330,
 2301, 0, 355.082, 355.082, 355.31, 0.228, 303, 355.31, 356.63, 1.319, 1112, 2, 356.63, 356.693, 0.063, 127,     1.611,
 2302, 0, 355.298, 355.298, 355.322, 0.024, 24, 355.322, 356.63, 1.307, 1533, 2, 356.63, 356.693, 0.063, 127,     1.395,
 2304, 0, 355.539, 355.539, 355.567, 0.028, 56, 355.567, 356.879, 1.312, 1032, 2, 356.879, 356.893, 0.014, 27,     1.354,
 2306, 0, 355.724, 355.724, 355.93, 0.206, 64, 355.93, 357.137, 1.207, 1516, 2, 357.137, 357.147, 0.01, 5,     1.422,
 2305, 0, 355.595, 355.595, 355.89, 0.295, 588, 355.89, 356.926, 1.036, 1652, 2, 356.926, 357.298, 0.372, 745,     1.703,
 2307, 0, 355.963, 355.963, 355.973, 0.01, 18, 355.973, 357.137, 1.164, 1857, 2, 357.137, 357.338, 0.201, 402,     1.375,
 2309, 0, 356.143, 356.143, 356.299, 0.156, 283, 356.299, 357.394, 1.095, 1307, 2, 357.394, 357.445, 0.051, 103,     1.302,
 2311, 0, 356.332, 356.332, 356.449, 0.117, 212, 356.449, 357.643, 1.195, 1543, 2, 357.643, 357.685, 0.041, 68,     1.353,
 2286, 0, 353.357, 353.357, 356.525, 3.167, 6102, 356.525, 357.685, 1.16, 1430, 2, 357.685, 357.695, 0.01, 13,     4.337,
 2314, 0, 356.606, 356.606, 356.671, 0.065, 129, 356.671, 357.934, 1.264, 1244, 2, 357.934, 357.996, 0.061, 123,     1.390,
 2312, 0, 356.474, 356.474, 356.539, 0.065, 117, 356.539, 357.892, 1.354, 1903, 2, 357.892, 358.016, 0.123, 225,     1.542,
 2315, 0, 356.814, 356.814, 357.139, 0.324, 649, 357.139, 358.186, 1.048, 1621, 2, 358.186, 358.231, 0.045, 62,     1.417,
 2313, 0, 356.544, 356.544, 357.005, 0.46, 933, 357.005, 358.141, 1.137, 1367, 2, 358.141, 358.251, 0.11, 202,     1.707,
 2316, 0, 357.261, 357.261, 357.43, 0.168, 316, 357.43, 358.391, 0.962, 1689, 2, 358.391, 358.401, 0.01, 1,     1.140,
 2317, 0, 357.405, 357.405, 357.416, 0.01, 27, 357.416, 358.391, 0.976, 944, 2, 358.391, 358.421, 0.03, 30,     1.016,
 2320, 0, 358.102, 358.102, 358.117, 0.015, 30, 358.117, 358.834, 0.718, 1736, 2, 358.834, 358.878, 0.044, 84,     0.777,
 2319, 0, 357.925, 357.925, 357.935, 0.01, 15, 357.935, 358.668, 0.733, 1288, 2, 358.668, 358.922, 0.255, 510,     0.997,
 2321, 0, 358.458, 358.458, 358.49, 0.032, 64, 358.49, 359.232, 0.743, 1324, 2, 359.232, 359.247, 0.014, 29,     0.789,
 2318, 0, 357.591, 357.591, 357.601, 0.01, 18, 357.601, 358.436, 0.835, 1690, 2, 358.436, 359.739, 1.303, 2607,     2.148,
 2322, 0, 358.679, 358.679, 358.824, 0.145, 290, 358.824, 359.782, 0.958, 1277, 2, 359.782, 359.832, 0.05, 82,     1.153,
 2323, 0, 358.991, 358.991, 359.015, 0.024, 39, 359.015, 359.822, 0.806, 1142, 2, 359.822, 359.871, 0.049, 99,     0.880,
 2310, 0, 356.249, 356.249, 356.332, 0.083, 54, 356.332, 357.425, 1.093, 1527, 2, 357.425, 359.997, 2.572, 5159,     3.748,
 2324, 0, 359.206, 359.206, 359.255, 0.049, 104, 359.255, 360.019, 0.764, 1589, 2, 360.019, 360.029, 0.01, 1,     0.822,
 2326, 0, 359.433, 359.433, 359.491, 0.058, 108, 359.491, 360.211, 0.72, 1369, 2, 360.211, 360.221, 0.01, 17,     0.788,
 2327, 0, 359.481, 359.481, 359.491, 0.01, 1, 359.491, 360.211, 0.72, 2050, 2, 360.211, 360.365, 0.154, 309,     0.885,
 2325, 0, 359.236, 359.236, 359.309, 0.073, 145, 359.309, 360.031, 0.722, 2009, 2, 360.031, 360.626, 0.595, 1196,     1.390,
 2328, 0, 359.648, 359.648, 359.705, 0.058, 95, 359.705, 360.438, 0.732, 1263, 2, 360.438, 360.816, 0.378, 757,     1.168,
 2329, 0, 359.68, 359.68, 359.691, 0.012, 23, 359.691, 360.418, 0.726, 1733, 2, 360.418, 360.851, 0.433, 867,     1.171,
 2330, 0, 360.212, 360.212, 360.236, 0.024, 49, 360.236, 360.966, 0.729, 1195, 2, 360.966, 360.976, 0.01, 12,     0.764,
 2332, 0, 360.344, 360.344, 360.441, 0.097, 208, 360.441, 361.158, 0.717, 1082, 2, 361.158, 361.168, 0.01, 18,     0.824,
 2331, 0, 360.314, 360.314, 360.337, 0.024, 47, 360.337, 361.058, 0.721, 1290, 2, 361.058, 361.226, 0.168, 332,     0.912,
 2334, 0, 360.411, 360.411, 360.455, 0.044, 11, 360.455, 361.216, 0.761, 1552, 2, 361.216, 361.226, 0.01, 9,     0.815,
 2335, 0, 360.516, 360.516, 360.563, 0.047, 94, 360.563, 361.312, 0.749, 1586, 2, 361.312, 361.362, 0.05, 100,     0.846,
 2336, 0, 360.585, 360.585, 360.677, 0.092, 185, 360.677, 361.408, 0.731, 1274, 2, 361.408, 361.418, 0.01, 3,     0.833,
 2337, 0, 360.813, 360.813, 360.827, 0.014, 39, 360.827, 361.565, 0.738, 1759, 2, 361.565, 361.672, 0.107, 214,     0.859,
 2333, 0, 360.393, 360.393, 361.167, 0.774, 1528, 361.167, 361.883, 0.716, 1757, 2, 361.883, 361.893, 0.01, 19,     1.500,
 2338, 0, 361.073, 361.073, 361.118, 0.045, 74, 361.118, 361.838, 0.72, 1997, 2, 361.838, 361.934, 0.096, 196,     0.861,
 2339, 0, 361.499, 361.499, 361.517, 0.018, 32, 361.517, 362.234, 0.716, 1094, 2, 362.234, 362.249, 0.015, 33,     0.750,
 2340, 0, 361.517, 361.517, 361.543, 0.026, 43, 361.543, 362.266, 0.722, 1487, 2, 362.266, 362.3, 0.034, 69,     0.783,
 2341, 0, 361.816, 361.816, 361.847, 0.031, 62, 361.847, 362.563, 0.716, 1702, 2, 362.563, 362.587, 0.024, 48,     0.771,
 2343, 0, 362.786, 362.786, 362.8, 0.014, 33, 362.8, 363.521, 0.722, 1194, 2, 363.521, 363.539, 0.018, 36,     0.754,
 2342, 0, 362.777, 362.777, 362.786, 0.009, 4, 362.786, 363.501, 0.716, 1033, 2, 363.501, 363.556, 0.054, 109,     0.779,
 2344, 0, 362.811, 362.811, 362.821, 0.01, 2, 362.821, 363.541, 0.72, 1754, 2, 363.541, 363.596, 0.054, 77,     0.785,
 2345, 0, 362.846, 362.846, 362.988, 0.141, 266, 362.988, 363.751, 0.763, 1810, 2, 363.751, 363.762, 0.012, 23,     0.916,
 2346, 0, 362.882, 362.882, 362.892, 0.01, 18, 362.892, 363.731, 0.839, 1574, 2, 363.731, 363.817, 0.086, 173,     0.935,
 2347, 0, 363.22, 363.22, 363.23, 0.01, 1, 363.23, 363.942, 0.712, 1304, 2, 363.942, 363.97, 0.027, 55,     0.750,
 2349, 0, 363.445, 363.445, 363.452, 0.007, 16, 363.452, 364.168, 0.716, 1133, 2, 364.168, 364.194, 0.026, 53,     0.749,
 2348, 0, 363.344, 363.344, 363.55, 0.207, 413, 363.55, 364.266, 0.716, 756, 2, 364.266, 364.287, 0.022, 43,     0.944,
 2351, 0, 363.776, 363.776, 363.876, 0.1, 202, 363.876, 364.608, 0.732, 1936, 2, 364.608, 364.646, 0.038, 76,     0.870,
 2350, 0, 363.743, 363.743, 363.943, 0.2, 401, 363.943, 364.665, 0.722, 1867, 2, 364.665, 364.675, 0.01, 3,     0.932,
 2354, 0, 364.086, 364.086, 364.118, 0.032, 51, 364.118, 364.834, 0.716, 1914, 2, 364.834, 364.844, 0.01, 4,     0.758,
 2352, 0, 363.783, 363.783, 364.045, 0.262, 332, 364.045, 364.761, 0.716, 2178, 2, 364.761, 364.944, 0.183, 366,     1.161,
 2355, 0, 364.231, 364.231, 365.303, 1.072, 2144, 365.303, 366.068, 0.765, 1435, 2, 366.068, 366.09, 0.022, 25,     1.859,
 2308, 0, 356.092, 356.092, 356.102, 0.01, 5, 356.102, 357.175, 1.073, 1479, 2, 357.175, 366.11, 8.936, 17872,    10.018,
 2356, 0, 364.308, 364.308, 365.328, 1.02, 48, 365.328, 366.08, 0.752, 1662, 2, 366.08, 366.158, 0.078, 135,     1.850,
 2357, 0, 364.411, 364.411, 365.34, 0.929, 11, 365.34, 366.27, 0.93, 1844, 2, 366.27, 366.28, 0.01, 14,     1.869,
 2358, 0, 364.775, 364.775, 365.534, 0.759, 381, 365.534, 366.327, 0.792, 1532, 2, 366.327, 366.356, 0.03, 45,     1.581,
 2353, 0, 363.853, 363.853, 365.577, 1.724, 3246, 365.577, 366.346, 0.769, 1478, 2, 366.346, 366.356, 0.01, 2,     2.504,
 2360, 0, 364.849, 364.849, 365.589, 0.74, 22, 365.589, 366.549, 0.96, 1378, 2, 366.549, 366.562, 0.013, 26,     1.713,
 2359, 0, 364.821, 364.821, 365.577, 0.756, 62, 365.577, 366.529, 0.952, 1082, 2, 366.529, 366.592, 0.062, 125,     1.771,
 2362, 0, 364.934, 364.934, 365.623, 0.689, 1, 365.623, 366.579, 0.956, 1389, 2, 366.579, 366.599, 0.02, 27,     1.665,
 2361, 0, 364.868, 364.868, 365.643, 0.775, 94, 365.643, 366.78, 1.137, 990, 2, 366.78, 366.84, 0.06, 115,     1.972,
 2363, 0, 365.016, 365.016, 365.893, 0.877, 539, 365.893, 366.85, 0.958, 1714, 2, 366.85, 366.897, 0.047, 94,     1.882,
 2364, 0, 365.048, 365.048, 365.919, 0.87, 531, 365.919, 367.03, 1.112, 1344, 2, 367.03, 367.047, 0.017, 33,     1.999,
 2367, 0, 365.844, 365.844, 365.969, 0.125, 60, 365.969, 367.1, 1.13, 963, 2, 367.1, 367.112, 0.012, 24,     1.268,
 2366, 0, 365.655, 365.655, 365.948, 0.292, 37, 365.948, 367.087, 1.14, 1156, 2, 367.087, 367.151, 0.064, 129,     1.496,
 2365, 0, 365.646, 365.646, 365.919, 0.273, 29, 365.919, 367.059, 1.141, 1624, 2, 367.059, 367.2, 0.141, 282,     1.554,
 2368, 0, 365.959, 365.959, 365.999, 0.04, 74, 365.999, 367.337, 1.337, 774, 2, 367.337, 367.376, 0.04, 80,     1.417,
 2369, 0, 366.062, 366.062, 366.062, 0, 2, 366.062, 367.57, 1.507, 890, 2, 367.57, 367.596, 0.027, 50,     1.534,
 2371, 0, 366.161, 366.161, 366.171, 0.01, 15, 366.171, 367.612, 1.441, 1660, 2, 367.612, 367.656, 0.044, 100,     1.495,
 2370, 0, 366.135, 366.135, 366.209, 0.074, 138, 366.209, 367.802, 1.593, 1364, 2, 367.802, 367.9, 0.098, 196,     1.765,
 2372, 0, 366.209, 366.209, 366.338, 0.129, 257, 366.338, 368.084, 1.746, 1586, 2, 368.084, 368.101, 0.017, 33,     1.891,
 2374, 0, 366.348, 366.348, 366.425, 0.078, 175, 366.425, 368.114, 1.689, 1682, 2, 368.114, 368.16, 0.046, 93,     1.813,
 2375, 0, 366.353, 366.353, 366.493, 0.141, 100, 366.493, 368.311, 1.817, 1951, 2, 368.311, 368.326, 0.015, 31,     1.974,
 2373, 0, 366.214, 366.214, 366.505, 0.291, 574, 366.505, 368.341, 1.836, 1888, 2, 368.341, 368.416, 0.075, 150,     2.202,
 2377, 0, 367.538, 367.538, 367.538, 0, 1, 367.538, 369.6, 2.062, 1742, 2, 369.6, 369.614, 0.014, 29,     2.076,
 2378, 0, 367.632, 367.632, 367.642, 0.01, 6, 367.642, 369.627, 1.985, 2175, 2, 369.627, 369.638, 0.011, 27,     2.006,
 2376, 0, 367.078, 367.078, 367.118, 0.04, 91, 367.118, 369.097, 1.979, 1647, 2, 369.097, 369.917, 0.821, 1638,     2.839,
 2380, 0, 367.853, 367.853, 367.969, 0.116, 201, 367.969, 369.829, 1.86, 1295, 2, 369.829, 369.937, 0.108, 212,     2.084,
 2379, 0, 367.836, 367.836, 367.843, 0.008, 8, 367.843, 369.657, 1.814, 1239, 2, 369.657, 369.977, 0.32, 636,     2.142,
 2382, 0, 368.107, 368.107, 368.113, 0.006, 21, 368.113, 370.089, 1.976, 1415, 2, 370.089, 370.171, 0.081, 159,     2.063,
 2381, 0, 368.05, 368.05, 368.161, 0.111, 236, 368.161, 370.133, 1.972, 1816, 2, 370.133, 370.207, 0.074, 149,     2.157,
 2386, 0, 368.392, 368.392, 368.398, 0.006, 12, 368.398, 370.416, 2.018, 1532, 2, 370.416, 370.448, 0.031, 63,     2.056,
 2385, 0, 368.389, 368.389, 368.389, 0, 5, 368.389, 370.385, 1.995, 1366, 2, 370.385, 370.476, 0.092, 184,     2.087,
 2387, 0, 369.448, 369.448, 369.487, 0.039, 78, 369.487, 370.642, 1.156, 1336, 2, 370.642, 370.696, 0.054, 108,     1.249,
 2388, 0, 369.68, 369.68, 369.694, 0.014, 29, 369.694, 370.838, 1.144, 1190, 2, 370.838, 370.87, 0.033, 65,     1.191,
 2389, 0, 369.767, 369.767, 369.822, 0.055, 111, 369.822, 370.92, 1.098, 1785, 2, 370.92, 370.93, 0.01, 10,     1.163,
 2383, 0, 368.276, 368.276, 368.291, 0.014, 29, 368.291, 370.161, 1.87, 1874, 2, 370.161, 371.039, 0.879, 1758,     2.763,
 2391, 0, 369.824, 369.824, 369.834, 0.01, 26, 369.834, 371.091, 1.257, 2172, 2, 371.091, 371.101, 0.01, 7,     1.278,
 2393, 0, 369.993, 369.993, 370.013, 0.019, 39, 370.013, 371.17, 1.157, 1933, 2, 371.17, 371.214, 0.043, 59,     1.220,
 2384, 0, 368.341, 368.341, 368.341, 0, 12, 368.341, 370.358, 2.017, 1783, 2, 370.358, 371.237, 0.878, 1757,     2.895,
 2390, 0, 369.791, 369.791, 369.808, 0.017, 34, 369.808, 370.9, 1.092, 1909, 2, 370.9, 371.28, 0.38, 761,     1.490,
 2392, 0, 369.937, 369.937, 370.175, 0.238, 456, 370.175, 371.348, 1.172, 1622, 2, 371.348, 371.363, 0.015, 30,     1.426,
 2395, 0, 370.245, 370.245, 370.304, 0.059, 136, 370.304, 371.432, 1.127, 1487, 2, 371.432, 371.466, 0.034, 68,     1.220,
 2396, 0, 370.284, 370.284, 370.318, 0.034, 23, 370.318, 371.598, 1.279, 1638, 2, 371.598, 371.61, 0.012, 24,     1.326,
 2397, 0, 370.533, 370.533, 370.617, 0.084, 152, 370.617, 371.683, 1.066, 1757, 2, 371.683, 371.717, 0.034, 68,     1.185,
 2398, 0, 370.558, 370.558, 370.629, 0.071, 20, 370.629, 371.847, 1.218, 1388, 2, 371.847, 371.857, 0.01, 13,     1.299,
 2399, 0, 370.622, 370.622, 370.649, 0.027, 22, 370.649, 371.891, 1.242, 1358, 2, 371.891, 371.904, 0.013, 26,     1.282,
 2400, 0, 370.904, 370.904, 370.981, 0.078, 155, 370.981, 372.141, 1.16, 1059, 2, 372.141, 372.189, 0.048, 96,     1.286,
 2401, 0, 370.996, 370.996, 371.034, 0.038, 82, 371.034, 372.173, 1.139, 1157, 2, 372.173, 372.203, 0.03, 49,     1.208,
 2394, 0, 370.207, 370.207, 370.915, 0.709, 1424, 370.915, 372.097, 1.182, 1706, 2, 372.097, 372.292, 0.195, 390,     2.086,
 2403, 0, 371.442, 371.442, 371.442, 0, 2, 371.442, 372.598, 1.155, 1761, 2, 372.598, 372.608, 0.01, 7,     1.165,
 2402, 0, 371.347, 371.347, 371.367, 0.021, 54, 371.367, 372.449, 1.081, 1790, 2, 372.449, 372.778, 0.329, 659,     1.431,
 2404, 0, 371.842, 371.842, 371.986, 0.144, 289, 371.986, 372.711, 0.725, 1442, 2, 372.711, 372.805, 0.094, 188,     0.963,
 2405, 0, 372.195, 372.195, 372.208, 0.013, 26, 372.208, 372.923, 0.715, 956, 2, 372.923, 373.092, 0.17, 342,     0.897,
 2406, 0, 372.327, 372.327, 372.337, 0.01, 20, 372.337, 373.049, 0.712, 1595, 2, 373.049, 373.149, 0.1, 194,     0.822,
 2407, 0, 372.364, 372.364, 372.377, 0.013, 31, 372.377, 373.172, 0.796, 1361, 2, 373.172, 373.191, 0.019, 37,     0.827,
 2408, 0, 372.768, 372.768, 372.778, 0.01, 14, 372.778, 373.495, 0.716, 1707, 2, 373.495, 373.537, 0.043, 85,     0.769,
 2411, 0, 373.128, 373.128, 373.163, 0.035, 47, 373.163, 373.876, 0.713, 1503, 2, 373.876, 373.886, 0.01, 11,     0.758,
 2410, 0, 373.106, 373.106, 373.138, 0.033, 52, 373.138, 373.85, 0.712, 1321, 2, 373.85, 373.918, 0.068, 137,     0.813,
 2412, 0, 373.163, 373.163, 373.188, 0.025, 60, 373.188, 373.972, 0.783, 1374, 2, 373.972, 374.091, 0.12, 239,     0.928,
 2416, 0, 373.877, 373.877, 374.028, 0.151, 38, 374.028, 374.889, 0.861, 1305, 2, 374.889, 374.9, 0.012, 23,     1.024,
 2415, 0, 373.494, 373.494, 374.008, 0.513, 315, 374.008, 374.851, 0.843, 1925, 2, 374.851, 375.021, 0.17, 324,     1.527,
 2413, 0, 373.277, 373.277, 374.038, 0.761, 1508, 374.038, 375.011, 0.974, 1325, 2, 375.011, 375.021, 0.01, 9,     1.745,
 2417, 0, 373.956, 373.956, 374.079, 0.123, 90, 374.079, 375.029, 0.95, 1412, 2, 375.029, 375.072, 0.042, 101,     1.116,
 2419, 0, 374.144, 374.144, 374.144, 0, 7, 374.144, 375.145, 1.001, 1507, 2, 375.145, 375.155, 0.01, 6,     1.011,
 2418, 0, 374.103, 374.103, 374.122, 0.019, 39, 374.122, 375.113, 0.991, 1179, 2, 375.113, 375.202, 0.089, 178,     1.100,
 2414, 0, 373.315, 373.315, 373.846, 0.531, 1042, 373.846, 374.594, 0.748, 1841, 2, 374.594, 375.346, 0.752, 1505,     2.031,
 2422, 0, 374.645, 374.645, 374.648, 0.003, 20, 374.648, 375.76, 1.112, 1432, 2, 375.76, 375.81, 0.05, 101,     1.165,
 2420, 0, 374.152, 374.152, 374.198, 0.046, 92, 374.198, 375.261, 1.062, 1211, 2, 375.261, 375.83, 0.57, 1114,     1.678,
 2424, 0, 375.2, 375.2, 375.23, 0.03, 47, 375.23, 376.028, 0.799, 1615, 2, 376.028, 376.038, 0.01, 8,     0.839,
 2423, 0, 374.977, 374.977, 374.997, 0.02, 40, 374.997, 376.018, 1.021, 1038, 2, 376.018, 376.118, 0.099, 199,     1.141,
 2425, 0, 375.22, 375.22, 375.23, 0.01, 16, 375.23, 376.127, 0.898, 1691, 2, 376.127, 376.15, 0.023, 65,     0.931,
 2426, 0, 375.301, 375.301, 375.316, 0.014, 29, 375.316, 376.156, 0.84, 1493, 2, 376.156, 376.171, 0.015, 42,     0.870,
 2427, 0, 375.651, 375.651, 375.745, 0.093, 187, 375.745, 376.463, 0.718, 1623, 2, 376.463, 376.473, 0.01, 10,     0.821,
 2428, 0, 375.69, 375.69, 375.852, 0.163, 306, 375.852, 376.585, 0.733, 1952, 2, 376.585, 376.619, 0.034, 67,     0.929,
 2430, 0, 375.797, 375.797, 375.906, 0.109, 105, 375.906, 376.716, 0.81, 1205, 2, 376.716, 376.813, 0.097, 194,     1.016,
 2429, 0, 375.717, 375.717, 375.925, 0.208, 352, 375.925, 376.788, 0.864, 1739, 2, 376.788, 376.833, 0.044, 72,     1.116,
 2431, 0, 375.925, 375.925, 376.023, 0.098, 207, 376.023, 377.038, 1.016, 1340, 2, 377.038, 377.06, 0.022, 43,     1.135,
 2432, 0, 376.083, 376.083, 376.242, 0.158, 312, 376.242, 377.22, 0.979, 2138, 2, 377.22, 377.344, 0.123, 242,     1.260,
 2421, 0, 374.602, 374.602, 374.922, 0.32, 648, 374.922, 375.911, 0.989, 1727, 2, 375.911, 377.467, 1.556, 3118,     2.865,
 2436, 0, 376.468, 376.468, 376.525, 0.058, 80, 376.525, 377.474, 0.949, 1521, 2, 377.474, 377.474, 0, 2,     1.007,
 2434, 0, 376.312, 376.312, 376.511, 0.199, 398, 376.511, 377.454, 0.943, 1416, 2, 377.454, 377.484, 0.03, 48,     1.172,
 2437, 0, 376.485, 376.485, 376.525, 0.04, 19, 376.525, 377.553, 1.028, 1312, 2, 377.553, 377.662, 0.109, 219,     1.177,
 2439, 0, 376.622, 376.622, 376.632, 0.01, 6, 376.632, 377.717, 1.085, 1128, 2, 377.717, 377.727, 0.01, 18,     1.105,
 2438, 0, 376.6, 376.6, 376.611, 0.012, 35, 376.611, 377.588, 0.977, 1647, 2, 377.588, 377.794, 0.207, 413,     1.195,
 2435, 0, 376.434, 376.434, 376.485, 0.051, 6, 376.485, 377.334, 0.849, 1764, 2, 377.334, 377.903, 0.57, 1140,     1.469,
 2441, 0, 377.166, 377.166, 377.203, 0.037, 59, 377.203, 377.991, 0.787, 1738, 2, 377.991, 378.012, 0.022, 43,     0.846,
 2442, 0, 377.184, 377.184, 377.203, 0.02, 39, 377.203, 378.056, 0.853, 1498, 2, 378.056, 378.071, 0.015, 30,     0.887,
 2446, 0, 377.415, 377.415, 377.476, 0.061, 7, 377.476, 378.343, 0.867, 1356, 2, 378.343, 378.353, 0.01, 14,     0.938,
 2440, 0, 376.786, 376.786, 376.786, 0, 11, 376.786, 377.731, 0.945, 1569, 2, 377.731, 378.502, 0.771, 1549,     1.717,
 2447, 0, 377.567, 377.567, 377.576, 0.009, 12, 377.576, 378.492, 0.916, 1964, 2, 378.492, 378.502, 0.01, 3,     0.935,
 2443, 0, 377.285, 377.285, 377.567, 0.282, 569, 377.567, 378.472, 0.905, 836, 2, 378.472, 378.512, 0.04, 61,     1.227,
 2444, 0, 377.337, 377.337, 377.347, 0.01, 3, 377.347, 378.24, 0.893, 1452, 2, 378.24, 378.697, 0.457, 928,     1.360,
 2448, 0, 377.727, 377.727, 377.767, 0.04, 97, 377.767, 378.722, 0.955, 1816, 2, 378.722, 378.762, 0.04, 66,     1.035,
 2433, 0, 376.227, 376.227, 376.478, 0.251, 502, 376.478, 377.288, 0.81, 2192, 2, 377.288, 378.772, 1.484, 2965,     2.545,
 2449, 0, 377.75, 377.75, 377.781, 0.031, 51, 377.781, 378.742, 0.961, 1423, 2, 378.742, 378.826, 0.084, 158,     1.076,
 2445, 0, 377.39, 377.39, 377.462, 0.072, 144, 377.462, 378.306, 0.844, 2149, 2, 378.306, 379.325, 1.019, 2029,     1.935,
 2450, 0, 378.549, 378.549, 378.587, 0.038, 53, 378.587, 379.315, 0.728, 1701, 2, 379.315, 379.335, 0.02, 27,     0.786,
 2409, 0, 373.034, 373.034, 373.158, 0.125, 236, 373.158, 373.862, 0.704, 1843, 2, 373.862, 379.407, 5.545, 11090,     6.374,
 2451, 0, 378.632, 378.632, 378.644, 0.013, 39, 378.644, 379.369, 0.725, 1595, 2, 379.369, 379.427, 0.058, 96,     0.796,
 2452, 0, 378.687, 378.687, 378.726, 0.039, 78, 378.726, 379.452, 0.726, 1263, 2, 379.452, 379.497, 0.045, 89,     0.809,
 2455, 0, 378.956, 378.956, 378.956, 0, 4, 378.956, 379.683, 0.727, 1619, 2, 379.683, 379.697, 0.014, 28,     0.741,
 2453, 0, 378.868, 378.868, 378.89, 0.023, 28, 378.89, 379.622, 0.731, 1558, 2, 379.622, 379.808, 0.187, 374,     0.941,
 2456, 0, 378.988, 378.988, 379.06, 0.072, 145, 379.06, 379.818, 0.758, 1305, 2, 379.818, 379.848, 0.03, 42,     0.860,
 2454, 0, 378.925, 378.925, 379.074, 0.149, 280, 379.074, 379.876, 0.801, 1992, 2, 379.876, 379.913, 0.038, 75,     0.988,
 2457, 0, 379.189, 379.189, 379.267, 0.078, 171, 379.267, 380.082, 0.816, 1886, 2, 380.082, 380.137, 0.055, 110,     0.949,
 2461, 0, 379.645, 379.645, 379.645, 0, 10, 379.645, 380.398, 0.753, 1578, 2, 380.398, 380.408, 0.01, 1,     0.763,
 2460, 0, 379.628, 379.628, 379.638, 0.01, 6, 379.638, 380.364, 0.726, 1036, 2, 380.364, 380.438, 0.074, 148,     0.810,
 2459, 0, 379.544, 379.544, 379.591, 0.047, 94, 379.591, 380.324, 0.732, 1789, 2, 380.324, 380.45, 0.126, 252,     0.905,
 2458, 0, 379.466, 379.466, 379.668, 0.202, 387, 379.668, 380.476, 0.808, 1735, 2, 380.476, 380.486, 0.01, 8,     1.020,
 2462, 0, 379.785, 379.785, 379.795, 0.01, 34, 379.795, 380.574, 0.778, 1180, 2, 380.574, 380.646, 0.072, 145,     0.861,
 2463, 0, 379.972, 379.972, 379.972, 0, 6, 379.972, 380.695, 0.724, 1751, 2, 380.695, 380.746, 0.05, 101,     0.774,
 2464, 0, 380.021, 380.021, 380.069, 0.048, 98, 380.069, 380.789, 0.72, 1531, 2, 380.789, 380.811, 0.022, 45,     0.791,
 2465, 0, 380.333, 380.333, 380.355, 0.022, 45, 380.355, 381.085, 0.73, 1425, 2, 381.085, 381.121, 0.036, 73,     0.788,
 2466, 0, 380.49, 380.49, 380.5, 0.01, 20, 380.5, 381.236, 0.736, 1673, 2, 381.236, 381.255, 0.019, 39,     0.765,
 2467, 0, 380.648, 380.648, 380.688, 0.04, 71, 380.688, 381.485, 0.797, 1252, 2, 381.485, 381.528, 0.043, 94,     0.880,
 2469, 0, 380.94, 380.94, 380.995, 0.055, 116, 380.995, 381.735, 0.74, 1838, 2, 381.735, 381.888, 0.153, 306,     0.948,
 2470, 0, 380.984, 380.984, 381.009, 0.024, 17, 381.009, 381.853, 0.844, 1258, 2, 381.853, 381.908, 0.055, 92,     0.924,
 2471, 0, 381.066, 381.066, 381.076, 0.01, 11, 381.076, 381.953, 0.877, 2079, 2, 381.953, 381.983, 0.029, 59,     0.917,
 2472, 0, 381.133, 381.133, 381.27, 0.137, 274, 381.27, 382.169, 0.899, 1382, 2, 382.169, 382.274, 0.105, 210,     1.141,
 2473, 0, 381.355, 381.355, 381.368, 0.013, 40, 381.368, 382.237, 0.87, 1632, 2, 382.237, 382.356, 0.119, 238,     1.002,
 2474, 0, 381.405, 381.405, 381.435, 0.03, 60, 381.435, 382.359, 0.924, 1747, 2, 382.359, 382.41, 0.051, 108,     1.005,
 2475, 0, 381.414, 381.414, 381.522, 0.108, 174, 381.522, 382.435, 0.913, 1832, 2, 382.435, 382.445, 0.01, 8,     1.030,
 2476, 0, 381.435, 381.435, 381.545, 0.11, 46, 381.545, 382.495, 0.95, 1188, 2, 382.495, 382.65, 0.154, 309,     1.214,
 2468, 0, 380.77, 380.77, 381.678, 0.908, 1806, 381.678, 382.684, 1.006, 1557, 2, 382.684, 382.695, 0.011, 22,     1.925,
 2478, 0, 382.127, 382.127, 382.316, 0.19, 397, 382.316, 383.032, 0.715, 1482, 2, 383.032, 383.052, 0.02, 42,     0.925,
 2479, 0, 382.164, 382.164, 382.329, 0.165, 318, 382.329, 383.139, 0.81, 1737, 2, 383.139, 383.163, 0.024, 48,     1.000,
 2481, 0, 382.276, 382.276, 382.361, 0.085, 64, 382.361, 383.229, 0.868, 1500, 2, 383.229, 383.239, 0.01, 16,     0.963,
 2480, 0, 382.266, 382.266, 382.329, 0.063, 10, 382.329, 383.189, 0.86, 924, 2, 383.189, 383.296, 0.107, 189,     1.030,
 2483, 0, 382.844, 382.844, 382.869, 0.025, 58, 382.869, 383.638, 0.769, 1655, 2, 383.638, 383.648, 0.01, 17,     0.804,
 2482, 0, 382.72, 382.72, 382.802, 0.082, 164, 382.802, 383.575, 0.773, 1312, 2, 383.575, 383.666, 0.09, 181,     0.945,
 2477, 0, 381.549, 381.549, 381.578, 0.029, 67, 381.578, 382.614, 1.036, 1818, 2, 382.614, 383.862, 1.248, 2497,     2.314,
 2485, 0, 382.926, 382.926, 382.936, 0.01, 2, 382.936, 383.735, 0.799, 1579, 2, 383.735, 383.911, 0.176, 371,     0.985,
 2487, 0, 383.054, 383.054, 383.095, 0.041, 77, 383.095, 383.988, 0.893, 1793, 2, 383.988, 383.998, 0.01, 1,     0.943,
 2488, 0, 383.096, 383.096, 383.109, 0.014, 28, 383.109, 384.078, 0.969, 1794, 2, 384.078, 384.091, 0.013, 26,     0.995,
 2489, 0, 383.151, 383.151, 383.161, 0.01, 12, 383.161, 384.141, 0.979, 1922, 2, 384.141, 384.151, 0.01, 3,     0.999,
 2484, 0, 382.909, 382.909, 382.988, 0.079, 156, 382.988, 383.828, 0.84, 1643, 2, 383.828, 384.418, 0.59, 1181,     1.509,
 2491, 0, 383.392, 383.392, 383.546, 0.154, 297, 383.546, 384.391, 0.845, 1187, 2, 384.391, 384.439, 0.048, 97,     1.047,
 2493, 0, 383.582, 383.582, 383.638, 0.055, 18, 383.638, 384.494, 0.856, 1282, 2, 384.494, 384.508, 0.014, 29,     0.926,
 2492, 0, 383.558, 383.558, 383.624, 0.066, 132, 383.624, 384.456, 0.832, 1641, 2, 384.456, 384.56, 0.104, 208,     1.001,
 2496, 0, 384.642, 384.642, 384.925, 0.284, 35, 384.925, 385.652, 0.726, 1794, 2, 385.652, 385.69, 0.038, 76,     1.048,
 2497, 0, 384.785, 384.785, 384.938, 0.153, 2, 384.938, 385.78, 0.842, 1249, 2, 385.78, 385.81, 0.03, 60,     1.025,
 2498, 0, 384.803, 384.803, 385, 0.197, 108, 385, 385.876, 0.876, 1797, 2, 385.876, 385.896, 0.02, 22,     1.093,
 2486, 0, 383.029, 383.029, 383.07, 0.042, 84, 383.07, 383.891, 0.82, 1680, 2, 383.891, 385.976, 2.085, 4171,     2.947,
 2501, 0, 385.004, 385.004, 385.083, 0.08, 58, 385.083, 386.089, 1.005, 1482, 2, 386.089, 386.099, 0.01, 14,     1.095,
 2499, 0, 384.859, 384.859, 385.044, 0.185, 83, 385.044, 386.04, 0.996, 1148, 2, 386.04, 386.109, 0.069, 125,     1.249,
 2490, 0, 383.325, 383.325, 384.858, 1.533, 3069, 384.858, 385.59, 0.732, 1511, 2, 385.59, 386.195, 0.604, 1209,     2.870,
 2495, 0, 384.55, 384.55, 384.891, 0.342, 67, 384.891, 385.626, 0.734, 1618, 2, 385.626, 386.302, 0.676, 1348,     1.752,
 2500, 0, 384.938, 384.938, 385.117, 0.179, 142, 385.117, 386.125, 1.008, 1211, 2, 386.125, 386.468, 0.343, 699,     1.530,
 2494, 0, 384.54, 384.54, 385.044, 0.504, 1010, 385.044, 385.902, 0.858, 1700, 2, 385.902, 386.603, 0.701, 1415,     2.063,
 2503, 0, 385.977, 385.977, 386.01, 0.034, 66, 386.01, 386.726, 0.716, 1964, 2, 386.726, 386.792, 0.066, 116,     0.815,
 2502, 0, 385.969, 385.969, 386.051, 0.082, 160, 386.051, 386.782, 0.731, 1302, 2, 386.782, 386.824, 0.042, 85,     0.855,
 2504, 0, 386.041, 386.041, 386.279, 0.239, 471, 386.279, 387.007, 0.728, 1102, 2, 387.007, 387.027, 0.019, 39,     0.986,
 2505, 0, 386.59, 386.59, 386.6, 0.01, 1, 386.6, 387.312, 0.712, 1529, 2, 387.312, 387.439, 0.127, 242,     0.849,
 2506, 0, 386.922, 386.922, 386.932, 0.01, 12, 386.932, 387.666, 0.734, 928, 2, 387.666, 387.748, 0.082, 146,     0.826,
 2507, 0, 386.976, 386.976, 387.016, 0.04, 42, 387.016, 387.738, 0.722, 1826, 2, 387.738, 387.768, 0.031, 61,     0.792,
 2508, 0, 387.341, 387.341, 387.351, 0.01, 7, 387.351, 388.062, 0.711, 1811, 2, 388.062, 388.072, 0.01, 15,     0.731,
 2509, 0, 387.372, 387.372, 387.391, 0.019, 41, 387.391, 388.119, 0.728, 1438, 2, 388.119, 388.129, 0.01, 18,     0.757,
 2510, 0, 387.414, 387.414, 387.414, 0, 1, 387.414, 388.242, 0.828, 1720, 2, 388.242, 388.297, 0.055, 111,     0.883,
 2511, 0, 387.485, 387.485, 387.572, 0.087, 165, 387.572, 388.319, 0.747, 1232, 2, 388.319, 388.356, 0.038, 75,     0.871,
 2512, 0, 387.642, 387.642, 387.652, 0.01, 9, 387.652, 388.369, 0.717, 1384, 2, 388.369, 388.384, 0.015, 31,     0.742,
 2515, 0, 387.796, 387.796, 387.821, 0.025, 35, 387.821, 388.633, 0.812, 1751, 2, 388.633, 388.686, 0.053, 106,     0.890,
 2513, 0, 387.72, 387.72, 387.777, 0.058, 115, 387.777, 388.569, 0.792, 1607, 2, 388.569, 388.707, 0.138, 266,     0.987,
 2516, 0, 387.95, 387.95, 387.977, 0.027, 27, 387.977, 388.818, 0.841, 665, 2, 388.818, 388.829, 0.011, 22,     0.879,
 2514, 0, 387.724, 387.724, 387.734, 0.01, 28, 387.734, 388.448, 0.714, 687, 2, 388.448, 388.929, 0.481, 962,     1.204,
 2517, 0, 388.373, 388.373, 388.402, 0.029, 54, 388.402, 389.125, 0.723, 1115, 2, 389.125, 389.151, 0.025, 51,     0.778,
 2519, 0, 388.414, 388.414, 388.432, 0.018, 27, 388.432, 389.196, 0.764, 1251, 2, 389.196, 389.211, 0.015, 30,     0.797,
 2520, 0, 388.601, 388.601, 388.641, 0.04, 73, 388.641, 389.39, 0.749, 1502, 2, 389.39, 389.4, 0.01, 5,     0.799,
 2521, 0, 388.616, 388.616, 388.631, 0.015, 23, 388.631, 389.39, 0.759, 1449, 2, 389.39, 389.492, 0.102, 204,     0.876,
 2523, 0, 388.737, 388.737, 388.767, 0.03, 60, 388.767, 389.646, 0.879, 1882, 2, 389.646, 389.656, 0.01, 9,     0.919,
 2524, 0, 388.795, 388.795, 388.808, 0.014, 27, 388.808, 389.646, 0.838, 1799, 2, 389.646, 389.676, 0.03, 48,     0.882,
 2522, 0, 388.669, 388.669, 388.999, 0.33, 677, 388.999, 389.728, 0.729, 1355, 2, 389.728, 389.781, 0.053, 106,     1.112,
 2525, 0, 389.076, 389.076, 389.101, 0.025, 41, 389.101, 389.892, 0.791, 1624, 2, 389.892, 389.944, 0.052, 104,     0.868,
 2527, 0, 389.417, 389.417, 389.417, 0, 3, 389.417, 390.131, 0.714, 1573, 2, 390.131, 390.141, 0.01, 15,     0.724,
 2529, 0, 389.571, 389.571, 389.571, 0, 6, 389.571, 390.29, 0.719, 1660, 2, 390.29, 390.3, 0.01, 19,     0.729,
 2528, 0, 389.545, 389.545, 389.68, 0.135, 271, 389.68, 390.409, 0.73, 1545, 2, 390.409, 390.738, 0.328, 657,     1.193,
 2530, 0, 390.084, 390.084, 390.084, 0, 2, 390.084, 390.797, 0.712, 1430, 2, 390.797, 390.807, 0.01, 4,     0.722,
 2532, 0, 390.159, 390.159, 390.168, 0.01, 5, 390.168, 390.901, 0.732, 1521, 2, 390.901, 390.973, 0.072, 144,     0.814,
 2534, 0, 390.211, 390.211, 390.305, 0.094, 180, 390.305, 391.079, 0.774, 1496, 2, 391.079, 391.091, 0.012, 25,     0.880,
 2536, 0, 390.396, 390.396, 390.406, 0.01, 21, 390.406, 391.131, 0.725, 1742, 2, 391.131, 391.145, 0.014, 29,     0.749,
 2533, 0, 390.193, 390.193, 390.293, 0.1, 180, 390.293, 391.047, 0.754, 1293, 2, 391.047, 391.19, 0.143, 286,     0.997,
 2531, 0, 390.099, 390.099, 390.109, 0.01, 16, 390.109, 390.829, 0.72, 1546, 2, 390.829, 391.266, 0.437, 874,     1.167,
 2537, 0, 390.432, 390.432, 390.556, 0.124, 243, 390.556, 391.268, 0.712, 1704, 2, 391.268, 391.279, 0.012, 28,     0.848,
 2538, 0, 391.055, 391.055, 391.075, 0.021, 41, 391.075, 391.808, 0.733, 1637, 2, 391.808, 391.818, 0.01, 5,     0.763,
 2526, 0, 389.348, 389.348, 389.567, 0.219, 440, 389.567, 390.27, 0.703, 1072, 2, 390.27, 391.931, 1.661, 3324,     2.583,
 2539, 0, 391.24, 391.24, 391.389, 0.149, 298, 391.389, 392.104, 0.715, 1902, 2, 392.104, 392.127, 0.022, 45,     0.887,
 2540, 0, 391.366, 391.366, 391.417, 0.052, 57, 391.417, 392.133, 0.716, 1206, 2, 392.133, 392.146, 0.013, 39,     0.780,
 2535, 0, 390.363, 390.363, 391.476, 1.113, 2239, 391.476, 392.198, 0.722, 1669, 2, 392.198, 392.211, 0.013, 26,     1.848,
 2518, 0, 388.392, 388.392, 388.414, 0.022, 44, 388.414, 389.135, 0.721, 1252, 2, 389.135, 392.549, 3.413, 6827,     4.156,
 2541, 0, 391.819, 391.819, 391.932, 0.112, 225, 391.932, 392.656, 0.724, 1430, 2, 392.656, 392.767, 0.111, 239,     0.948,
 2543, 0, 391.957, 391.957, 392.17, 0.213, 412, 392.17, 392.897, 0.727, 1779, 2, 392.897, 392.907, 0.01, 14,     0.950,
 2542, 0, 391.94, 391.94, 391.946, 0.006, 19, 391.946, 392.666, 0.72, 1156, 2, 392.666, 392.949, 0.283, 566,     1.009,
 2544, 0, 392.34, 392.34, 392.35, 0.01, 1, 392.35, 393.153, 0.802, 1074, 2, 393.153, 393.163, 0.01, 9,     0.822,
 2546, 0, 392.399, 392.399, 392.425, 0.026, 48, 392.425, 393.153, 0.728, 1381, 2, 393.153, 393.207, 0.055, 109,     0.808,
 2549, 0, 392.798, 392.798, 392.827, 0.029, 58, 392.827, 393.664, 0.837, 1544, 2, 393.664, 393.71, 0.046, 93,     0.912,
 2545, 0, 392.375, 392.375, 392.898, 0.523, 1047, 392.898, 393.78, 0.883, 1669, 2, 393.78, 393.847, 0.067, 133,     1.472,
 2548, 0, 392.615, 392.615, 392.704, 0.089, 10, 392.704, 393.52, 0.816, 1274, 2, 393.52, 393.86, 0.34, 681,     1.245,
 2547, 0, 392.599, 392.599, 392.69, 0.091, 196, 392.69, 393.434, 0.744, 1453, 2, 393.434, 393.898, 0.464, 924,     1.299,
 2550, 0, 392.879, 392.879, 393.045, 0.167, 340, 393.045, 393.945, 0.9, 1656, 2, 393.945, 393.992, 0.046, 93,     1.113,
 2553, 0, 393.318, 393.318, 393.323, 0.004, 22, 393.323, 394.162, 0.84, 1535, 2, 394.162, 394.172, 0.01, 12,     0.854,
 2552, 0, 393.078, 393.078, 393.347, 0.269, 548, 393.347, 394.203, 0.856, 2000, 2, 394.203, 394.203, 0, 4,     1.126,
 2551, 0, 393.02, 393.02, 393.073, 0.053, 103, 393.073, 394.137, 1.064, 1681, 2, 394.137, 394.288, 0.151, 288,     1.268,
 2555, 0, 393.621, 393.621, 393.633, 0.012, 25, 393.633, 394.455, 0.822, 1596, 2, 394.455, 394.465, 0.01, 1,     0.844,
 2554, 0, 393.569, 393.569, 393.621, 0.052, 87, 393.621, 394.412, 0.791, 2149, 2, 394.412, 394.725, 0.313, 616,     1.156,
 2556, 0, 393.735, 393.735, 393.803, 0.068, 124, 393.803, 394.705, 0.902, 1806, 2, 394.705, 394.725, 0.02, 26,     0.990,
 2557, 0, 393.899, 393.899, 393.976, 0.077, 159, 393.976, 394.794, 0.819, 1618, 2, 394.794, 394.926, 0.132, 252,     1.028,
 2560, 0, 394.154, 394.154, 394.188, 0.034, 68, 394.188, 394.954, 0.766, 1818, 2, 394.954, 394.972, 0.017, 35,     0.818,
 2558, 0, 393.991, 393.991, 394.053, 0.062, 110, 394.053, 394.916, 0.863, 978, 2, 394.916, 395.186, 0.269, 539,     1.195,
 2561, 0, 394.19, 394.19, 394.274, 0.084, 134, 394.274, 395.306, 1.031, 1755, 2, 395.306, 395.495, 0.19, 380,     1.305,
 2559, 0, 394.129, 394.129, 394.228, 0.1, 218, 394.228, 395.204, 0.976, 1756, 2, 395.204, 395.616, 0.412, 824,     1.487,
 2563, 0, 394.406, 394.406, 394.501, 0.095, 198, 394.501, 395.468, 0.968, 1627, 2, 395.468, 395.665, 0.196, 377,     1.259,
 2562, 0, 394.342, 394.342, 394.983, 0.642, 1250, 394.983, 395.71, 0.727, 1229, 2, 395.71, 395.73, 0.02, 40,     1.389,
 2564, 0, 394.54, 394.54, 394.567, 0.028, 39, 394.567, 395.655, 1.087, 1431, 2, 395.655, 395.777, 0.122, 256,     1.238,
 2566, 0, 395.017, 395.017, 395.027, 0.01, 18, 395.027, 395.828, 0.801, 1323, 2, 395.828, 395.914, 0.087, 156,     0.898,
 2567, 0, 395.123, 395.123, 395.135, 0.012, 23, 395.135, 395.904, 0.769, 1997, 2, 395.904, 396.048, 0.144, 289,     0.925,
 2569, 0, 395.324, 395.324, 395.334, 0.01, 9, 395.334, 396.153, 0.82, 1471, 2, 396.153, 396.163, 0.01, 1,     0.840,
 2568, 0, 395.176, 395.176, 395.455, 0.279, 559, 395.455, 396.229, 0.774, 1428, 2, 396.229, 396.266, 0.037, 74,     1.090,
 2565, 0, 394.796, 394.796, 395.312, 0.517, 1034, 395.312, 396.091, 0.779, 1437, 2, 396.091, 396.429, 0.338, 646,     1.633,
 2571, 0, 395.941, 395.941, 396, 0.059, 111, 396, 396.721, 0.721, 1682, 2, 396.721, 396.758, 0.038, 75,     0.817,
 2570, 0, 395.83, 395.83, 396.05, 0.22, 414, 396.05, 396.771, 0.72, 1461, 2, 396.771, 396.781, 0.01, 14,     0.951,
 2574, 0, 396.157, 396.157, 396.167, 0.01, 3, 396.167, 396.971, 0.804, 1641, 2, 396.971, 396.981, 0.01, 20,     0.824,
 2573, 0, 396.085, 396.085, 396.125, 0.04, 80, 396.125, 396.843, 0.718, 1574, 2, 396.843, 397.209, 0.366, 732,     1.124,
 2572, 0, 395.969, 395.969, 396.036, 0.067, 73, 396.036, 396.761, 0.724, 1422, 2, 396.761, 397.427, 0.667, 1339,     1.458,
 2577, 0, 396.873, 396.873, 396.912, 0.039, 79, 396.912, 397.629, 0.717, 1205, 2, 397.629, 397.639, 0.01, 18,     0.766,
 2576, 0, 396.836, 396.836, 396.873, 0.037, 68, 396.873, 397.589, 0.716, 1599, 2, 397.589, 397.697, 0.108, 199,     0.861,
 2575, 0, 396.83, 396.83, 397.072, 0.242, 502, 397.072, 397.789, 0.717, 1502, 2, 397.789, 397.859, 0.07, 139,     1.029,
 2578, 0, 396.875, 396.875, 397.334, 0.459, 844, 397.334, 398.058, 0.724, 1015, 2, 398.058, 398.068, 0.01, 1,     1.193,
 2581, 0, 397.392, 397.392, 397.433, 0.041, 7, 397.433, 398.166, 0.734, 1718, 2, 398.166, 398.176, 0.01, 8,     0.784,
 2582, 0, 397.697, 397.697, 397.716, 0.019, 39, 397.716, 398.464, 0.748, 1341, 2, 398.464, 398.474, 0.01, 10,     0.778,
 2583, 0, 397.722, 397.722, 397.789, 0.068, 147, 397.789, 398.505, 0.716, 1807, 2, 398.505, 398.545, 0.04, 85,     0.824,
 2579, 0, 396.928, 396.928, 397.418, 0.491, 693, 397.418, 398.134, 0.716, 1779, 2, 398.134, 398.607, 0.473, 947,     1.680,
 2580, 0, 397.313, 397.313, 397.831, 0.518, 980, 397.831, 398.647, 0.815, 1702, 2, 398.647, 398.657, 0.01, 13,     1.343,
 2584, 0, 397.749, 397.749, 397.803, 0.054, 21, 397.803, 398.557, 0.754, 1548, 2, 398.557, 398.817, 0.259, 516,     1.067,
 2586, 0, 398.068, 398.068, 398.068, 0, 2, 398.068, 398.807, 0.739, 1369, 2, 398.807, 398.827, 0.02, 25,     0.759,
 2587, 0, 398.119, 398.119, 398.129, 0.01, 2, 398.129, 398.906, 0.777, 1932, 2, 398.906, 398.92, 0.014, 28,     0.801,
 2585, 0, 397.945, 397.945, 397.955, 0.01, 8, 397.955, 398.714, 0.758, 1081, 2, 398.714, 398.965, 0.251, 503,     1.020,
 2588, 0, 398.361, 398.361, 398.392, 0.031, 46, 398.392, 399.111, 0.719, 1993, 2, 399.111, 399.125, 0.014, 29,     0.765,
 2589, 0, 398.589, 398.589, 398.687, 0.097, 195, 398.687, 399.412, 0.725, 1627, 2, 399.412, 399.469, 0.057, 114,     0.879,
 2591, 0, 398.755, 398.755, 398.765, 0.01, 16, 398.765, 399.494, 0.729, 961, 2, 399.494, 399.507, 0.012, 25,     0.752,
 2590, 0, 398.645, 398.645, 398.655, 0.01, 10, 398.655, 399.37, 0.715, 1459, 2, 399.37, 399.556, 0.186, 372,     0.911,
 2592, 0, 398.86, 398.86, 398.87, 0.01, 14, 398.87, 399.589, 0.719, 1992, 2, 399.589, 399.599, 0.01, 20,     0.739,
 2593, 0, 398.946, 398.946, 399.012, 0.066, 133, 399.012, 399.734, 0.722, 1321, 2, 399.734, 399.788, 0.053, 90,     0.842,
 2594, 0, 399.221, 399.221, 399.263, 0.042, 66, 399.263, 400.08, 0.817, 1283, 2, 400.08, 400.123, 0.043, 86,     0.902,
 2595, 0, 399.348, 399.348, 399.348, 0, 12, 399.348, 400.197, 0.849, 1706, 2, 400.197, 400.221, 0.024, 48,     0.873,
 2596, 0, 399.384, 399.384, 399.419, 0.036, 78, 399.419, 400.231, 0.812, 1933, 2, 400.231, 400.252, 0.021, 62,     0.868,
 2597, 0, 399.72, 399.72, 399.789, 0.069, 102, 399.789, 400.513, 0.724, 1525, 2, 400.513, 400.513, 0, 9,     0.793,
 2598, 0, 399.809, 399.809, 399.809, 0, 6, 399.809, 400.523, 0.714, 1490, 2, 400.523, 400.603, 0.08, 161,     0.794,
 2599, 0, 399.979, 399.979, 400.003, 0.023, 30, 400.003, 400.77, 0.767, 1181, 2, 400.77, 400.79, 0.02, 38,     0.811,
 2600, 0, 400.588, 400.588, 400.588, 0, 1, 400.588, 401.327, 0.739, 1244, 2, 401.327, 401.349, 0.022, 45,     0.761,
 2602, 0, 400.745, 400.745, 400.771, 0.026, 65, 400.771, 401.593, 0.822, 1581, 2, 401.593, 401.603, 0.01, 9,     0.858,
 2601, 0, 400.714, 400.714, 400.864, 0.15, 282, 400.864, 401.631, 0.767, 1598, 2, 401.631, 401.677, 0.046, 92,     0.964,
 2603, 0, 400.854, 400.854, 400.897, 0.043, 86, 400.897, 401.728, 0.831, 961, 2, 401.728, 401.765, 0.037, 74,     0.911,
 2605, 0, 401.362, 401.362, 401.431, 0.069, 144, 401.431, 402.187, 0.756, 1555, 2, 402.187, 402.204, 0.017, 34,     0.842,
 2606, 0, 401.718, 401.718, 401.912, 0.194, 359, 401.912, 402.628, 0.716, 1398, 2, 402.628, 402.638, 0.01, 7,     0.920,
 2607, 0, 401.726, 401.726, 401.987, 0.261, 150, 401.987, 402.715, 0.728, 2028, 2, 402.715, 402.735, 0.02, 40,     1.009,
 2608, 0, 401.746, 401.746, 402.001, 0.256, 1, 402.001, 402.725, 0.724, 1493, 2, 402.725, 402.77, 0.045, 90,     1.025,
 2604, 0, 400.993, 400.993, 402.058, 1.066, 2140, 402.058, 402.774, 0.716, 1221, 2, 402.774, 402.784, 0.01, 17,     1.792,
 2611, 0, 401.967, 401.967, 402.149, 0.181, 62, 402.149, 402.965, 0.817, 1768, 2, 402.965, 402.995, 0.03, 52,     1.028,
 2612, 0, 402.038, 402.038, 402.163, 0.125, 23, 402.163, 403.029, 0.866, 1536, 2, 403.029, 403.038, 0.01, 20,     1.001,
 2610, 0, 401.832, 401.832, 402.113, 0.281, 109, 402.113, 402.881, 0.768, 1666, 2, 402.881, 403.166, 0.285, 570,     1.335,
 2614, 0, 402.295, 402.295, 402.305, 0.01, 2, 402.305, 403.278, 0.974, 1759, 2, 403.278, 403.297, 0.019, 37,     1.002,
 2613, 0, 402.18, 402.18, 402.207, 0.027, 51, 402.207, 403.214, 1.007, 1761, 2, 403.214, 403.393, 0.178, 357,     1.213,
 2615, 0, 402.314, 402.314, 402.404, 0.091, 178, 402.404, 403.396, 0.992, 1235, 2, 403.396, 403.596, 0.2, 407,     1.283,
 2616, 0, 402.404, 402.404, 402.45, 0.046, 75, 402.45, 403.5, 1.05, 1988, 2, 403.5, 403.703, 0.203, 406,     1.299,
 2617, 0, 402.832, 402.832, 402.842, 0.01, 20, 402.842, 403.787, 0.945, 1474, 2, 403.787, 403.869, 0.082, 180,     1.037,
 2618, 0, 403.068, 403.068, 403.078, 0.01, 8, 403.078, 403.997, 0.919, 1141, 2, 403.997, 404.032, 0.035, 71,     0.964,
 2609, 0, 401.809, 401.809, 402.45, 0.641, 860, 402.45, 403.48, 1.03, 1435, 2, 403.48, 404.049, 0.569, 1139,     2.240,
 2620, 0, 403.462, 403.462, 403.472, 0.01, 13, 403.472, 404.255, 0.782, 1808, 2, 404.255, 404.311, 0.056, 97,     0.848,
 2619, 0, 403.296, 403.296, 403.518, 0.222, 430, 403.518, 404.267, 0.748, 1958, 2, 404.267, 404.332, 0.065, 130,     1.035,
 2622, 0, 403.725, 403.725, 403.756, 0.031, 76, 403.756, 404.504, 0.748, 2215, 2, 404.504, 404.514, 0.01, 5,     0.789,
 2621, 0, 403.663, 403.663, 403.796, 0.133, 271, 403.796, 404.516, 0.72, 1761, 2, 404.516, 404.577, 0.061, 127,     0.914,
 2624, 0, 403.84, 403.84, 403.851, 0.011, 22, 403.851, 404.567, 0.716, 1491, 2, 404.567, 404.597, 0.03, 23,     0.758,
 2625, 0, 403.916, 403.916, 404, 0.084, 135, 404, 404.773, 0.773, 2022, 2, 404.773, 404.785, 0.012, 24,     0.869,
 2627, 0, 404.053, 404.053, 404.111, 0.058, 100, 404.111, 405.066, 0.955, 1323, 2, 405.066, 405.133, 0.067, 134,     1.080,
 2628, 0, 404.08, 404.08, 404.111, 0.03, 45, 404.111, 405.18, 1.069, 1473, 2, 405.18, 405.212, 0.032, 64,     1.131,
 2629, 0, 404.241, 404.241, 404.252, 0.012, 23, 404.252, 405.262, 1.01, 1484, 2, 405.262, 405.272, 0.01, 5,     1.031,
 2626, 0, 404.048, 404.048, 404.048, 0, 5, 404.048, 405.013, 0.965, 1532, 2, 405.013, 405.282, 0.269, 525,     1.234,
 2630, 0, 404.476, 404.476, 404.488, 0.012, 45, 404.488, 405.282, 0.794, 1160, 2, 405.282, 405.292, 0.01, 1,     0.817,
 2631, 0, 404.892, 404.892, 404.949, 0.057, 99, 404.949, 405.661, 0.712, 1622, 2, 405.661, 405.742, 0.081, 162,     0.850,
 2633, 0, 405.051, 405.051, 405.07, 0.019, 58, 405.07, 405.922, 0.852, 951, 2, 405.922, 405.932, 0.01, 5,     0.881,
 2632, 0, 404.899, 404.899, 405.084, 0.185, 366, 405.084, 405.956, 0.872, 1075, 2, 405.956, 405.966, 0.01, 15,     1.067,
 2635, 0, 405.229, 405.229, 405.25, 0.021, 24, 405.25, 405.972, 0.722, 855, 2, 405.972, 406.029, 0.058, 127,     0.800,
 2634, 0, 405.172, 405.172, 405.26, 0.087, 177, 405.26, 405.972, 0.712, 1060, 2, 405.972, 406.255, 0.283, 565,     1.082,
 2636, 0, 405.25, 405.25, 405.27, 0.02, 33, 405.27, 406.171, 0.902, 1243, 2, 406.171, 406.304, 0.132, 246,     1.054,
 2637, 0, 405.388, 405.388, 405.469, 0.082, 151, 405.469, 406.421, 0.951, 1943, 2, 406.421, 406.431, 0.01, 9,     1.043,
 2638, 0, 405.395, 405.395, 405.506, 0.111, 223, 405.506, 406.48, 0.973, 1839, 2, 406.48, 406.651, 0.171, 342,     1.256,
 2640, 0, 405.559, 405.559, 405.63, 0.071, 151, 405.63, 406.679, 1.05, 1500, 2, 406.679, 406.697, 0.018, 36,     1.139,
 2641, 0, 406.082, 406.082, 406.114, 0.032, 44, 406.114, 406.993, 0.879, 1519, 2, 406.993, 407.157, 0.164, 328,     1.075,
 2623, 0, 403.827, 403.827, 403.865, 0.038, 52, 403.865, 404.681, 0.816, 1652, 2, 404.681, 407.179, 2.498, 4997,     3.352,
 2642, 0, 406.159, 406.159, 406.169, 0.01, 13, 406.169, 407.183, 1.014, 2036, 2, 407.183, 407.237, 0.055, 117,     1.078,
 2644, 0, 406.728, 406.728, 406.738, 0.01, 23, 406.738, 407.495, 0.757, 1741, 2, 407.495, 407.565, 0.07, 141,     0.837,
 2643, 0, 406.709, 406.709, 406.772, 0.064, 102, 406.772, 407.686, 0.914, 1560, 2, 407.686, 407.696, 0.01, 20,     0.987,
 2645, 0, 406.832, 406.832, 406.928, 0.096, 183, 406.928, 407.748, 0.82, 1319, 2, 407.748, 407.808, 0.06, 121,     0.976,
 2639, 0, 405.541, 405.541, 405.554, 0.014, 27, 405.554, 406.48, 0.925, 2013, 2, 406.48, 407.926, 1.447, 2893,     2.385,
 2648, 0, 407.029, 407.029, 407.445, 0.416, 15, 407.445, 408.193, 0.748, 1251, 2, 408.193, 408.203, 0.01, 3,     1.174,
 2649, 0, 407.068, 407.068, 407.479, 0.411, 33, 407.479, 408.211, 0.732, 1319, 2, 408.211, 408.233, 0.022, 60,     1.165,
 2646, 0, 406.875, 406.875, 407.431, 0.556, 1113, 407.431, 408.147, 0.716, 1641, 2, 408.147, 408.261, 0.114, 229,     1.387,
 2650, 0, 407.11, 407.11, 407.493, 0.383, 14, 407.493, 408.32, 0.827, 1661, 2, 408.32, 408.33, 0.01, 4,     1.220,
 2651, 0, 407.499, 407.499, 407.58, 0.081, 174, 407.58, 408.397, 0.817, 1610, 2, 408.397, 408.41, 0.013, 26,     0.911,
 2652, 0, 407.524, 407.524, 407.708, 0.184, 246, 407.708, 408.465, 0.757, 1412, 2, 408.465, 408.489, 0.024, 63,     0.965,
 2653, 0, 407.889, 407.889, 407.97, 0.081, 147, 407.97, 408.826, 0.856, 1235, 2, 408.826, 408.843, 0.017, 33,     0.954,
 2654, 0, 407.982, 407.982, 408.11, 0.128, 238, 408.11, 408.944, 0.834, 1605, 2, 408.944, 408.984, 0.04, 61,     1.002,
 2655, 0, 408.066, 408.066, 408.255, 0.189, 291, 408.255, 408.974, 0.718, 1480, 2, 408.974, 409.086, 0.112, 220,     1.019,
 2656, 0, 408.079, 408.079, 408.269, 0.19, 7, 408.269, 409.076, 0.806, 1860, 2, 409.076, 409.106, 0.03, 41,     1.027,
 2657, 0, 408.1, 408.1, 408.405, 0.305, 261, 408.405, 409.193, 0.787, 1430, 2, 409.193, 409.209, 0.016, 32,     1.109,
 2658, 0, 408.363, 408.363, 408.713, 0.35, 606, 408.713, 409.454, 0.741, 1888, 2, 409.454, 409.464, 0.01, 4,     1.101,
 2659, 0, 408.526, 408.526, 408.94, 0.414, 427, 408.94, 409.706, 0.766, 1624, 2, 409.706, 409.743, 0.036, 73,     1.217,
 2660, 0, 408.67, 408.67, 409.676, 1.007, 1450, 409.676, 410.392, 0.715, 1624, 2, 410.392, 410.443, 0.051, 103,     1.773,
 2662, 0, 408.82, 408.82, 409.732, 0.913, 24, 409.732, 410.452, 0.72, 1836, 2, 410.452, 410.452, 0, 9,     1.632,
 2661, 0, 408.744, 408.744, 409.718, 0.974, 84, 409.718, 410.432, 0.714, 1325, 2, 410.432, 410.474, 0.042, 85,     1.731,
 2663, 0, 408.9, 408.9, 409.82, 0.92, 160, 409.82, 410.681, 0.861, 1816, 2, 410.681, 410.723, 0.041, 83,     1.823,
 2664, 0, 409.234, 409.234, 409.922, 0.688, 193, 409.922, 410.901, 0.98, 1559, 2, 410.901, 410.933, 0.031, 63,     1.699,
 2647, 0, 406.928, 406.928, 410.366, 3.439, 6875, 410.366, 411.079, 0.713, 1959, 2, 411.079, 411.225, 0.146, 292,     4.298,
 2665, 0, 409.312, 409.312, 410.5, 1.188, 1157, 410.5, 411.235, 0.735, 1441, 2, 411.235, 411.251, 0.016, 51,     1.939,
 2666, 0, 409.381, 409.381, 410.514, 1.133, 275, 410.514, 411.285, 0.771, 1281, 2, 411.285, 411.337, 0.053, 105,     1.956,
 2668, 0, 409.521, 409.521, 410.528, 1.007, 21, 410.528, 411.345, 0.817, 1693, 2, 411.345, 411.381, 0.036, 89,     1.860,
 2669, 0, 409.581, 409.581, 410.572, 0.991, 89, 410.572, 411.345, 0.773, 1288, 2, 411.345, 411.497, 0.152, 304,     1.916,
 2670, 0, 409.677, 409.677, 410.592, 0.915, 22, 410.592, 411.501, 0.909, 1455, 2, 411.501, 411.511, 0.01, 20,     1.834,
 2671, 0, 409.82, 409.82, 410.626, 0.806, 68, 410.626, 411.534, 0.908, 1147, 2, 411.534, 411.557, 0.023, 46,     1.737,
 2672, 0, 410.046, 410.046, 410.682, 0.635, 111, 410.682, 411.597, 0.915, 2021, 2, 411.597, 411.628, 0.031, 27,     1.582,
 2673, 0, 410.067, 410.067, 410.709, 0.642, 31, 410.709, 411.75, 1.041, 1279, 2, 411.75, 411.794, 0.043, 83,     1.727,
 2674, 0, 410.178, 410.178, 410.758, 0.58, 98, 410.758, 411.784, 1.025, 1314, 2, 411.784, 411.842, 0.058, 117,     1.664,
 2675, 0, 410.366, 410.366, 410.772, 0.406, 27, 410.772, 411.854, 1.081, 1162, 2, 411.854, 411.866, 0.012, 25,     1.500,
 2667, 0, 409.4, 409.4, 410.814, 1.415, 613, 410.814, 411.854, 1.039, 1317, 2, 411.854, 411.866, 0.012, 25,     2.466,
 2678, 0, 410.824, 410.824, 410.858, 0.035, 32, 410.858, 412.035, 1.177, 1393, 2, 412.035, 412.053, 0.018, 36,     1.229,
 2676, 0, 410.39, 410.39, 410.889, 0.499, 233, 410.889, 412.103, 1.214, 1414, 2, 412.103, 412.113, 0.01, 19,     1.723,
 2677, 0, 410.562, 410.562, 410.824, 0.261, 4, 410.824, 412.005, 1.181, 1291, 2, 412.005, 412.123, 0.118, 236,     1.560,
 2680, 0, 411.173, 411.173, 411.226, 0.053, 110, 411.226, 412.285, 1.059, 1296, 2, 412.285, 412.295, 0.01, 20,     1.122,
 2681, 0, 411.271, 411.271, 411.281, 0.01, 20, 411.281, 412.37, 1.09, 1084, 2, 412.37, 412.391, 0.021, 41,     1.120,
 2682, 0, 411.441, 411.441, 411.529, 0.088, 144, 411.529, 412.534, 1.005, 1069, 2, 412.534, 412.554, 0.019, 39,     1.113,
 2683, 0, 411.545, 411.545, 411.555, 0.01, 13, 411.555, 412.62, 1.065, 1804, 2, 412.62, 412.799, 0.18, 360,     1.254,
 2687, 0, 411.824, 411.824, 411.882, 0.057, 85, 411.882, 413.003, 1.121, 1448, 2, 413.003, 413.013, 0.01, 18,     1.189,
 2686, 0, 411.731, 411.731, 411.764, 0.033, 13, 411.764, 412.87, 1.106, 1809, 2, 412.87, 413.046, 0.177, 350,     1.315,
 2685, 0, 411.694, 411.694, 411.754, 0.06, 104, 411.754, 412.787, 1.033, 1631, 2, 412.787, 413.226, 0.439, 879,     1.532,
 2688, 0, 412.692, 412.692, 412.721, 0.029, 41, 412.721, 413.535, 0.814, 2321, 2, 413.535, 413.588, 0.053, 105,     0.896,
 2684, 0, 411.567, 411.567, 412.586, 1.019, 2038, 412.586, 413.392, 0.806, 1040, 2, 413.392, 413.918, 0.526, 1040,     2.351,
 2690, 0, 412.959, 412.959, 412.982, 0.023, 46, 412.982, 413.908, 0.926, 1754, 2, 413.908, 414.063, 0.155, 311,     1.104,
 2693, 0, 413.363, 413.363, 413.372, 0.009, 26, 413.372, 414.157, 0.785, 1018, 2, 414.157, 414.167, 0.01, 18,     0.804,
 2692, 0, 413.348, 413.348, 413.358, 0.01, 5, 413.358, 414.081, 0.723, 1467, 2, 414.081, 414.177, 0.096, 193,     0.829,
 2689, 0, 412.877, 412.877, 413.383, 0.506, 1012, 413.383, 414.157, 0.774, 995, 2, 414.157, 414.227, 0.07, 140,     1.350,
 2691, 0, 413.132, 413.132, 413.207, 0.075, 157, 413.207, 414.031, 0.824, 1110, 2, 414.031, 414.247, 0.216, 418,     1.115,
 2694, 0, 413.517, 413.517, 413.549, 0.032, 37, 413.549, 414.407, 0.858, 1600, 2, 414.407, 414.417, 0.01, 4,     0.900,
 2695, 0, 413.578, 413.578, 413.602, 0.024, 43, 413.602, 414.407, 0.806, 1378, 2, 414.407, 414.501, 0.094, 187,     0.923,
 2696, 0, 413.797, 413.797, 413.802, 0.005, 23, 413.802, 414.538, 0.736, 1117, 2, 414.538, 414.548, 0.01, 1,     0.751,
 2697, 0, 413.852, 413.852, 413.931, 0.079, 158, 413.931, 414.647, 0.715, 1044, 2, 414.647, 414.657, 0.01, 1,     0.804,
 2699, 0, 414.222, 414.222, 414.269, 0.046, 93, 414.269, 414.985, 0.716, 1582, 2, 414.985, 415.033, 0.048, 97,     0.811,
 2700, 0, 414.24, 414.24, 414.283, 0.043, 28, 414.283, 415.019, 0.736, 1588, 2, 415.019, 415.047, 0.028, 36,     0.807,
 2701, 0, 414.307, 414.307, 414.329, 0.022, 45, 414.329, 415.047, 0.718, 1660, 2, 415.047, 415.096, 0.049, 98,     0.789,
 2679, 0, 411.123, 411.123, 411.356, 0.233, 459, 411.356, 412.37, 1.015, 1623, 2, 412.37, 415.324, 2.954, 5908,     4.201,
 2702, 0, 414.375, 414.375, 414.733, 0.358, 717, 414.733, 415.457, 0.725, 1492, 2, 415.457, 415.487, 0.03, 60,     1.113,
 2704, 0, 414.403, 414.403, 414.778, 0.375, 17, 414.778, 415.5, 0.723, 1509, 2, 415.5, 415.512, 0.012, 24,     1.109,
 2705, 0, 414.446, 414.446, 414.792, 0.346, 19, 414.792, 415.52, 0.729, 1329, 2, 415.52, 415.557, 0.036, 89,     1.111,
 2706, 0, 414.577, 414.577, 414.806, 0.229, 19, 414.806, 415.707, 0.902, 1132, 2, 415.707, 415.717, 0.01, 12,     1.141,
 2708, 0, 414.93, 414.93, 414.976, 0.046, 58, 414.976, 415.76, 0.784, 1313, 2, 415.76, 415.77, 0.01, 20,     0.839,
 2707, 0, 414.831, 414.831, 415.279, 0.448, 885, 415.279, 416.014, 0.735, 1432, 2, 416.014, 416.024, 0.01, 18,     1.193,
 2703, 0, 414.394, 414.394, 414.85, 0.455, 234, 414.85, 415.76, 0.91, 1315, 2, 415.76, 416.068, 0.308, 616,     1.673,
 2709, 0, 415.487, 415.487, 415.551, 0.065, 99, 415.551, 416.264, 0.713, 1951, 2, 416.264, 416.274, 0.01, 18,     0.787,
 2711, 0, 415.603, 415.603, 415.638, 0.036, 77, 415.638, 416.372, 0.734, 1542, 2, 416.372, 416.424, 0.051, 103,     0.821,
 2698, 0, 413.952, 413.952, 414.764, 0.811, 1613, 414.764, 415.5, 0.737, 1322, 2, 415.5, 416.444, 0.943, 1854,     2.491,
 2710, 0, 415.562, 415.562, 415.586, 0.024, 49, 415.586, 416.303, 0.717, 2176, 2, 416.303, 416.812, 0.509, 1018,     1.250,
 2714, 0, 416.185, 416.185, 416.415, 0.23, 5, 416.415, 417.145, 0.73, 1874, 2, 417.145, 417.217, 0.072, 144,     1.031,
 2712, 0, 416.111, 416.111, 416.401, 0.29, 580, 416.401, 417.123, 0.722, 1178, 2, 417.123, 417.246, 0.124, 248,     1.135,
 2713, 0, 416.157, 416.157, 416.415, 0.258, 513, 416.415, 417.145, 0.73, 2388, 2, 417.145, 417.383, 0.238, 477,     1.226,
 2715, 0, 416.815, 416.815, 416.868, 0.053, 106, 416.868, 417.584, 0.717, 1559, 2, 417.584, 417.757, 0.172, 345,     0.942,
 2718, 0, 417.029, 417.029, 417.07, 0.041, 81, 417.07, 417.84, 0.77, 1126, 2, 417.84, 417.859, 0.019, 38,     0.830,
 2719, 0, 417.089, 417.089, 417.093, 0.004, 23, 417.093, 417.874, 0.781, 1620, 2, 417.874, 417.937, 0.063, 119,     0.848,
 2720, 0, 417.185, 417.185, 417.185, 0, 2, 417.185, 417.917, 0.731, 1758, 2, 417.917, 417.973, 0.056, 112,     0.787,
 2716, 0, 416.851, 416.851, 416.914, 0.063, 122, 416.914, 417.624, 0.71, 1878, 2, 417.624, 418.034, 0.409, 819,     1.183,
 2717, 0, 416.914, 416.914, 416.914, 0, 5, 416.914, 417.624, 0.71, 1556, 2, 417.624, 418.12, 0.495, 991,     1.206,
 2721, 0, 417.53, 417.53, 417.542, 0.012, 23, 417.542, 418.257, 0.716, 1515, 2, 418.257, 418.29, 0.033, 66,     0.760,
 2722, 0, 417.588, 417.588, 417.599, 0.011, 22, 417.599, 418.314, 0.715, 1881, 2, 418.314, 418.331, 0.017, 33,     0.743,
 2723, 0, 417.802, 417.802, 417.933, 0.132, 255, 417.933, 418.877, 0.943, 1153, 2, 418.877, 418.887, 0.01, 1,     1.085,
 2724, 0, 417.824, 417.824, 417.923, 0.1, 184, 417.923, 418.75, 0.826, 1378, 2, 418.75, 419.092, 0.343, 686,     1.268,
 2726, 0, 418.101, 418.101, 418.101, 0, 7, 418.101, 419.136, 1.035, 1658, 2, 419.136, 419.174, 0.038, 76,     1.073,
 2727, 0, 418.127, 418.127, 418.132, 0.004, 17, 418.132, 419.248, 1.116, 1449, 2, 419.248, 419.294, 0.046, 92,     1.167,
 2728, 0, 418.19, 418.19, 418.19, 0, 9, 418.19, 419.388, 1.199, 1532, 2, 419.388, 419.578, 0.189, 361,     1.388,
 2729, 0, 418.236, 418.236, 418.288, 0.051, 88, 418.288, 419.638, 1.35, 1348, 2, 419.638, 419.852, 0.214, 428,     1.615,
 2730, 0, 418.314, 418.314, 418.314, 0, 7, 418.314, 419.888, 1.574, 1389, 2, 419.888, 419.888, 0, 18,     1.574,
 2731, 0, 418.401, 418.401, 418.411, 0.01, 33, 418.411, 420.137, 1.726, 1755, 2, 420.137, 420.147, 0.01, 16,     1.746,
 2733, 0, 418.526, 418.526, 418.609, 0.083, 176, 418.609, 420.389, 1.78, 1522, 2, 420.389, 420.399, 0.01, 4,     1.873,
 2732, 0, 418.501, 418.501, 418.646, 0.145, 302, 418.646, 420.504, 1.858, 1208, 2, 420.504, 420.543, 0.039, 78,     2.043,
 2725, 0, 418.038, 418.038, 418.142, 0.104, 193, 418.142, 419.301, 1.159, 1281, 2, 419.301, 420.573, 1.272, 2558,     2.535,
 2734, 0, 418.646, 418.646, 418.656, 0.01, 20, 418.656, 420.574, 1.918, 1731, 2, 420.574, 420.584, 0.01, 12,     1.938,
 2735, 0, 419.116, 419.116, 419.147, 0.031, 63, 419.147, 420.824, 1.677, 1310, 2, 420.824, 420.834, 0.01, 16,     1.719,
 2736, 0, 419.195, 419.195, 419.251, 0.056, 112, 419.251, 420.888, 1.638, 1651, 2, 420.888, 420.898, 0.01, 5,     1.703,
 2737, 0, 419.222, 419.222, 419.359, 0.137, 271, 419.359, 421.137, 1.779, 1250, 2, 421.137, 421.163, 0.026, 52,     1.942,
 2739, 0, 419.628, 419.628, 419.657, 0.029, 58, 419.657, 421.903, 2.246, 851, 2, 421.903, 421.917, 0.014, 27,     2.288,
 2740, 0, 419.648, 419.648, 419.671, 0.023, 26, 419.671, 421.903, 2.232, 2105, 2, 421.903, 421.937, 0.034, 62,     2.288,
 2738, 0, 419.62, 419.62, 420.213, 0.593, 1202, 420.213, 422.415, 2.202, 815, 2, 422.415, 422.458, 0.043, 61,     2.838,
 2742, 0, 419.786, 419.786, 420.225, 0.44, 9, 420.225, 422.415, 2.19, 1453, 2, 422.415, 422.507, 0.092, 185,     2.722,
 2741, 0, 419.69, 419.69, 420.239, 0.549, 1092, 420.239, 422.543, 2.304, 1372, 2, 422.543, 422.567, 0.024, 49,     2.877,
 2743, 0, 420.09, 420.09, 420.239, 0.15, 9, 420.239, 422.622, 2.383, 1276, 2, 422.622, 422.649, 0.026, 53,     2.559,
 2745, 0, 420.252, 420.252, 420.299, 0.047, 95, 420.299, 422.664, 2.365, 825, 2, 422.664, 422.674, 0.01, 7,     2.422,
 2744, 0, 420.169, 420.169, 420.252, 0.084, 15, 420.252, 422.664, 2.412, 1662, 2, 422.664, 422.694, 0.03, 32,     2.526,
 2746, 0, 420.267, 420.267, 420.569, 0.303, 606, 420.569, 422.872, 2.303, 1522, 2, 422.872, 422.891, 0.019, 38,     2.624,
 2747, 0, 420.347, 420.347, 420.347, 0, 7, 420.347, 422.8, 2.453, 1309, 2, 422.8, 423.09, 0.29, 580,     2.743,
 2748, 0, 420.855, 420.855, 420.981, 0.126, 261, 420.981, 423.122, 2.141, 2586, 2, 423.122, 423.16, 0.038, 77,     2.305,
 2749, 0, 421.008, 421.008, 421.03, 0.023, 28, 421.03, 423.164, 2.133, 1368, 2, 423.164, 423.44, 0.276, 553,     2.433,
 2751, 0, 421.308, 421.308, 421.318, 0.01, 18, 421.318, 423.43, 2.111, 1528, 2, 423.43, 423.46, 0.031, 51,     2.152,
 2752, 0, 421.37, 421.37, 421.373, 0.004, 18, 421.373, 423.637, 2.263, 1536, 2, 423.637, 423.704, 0.067, 116,     2.334,
 2753, 0, 421.528, 421.528, 421.538, 0.01, 6, 421.538, 423.694, 2.156, 1782, 2, 423.694, 423.714, 0.02, 33,     2.186,
 2750, 0, 421.108, 421.108, 421.118, 0.01, 5, 421.118, 423.372, 2.253, 1486, 2, 423.372, 423.85, 0.479, 958,     2.742,
 2754, 0, 421.56, 421.56, 421.57, 0.01, 7, 421.57, 423.694, 2.124, 1337, 2, 423.694, 423.925, 0.231, 449,     2.365,
 2755, 0, 421.776, 421.776, 421.782, 0.006, 22, 421.782, 423.955, 2.173, 1367, 2, 423.955, 423.978, 0.022, 45,     2.202,
 2757, 0, 422.133, 422.133, 422.133, 0, 6, 422.133, 424.311, 2.179, 1550, 2, 424.311, 424.323, 0.012, 24,     2.191,
 2756, 0, 422.113, 422.113, 422.345, 0.232, 483, 422.345, 424.415, 2.07, 1135, 2, 424.415, 424.475, 0.06, 101,     2.362,
 2758, 0, 422.398, 422.398, 422.398, 0, 3, 422.398, 424.465, 2.067, 1167, 2, 424.465, 424.523, 0.057, 97,     2.125,
 2759, 0, 422.478, 422.478, 422.546, 0.068, 136, 422.546, 424.561, 2.015, 1303, 2, 424.561, 424.654, 0.094, 187,     2.176,
 2760, 0, 422.517, 422.517, 422.591, 0.074, 147, 422.591, 424.665, 2.074, 1397, 2, 424.665, 424.675, 0.01, 4,     2.157,
 2762, 0, 422.719, 422.719, 422.801, 0.082, 148, 422.801, 424.719, 1.918, 1921, 2, 424.719, 424.729, 0.01, 2,     2.010,
 2761, 0, 422.578, 422.578, 422.591, 0.013, 33, 422.591, 424.719, 2.128, 1804, 2, 424.719, 424.782, 0.063, 126,     2.204,
 2763, 0, 423.071, 423.071, 423.084, 0.012, 25, 423.084, 424.823, 1.739, 1827, 2, 424.823, 424.84, 0.017, 35,     1.769,
 2764, 0, 423.199, 423.199, 423.199, 0, 5, 423.199, 424.914, 1.715, 1112, 2, 424.914, 424.955, 0.041, 83,     1.757,
 2766, 0, 423.694, 423.694, 423.774, 0.08, 135, 423.774, 425.468, 1.694, 1624, 2, 425.468, 425.512, 0.044, 88,     1.818,
 2767, 0, 423.897, 423.897, 423.961, 0.065, 142, 423.961, 425.674, 1.713, 1587, 2, 425.674, 425.721, 0.047, 94,     1.825,
 2765, 0, 423.64, 423.64, 423.664, 0.024, 27, 423.664, 425.424, 1.76, 1262, 2, 425.424, 425.977, 0.553, 1107,     2.337,
 2769, 0, 424.346, 424.346, 424.541, 0.195, 408, 424.541, 426.092, 1.551, 1899, 2, 426.092, 426.12, 0.028, 56,     1.774,
 2768, 0, 424.337, 424.337, 424.464, 0.127, 254, 424.464, 425.972, 1.508, 1585, 2, 425.972, 426.263, 0.291, 603,     1.926,
 2772, 0, 424.675, 424.675, 424.752, 0.077, 159, 424.752, 426.233, 1.481, 1216, 2, 426.233, 426.291, 0.058, 116,     1.615,
 2771, 0, 424.572, 424.572, 424.582, 0.01, 26, 424.582, 426.173, 1.591, 2020, 2, 426.173, 426.346, 0.173, 346,     1.774,
 2774, 0, 424.872, 424.872, 424.882, 0.01, 3, 424.882, 426.422, 1.541, 1557, 2, 426.422, 426.532, 0.11, 220,     1.661,
 2776, 0, 425.059, 425.059, 425.112, 0.053, 93, 425.112, 426.496, 1.385, 1774, 2, 426.496, 426.552, 0.056, 93,     1.494,
 2775, 0, 424.913, 424.913, 425.018, 0.104, 209, 425.018, 426.496, 1.478, 1306, 2, 426.496, 426.634, 0.137, 275,     1.720,
 2777, 0, 425.213, 425.213, 426.5, 1.287, 2574, 426.5, 427.219, 0.719, 1729, 2, 427.219, 427.229, 0.01, 6,     2.016,
 2779, 0, 425.301, 425.301, 426.514, 1.213, 22, 426.514, 427.248, 0.734, 1529, 2, 427.248, 427.258, 0.01, 1,     1.956,
 2770, 0, 424.566, 424.566, 426.461, 1.895, 3755, 426.461, 427.177, 0.716, 2011, 2, 427.177, 427.268, 0.091, 168,     2.702,
 2780, 0, 425.583, 425.583, 426.548, 0.965, 37, 426.548, 427.428, 0.88, 1688, 2, 427.428, 427.438, 0.01, 5,     1.856,
 2778, 0, 425.251, 425.251, 426.548, 1.297, 146, 426.548, 427.283, 0.735, 1316, 2, 427.283, 427.487, 0.203, 418,     2.236,
 2783, 0, 425.963, 425.963, 426.619, 0.656, 47, 426.619, 427.511, 0.892, 1614, 2, 427.511, 427.521, 0.01, 4,     1.558,
 2784, 0, 426.058, 426.058, 426.633, 0.574, 16, 426.633, 427.543, 0.91, 1282, 2, 427.543, 427.557, 0.014, 28,     1.499,
 2782, 0, 425.846, 425.846, 426.585, 0.738, 45, 426.585, 427.468, 0.884, 1267, 2, 427.468, 427.577, 0.108, 186,     1.730,
 2785, 0, 426.12, 426.12, 426.647, 0.527, 8, 426.647, 427.678, 1.031, 1618, 2, 427.678, 427.697, 0.019, 38,     1.577,
 2781, 0, 425.706, 425.706, 426.661, 0.955, 206, 426.661, 427.718, 1.057, 1681, 2, 427.718, 427.803, 0.085, 167,     2.097,
 2787, 0, 426.213, 426.213, 426.675, 0.462, 2, 426.675, 427.761, 1.086, 1345, 2, 427.761, 427.832, 0.071, 143,     1.620,
 2786, 0, 426.183, 426.183, 426.746, 0.562, 168, 426.746, 427.928, 1.183, 881, 2, 427.928, 427.938, 0.01, 3,     1.755,
 2790, 0, 426.326, 426.326, 426.758, 0.432, 19, 426.758, 427.968, 1.211, 1567, 2, 427.968, 427.978, 0.01, 3,     1.652,
 2788, 0, 426.238, 426.238, 426.687, 0.448, 7, 426.687, 427.793, 1.106, 1747, 2, 427.793, 428.008, 0.216, 432,     1.770,
 2791, 0, 426.88, 426.88, 426.88, 0, 5, 426.88, 428.042, 1.162, 1144, 2, 428.042, 428.052, 0.01, 17,     1.172,
 2789, 0, 426.255, 426.255, 426.817, 0.562, 261, 426.817, 428.01, 1.193, 1507, 2, 428.01, 428.125, 0.114, 233,     1.869,
 2773, 0, 424.701, 424.701, 424.766, 0.065, 14, 424.766, 426.233, 1.467, 1149, 2, 426.233, 428.36, 2.128, 4256,     3.659,
 2794, 0, 427.25, 427.25, 427.324, 0.075, 127, 427.324, 428.434, 1.11, 1436, 2, 428.434, 428.444, 0.01, 17,     1.195,
 2793, 0, 427.176, 427.176, 427.197, 0.021, 55, 427.197, 428.292, 1.095, 1592, 2, 428.292, 428.464, 0.172, 344,     1.288,
 2795, 0, 427.331, 427.331, 427.353, 0.022, 56, 427.353, 428.477, 1.125, 1656, 2, 428.477, 428.487, 0.01, 17,     1.156,
 2796, 0, 427.748, 427.748, 427.886, 0.138, 278, 427.886, 428.792, 0.906, 1214, 2, 428.792, 428.822, 0.03, 48,     1.074,
 2792, 0, 426.989, 426.989, 428.024, 1.036, 2073, 428.024, 429.014, 0.99, 1800, 2, 429.014, 429.17, 0.156, 312,     2.181,
 2798, 0, 427.971, 427.971, 428.112, 0.141, 204, 428.112, 429.041, 0.929, 1360, 2, 429.041, 429.214, 0.173, 344,     1.242,
 2799, 0, 428.026, 428.026, 428.152, 0.126, 246, 428.152, 429.204, 1.051, 1661, 2, 429.204, 429.274, 0.07, 122,     1.248,
 2800, 0, 428.437, 428.437, 428.482, 0.045, 82, 428.482, 429.264, 0.782, 1293, 2, 429.264, 429.439, 0.175, 350,     1.002,
 2801, 0, 428.449, 428.449, 428.468, 0.019, 38, 428.468, 429.236, 0.768, 1747, 2, 429.236, 429.594, 0.358, 717,     1.145,
 2803, 0, 429.117, 429.117, 429.175, 0.058, 116, 429.175, 429.905, 0.73, 1557, 2, 429.905, 429.915, 0.01, 13,     0.797,
 2804, 0, 429.134, 429.134, 429.189, 0.055, 5, 429.189, 429.905, 0.716, 1349, 2, 429.905, 430.142, 0.237, 475,     1.008,
 2805, 0, 429.322, 429.322, 429.322, 0, 1, 429.322, 430.042, 0.72, 1665, 2, 430.042, 430.214, 0.173, 346,     0.893,
 2797, 0, 427.786, 427.786, 428, 0.214, 229, 428, 428.986, 0.986, 1299, 2, 428.986, 430.405, 1.419, 2823,     2.619,
 2802, 0, 428.637, 428.637, 429.551, 0.914, 1822, 429.551, 430.405, 0.854, 1414, 2, 430.405, 430.459, 0.055, 109,     1.822,
 2806, 0, 429.652, 429.652, 429.718, 0.066, 106, 429.718, 430.806, 1.089, 1568, 2, 430.806, 430.839, 0.033, 36,     1.187,
 2807, 0, 429.671, 429.671, 430.232, 0.561, 1129, 430.232, 431.16, 0.928, 1612, 2, 431.16, 431.185, 0.025, 50,     1.513,
 2811, 0, 430.177, 430.177, 430.522, 0.345, 481, 430.522, 431.318, 0.795, 1634, 2, 431.318, 431.328, 0.01, 15,     1.150,
 2810, 0, 430.144, 430.144, 430.282, 0.139, 101, 430.282, 431.318, 1.035, 1846, 2, 431.318, 431.328, 0.01, 14,     1.184,
 2812, 0, 430.27, 430.27, 430.697, 0.427, 326, 430.697, 431.413, 0.715, 2127, 2, 431.413, 431.447, 0.034, 78,     1.176,
 2809, 0, 430.123, 430.123, 430.735, 0.612, 1204, 430.735, 431.569, 0.834, 2212, 2, 431.569, 431.579, 0.01, 11,     1.456,
 2815, 0, 430.635, 430.635, 430.882, 0.247, 200, 430.882, 431.836, 0.954, 1281, 2, 431.836, 431.856, 0.019, 39,     1.220,
 2814, 0, 430.621, 430.621, 430.783, 0.162, 73, 430.783, 431.836, 1.054, 1168, 2, 431.836, 431.876, 0.039, 77,     1.255,
 2817, 0, 430.707, 430.707, 430.963, 0.255, 23, 430.963, 431.912, 0.949, 1538, 2, 431.912, 431.922, 0.01, 18,     1.214,
 2816, 0, 430.7, 430.7, 430.951, 0.251, 134, 430.951, 431.912, 0.961, 1349, 2, 431.912, 431.942, 0.03, 29,     1.242,
 2818, 0, 430.807, 430.807, 431.011, 0.203, 73, 431.011, 432.087, 1.076, 1578, 2, 432.087, 432.106, 0.019, 38,     1.298,
 2819, 0, 431.16, 431.16, 431.16, 0, 5, 431.16, 432.167, 1.008, 1209, 2, 432.167, 432.202, 0.034, 69,     1.042,
 2813, 0, 430.581, 430.581, 431.097, 0.516, 796, 431.097, 432.167, 1.071, 2271, 2, 432.167, 432.222, 0.054, 90,     1.641,
 2808, 0, 429.933, 429.933, 429.978, 0.045, 90, 429.978, 431.16, 1.182, 954, 2, 431.16, 432.382, 1.223, 2446,     2.450,
 2820, 0, 431.933, 431.933, 432.001, 0.067, 149, 432.001, 433.171, 1.17, 1824, 2, 433.171, 433.181, 0.01, 12,     1.248,
 2821, 0, 431.982, 431.982, 432.03, 0.048, 96, 432.03, 433.34, 1.31, 2179, 2, 433.34, 433.461, 0.121, 243,     1.479,
 2823, 0, 432.459, 432.459, 432.469, 0.01, 13, 432.469, 433.67, 1.201, 1193, 2, 433.67, 433.68, 0.01, 1,     1.221,
 2822, 0, 432.206, 432.206, 432.336, 0.13, 259, 432.336, 433.604, 1.268, 2070, 2, 433.604, 433.71, 0.106, 212,     1.504,
 2824, 0, 432.473, 432.473, 432.494, 0.021, 51, 432.494, 433.67, 1.176, 1463, 2, 433.67, 433.73, 0.06, 108,     1.257,
 2825, 0, 432.601, 432.601, 432.609, 0.008, 20, 432.609, 433.858, 1.249, 935, 2, 433.858, 433.868, 0.01, 7,     1.266,
 2826, 0, 432.63, 432.63, 432.677, 0.047, 84, 432.677, 433.931, 1.254, 1262, 2, 433.931, 433.999, 0.068, 137,     1.369,
 2827, 0, 432.989, 432.989, 433.139, 0.15, 293, 433.139, 434.114, 0.976, 1252, 2, 434.114, 434.124, 0.01, 14,     1.135,
 2829, 0, 433.148, 433.148, 433.191, 0.043, 87, 433.191, 434.187, 0.996, 743, 2, 434.187, 434.198, 0.01, 21,     1.050,
 2828, 0, 433.129, 433.129, 433.159, 0.03, 54, 433.159, 434.187, 1.028, 1561, 2, 434.187, 434.503, 0.316, 633,     1.375,
 2831, 0, 433.343, 433.343, 433.375, 0.032, 59, 433.375, 434.613, 1.238, 1990, 2, 434.613, 434.623, 0.01, 10,     1.280,
 2830, 0, 433.245, 433.245, 433.27, 0.026, 63, 433.27, 434.613, 1.343, 1274, 2, 434.613, 434.65, 0.036, 73,     1.405,
 2832, 0, 433.756, 433.756, 433.772, 0.016, 32, 433.772, 434.686, 0.914, 1562, 2, 434.686, 434.706, 0.02, 40,     0.950,
 2835, 0, 433.916, 433.916, 433.926, 0.01, 13, 433.926, 434.863, 0.936, 2025, 2, 434.863, 434.883, 0.02, 22,     0.966,
 2833, 0, 433.76, 433.76, 433.859, 0.1, 207, 433.859, 434.863, 1.003, 1669, 2, 434.863, 434.903, 0.04, 75,     1.143,
 2836, 0, 434.036, 434.036, 434.046, 0.01, 31, 434.046, 434.939, 0.893, 1113, 2, 434.939, 434.949, 0.01, 14,     0.913,
 2834, 0, 433.811, 433.811, 434.298, 0.487, 975, 434.298, 435.119, 0.82, 972, 2, 435.119, 435.129, 0.01, 2,     1.318,
 2837, 0, 434.224, 434.224, 434.239, 0.015, 30, 434.239, 435.119, 0.879, 1460, 2, 435.119, 435.226, 0.107, 214,     1.001,
 2838, 0, 434.496, 434.496, 434.524, 0.028, 56, 434.524, 435.442, 0.918, 1941, 2, 435.442, 435.495, 0.053, 107,     1.000,
 2840, 0, 434.793, 434.793, 434.812, 0.019, 38, 434.812, 435.618, 0.806, 1127, 2, 435.618, 435.628, 0.01, 11,     0.835,
 2839, 0, 434.725, 434.725, 434.951, 0.226, 448, 434.951, 435.695, 0.743, 1848, 2, 435.695, 435.704, 0.01, 5,     0.979,
 2841, 0, 434.921, 434.921, 434.931, 0.01, 6, 434.931, 435.648, 0.717, 1517, 2, 435.648, 435.877, 0.23, 454,     0.956,
 2842, 0, 435.395, 435.395, 435.418, 0.024, 47, 435.418, 436.153, 0.734, 1333, 2, 436.153, 436.168, 0.015, 30,     0.773,
 2843, 0, 435.41, 435.41, 435.731, 0.321, 640, 435.731, 436.443, 0.712, 1545, 2, 436.443, 436.453, 0.01, 19,     1.043,
 2844, 0, 435.673, 435.673, 435.697, 0.024, 49, 435.697, 436.418, 0.721, 1793, 2, 436.418, 436.463, 0.045, 83,     0.790,
 2846, 0, 435.762, 435.762, 435.796, 0.034, 47, 435.796, 436.511, 0.715, 1838, 2, 436.511, 436.521, 0.01, 13,     0.759,
 2845, 0, 435.752, 435.752, 435.82, 0.069, 138, 435.82, 436.658, 0.838, 1807, 2, 436.658, 436.715, 0.057, 114,     0.963,
 2847, 0, 435.81, 435.81, 435.845, 0.035, 67, 435.845, 436.693, 0.848, 1233, 2, 436.693, 436.735, 0.042, 51,     0.926,
 2848, 0, 435.845, 435.845, 435.857, 0.012, 24, 435.857, 436.761, 0.904, 1554, 2, 436.761, 436.82, 0.059, 118,     0.975,
 2849, 0, 435.902, 435.902, 435.912, 0.01, 1, 435.912, 436.914, 1.002, 1255, 2, 436.914, 436.924, 0.01, 22,     1.022,
 2851, 0, 436.048, 436.048, 436.157, 0.109, 202, 436.157, 436.954, 0.797, 1026, 2, 436.954, 436.965, 0.01, 21,     0.917,
 2850, 0, 435.915, 435.915, 436.313, 0.398, 782, 436.313, 437.171, 0.858, 1293, 2, 437.171, 437.191, 0.02, 21,     1.276,
 2854, 0, 436.371, 436.371, 436.379, 0.009, 9, 436.379, 437.204, 0.825, 1567, 2, 437.204, 437.3, 0.096, 199,     0.930,
 2855, 0, 436.494, 436.494, 436.595, 0.101, 217, 436.595, 437.421, 0.826, 1922, 2, 437.421, 437.431, 0.01, 12,     0.937,
 2853, 0, 436.283, 436.283, 436.325, 0.043, 8, 436.325, 437.181, 0.856, 1155, 2, 437.181, 437.446, 0.265, 531,     1.164,
 2852, 0, 436.069, 436.069, 436.472, 0.403, 610, 436.472, 437.273, 0.801, 1397, 2, 437.273, 437.523, 0.25, 486,     1.454,
 2857, 0, 436.658, 436.658, 437.049, 0.391, 782, 437.049, 437.959, 0.91, 1561, 2, 437.959, 438.027, 0.068, 100,     1.369,
 2856, 0, 436.588, 436.588, 437.078, 0.49, 988, 437.078, 438.036, 0.958, 1475, 2, 438.036, 438.046, 0.01, 24,     1.458,
 2859, 0, 437.505, 437.505, 437.505, 0, 13, 437.505, 438.286, 0.781, 1586, 2, 438.286, 438.341, 0.055, 111,     0.837,
 2858, 0, 436.673, 436.673, 437.101, 0.428, 91, 437.101, 438.19, 1.089, 1211, 2, 438.19, 438.459, 0.27, 527,     1.786,
 2861, 0, 437.728, 437.728, 437.737, 0.009, 13, 437.737, 438.731, 0.993, 911, 2, 438.731, 438.741, 0.01, 16,     1.012,
 2860, 0, 437.643, 437.643, 437.728, 0.085, 165, 437.728, 438.689, 0.96, 1287, 2, 438.689, 438.92, 0.231, 463,     1.276,
 2862, 0, 437.845, 437.845, 437.855, 0.01, 18, 437.855, 438.938, 1.083, 1536, 2, 438.938, 438.948, 0.01, 10,     1.103,
 2863, 0, 437.892, 437.892, 437.923, 0.031, 52, 437.923, 438.987, 1.064, 891, 2, 438.987, 439.01, 0.023, 46,     1.119,
 2865, 0, 437.991, 437.991, 438.034, 0.044, 88, 438.034, 439.053, 1.018, 1771, 2, 439.053, 439.098, 0.046, 91,     1.107,
 2864, 0, 437.949, 437.949, 438.519, 0.57, 1142, 438.519, 439.51, 0.991, 1712, 2, 439.51, 439.546, 0.036, 76,     1.597,
 2867, 0, 438.675, 438.675, 438.685, 0.01, 6, 438.685, 439.553, 0.869, 1582, 2, 439.553, 439.573, 0.019, 53,     0.898,
 2866, 0, 438.509, 438.509, 438.788, 0.279, 559, 438.788, 439.718, 0.93, 1962, 2, 439.718, 439.736, 0.018, 36,     1.227,
 2869, 0, 438.812, 438.812, 438.812, 0, 10, 438.812, 439.772, 0.961, 2053, 2, 439.772, 439.803, 0.031, 62,     0.992,
 2871, 0, 439.006, 439.006, 439.017, 0.012, 23, 439.017, 439.967, 0.95, 1439, 2, 439.967, 439.977, 0.01, 17,     0.971,
 2868, 0, 438.724, 438.724, 438.734, 0.01, 21, 438.734, 439.718, 0.983, 1366, 2, 439.718, 440.066, 0.348, 697,     1.342,
 2870, 0, 438.984, 438.984, 438.994, 0.01, 22, 438.994, 439.967, 0.973, 1514, 2, 439.967, 440.098, 0.131, 262,     1.114,
 2873, 0, 439.544, 439.544, 439.557, 0.012, 25, 439.557, 440.271, 0.714, 1387, 2, 440.271, 440.286, 0.014, 29,     0.741,
 2872, 0, 439.445, 439.445, 439.517, 0.072, 145, 439.517, 440.243, 0.725, 1351, 2, 440.243, 440.381, 0.138, 277,     0.936,
 2874, 0, 439.705, 439.705, 439.726, 0.021, 55, 439.726, 440.496, 0.77, 1375, 2, 440.496, 440.506, 0.01, 18,     0.801,
 2875, 0, 439.822, 439.822, 439.838, 0.015, 31, 439.838, 440.553, 0.716, 1873, 2, 440.553, 440.657, 0.103, 207,     0.835,
 2876, 0, 439.938, 439.938, 439.96, 0.022, 37, 439.96, 440.815, 0.856, 1359, 2, 440.815, 440.879, 0.064, 128,     0.941,
 2877, 0, 440.193, 440.193, 440.241, 0.048, 110, 440.241, 441.065, 0.823, 1298, 2, 441.065, 441.08, 0.015, 30,     0.886,
 2879, 0, 440.332, 440.332, 440.41, 0.078, 172, 440.41, 441.174, 0.764, 1483, 2, 441.174, 441.187, 0.013, 26,     0.855,
 2881, 0, 440.589, 440.589, 440.623, 0.034, 37, 440.623, 441.429, 0.806, 1086, 2, 441.429, 441.439, 0.01, 4,     0.850,
 2878, 0, 440.3, 440.3, 440.723, 0.423, 846, 440.723, 441.564, 0.841, 1742, 2, 441.564, 441.594, 0.03, 35,     1.294,
 2880, 0, 440.544, 440.544, 440.589, 0.045, 76, 440.589, 441.315, 0.726, 1112, 2, 441.315, 441.628, 0.313, 627,     1.084,
 2884, 0, 440.943, 440.943, 440.943, 0, 16, 440.943, 441.813, 0.87, 1872, 2, 441.813, 441.833, 0.02, 33,     0.890,
 2882, 0, 440.859, 440.859, 440.878, 0.019, 38, 440.878, 441.678, 0.8, 1369, 2, 441.678, 441.885, 0.206, 413,     1.026,
 2883, 0, 440.924, 440.924, 440.943, 0.019, 38, 440.943, 441.763, 0.82, 1871, 2, 441.763, 441.905, 0.141, 267,     0.980,
 2885, 0, 441.375, 441.375, 441.385, 0.01, 14, 441.385, 442.099, 0.715, 1719, 2, 442.099, 442.168, 0.069, 139,     0.794,
 2887, 0, 441.946, 441.946, 442.015, 0.069, 140, 442.015, 442.741, 0.726, 1754, 2, 442.741, 442.86, 0.119, 238,     0.914,
 2888, 0, 441.963, 441.963, 442.038, 0.076, 33, 442.038, 442.797, 0.759, 1852, 2, 442.797, 442.931, 0.134, 257,     0.968,
 2886, 0, 441.895, 441.895, 442.11, 0.215, 438, 442.11, 442.904, 0.794, 1680, 2, 442.904, 443.382, 0.478, 948,     1.487,
 2890, 0, 441.976, 441.976, 442.649, 0.673, 1079, 442.649, 443.372, 0.723, 1410, 2, 443.372, 443.382, 0.01, 1,     1.406,
 2892, 0, 442.286, 442.286, 442.741, 0.455, 98, 442.741, 443.467, 0.726, 1370, 2, 443.467, 443.477, 0.01, 13,     1.190,
 2891, 0, 442.002, 442.002, 442.692, 0.69, 75, 442.692, 443.432, 0.74, 1670, 2, 443.432, 443.49, 0.058, 116,     1.487,
 2893, 0, 442.41, 442.41, 442.775, 0.365, 39, 442.775, 443.535, 0.76, 1377, 2, 443.535, 443.545, 0.01, 14,     1.135,
 2889, 0, 441.975, 441.975, 443.226, 1.25, 2375, 443.226, 443.96, 0.734, 1794, 2, 443.96, 443.974, 0.014, 28,     1.999,
 2895, 0, 442.553, 442.553, 443.24, 0.687, 13, 443.24, 443.98, 0.74, 1036, 2, 443.98, 444.005, 0.026, 63,     1.452,
 2896, 0, 442.595, 442.595, 443.304, 0.709, 127, 443.304, 444.022, 0.718, 1728, 2, 444.022, 444.037, 0.015, 31,     1.442,
 2897, 0, 442.89, 442.89, 444.58, 1.69, 2552, 444.58, 445.299, 0.719, 2168, 2, 445.299, 445.349, 0.05, 101,     2.459,
 2894, 0, 442.433, 442.433, 444.696, 2.263, 3809, 444.696, 445.434, 0.738, 1240, 2, 445.434, 445.464, 0.03, 60,     3.031,
 2899, 0, 442.93, 442.93, 444.882, 1.952, 372, 444.882, 445.607, 0.725, 1730, 2, 445.607, 445.617, 0.01, 13,     2.687,
 2900, 0, 442.956, 442.956, 444.932, 1.976, 81, 444.932, 445.661, 0.729, 1914, 2, 445.661, 445.671, 0.01, 2,     2.715,
 2898, 0, 442.918, 442.918, 444.932, 2.014, 693, 444.932, 445.661, 0.729, 1588, 2, 445.661, 445.686, 0.026, 28,     2.769,
 2901, 0, 443.168, 443.168, 444.942, 1.774, 2, 444.942, 445.686, 0.745, 1109, 2, 445.686, 445.741, 0.055, 109,     2.573,
 2904, 0, 443.304, 443.304, 444.982, 1.678, 41, 444.982, 445.91, 0.928, 1218, 2, 445.91, 445.92, 0.01, 15,     2.616,
 2902, 0, 443.2, 443.2, 444.962, 1.762, 40, 444.962, 445.856, 0.895, 1188, 2, 445.856, 446.069, 0.212, 425,     2.869,
 2907, 0, 443.699, 443.699, 445.024, 1.325, 46, 445.024, 446.172, 1.148, 2002, 2, 446.172, 446.188, 0.016, 32,     2.489,
 2910, 0, 444.076, 444.076, 445.044, 0.968, 39, 445.044, 446.199, 1.155, 757, 2, 446.199, 446.209, 0.01, 10,     2.134,
 2908, 0, 443.815, 443.815, 445.024, 1.209, 10, 445.024, 446.172, 1.148, 988, 2, 446.172, 446.219, 0.047, 77,     2.404,
 2905, 0, 443.529, 443.529, 445.016, 1.487, 51, 445.016, 446.118, 1.102, 1419, 2, 446.118, 446.229, 0.111, 222,     2.700,
 2903, 0, 443.215, 443.215, 444.962, 1.746, 16, 444.962, 445.91, 0.949, 1221, 2, 445.91, 446.432, 0.521, 1041,     3.216,
 2912, 0, 444.187, 444.187, 445.179, 0.991, 183, 445.179, 446.449, 1.27, 777, 2, 446.449, 446.46, 0.011, 36,     2.272,
 2909, 0, 443.996, 443.996, 445.078, 1.082, 98, 445.078, 446.422, 1.344, 1365, 2, 446.422, 446.48, 0.058, 82,     2.484,
 2913, 0, 444.4, 444.4, 445.268, 0.868, 178, 445.268, 446.621, 1.353, 990, 2, 446.621, 446.633, 0.012, 24,     2.233,
 2914, 0, 444.628, 444.628, 445.34, 0.711, 116, 445.34, 446.704, 1.365, 2011, 2, 446.704, 446.714, 0.01, 12,     2.086,
 2911, 0, 444.131, 444.131, 445.281, 1.15, 472, 445.281, 446.684, 1.403, 1543, 2, 446.684, 446.739, 0.055, 110,     2.609,
 2915, 0, 445.024, 445.024, 445.386, 0.361, 175, 445.386, 446.87, 1.485, 1659, 2, 446.87, 446.889, 0.019, 37,     1.865,
 2916, 0, 445.047, 445.047, 445.502, 0.455, 301, 445.502, 446.961, 1.459, 1543, 2, 446.961, 447.102, 0.141, 249,     2.055,
 2918, 0, 445.183, 445.183, 445.516, 0.333, 4, 445.516, 447.184, 1.668, 2074, 2, 447.184, 447.208, 0.024, 49,     2.025,
 2917, 0, 445.068, 445.068, 445.548, 0.48, 294, 445.548, 447.22, 1.672, 1627, 2, 447.22, 447.26, 0.041, 81,     2.192,
 2919, 0, 445.433, 445.433, 445.591, 0.158, 112, 445.591, 447.37, 1.778, 1637, 2, 447.37, 447.38, 0.01, 12,     1.946,
 2921, 0, 445.861, 445.861, 445.958, 0.097, 170, 445.958, 447.434, 1.476, 1336, 2, 447.434, 447.444, 0.01, 17,     1.583,
 2920, 0, 445.833, 445.833, 445.897, 0.064, 129, 445.897, 447.434, 1.537, 1934, 2, 447.434, 447.487, 0.053, 106,     1.654,
 2922, 0, 445.877, 445.877, 446.041, 0.164, 287, 446.041, 447.471, 1.431, 1624, 2, 447.471, 447.629, 0.158, 300,     1.752,
 2906, 0, 443.544, 443.544, 444.996, 1.452, 18, 444.996, 445.936, 0.94, 1158, 2, 445.936, 447.661, 1.725, 3450,     4.117,
 2924, 0, 446.423, 446.423, 446.463, 0.04, 42, 446.463, 447.721, 1.258, 1988, 2, 447.721, 447.732, 0.01, 21,     1.308,
 2925, 0, 446.562, 446.562, 446.648, 0.086, 182, 446.648, 447.869, 1.22, 1280, 2, 447.869, 447.886, 0.017, 34,     1.323,
 2926, 0, 446.792, 446.792, 446.792, 0, 2, 446.792, 447.972, 1.18, 1179, 2, 447.972, 447.982, 0.01, 15,     1.190,
 2923, 0, 446.225, 446.225, 446.279, 0.053, 107, 446.279, 447.691, 1.413, 1688, 2, 447.691, 448.044, 0.353, 707,     1.819,
 2927, 0, 446.874, 446.874, 446.874, 0, 3, 446.874, 448.118, 1.244, 1106, 2, 448.118, 448.178, 0.06, 120,     1.304,
 2928, 0, 446.964, 446.964, 447.009, 0.044, 101, 447.009, 448.194, 1.185, 1371, 2, 448.194, 448.204, 0.01, 5,     1.239,
 2929, 0, 447.23, 447.23, 447.274, 0.043, 87, 447.274, 448.449, 1.175, 1113, 2, 448.449, 448.611, 0.162, 324,     1.380,
 2930, 0, 447.4, 447.4, 447.45, 0.051, 92, 447.45, 448.707, 1.256, 1769, 2, 448.707, 448.717, 0.01, 12,     1.317,
 2931, 0, 447.44, 447.44, 447.45, 0.01, 1, 447.45, 448.707, 1.256, 1593, 2, 448.707, 448.717, 0.01, 16,     1.276,
 2934, 0, 447.778, 447.778, 447.788, 0.01, 16, 447.788, 448.978, 1.19, 1225, 2, 448.978, 448.998, 0.02, 40,     1.220,
 2932, 0, 447.56, 447.56, 447.788, 0.228, 455, 447.788, 448.956, 1.168, 1669, 2, 448.956, 449.108, 0.151, 282,     1.548,
 2937, 0, 447.931, 447.931, 447.941, 0.01, 11, 447.941, 449.205, 1.264, 1346, 2, 449.205, 449.215, 0.01, 8,     1.284,
 2936, 0, 447.901, 447.901, 447.918, 0.017, 33, 447.918, 449.205, 1.287, 1474, 2, 449.205, 449.245, 0.039, 76,     1.343,
 2933, 0, 447.647, 447.647, 447.72, 0.073, 124, 447.72, 448.878, 1.159, 2047, 2, 448.878, 449.286, 0.408, 817,     1.639,
 2938, 0, 448.058, 448.058, 448.109, 0.051, 102, 448.109, 449.385, 1.276, 2043, 2, 449.385, 449.423, 0.038, 77,     1.365,
 2939, 0, 448.446, 448.446, 448.456, 0.01, 15, 448.456, 449.707, 1.251, 1406, 2, 449.707, 449.735, 0.028, 50,     1.289,
 2943, 0, 448.98, 448.98, 449.134, 0.154, 289, 449.134, 449.984, 0.851, 1626, 2, 449.984, 450.02, 0.036, 64,     1.040,
 2944, 0, 449.046, 449.046, 449.144, 0.098, 3, 449.144, 450.155, 1.011, 1390, 2, 450.155, 450.171, 0.016, 32,     1.125,
 2941, 0, 448.557, 448.557, 448.623, 0.066, 97, 448.623, 449.905, 1.282, 1737, 2, 449.905, 450.191, 0.285, 532,     1.634,
 2942, 0, 448.915, 448.915, 448.98, 0.065, 101, 448.98, 449.956, 0.976, 1040, 2, 449.956, 450.238, 0.281, 563,     1.323,
 2945, 0, 449.059, 449.059, 449.164, 0.105, 26, 449.164, 450.206, 1.042, 1453, 2, 450.206, 450.257, 0.052, 66,     1.199,
 2947, 0, 449.124, 449.124, 449.619, 0.495, 71, 449.619, 450.35, 0.732, 1113, 2, 450.35, 450.36, 0.01, 5,     1.237,
 2946, 0, 449.087, 449.087, 449.583, 0.496, 839, 449.583, 450.304, 0.721, 1285, 2, 450.304, 450.388, 0.084, 168,     1.301,
 2948, 0, 449.62, 449.62, 449.63, 0.01, 5, 449.63, 450.404, 0.774, 1619, 2, 450.404, 450.495, 0.091, 181,     0.874,
 2949, 0, 449.807, 449.807, 449.817, 0.01, 10, 449.817, 450.531, 0.714, 1646, 2, 450.531, 450.563, 0.032, 63,     0.756,
 2950, 0, 449.821, 449.821, 449.83, 0.009, 16, 449.83, 450.553, 0.724, 1375, 2, 450.553, 450.563, 0.01, 11,     0.743,
 2951, 0, 449.934, 449.934, 449.985, 0.051, 79, 449.985, 450.703, 0.718, 1475, 2, 450.703, 450.716, 0.013, 26,     0.782,
 2953, 0, 450.149, 450.149, 450.192, 0.044, 20, 450.192, 450.911, 0.718, 1313, 2, 450.911, 450.921, 0.01, 10,     0.772,
 2952, 0, 450.136, 450.136, 450.182, 0.046, 58, 450.182, 450.911, 0.728, 1422, 2, 450.911, 450.964, 0.053, 106,     0.827,
 2940, 0, 448.473, 448.473, 448.567, 0.094, 204, 448.567, 449.735, 1.167, 1547, 2, 449.735, 451.7, 1.965, 3927,     3.227,
 2954, 0, 450.182, 450.182, 451.389, 1.207, 2376, 451.389, 452.32, 0.931, 1723, 2, 452.32, 452.346, 0.026, 53,     2.163,
 2955, 0, 450.403, 450.403, 451.399, 0.996, 9, 451.399, 452.382, 0.983, 1687, 2, 452.382, 452.392, 0.01, 8,     1.989,
 2956, 0, 450.437, 450.437, 451.449, 1.012, 94, 451.449, 452.442, 0.993, 1171, 2, 452.442, 452.472, 0.03, 36,     2.035,
 2957, 0, 450.963, 450.963, 451.709, 0.746, 507, 451.709, 452.699, 0.99, 1882, 2, 452.699, 452.753, 0.054, 108,     1.790,
 2958, 0, 451.27, 451.27, 451.721, 0.451, 19, 451.721, 452.832, 1.111, 1278, 2, 452.832, 452.864, 0.032, 83,     1.594,
 2959, 0, 451.444, 451.444, 451.724, 0.281, 1, 451.724, 452.894, 1.169, 937, 2, 452.894, 452.904, 0.01, 13,     1.460,
 2960, 0, 451.596, 451.596, 451.899, 0.303, 344, 451.899, 452.955, 1.056, 1549, 2, 452.955, 452.965, 0.01, 16,     1.369,
 2935, 0, 447.829, 447.829, 451.846, 4.017, 8048, 451.846, 452.955, 1.11, 1801, 2, 452.955, 453.084, 0.128, 257,     5.255,
 2962, 0, 451.701, 451.701, 452.102, 0.4, 405, 452.102, 453.089, 0.988, 1844, 2, 453.089, 453.099, 0.01, 20,     1.398,
 2961, 0, 451.675, 451.675, 452.151, 0.476, 602, 452.151, 453.212, 1.062, 1606, 2, 453.212, 453.24, 0.028, 56,     1.565,
 2963, 0, 451.724, 451.724, 452.151, 0.427, 88, 452.151, 453.212, 1.062, 1435, 2, 453.212, 453.311, 0.099, 198,     1.587,
 2964, 0, 452.007, 452.007, 452.171, 0.163, 35, 452.171, 453.339, 1.168, 1586, 2, 453.339, 453.354, 0.014, 29,     1.346,
 2966, 0, 452.119, 452.119, 452.181, 0.062, 7, 452.181, 453.392, 1.211, 1639, 2, 453.392, 453.429, 0.036, 73,     1.309,
 2967, 0, 452.231, 452.231, 452.244, 0.013, 26, 452.244, 453.462, 1.218, 1538, 2, 453.462, 453.472, 0.01, 9,     1.241,
 2965, 0, 452.021, 452.021, 452.381, 0.36, 440, 452.381, 453.462, 1.081, 1825, 2, 453.462, 453.528, 0.066, 132,     1.507,
 2969, 0, 452.381, 452.381, 452.389, 0.008, 3, 452.389, 453.588, 1.2, 977, 2, 453.588, 453.633, 0.045, 89,     1.252,
 2968, 0, 452.324, 452.324, 452.444, 0.119, 258, 452.444, 453.641, 1.198, 2029, 2, 453.641, 453.658, 0.017, 51,     1.334,
 2971, 0, 452.477, 452.477, 452.547, 0.07, 106, 452.547, 453.715, 1.169, 1626, 2, 453.715, 453.75, 0.034, 53,     1.273,
 2970, 0, 452.389, 452.389, 452.681, 0.292, 584, 452.681, 453.891, 1.21, 1937, 2, 453.891, 453.92, 0.029, 59,     1.532,
 2973, 0, 453.072, 453.072, 453.241, 0.169, 346, 453.241, 454.398, 1.157, 1578, 2, 454.398, 454.515, 0.118, 235,     1.443,
 2975, 0, 453.675, 453.675, 453.82, 0.145, 293, 453.82, 454.665, 0.845, 1138, 2, 454.665, 454.678, 0.014, 27,     1.003,
 2976, 0, 453.771, 453.771, 453.834, 0.063, 18, 453.834, 454.725, 0.891, 1474, 2, 454.725, 454.742, 0.017, 35,     0.971,
 2974, 0, 453.503, 453.503, 453.848, 0.345, 672, 453.848, 454.725, 0.877, 1702, 2, 454.725, 455.02, 0.295, 556,     1.517,
 2972, 0, 452.703, 452.703, 452.802, 0.1, 185, 452.802, 454.089, 1.286, 946, 2, 454.089, 455.037, 0.948, 1897,     2.334,
 2977, 0, 453.873, 453.873, 453.907, 0.034, 63, 453.907, 454.863, 0.955, 1309, 2, 454.863, 455.158, 0.295, 603,     1.285,
 2978, 0, 454.109, 454.109, 454.117, 0.007, 17, 454.117, 455.166, 1.05, 1283, 2, 455.166, 455.281, 0.114, 232,     1.172,
 2979, 0, 454.174, 454.174, 454.39, 0.216, 433, 454.39, 455.362, 0.972, 1478, 2, 455.362, 455.372, 0.01, 1,     1.198,
 2981, 0, 454.293, 454.293, 454.424, 0.13, 49, 454.424, 455.416, 0.992, 1532, 2, 455.416, 455.427, 0.011, 22,     1.133,
 2982, 0, 454.829, 454.829, 454.839, 0.01, 5, 454.839, 455.665, 0.826, 1672, 2, 455.665, 455.675, 0.01, 12,     0.846,
 2983, 0, 454.861, 454.861, 454.968, 0.107, 214, 454.968, 455.745, 0.777, 1489, 2, 455.745, 455.756, 0.01, 21,     0.895,
 2980, 0, 454.272, 454.272, 454.547, 0.274, 558, 454.547, 455.491, 0.944, 1552, 2, 455.491, 455.812, 0.321, 643,     1.539,
 2984, 0, 455.013, 455.013, 455.042, 0.029, 57, 455.042, 455.86, 0.818, 1758, 2, 455.86, 455.887, 0.027, 54,     0.874,
 2986, 0, 455.09, 455.09, 455.107, 0.017, 34, 455.107, 456.01, 0.903, 1629, 2, 456.01, 456.02, 0.01, 18,     0.930,
 2985, 0, 455.068, 455.068, 455.078, 0.01, 12, 455.078, 456.01, 0.932, 2039, 2, 456.01, 456.02, 0.01, 3,     0.952,
 2987, 0, 455.346, 455.346, 455.356, 0.01, 6, 455.356, 456.26, 0.904, 1371, 2, 456.26, 456.272, 0.013, 26,     0.927,
 2989, 0, 455.458, 455.458, 455.468, 0.01, 16, 455.468, 456.414, 0.946, 1442, 2, 456.414, 456.454, 0.04, 80,     0.996,
 2988, 0, 455.403, 455.403, 455.442, 0.039, 88, 455.442, 456.361, 0.92, 1160, 2, 456.361, 456.529, 0.168, 323,     1.127,
 2991, 0, 456.079, 456.079, 456.217, 0.138, 283, 456.217, 456.935, 0.718, 960, 2, 456.935, 456.945, 0.01, 1,     0.866,
 2993, 0, 456.136, 456.136, 456.325, 0.19, 74, 456.325, 457.056, 0.731, 1051, 2, 457.056, 457.068, 0.012, 23,     0.932,
 2990, 0, 456.019, 456.019, 456.288, 0.27, 509, 456.288, 457.003, 0.715, 1157, 2, 457.003, 457.087, 0.084, 167,     1.068,
 2994, 0, 456.417, 456.417, 456.539, 0.122, 245, 456.539, 457.306, 0.767, 1745, 2, 457.306, 457.326, 0.02, 27,     0.909,
 2995, 0, 456.437, 456.437, 456.574, 0.136, 66, 456.574, 457.396, 0.823, 1652, 2, 457.396, 457.469, 0.072, 145,     1.031,
 2996, 0, 456.564, 456.564, 456.664, 0.1, 179, 456.664, 457.568, 0.904, 1453, 2, 457.568, 457.59, 0.022, 43,     1.026,
 2997, 0, 457.132, 457.132, 457.155, 0.023, 46, 457.155, 457.871, 0.716, 1128, 2, 457.871, 457.881, 0.01, 18,     0.749,
 2992, 0, 456.103, 456.103, 457.559, 1.456, 2684, 457.559, 458.28, 0.72, 1736, 2, 458.28, 458.318, 0.038, 77,     2.215,
 2998, 0, 457.616, 457.616, 457.813, 0.197, 395, 457.813, 458.529, 0.716, 1285, 2, 458.529, 458.571, 0.041, 83,     0.955,
 2999, 0, 457.973, 457.973, 458.227, 0.255, 509, 458.227, 458.954, 0.727, 1246, 2, 458.954, 459.404, 0.45, 900,     1.431,
 3000, 0, 458.65, 458.65, 458.699, 0.05, 88, 458.699, 459.415, 0.716, 1662, 2, 459.415, 459.425, 0.01, 14,     0.775,
 3002, 0, 458.91, 458.91, 458.929, 0.019, 46, 458.929, 459.672, 0.742, 1459, 2, 459.672, 459.691, 0.019, 38,     0.781,
 3001, 0, 458.793, 458.793, 458.825, 0.031, 63, 458.825, 459.617, 0.792, 1054, 2, 459.617, 459.731, 0.114, 200,     0.937,
 3003, 0, 458.929, 458.929, 458.929, 0, 4, 458.929, 459.877, 0.948, 1553, 2, 459.877, 459.887, 0.01, 10,     0.958,
 3004, 0, 459.273, 459.273, 459.301, 0.028, 67, 459.301, 460.127, 0.826, 1390, 2, 460.127, 460.303, 0.176, 353,     1.030,
 3005, 0, 459.573, 459.573, 459.68, 0.108, 205, 459.68, 460.486, 0.805, 1731, 2, 460.486, 460.496, 0.01, 9,     0.923,
 3007, 0, 459.975, 459.975, 459.985, 0.01, 6, 459.985, 460.7, 0.715, 1506, 2, 460.7, 460.71, 0.01, 20,     0.735,
 3006, 0, 459.804, 459.804, 459.815, 0.011, 22, 459.815, 460.636, 0.821, 2059, 2, 460.636, 460.749, 0.113, 227,     0.945,
 3010, 0, 460.578, 460.578, 460.578, 0, 10, 460.578, 461.437, 0.859, 1816, 2, 461.437, 461.466, 0.029, 59,     0.889,
 3009, 0, 460.551, 460.551, 460.597, 0.046, 73, 460.597, 461.608, 1.011, 1851, 2, 461.608, 461.641, 0.033, 80,     1.090,
 3013, 0, 460.664, 460.664, 460.683, 0.019, 41, 460.683, 461.686, 1.003, 1193, 2, 461.686, 461.696, 0.01, 7,     1.032,
 3012, 0, 460.611, 460.611, 460.637, 0.026, 57, 460.637, 461.686, 1.049, 1763, 2, 461.686, 461.75, 0.063, 127,     1.139,
 3014, 0, 460.769, 460.769, 460.904, 0.135, 270, 460.904, 461.918, 1.014, 1354, 2, 461.918, 461.928, 0.01, 5,     1.159,
 3011, 0, 460.599, 460.599, 461.168, 0.569, 1125, 461.168, 462.173, 1.005, 1862, 2, 462.173, 462.183, 0.01, 18,     1.584,
 3016, 0, 461.127, 461.127, 461.182, 0.055, 1, 461.182, 462.2, 1.018, 1060, 2, 462.2, 462.225, 0.025, 50,     1.099,
 3017, 0, 461.138, 461.138, 461.206, 0.068, 43, 461.206, 462.2, 0.994, 1545, 2, 462.2, 462.245, 0.045, 68,     1.107,
 3018, 0, 461.918, 461.918, 461.932, 0.014, 28, 461.932, 462.709, 0.777, 1222, 2, 462.709, 462.734, 0.025, 50,     0.816,
 3020, 0, 462.057, 462.057, 462.088, 0.031, 63, 462.088, 462.961, 0.873, 1549, 2, 462.961, 462.986, 0.025, 50,     0.929,
 3019, 0, 461.95, 461.95, 461.959, 0.01, 24, 461.959, 462.872, 0.913, 1325, 2, 462.872, 463.074, 0.202, 404,     1.125,
 3022, 0, 462.223, 462.223, 462.233, 0.01, 28, 462.233, 463.192, 0.959, 1662, 2, 463.192, 463.255, 0.062, 125,     1.032,
 3023, 0, 462.258, 462.258, 462.326, 0.068, 136, 462.326, 463.214, 0.888, 1362, 2, 463.214, 463.342, 0.128, 256,     1.084,
 3021, 0, 462.179, 462.179, 462.737, 0.558, 1106, 462.737, 463.466, 0.728, 912, 2, 463.466, 463.483, 0.017, 35,     1.304,
 3025, 0, 462.621, 462.621, 462.631, 0.01, 6, 462.631, 463.446, 0.815, 1266, 2, 463.446, 463.496, 0.05, 101,     0.875,
 3024, 0, 462.566, 462.566, 462.605, 0.039, 79, 462.605, 463.371, 0.765, 1617, 2, 463.371, 463.61, 0.239, 478,     1.044,
 3026, 0, 462.757, 462.757, 462.805, 0.048, 107, 462.805, 463.709, 0.904, 1678, 2, 463.709, 463.719, 0.01, 13,     0.961,
 3027, 0, 462.952, 462.952, 462.973, 0.021, 36, 462.973, 463.721, 0.747, 1666, 2, 463.721, 463.831, 0.11, 224,     0.879,
 3028, 0, 463.063, 463.063, 463.215, 0.152, 301, 463.215, 463.97, 0.755, 1329, 2, 463.97, 463.98, 0.01, 5,     0.917,
 3030, 0, 463.233, 463.233, 463.255, 0.022, 60, 463.255, 463.97, 0.715, 2108, 2, 463.97, 464.028, 0.058, 117,     0.796,
 3029, 0, 463.217, 463.217, 463.281, 0.063, 121, 463.281, 464.122, 0.841, 1126, 2, 464.122, 464.134, 0.012, 24,     0.917,
 3031, 0, 463.692, 463.692, 463.702, 0.01, 11, 463.702, 464.423, 0.721, 1227, 2, 464.423, 464.434, 0.011, 22,     0.742,
 3032, 0, 463.729, 463.729, 463.78, 0.05, 102, 463.78, 464.493, 0.713, 1084, 2, 464.493, 464.503, 0.01, 19,     0.774,
 3034, 0, 463.955, 463.955, 463.975, 0.02, 30, 463.975, 464.693, 0.718, 1795, 2, 464.693, 464.703, 0.01, 3,     0.748,
 3033, 0, 463.923, 463.923, 463.965, 0.043, 81, 463.965, 464.683, 0.717, 1519, 2, 464.683, 464.713, 0.031, 56,     0.791,
 3035, 0, 463.998, 463.998, 463.998, 0, 5, 463.998, 464.713, 0.715, 1484, 2, 464.713, 464.743, 0.03, 37,     0.745,
 3036, 0, 464.149, 464.149, 464.192, 0.043, 80, 464.192, 465.032, 0.839, 1888, 2, 465.032, 465.092, 0.06, 121,     0.943,
 3039, 0, 464.333, 464.333, 464.333, 0, 10, 464.333, 465.222, 0.888, 1816, 2, 465.222, 465.247, 0.026, 51,     0.914,
 3037, 0, 464.252, 464.252, 464.327, 0.075, 169, 464.327, 465.202, 0.875, 1048, 2, 465.202, 465.267, 0.065, 94,     1.015,
 3038, 0, 464.281, 464.281, 464.392, 0.111, 211, 464.392, 465.298, 0.905, 1737, 2, 465.298, 465.409, 0.111, 222,     1.127,
 3041, 0, 464.498, 464.498, 464.531, 0.033, 75, 464.531, 465.451, 0.92, 1635, 2, 465.451, 465.461, 0.01, 19,     0.963,
 3042, 0, 464.521, 464.521, 464.531, 0.01, 4, 464.531, 465.477, 0.946, 1105, 2, 465.477, 465.513, 0.036, 71,     0.992,
 3043, 0, 464.598, 464.598, 464.604, 0.006, 19, 464.604, 465.687, 1.083, 1632, 2, 465.687, 465.698, 0.012, 23,     1.100,
 3044, 0, 464.649, 464.649, 464.667, 0.017, 35, 464.667, 465.727, 1.06, 1698, 2, 465.727, 465.737, 0.01, 4,     1.088,
 3040, 0, 464.406, 464.406, 464.416, 0.01, 14, 464.416, 465.432, 1.016, 1478, 2, 465.432, 465.864, 0.432, 865,     1.458,
 3045, 0, 465.2, 465.2, 465.21, 0.01, 20, 465.21, 465.984, 0.774, 1040, 2, 465.984, 465.994, 0.01, 9,     0.794,
 3015, 0, 461.061, 461.061, 461.246, 0.185, 365, 461.246, 462.423, 1.177, 960, 2, 462.423, 466.035, 3.612, 7225,     4.973,
 3046, 0, 465.252, 465.252, 465.292, 0.04, 63, 465.292, 466.066, 0.774, 1726, 2, 466.066, 466.076, 0.01, 8,     0.824,
 3047, 0, 465.282, 465.282, 465.39, 0.108, 214, 465.39, 466.207, 0.817, 1064, 2, 466.207, 466.396, 0.189, 378,     1.114,
 3050, 0, 465.86, 465.86, 465.872, 0.012, 24, 465.872, 466.589, 0.716, 1399, 2, 466.589, 466.774, 0.185, 359,     0.913,
 3051, 0, 465.907, 465.907, 465.952, 0.045, 110, 465.952, 466.727, 0.775, 1907, 2, 466.727, 466.784, 0.057, 114,     0.877,
 3049, 0, 465.446, 465.446, 465.966, 0.52, 1033, 465.966, 466.764, 0.798, 1249, 2, 466.764, 466.784, 0.02, 37,     1.338,
 3052, 0, 465.971, 465.971, 466.026, 0.055, 117, 466.026, 466.977, 0.951, 1849, 2, 466.977, 466.999, 0.022, 45,     1.028,
 3053, 0, 466.022, 466.022, 466.022, 0, 11, 466.022, 466.977, 0.955, 1896, 2, 466.977, 467.074, 0.098, 196,     1.053,
 3056, 0, 466.403, 466.403, 466.455, 0.052, 70, 466.455, 467.226, 0.771, 1345, 2, 467.226, 467.236, 0.01, 3,     0.833,
 3054, 0, 466.038, 466.038, 466.208, 0.17, 305, 466.208, 467.226, 1.018, 1769, 2, 467.226, 467.236, 0.01, 18,     1.198,
 3057, 0, 466.411, 466.411, 466.523, 0.112, 126, 466.523, 467.346, 0.824, 1823, 2, 467.346, 467.356, 0.01, 1,     0.946,
 3058, 0, 466.646, 466.646, 466.691, 0.045, 90, 466.691, 467.475, 0.785, 1496, 2, 467.475, 467.485, 0.01, 6,     0.840,
 3060, 0, 466.91, 466.91, 466.932, 0.022, 28, 466.932, 467.66, 0.728, 1682, 2, 467.66, 467.67, 0.01, 5,     0.761,
 3061, 0, 467.03, 467.03, 467.079, 0.049, 99, 467.079, 467.809, 0.73, 1365, 2, 467.809, 468.005, 0.195, 391,     0.975,
 3008, 0, 460.464, 460.464, 460.489, 0.026, 34, 460.489, 461.358, 0.869, 1171, 2, 461.358, 468.102, 6.743, 13479,     7.638,
 3063, 0, 467.237, 467.237, 467.292, 0.055, 116, 467.292, 468.068, 0.775, 1537, 2, 468.068, 468.102, 0.034, 49,     0.864,
 3048, 0, 465.38, 465.38, 465.39, 0.01, 13, 465.39, 466.217, 0.827, 1532, 2, 466.217, 468.168, 1.951, 3903,     2.788,
 3062, 0, 467.111, 467.111, 467.126, 0.015, 41, 467.126, 467.843, 0.717, 1835, 2, 467.843, 468.188, 0.346, 673,     1.077,
 3066, 0, 467.426, 467.426, 467.445, 0.019, 52, 467.445, 468.24, 0.795, 1644, 2, 468.24, 468.25, 0.01, 3,     0.824,
 3065, 0, 467.395, 467.395, 467.405, 0.01, 21, 467.405, 468.24, 0.835, 1074, 2, 468.24, 468.25, 0.01, 13,     0.855,
 3064, 0, 467.347, 467.347, 467.361, 0.014, 45, 467.361, 468.092, 0.73, 1805, 2, 468.092, 468.285, 0.194, 387,     0.938,
 3069, 0, 467.764, 467.764, 467.776, 0.012, 23, 467.776, 468.591, 0.815, 1870, 2, 468.591, 468.613, 0.022, 44,     0.848,
 3067, 0, 467.514, 467.514, 467.58, 0.066, 130, 467.58, 468.491, 0.912, 1626, 2, 468.491, 468.787, 0.296, 593,     1.274,
 3070, 0, 468.014, 468.014, 468.026, 0.012, 24, 468.026, 468.844, 0.818, 1644, 2, 468.844, 468.859, 0.015, 30,     0.845,
 3059, 0, 466.781, 466.781, 466.791, 0.01, 14, 466.791, 467.52, 0.729, 1687, 2, 467.52, 468.94, 1.42, 2841,     2.159,
 3072, 0, 468.21, 468.21, 468.22, 0.01, 10, 468.22, 468.999, 0.778, 1749, 2, 468.999, 469.044, 0.046, 91,     0.834,
 3068, 0, 467.723, 467.723, 467.813, 0.09, 199, 467.813, 468.74, 0.928, 1616, 2, 468.74, 469.111, 0.371, 742,     1.388,
 3073, 0, 468.317, 468.317, 468.327, 0.01, 1, 468.327, 469.095, 0.768, 1469, 2, 469.095, 469.176, 0.081, 162,     0.859,
 3074, 0, 468.345, 468.345, 468.4, 0.054, 117, 468.4, 469.248, 0.848, 1365, 2, 469.248, 469.297, 0.049, 99,     0.952,
 3075, 0, 468.586, 468.586, 468.613, 0.026, 41, 468.613, 469.751, 1.138, 1392, 2, 469.751, 469.761, 0.01, 11,     1.175,
 3076, 0, 468.788, 468.788, 468.854, 0.066, 132, 468.854, 469.841, 0.987, 1485, 2, 469.841, 469.851, 0.01, 21,     1.063,
 3077, 0, 468.818, 468.818, 468.864, 0.045, 1, 468.864, 469.855, 0.991, 1779, 2, 469.855, 469.908, 0.053, 114,     1.090,
 3079, 0, 468.865, 468.865, 468.912, 0.047, 77, 468.912, 470, 1.088, 1306, 2, 470, 470.02, 0.02, 41,     1.155,
 3078, 0, 468.848, 468.848, 468.874, 0.026, 11, 468.874, 470, 1.127, 1397, 2, 470, 470.051, 0.05, 101,     1.203,
 3081, 0, 469.111, 469.111, 469.136, 0.025, 32, 469.136, 470.261, 1.125, 1581, 2, 470.261, 470.271, 0.01, 2,     1.160,
 3080, 0, 469.083, 469.083, 469.083, 0, 12, 469.083, 470.261, 1.178, 1786, 2, 470.261, 470.291, 0.03, 36,     1.208,
 3071, 0, 468.063, 468.063, 469.205, 1.142, 2284, 469.205, 470.34, 1.135, 1746, 2, 470.34, 470.468, 0.128, 257,     2.406,
 3082, 0, 469.488, 469.488, 469.567, 0.079, 147, 469.567, 470.59, 1.023, 915, 2, 470.59, 470.6, 0.01, 16,     1.112,
 3083, 0, 469.59, 469.59, 469.6, 0.01, 21, 469.6, 470.617, 1.017, 1522, 2, 470.617, 470.666, 0.049, 98,     1.076,
 3085, 0, 469.762, 469.762, 469.809, 0.048, 101, 469.809, 470.835, 1.026, 1175, 2, 470.835, 470.846, 0.01, 21,     1.084,
 3086, 0, 469.791, 469.791, 469.835, 0.044, 83, 469.835, 470.875, 1.04, 1759, 2, 470.875, 470.885, 0.01, 13,     1.094,
 3084, 0, 469.641, 469.641, 469.651, 0.01, 16, 469.651, 470.772, 1.121, 887, 2, 470.772, 470.998, 0.226, 453,     1.357,
 3088, 0, 469.947, 469.947, 469.957, 0.01, 5, 469.957, 471.133, 1.176, 1474, 2, 471.133, 471.143, 0.01, 3,     1.196,
 3089, 0, 470.025, 470.025, 470.264, 0.239, 466, 470.264, 471.271, 1.007, 1264, 2, 471.271, 471.332, 0.062, 123,     1.308,
 3055, 0, 466.351, 466.351, 466.486, 0.134, 256, 466.486, 467.291, 0.805, 1789, 2, 467.291, 471.542, 4.251, 8484,     5.191,
 3091, 0, 470.479, 470.479, 470.484, 0.005, 12, 470.484, 471.589, 1.105, 1466, 2, 471.589, 471.605, 0.017, 33,     1.127,
 3092, 0, 470.623, 470.623, 470.644, 0.022, 41, 470.644, 471.772, 1.127, 1503, 2, 471.772, 471.782, 0.01, 21,     1.159,
 3090, 0, 470.086, 470.086, 470.295, 0.209, 62, 470.295, 471.393, 1.098, 1340, 2, 471.393, 471.878, 0.485, 944,     1.793,
 3093, 0, 470.953, 470.953, 471.055, 0.103, 205, 471.055, 471.91, 0.855, 1537, 2, 471.91, 472.12, 0.21, 421,     1.168,
 3094, 0, 471.187, 471.187, 471.221, 0.034, 32, 471.221, 472.089, 0.868, 1354, 2, 472.089, 472.14, 0.051, 80,     0.953,
 3095, 0, 471.686, 471.686, 471.938, 0.253, 472, 471.938, 472.664, 0.725, 1399, 2, 472.664, 472.779, 0.115, 218,     1.093,
 3097, 0, 471.751, 471.751, 472.009, 0.259, 37, 472.009, 472.738, 0.728, 1789, 2, 472.738, 473, 0.262, 525,     1.250,
 3098, 0, 471.857, 471.857, 472.142, 0.285, 246, 472.142, 473.003, 0.861, 1508, 2, 473.003, 473.046, 0.043, 92,     1.190,
 3096, 0, 471.723, 471.723, 471.975, 0.253, 74, 471.975, 472.692, 0.716, 1766, 2, 472.692, 473.088, 0.396, 769,     1.366,
 3099, 0, 471.981, 471.981, 472.172, 0.191, 60, 472.172, 473.173, 1.001, 1742, 2, 473.173, 473.183, 0.01, 1,     1.202,
 3100, 0, 472.072, 472.072, 472.253, 0.181, 163, 472.253, 473.259, 1.006, 1818, 2, 473.259, 473.291, 0.032, 45,     1.219,
 3101, 0, 472.155, 472.155, 472.423, 0.268, 302, 472.423, 473.509, 1.086, 918, 2, 473.509, 473.52, 0.012, 38,     1.365,
 3102, 0, 472.178, 472.178, 472.471, 0.293, 57, 472.471, 473.531, 1.06, 1791, 2, 473.531, 473.675, 0.144, 289,     1.497,
 3103, 0, 472.205, 472.205, 472.483, 0.278, 19, 472.483, 473.687, 1.204, 1479, 2, 473.687, 473.717, 0.03, 57,     1.512,
 3104, 0, 472.743, 472.743, 472.762, 0.019, 39, 472.762, 473.707, 0.945, 1347, 2, 473.707, 473.744, 0.037, 74,     1.001,
 3105, 0, 472.807, 472.807, 472.899, 0.092, 194, 472.899, 473.758, 0.859, 1393, 2, 473.758, 473.768, 0.01, 13,     0.961,
 3106, 0, 472.935, 472.935, 472.974, 0.039, 70, 472.974, 473.785, 0.811, 1526, 2, 473.785, 473.795, 0.01, 22,     0.860,
 3107, 0, 473.079, 473.079, 473.166, 0.087, 174, 473.166, 473.956, 0.79, 1831, 2, 473.956, 474.024, 0.068, 135,     0.945,
 3108, 0, 473.211, 473.211, 473.221, 0.01, 6, 473.221, 474.014, 0.794, 1542, 2, 474.014, 474.068, 0.053, 107,     0.857,
 3110, 0, 473.42, 473.42, 473.578, 0.158, 15, 473.578, 474.294, 0.716, 1684, 2, 474.294, 474.308, 0.014, 27,     0.888,
 3109, 0, 473.332, 473.332, 473.564, 0.232, 425, 473.564, 474.284, 0.72, 2070, 2, 474.284, 474.328, 0.043, 51,     0.996,
 3111, 0, 473.621, 473.621, 473.661, 0.039, 87, 473.661, 474.435, 0.775, 1034, 2, 474.435, 474.445, 0.01, 4,     0.824,
 3112, 0, 473.733, 473.733, 473.743, 0.01, 9, 473.743, 474.543, 0.8, 1876, 2, 474.543, 474.563, 0.02, 38,     0.830,
 3113, 0, 473.753, 473.753, 473.763, 0.01, 17, 473.763, 474.553, 0.79, 1744, 2, 474.553, 474.583, 0.03, 41,     0.830,
 3087, 0, 469.898, 469.898, 473.903, 4.005, 8026, 473.903, 474.705, 0.802, 1769, 2, 474.705, 474.774, 0.069, 138,     4.875,
 3114, 0, 473.965, 473.965, 474.053, 0.089, 166, 474.053, 474.793, 0.739, 1196, 2, 474.793, 474.813, 0.02, 40,     0.848,
 3115, 0, 474.352, 474.352, 474.352, 0, 16, 474.352, 475.077, 0.725, 1412, 2, 475.077, 475.115, 0.038, 76,     0.763,
 3116, 0, 474.73, 474.73, 474.73, 0, 7, 474.73, 475.437, 0.707, 1491, 2, 475.437, 475.491, 0.053, 107,     0.761,
 3117, 0, 474.917, 474.917, 474.927, 0.01, 14, 474.927, 475.696, 0.769, 1805, 2, 475.696, 475.782, 0.086, 172,     0.865,
 3118, 0, 474.936, 474.936, 474.971, 0.034, 88, 474.971, 475.826, 0.855, 1480, 2, 475.826, 475.84, 0.014, 28,     0.904,
 3120, 0, 475.372, 475.372, 475.378, 0.006, 13, 475.378, 476.473, 1.095, 1525, 2, 476.473, 476.685, 0.212, 432,     1.313,
 3124, 0, 475.651, 475.651, 475.682, 0.031, 62, 475.682, 476.722, 1.04, 1771, 2, 476.722, 476.837, 0.115, 220,     1.186,
 3121, 0, 475.425, 475.425, 475.906, 0.481, 954, 475.906, 476.827, 0.922, 1378, 2, 476.827, 476.89, 0.063, 110,     1.465,
 3125, 0, 475.681, 475.681, 475.906, 0.225, 439, 475.906, 476.88, 0.975, 1961, 2, 476.88, 476.991, 0.111, 223,     1.311,
 3128, 0, 476.132, 476.132, 476.132, 0, 7, 476.132, 476.978, 0.846, 1300, 2, 476.978, 477.017, 0.04, 79,     0.885,
 3127, 0, 476.067, 476.067, 476.077, 0.01, 8, 476.077, 476.958, 0.881, 1608, 2, 476.958, 477.207, 0.249, 472,     1.140,
 3130, 0, 476.25, 476.25, 476.317, 0.066, 128, 476.317, 477.227, 0.91, 1835, 2, 477.227, 477.227, 0, 6,     0.977,
 3119, 0, 474.98, 474.98, 474.98, 0, 5, 474.98, 475.868, 0.888, 1360, 2, 475.868, 477.289, 1.421, 2842,     2.309,
 3129, 0, 476.174, 476.174, 476.184, 0.01, 7, 476.184, 477.091, 0.907, 1708, 2, 477.091, 477.32, 0.229, 459,     1.146,
 3123, 0, 475.548, 475.548, 475.551, 0.003, 19, 475.551, 476.708, 1.157, 1602, 2, 476.708, 477.38, 0.672, 1345,     1.832,
 3131, 0, 476.377, 476.377, 476.389, 0.012, 24, 476.389, 477.38, 0.991, 1494, 2, 477.38, 477.487, 0.106, 195,     1.109,
 3133, 0, 476.553, 476.553, 476.559, 0.007, 15, 476.559, 477.477, 0.917, 1450, 2, 477.477, 477.507, 0.03, 60,     0.954,
 3134, 0, 476.625, 476.625, 476.661, 0.036, 76, 476.661, 477.601, 0.94, 1187, 2, 477.601, 477.611, 0.01, 11,     0.987,
 3132, 0, 476.505, 476.505, 476.513, 0.008, 22, 476.513, 477.457, 0.943, 1412, 2, 477.457, 477.692, 0.235, 471,     1.187,
 3135, 0, 476.651, 476.651, 476.691, 0.04, 60, 476.691, 477.706, 1.015, 1571, 2, 477.706, 477.779, 0.073, 146,     1.128,
 3136, 0, 477.107, 477.107, 477.127, 0.021, 48, 477.127, 477.955, 0.828, 1379, 2, 477.955, 478.04, 0.085, 170,     0.933,
 3137, 0, 477.216, 477.216, 477.713, 0.498, 992, 477.713, 478.426, 0.712, 898, 2, 478.426, 478.466, 0.04, 73,     1.250,
 3138, 0, 477.222, 477.222, 477.741, 0.519, 55, 477.741, 478.462, 0.721, 1655, 2, 478.462, 478.707, 0.245, 489,     1.485,
 3126, 0, 475.896, 475.896, 477.903, 2.008, 3983, 477.903, 478.679, 0.776, 1828, 2, 478.679, 478.743, 0.064, 128,     2.848,
 3122, 0, 475.521, 475.521, 475.531, 0.01, 2, 475.531, 476.63, 1.099, 1965, 2, 476.63, 478.866, 2.236, 4473,     3.345,
 3140, 0, 477.597, 477.597, 478.129, 0.531, 442, 478.129, 478.915, 0.786, 1239, 2, 478.915, 478.945, 0.03, 44,     1.348,
 3142, 0, 478.06, 478.06, 478.185, 0.124, 75, 478.185, 478.967, 0.782, 1634, 2, 478.967, 478.977, 0.01, 15,     0.917,
 3144, 0, 478.532, 478.532, 478.542, 0.01, 6, 478.542, 479.266, 0.724, 1261, 2, 479.266, 479.286, 0.02, 40,     0.754,
 3141, 0, 477.713, 477.713, 478.141, 0.427, 14, 478.141, 478.947, 0.806, 1322, 2, 478.947, 479.358, 0.41, 826,     1.644,
 3143, 0, 478.392, 478.392, 478.424, 0.032, 47, 478.424, 479.189, 0.765, 1804, 2, 479.189, 479.378, 0.188, 354,     0.985,
 3145, 0, 478.742, 478.742, 478.876, 0.134, 268, 478.876, 479.598, 0.722, 1805, 2, 479.598, 479.608, 0.01, 14,     0.866,
 3146, 0, 478.837, 478.837, 478.89, 0.053, 19, 478.89, 479.623, 0.733, 1764, 2, 479.623, 479.634, 0.01, 21,     0.796,
 3147, 0, 479.026, 479.026, 479.121, 0.095, 156, 479.121, 479.835, 0.714, 999, 2, 479.835, 479.889, 0.053, 107,     0.863,
 3148, 0, 479.179, 479.179, 479.179, 0, 1, 479.179, 479.911, 0.731, 805, 2, 479.911, 479.941, 0.03, 60,     0.761,
 3149, 0, 479.235, 479.235, 479.245, 0.01, 12, 479.245, 480.101, 0.856, 1985, 2, 480.101, 480.317, 0.215, 431,     1.082,
 3150, 0, 479.294, 479.294, 480.474, 1.18, 2366, 480.474, 481.189, 0.715, 1675, 2, 481.189, 481.2, 0.011, 22,     1.906,
 3151, 0, 479.309, 479.309, 480.488, 1.179, 19, 480.488, 481.223, 0.735, 1570, 2, 481.223, 481.233, 0.01, 9,     1.924,
 3152, 0, 479.657, 479.657, 480.688, 1.032, 400, 480.688, 481.4, 0.712, 1586, 2, 481.4, 481.457, 0.057, 113,     1.800,
 3154, 0, 479.846, 479.846, 480.734, 0.888, 72, 480.734, 481.458, 0.724, 1168, 2, 481.458, 481.476, 0.017, 38,     1.629,
 3155, 0, 479.899, 479.899, 480.744, 0.845, 14, 480.744, 481.48, 0.736, 1572, 2, 481.48, 481.48, 0, 4,     1.581,
 3153, 0, 479.695, 479.695, 480.698, 1.004, 19, 480.698, 481.426, 0.728, 1602, 2, 481.426, 481.51, 0.084, 168,     1.815,
 3157, 0, 480.276, 480.276, 481.002, 0.726, 35, 481.002, 481.724, 0.722, 1841, 2, 481.724, 481.737, 0.013, 26,     1.461,
 3158, 0, 480.391, 480.391, 481.036, 0.645, 69, 481.036, 481.75, 0.714, 1129, 2, 481.75, 481.76, 0.01, 18,     1.369,
 3159, 0, 480.622, 480.622, 481.059, 0.438, 46, 481.059, 481.77, 0.711, 1526, 2, 481.77, 481.829, 0.059, 118,     1.208,
 3160, 0, 480.688, 480.688, 481.073, 0.385, 9, 481.073, 481.964, 0.891, 1275, 2, 481.964, 481.974, 0.01, 9,     1.286,
 3161, 0, 480.692, 480.692, 481.205, 0.513, 229, 481.205, 481.974, 0.769, 1405, 2, 481.974, 481.984, 0.01, 2,     1.292,
 3163, 0, 480.924, 480.924, 481.259, 0.335, 42, 481.259, 482.02, 0.761, 1613, 2, 482.02, 482.084, 0.064, 128,     1.160,
 3162, 0, 480.754, 480.754, 481.229, 0.475, 42, 481.229, 482, 0.771, 1825, 2, 482, 482.157, 0.156, 313,     1.402,
 3165, 0, 481.139, 481.139, 481.443, 0.304, 28, 481.443, 482.233, 0.79, 1774, 2, 482.233, 482.264, 0.031, 62,     1.125,
 3166, 0, 481.214, 481.214, 481.453, 0.239, 15, 481.453, 482.253, 0.8, 972, 2, 482.253, 482.34, 0.087, 174,     1.127,
 3167, 0, 481.249, 481.249, 481.463, 0.214, 12, 481.463, 482.273, 0.81, 1398, 2, 482.273, 482.36, 0.087, 156,     1.111,
 3156, 0, 480.248, 480.248, 480.982, 0.734, 472, 480.982, 481.714, 0.732, 1632, 2, 481.714, 482.494, 0.78, 1561,     2.246,
 3164, 0, 481.089, 481.089, 481.429, 0.34, 332, 481.429, 482.213, 0.784, 1446, 2, 482.213, 482.714, 0.5, 1001,     1.625,
 3139, 0, 477.57, 477.57, 482.426, 4.857, 9372, 482.426, 483.139, 0.713, 1785, 2, 483.139, 483.187, 0.047, 106,     5.617,
 3169, 0, 481.816, 481.816, 482.438, 0.623, 21, 482.438, 483.309, 0.87, 1988, 2, 483.309, 483.399, 0.09, 174,     1.583,
 3170, 0, 481.888, 481.888, 482.452, 0.564, 18, 482.452, 483.389, 0.936, 1920, 2, 483.389, 483.476, 0.087, 175,     1.588,
 3172, 0, 482.019, 482.019, 482.568, 0.549, 62, 482.568, 483.592, 1.024, 2038, 2, 483.592, 483.638, 0.046, 104,     1.618,
 3171, 0, 481.939, 481.939, 482.534, 0.595, 138, 482.534, 483.567, 1.033, 1826, 2, 483.567, 483.853, 0.286, 555,     1.914,
 3173, 0, 482.205, 482.205, 482.608, 0.403, 65, 482.608, 483.823, 1.215, 1449, 2, 483.823, 483.853, 0.03, 55,     1.648,
 3175, 0, 482.507, 482.507, 482.638, 0.131, 18, 482.638, 483.893, 1.255, 1577, 2, 483.893, 483.908, 0.014, 29,     1.401,
 3174, 0, 482.428, 482.428, 482.628, 0.2, 36, 482.628, 483.893, 1.265, 1959, 2, 483.893, 484.112, 0.219, 424,     1.684,
 3177, 0, 482.778, 482.778, 483.298, 0.52, 198, 483.298, 485.14, 1.842, 1583, 2, 485.14, 485.187, 0.047, 94,     2.409,
 3176, 0, 482.552, 482.552, 483.199, 0.647, 1096, 483.199, 485.079, 1.88, 2071, 2, 485.079, 485.207, 0.128, 234,     2.655,
 3178, 0, 482.796, 482.796, 483.312, 0.516, 18, 483.312, 485.333, 2.021, 1377, 2, 485.333, 485.363, 0.03, 47,     2.567,
 3179, 0, 482.869, 482.869, 483.469, 0.6, 289, 483.469, 485.353, 1.884, 942, 2, 485.353, 485.363, 0.01, 13,     2.494,
 3180, 0, 483.214, 483.214, 483.615, 0.401, 288, 483.615, 485.603, 1.988, 1763, 2, 485.603, 485.647, 0.045, 89,     2.434,
 3181, 0, 483.314, 483.314, 483.662, 0.348, 89, 483.662, 485.657, 1.994, 1642, 2, 485.657, 485.689, 0.033, 84,     2.375,
 3182, 0, 483.615, 483.615, 483.682, 0.068, 31, 483.682, 485.657, 1.974, 1594, 2, 485.657, 485.788, 0.132, 263,     2.174,
 3168, 0, 481.794, 481.794, 483.974, 2.18, 4348, 483.974, 485.908, 1.934, 1391, 2, 485.908, 485.919, 0.01, 21,     4.125,
 3183, 0, 483.667, 483.667, 483.713, 0.046, 44, 483.713, 485.838, 2.126, 1365, 2, 485.838, 485.932, 0.093, 187,     2.265,
 3184, 0, 483.703, 483.703, 483.808, 0.105, 191, 483.808, 485.858, 2.05, 1284, 2, 485.858, 485.952, 0.093, 186,     2.249,
 3185, 0, 483.996, 483.996, 484.006, 0.01, 13, 484.006, 486.094, 2.088, 1799, 2, 486.094, 486.244, 0.15, 301,     2.249,
 3186, 0, 485.142, 485.142, 485.18, 0.038, 47, 485.18, 486.67, 1.491, 1640, 2, 486.67, 486.683, 0.012, 25,     1.541,
 3187, 0, 485.218, 485.218, 485.257, 0.038, 56, 485.257, 486.859, 1.602, 1322, 2, 486.859, 486.951, 0.091, 183,     1.732,
 3190, 0, 485.551, 485.551, 485.561, 0.01, 6, 485.561, 487.123, 1.562, 1028, 2, 487.123, 487.18, 0.057, 100,     1.629,
 3189, 0, 485.461, 485.461, 485.573, 0.112, 225, 485.573, 487.17, 1.597, 1182, 2, 487.17, 487.18, 0.01, 6,     1.719,
 3188, 0, 485.419, 485.419, 485.439, 0.02, 47, 485.439, 487.109, 1.67, 1650, 2, 487.109, 487.2, 0.091, 169,     1.781,
 3192, 0, 485.773, 485.773, 485.829, 0.056, 97, 485.829, 487.419, 1.591, 940, 2, 487.419, 487.449, 0.03, 52,     1.676,
 3191, 0, 485.67, 485.67, 485.707, 0.037, 62, 485.707, 487.378, 1.671, 1089, 2, 487.378, 487.469, 0.091, 177,     1.799,
 3193, 0, 486.078, 486.078, 486.284, 0.206, 384, 486.284, 487.67, 1.387, 1435, 2, 487.67, 487.69, 0.02, 35,     1.612,
 3194, 0, 486.239, 486.239, 486.312, 0.072, 126, 486.312, 487.881, 1.569, 1290, 2, 487.881, 487.891, 0.01, 34,     1.651,
 3195, 0, 486.284, 486.284, 486.312, 0.028, 31, 486.312, 487.921, 1.609, 1643, 2, 487.921, 487.931, 0.01, 7,     1.647,
 3196, 0, 486.599, 486.599, 486.618, 0.019, 39, 486.618, 488.172, 1.554, 2281, 2, 488.172, 488.182, 0.01, 17,     1.583,
 3197, 0, 486.735, 486.735, 486.939, 0.204, 410, 486.939, 488.172, 1.233, 1445, 2, 488.172, 488.182, 0.01, 16,     1.447,
 3199, 0, 487.071, 487.071, 487.081, 0.01, 17, 487.081, 488.382, 1.301, 1676, 2, 488.382, 488.453, 0.071, 109,     1.382,
 3200, 0, 487.409, 487.409, 487.419, 0.01, 1, 487.419, 488.421, 1.002, 1266, 2, 488.421, 488.511, 0.09, 180,     1.102,
 3198, 0, 487.029, 487.029, 487.322, 0.292, 585, 487.322, 488.421, 1.1, 1591, 2, 488.421, 488.573, 0.151, 318,     1.543,
 3201, 0, 487.506, 487.506, 487.66, 0.154, 308, 487.66, 488.631, 0.972, 1902, 2, 488.631, 488.721, 0.09, 164,     1.216,
 3202, 0, 487.648, 487.648, 487.754, 0.106, 193, 487.754, 488.881, 1.127, 2022, 2, 488.881, 488.915, 0.034, 69,     1.267,
 3203, 0, 488.016, 488.016, 488.096, 0.079, 179, 488.096, 489.131, 1.035, 1603, 2, 489.131, 489.141, 0.01, 6,     1.125,
 3205, 0, 488.583, 488.583, 488.59, 0.007, 11, 488.59, 489.38, 0.79, 1918, 2, 489.38, 489.41, 0.03, 50,     0.827,
 3204, 0, 488.149, 488.149, 488.626, 0.477, 970, 488.626, 489.423, 0.798, 1268, 2, 489.423, 489.433, 0.01, 7,     1.284,
 3207, 0, 488.897, 488.897, 488.933, 0.036, 68, 488.933, 489.674, 0.742, 1504, 2, 489.674, 489.699, 0.024, 49,     0.802,
 3206, 0, 488.683, 488.683, 488.693, 0.01, 8, 488.693, 489.423, 0.73, 1202, 2, 489.423, 489.92, 0.497, 995,     1.237,
 3209, 0, 489.226, 489.226, 489.236, 0.01, 11, 489.236, 489.996, 0.76, 1672, 2, 489.996, 490.015, 0.019, 38,     0.789,
 3210, 0, 489.415, 489.415, 489.453, 0.039, 79, 489.453, 490.169, 0.716, 1963, 2, 490.169, 490.219, 0.05, 100,     0.804,
 3212, 0, 489.63, 489.63, 489.658, 0.029, 42, 489.658, 490.377, 0.719, 1383, 2, 490.377, 490.397, 0.02, 25,     0.768,
 3208, 0, 489.06, 489.06, 489.084, 0.025, 36, 489.084, 489.879, 0.795, 1880, 2, 489.879, 490.579, 0.699, 1399,     1.519,
 3214, 0, 489.893, 489.893, 489.9, 0.007, 12, 489.9, 490.637, 0.737, 1509, 2, 490.637, 490.647, 0.01, 13,     0.754,
 3213, 0, 489.671, 489.671, 489.781, 0.11, 225, 489.781, 490.609, 0.829, 1309, 2, 490.609, 490.661, 0.052, 104,     0.991,
 3211, 0, 489.58, 489.58, 489.868, 0.288, 568, 489.868, 490.627, 0.759, 1597, 2, 490.627, 490.688, 0.061, 122,     1.108,
 3215, 0, 489.987, 489.987, 489.997, 0.01, 15, 489.997, 490.711, 0.714, 1082, 2, 490.711, 490.833, 0.122, 244,     0.846,
 3216, 0, 490.124, 490.124, 490.146, 0.022, 27, 490.146, 490.859, 0.712, 893, 2, 490.859, 490.869, 0.01, 1,     0.744,
 3217, 0, 490.459, 490.459, 490.47, 0.01, 21, 490.47, 491.187, 0.717, 1706, 2, 491.187, 491.204, 0.017, 34,     0.744,
 3218, 0, 490.933, 490.933, 490.946, 0.013, 26, 490.946, 491.668, 0.722, 1953, 2, 491.668, 491.688, 0.02, 40,     0.755,
 3219, 0, 490.99, 490.99, 491, 0.01, 14, 491, 491.73, 0.73, 2054, 2, 491.73, 491.74, 0.01, 4,     0.750,
 3220, 0, 491.219, 491.219, 491.226, 0.007, 23, 491.226, 491.938, 0.712, 1399, 2, 491.938, 491.952, 0.014, 27,     0.733,
 3221, 0, 491.369, 491.369, 491.38, 0.011, 22, 491.38, 492.107, 0.727, 893, 2, 492.107, 492.124, 0.017, 35,     0.755,
 3222, 0, 491.417, 491.417, 491.427, 0.01, 1, 491.427, 492.188, 0.761, 1585, 2, 492.188, 492.208, 0.02, 27,     0.791,
 3223, 0, 491.47, 491.47, 491.521, 0.051, 63, 491.521, 492.357, 0.836, 1459, 2, 492.357, 492.395, 0.038, 76,     0.925,
 3224, 0, 491.542, 491.542, 491.553, 0.011, 37, 491.553, 492.398, 0.844, 1491, 2, 492.398, 492.421, 0.024, 53,     0.879,
 3227, 0, 491.651, 491.651, 491.677, 0.026, 48, 491.677, 492.614, 0.937, 1629, 2, 492.614, 492.642, 0.028, 56,     0.991,
 3225, 0, 491.587, 491.587, 491.597, 0.01, 2, 491.597, 492.438, 0.84, 1085, 2, 492.438, 492.681, 0.243, 487,     1.093,
 3228, 0, 492.017, 492.017, 492.017, 0, 12, 492.017, 492.864, 0.847, 1469, 2, 492.864, 492.876, 0.012, 24,     0.859,
 3229, 0, 492.353, 492.353, 492.363, 0.01, 2, 492.363, 493.076, 0.713, 1444, 2, 493.076, 493.105, 0.029, 58,     0.752,
 3231, 0, 492.459, 492.459, 492.479, 0.021, 34, 492.479, 493.247, 0.767, 1288, 2, 493.247, 493.299, 0.052, 104,     0.840,
 3232, 0, 492.468, 492.468, 492.709, 0.24, 459, 492.709, 493.428, 0.719, 1481, 2, 493.428, 493.438, 0.01, 10,     0.970,
 3226, 0, 491.609, 491.609, 492.459, 0.85, 1689, 492.459, 493.217, 0.758, 1669, 2, 493.217, 493.524, 0.307, 614,     1.915,
 3233, 0, 492.479, 492.479, 492.723, 0.243, 7, 492.723, 493.466, 0.743, 1799, 2, 493.466, 493.544, 0.077, 121,     1.064,
 3230, 0, 492.364, 492.364, 492.893, 0.529, 1030, 492.893, 493.677, 0.784, 1959, 2, 493.677, 493.687, 0.01, 2,     1.323,
 3234, 0, 492.504, 492.504, 492.996, 0.492, 533, 492.996, 493.851, 0.855, 1214, 2, 493.851, 493.861, 0.01, 2,     1.357,
 3236, 0, 492.791, 492.791, 493.026, 0.235, 45, 493.026, 493.936, 0.91, 1583, 2, 493.936, 493.97, 0.034, 42,     1.180,
 3237, 0, 493.031, 493.031, 493.052, 0.021, 51, 493.052, 493.97, 0.919, 1221, 2, 493.97, 494.003, 0.033, 66,     0.972,
 3238, 0, 493.293, 493.293, 493.293, 0, 10, 493.293, 494.186, 0.894, 1367, 2, 494.186, 494.229, 0.043, 85,     0.936,
 3235, 0, 492.703, 492.703, 493.368, 0.665, 951, 493.368, 494.234, 0.865, 1225, 2, 494.234, 494.244, 0.01, 13,     1.540,
 3239, 0, 493.419, 493.419, 493.47, 0.052, 88, 493.47, 494.358, 0.888, 1131, 2, 494.358, 494.378, 0.02, 32,     0.959,
 3240, 0, 493.508, 493.508, 493.63, 0.123, 246, 493.63, 494.613, 0.983, 2011, 2, 494.613, 494.623, 0.01, 35,     1.115,
 3241, 0, 493.841, 493.841, 493.872, 0.031, 46, 493.872, 494.685, 0.813, 1251, 2, 494.685, 494.708, 0.023, 46,     0.867,
 3243, 0, 494.102, 494.102, 494.137, 0.034, 69, 494.137, 494.935, 0.798, 1391, 2, 494.935, 495.043, 0.109, 218,     0.941,
 3242, 0, 493.978, 493.978, 494.312, 0.334, 667, 494.312, 495.133, 0.821, 1178, 2, 495.133, 495.375, 0.242, 484,     1.396,
 3245, 0, 494.323, 494.323, 494.342, 0.019, 39, 494.342, 495.343, 1, 1340, 2, 495.343, 495.444, 0.101, 202,     1.121,
 3249, 0, 494.886, 494.886, 494.917, 0.031, 70, 494.917, 495.703, 0.786, 1552, 2, 495.703, 495.735, 0.033, 65,     0.849,
 3248, 0, 494.812, 494.812, 494.832, 0.02, 1, 494.832, 495.683, 0.851, 1512, 2, 495.683, 495.758, 0.075, 151,     0.946,
 3246, 0, 494.649, 494.649, 495.3, 0.652, 1304, 495.3, 496.016, 0.716, 1169, 2, 496.016, 496.069, 0.053, 106,     1.421,
 3247, 0, 494.743, 494.743, 494.822, 0.079, 160, 494.822, 495.622, 0.8, 910, 2, 495.622, 496.082, 0.46, 921,     1.340,
 3250, 0, 495.327, 495.327, 495.367, 0.04, 58, 495.367, 496.093, 0.725, 1686, 2, 496.093, 496.103, 0.01, 9,     0.775,
 3251, 0, 495.396, 495.396, 495.429, 0.034, 67, 495.429, 496.151, 0.722, 881, 2, 496.151, 496.161, 0.01, 12,     0.765,
 3252, 0, 495.624, 495.624, 495.645, 0.022, 36, 495.645, 496.377, 0.732, 1026, 2, 496.377, 496.394, 0.017, 34,     0.770,
 3254, 0, 495.672, 495.672, 495.682, 0.01, 7, 495.682, 496.407, 0.725, 1629, 2, 496.407, 496.434, 0.027, 54,     0.762,
 3253, 0, 495.635, 495.635, 495.645, 0.01, 10, 495.645, 496.377, 0.732, 958, 2, 496.377, 496.458, 0.081, 162,     0.823,
 3255, 0, 495.707, 495.707, 495.818, 0.111, 222, 495.818, 496.629, 0.811, 1087, 2, 496.629, 496.66, 0.031, 62,     0.953,
 3257, 0, 495.998, 495.998, 495.998, 0, 2, 495.998, 496.89, 0.892, 1775, 2, 496.89, 496.961, 0.071, 142,     0.963,
 3256, 0, 495.899, 495.899, 495.982, 0.084, 168, 495.982, 496.706, 0.724, 1685, 2, 496.706, 497.223, 0.517, 1032,     1.324,
 3258, 0, 496.207, 496.207, 496.217, 0.01, 11, 496.217, 497.133, 0.916, 1314, 2, 497.133, 497.298, 0.165, 312,     1.091,
 3259, 0, 496.356, 496.356, 496.366, 0.01, 26, 496.366, 497.288, 0.922, 797, 2, 497.288, 497.318, 0.03, 45,     0.962,
 3260, 0, 496.378, 496.378, 496.388, 0.01, 14, 496.388, 497.393, 1.006, 1781, 2, 497.393, 497.42, 0.026, 53,     1.042,
 3262, 0, 496.481, 496.481, 496.534, 0.053, 105, 496.534, 497.467, 0.933, 1294, 2, 497.467, 497.477, 0.01, 16,     0.996,
 3261, 0, 496.452, 496.452, 496.52, 0.068, 136, 496.52, 497.393, 0.874, 1285, 2, 497.393, 497.511, 0.118, 235,     1.059,
 3263, 0, 496.579, 496.579, 496.589, 0.01, 10, 496.589, 497.541, 0.953, 1805, 2, 497.541, 497.561, 0.02, 35,     0.983,
 3264, 0, 496.618, 496.618, 496.697, 0.078, 134, 496.697, 497.652, 0.955, 1801, 2, 497.652, 497.662, 0.01, 8,     1.044,
 3266, 0, 496.902, 496.902, 496.902, 0, 1, 496.902, 497.901, 0.999, 1993, 2, 497.901, 497.925, 0.024, 48,     1.023,
 3244, 0, 494.238, 494.238, 494.372, 0.135, 268, 494.372, 495.363, 0.99, 1764, 2, 495.363, 497.991, 2.628, 5257,     3.753,
 3267, 0, 497.052, 497.052, 497.062, 0.01, 30, 497.062, 497.965, 0.904, 1281, 2, 497.965, 498.011, 0.045, 52,     0.959,
 3269, 0, 497.216, 497.216, 497.226, 0.009, 14, 497.226, 498.155, 0.929, 1674, 2, 498.155, 498.169, 0.014, 28,     0.953,
 3268, 0, 497.105, 497.105, 497.122, 0.017, 34, 497.122, 498.043, 0.921, 1743, 2, 498.043, 498.225, 0.182, 346,     1.120,
 3265, 0, 496.809, 496.809, 497.453, 0.644, 1288, 497.453, 498.548, 1.095, 1630, 2, 498.548, 498.585, 0.038, 75,     1.776,
 3270, 0, 497.516, 497.516, 497.543, 0.027, 42, 497.543, 498.654, 1.111, 1747, 2, 498.654, 498.676, 0.022, 45,     1.160,
 3272, 0, 497.618, 497.618, 497.638, 0.02, 40, 497.638, 498.726, 1.088, 796, 2, 498.726, 498.736, 0.01, 13,     1.118,
 3273, 0, 497.655, 497.655, 497.87, 0.215, 401, 497.87, 498.797, 0.927, 1822, 2, 498.797, 498.841, 0.044, 88,     1.186,
 3271, 0, 497.551, 497.551, 497.553, 0.002, 17, 497.553, 498.654, 1.101, 1293, 2, 498.654, 498.929, 0.276, 552,     1.378,
 3274, 0, 497.998, 497.998, 498.008, 0.01, 19, 498.008, 498.903, 0.894, 1574, 2, 498.903, 498.964, 0.061, 122,     0.965,
 3276, 0, 498.051, 498.051, 498.058, 0.007, 18, 498.058, 498.979, 0.921, 1204, 2, 498.979, 499.004, 0.025, 50,     0.953,
 3275, 0, 498.018, 498.018, 498.107, 0.089, 193, 498.107, 499.169, 1.061, 1537, 2, 499.169, 499.216, 0.047, 94,     1.198,
 3278, 0, 498.331, 498.331, 498.346, 0.015, 30, 498.346, 499.309, 0.964, 1474, 2, 499.309, 499.344, 0.035, 70,     1.014,
 3277, 0, 498.259, 498.259, 498.297, 0.038, 76, 498.297, 499.229, 0.932, 2020, 2, 499.229, 499.712, 0.483, 967,     1.453,
 3279, 0, 499.179, 499.179, 499.179, 0, 1, 499.179, 499.918, 0.74, 1664, 2, 499.918, 499.928, 0.01, 7,     0.750,
 3280, 0, 499.217, 499.217, 499.227, 0.01, 17, 499.227, 499.941, 0.714, 1537, 2, 499.941, 500.113, 0.172, 345,     0.896,
 3281, 0, 500.123, 500.123, 500.133, 0.01, 1, 500.133, 500.85, 0.716, 1732, 2, 500.85, 500.895, 0.046, 91,     0.772,
 3283, 0, 500.3, 500.3, 500.31, 0.01, 17, 500.31, 501.1, 0.79, 1937, 2, 501.1, 501.11, 0.01, 2,     0.810,
 3282, 0, 500.237, 500.237, 500.247, 0.01, 2, 500.247, 500.978, 0.731, 998, 2, 500.978, 501.425, 0.447, 894,     1.188,
 3284, 0, 500.693, 500.693, 500.703, 0.01, 8, 500.703, 501.431, 0.728, 1459, 2, 501.431, 501.445, 0.014, 42,     0.752,
 3285, 0, 500.916, 500.916, 500.916, 0, 6, 500.916, 501.633, 0.717, 1741, 2, 501.633, 501.731, 0.097, 195,     0.815,
 3286, 0, 500.929, 500.929, 500.954, 0.025, 32, 500.954, 501.669, 0.716, 1003, 2, 501.669, 501.806, 0.137, 267,     0.877,
 3288, 0, 501.339, 501.339, 501.392, 0.053, 95, 501.392, 502.169, 0.777, 1637, 2, 502.169, 502.335, 0.166, 344,     0.996,
 3289, 0, 501.476, 501.476, 501.723, 0.247, 475, 501.723, 502.442, 0.719, 943, 2, 502.442, 502.452, 0.01, 17,     0.976,
 3290, 0, 501.525, 501.525, 501.77, 0.245, 74, 501.77, 502.504, 0.734, 1383, 2, 502.504, 502.523, 0.019, 38,     0.998,
 3287, 0, 501.089, 501.089, 501.756, 0.666, 1336, 501.756, 502.472, 0.716, 1368, 2, 502.472, 502.605, 0.133, 266,     1.516,
 3292, 0, 501.704, 501.704, 501.784, 0.08, 4, 501.784, 502.681, 0.897, 1411, 2, 502.681, 502.735, 0.054, 92,     1.031,
 3293, 0, 501.797, 501.797, 501.851, 0.053, 107, 501.851, 502.692, 0.841, 1633, 2, 502.692, 502.735, 0.043, 85,     0.938,
 3294, 0, 501.879, 501.879, 501.879, 0, 1, 501.879, 502.755, 0.876, 1716, 2, 502.755, 502.775, 0.02, 40,     0.896,
 3295, 0, 502.114, 502.114, 502.124, 0.01, 14, 502.124, 502.941, 0.817, 1330, 2, 502.941, 503.013, 0.071, 132,     0.899,
 3296, 0, 502.18, 502.18, 502.251, 0.071, 108, 502.251, 502.975, 0.724, 1210, 2, 502.975, 503.013, 0.037, 37,     0.833,
 3297, 0, 502.297, 502.297, 502.345, 0.048, 81, 502.345, 503.075, 0.73, 1493, 2, 503.075, 503.102, 0.027, 54,     0.805,
 3298, 0, 502.446, 502.446, 502.494, 0.048, 107, 502.494, 503.233, 0.739, 1863, 2, 503.233, 503.243, 0.01, 23,     0.797,
 3299, 0, 502.746, 502.746, 502.756, 0.01, 6, 502.756, 503.495, 0.739, 1648, 2, 503.495, 503.508, 0.013, 26,     0.762,
 3300, 0, 502.814, 502.814, 502.854, 0.04, 44, 502.854, 503.582, 0.728, 1824, 2, 503.582, 503.603, 0.021, 42,     0.789,
 3301, 0, 503.014, 503.014, 503.061, 0.046, 93, 503.061, 503.785, 0.725, 1978, 2, 503.785, 503.859, 0.073, 147,     0.845,
 3304, 0, 503.185, 503.185, 503.22, 0.034, 72, 503.22, 503.937, 0.717, 1909, 2, 503.937, 503.947, 0.01, 6,     0.761,
 3302, 0, 503.083, 503.083, 503.17, 0.088, 192, 503.17, 503.896, 0.725, 1439, 2, 503.896, 504.1, 0.204, 409,     1.017,
 3291, 0, 501.562, 501.562, 503.115, 1.553, 2720, 503.115, 503.831, 0.716, 1624, 2, 503.831, 504.24, 0.408, 817,     2.678,
 3307, 0, 503.492, 503.492, 503.53, 0.038, 83, 503.53, 504.262, 0.731, 1559, 2, 504.262, 504.277, 0.015, 30,     0.785,
 3308, 0, 503.638, 503.638, 503.655, 0.017, 33, 503.655, 504.371, 0.716, 1323, 2, 504.371, 504.385, 0.014, 28,     0.747,
 3309, 0, 503.977, 503.977, 503.987, 0.01, 9, 503.987, 504.703, 0.716, 1986, 2, 504.703, 504.718, 0.015, 30,     0.741,
 3310, 0, 504.056, 504.056, 504.066, 0.01, 15, 504.066, 504.781, 0.716, 1792, 2, 504.781, 504.796, 0.015, 30,     0.740,
 3306, 0, 503.454, 503.454, 503.454, 0, 9, 503.454, 504.172, 0.718, 1514, 2, 504.172, 504.81, 0.638, 1277,     1.356,
 3311, 0, 504.214, 504.214, 504.224, 0.01, 15, 504.224, 504.94, 0.716, 1415, 2, 504.94, 505.075, 0.135, 269,     0.861,
 3305, 0, 503.27, 503.27, 503.28, 0.01, 20, 503.28, 504.035, 0.755, 1206, 2, 504.035, 505.254, 1.22, 2440,     1.985,
 3313, 0, 504.727, 504.727, 504.766, 0.039, 74, 504.766, 505.48, 0.714, 1534, 2, 505.48, 505.49, 0.01, 5,     0.763,
 3314, 0, 504.756, 504.756, 504.776, 0.02, 4, 504.776, 505.49, 0.714, 1687, 2, 505.49, 505.509, 0.019, 38,     0.753,
 3315, 0, 504.827, 504.827, 504.955, 0.128, 256, 504.955, 505.68, 0.724, 1371, 2, 505.68, 505.764, 0.084, 168,     0.936,
 3312, 0, 504.281, 504.281, 504.979, 0.698, 1394, 504.979, 505.704, 0.724, 1167, 2, 505.704, 505.784, 0.08, 125,     1.502,
 3316, 0, 505.116, 505.116, 505.126, 0.01, 11, 505.126, 505.843, 0.718, 872, 2, 505.843, 505.888, 0.045, 90,     0.773,
 3317, 0, 505.186, 505.186, 505.213, 0.027, 52, 505.213, 505.929, 0.716, 1447, 2, 505.929, 505.946, 0.017, 35,     0.760,
 3318, 0, 505.523, 505.523, 505.533, 0.01, 1, 505.533, 506.25, 0.716, 1596, 2, 506.25, 506.26, 0.01, 11,     0.736,
 3319, 0, 505.599, 505.599, 505.599, 0, 2, 505.599, 506.348, 0.749, 1794, 2, 506.348, 506.363, 0.015, 30,     0.764,
 3321, 0, 505.799, 505.799, 505.824, 0.025, 41, 505.824, 506.54, 0.716, 1851, 2, 506.54, 506.55, 0.01, 8,     0.751,
 3322, 0, 506.115, 506.115, 506.125, 0.01, 37, 506.125, 506.841, 0.716, 1144, 2, 506.841, 506.873, 0.032, 64,     0.758,
 3324, 0, 506.429, 506.429, 506.466, 0.037, 49, 506.466, 507.189, 0.723, 1194, 2, 507.189, 507.2, 0.011, 22,     0.771,
 3323, 0, 506.153, 506.153, 506.163, 0.01, 3, 506.163, 506.875, 0.712, 1505, 2, 506.875, 507.248, 0.373, 751,     1.095,
 3325, 0, 506.636, 506.636, 506.662, 0.026, 56, 506.662, 507.382, 0.721, 1538, 2, 507.382, 507.392, 0.01, 1,     0.756,
 3326, 0, 506.662, 506.662, 506.672, 0.01, 7, 506.672, 507.412, 0.741, 1710, 2, 507.412, 507.502, 0.09, 180,     0.841,
 3328, 0, 506.823, 506.823, 506.844, 0.021, 41, 506.844, 507.566, 0.723, 1414, 2, 507.566, 507.576, 0.01, 14,     0.753,
 3329, 0, 506.937, 506.937, 507.119, 0.182, 363, 507.119, 507.928, 0.809, 1844, 2, 507.928, 507.938, 0.01, 8,     1.000,
 3320, 0, 505.752, 505.752, 505.759, 0.007, 15, 505.759, 506.475, 0.716, 1360, 2, 506.475, 508.198, 1.723, 3437,     2.446,
 3330, 0, 507.406, 507.406, 507.437, 0.03, 32, 507.437, 508.278, 0.841, 2003, 2, 508.278, 508.446, 0.168, 337,     1.040,
 3331, 0, 507.842, 507.842, 507.842, 0, 4, 507.842, 508.956, 1.114, 1405, 2, 508.956, 508.972, 0.015, 31,     1.130,
 3332, 0, 507.947, 507.947, 508.027, 0.079, 138, 508.027, 509.034, 1.008, 1988, 2, 509.034, 509.127, 0.093, 186,     1.180,
 3334, 0, 508.112, 508.112, 508.156, 0.043, 70, 508.156, 509.206, 1.05, 1729, 2, 509.206, 509.267, 0.062, 123,     1.155,
 3327, 0, 506.771, 506.771, 508.156, 1.385, 2751, 508.156, 509.184, 1.028, 1348, 2, 509.184, 509.294, 0.111, 221,     2.524,
 3333, 0, 508.037, 508.037, 508.065, 0.028, 36, 508.065, 509.088, 1.024, 1890, 2, 509.088, 509.331, 0.243, 486,     1.294,
 3335, 0, 508.146, 508.146, 508.215, 0.069, 117, 508.215, 509.465, 1.251, 1192, 2, 509.465, 509.498, 0.032, 81,     1.352,
 3336, 0, 508.327, 508.327, 508.387, 0.06, 119, 508.387, 509.801, 1.414, 1987, 2, 509.801, 509.864, 0.063, 114,     1.536,
 3337, 0, 508.426, 508.426, 508.446, 0.02, 33, 508.446, 510.103, 1.657, 1641, 2, 510.103, 510.315, 0.212, 421,     1.889,
 3303, 0, 503.143, 503.143, 503.458, 0.315, 631, 503.458, 504.172, 0.714, 1464, 2, 504.172, 510.371, 6.199, 12399,     7.228,
 3338, 0, 508.493, 508.493, 508.513, 0.02, 24, 508.513, 510.353, 1.84, 1241, 2, 510.353, 510.447, 0.094, 205,     1.955,
 3340, 0, 508.658, 508.658, 508.677, 0.02, 24, 508.677, 510.555, 1.878, 1609, 2, 510.555, 510.565, 0.01, 4,     1.907,
 3339, 0, 508.57, 508.57, 508.655, 0.084, 154, 508.655, 510.467, 1.812, 1677, 2, 510.467, 510.575, 0.108, 207,     2.005,
 3341, 0, 509.111, 509.111, 509.168, 0.057, 113, 509.168, 511.465, 2.297, 1060, 2, 511.465, 511.485, 0.02, 40,     2.374,
 3342, 0, 509.406, 509.406, 509.425, 0.019, 38, 509.425, 511.625, 2.2, 1514, 2, 511.625, 511.639, 0.014, 27,     2.233,
 3343, 0, 509.67, 509.67, 509.679, 0.009, 16, 509.679, 511.714, 2.036, 1713, 2, 511.714, 511.76, 0.046, 55,     2.090,
 3345, 0, 509.788, 509.788, 509.82, 0.032, 76, 509.82, 511.98, 2.16, 1407, 2, 511.98, 511.993, 0.012, 25,     2.204,
 3346, 0, 509.907, 509.907, 510.028, 0.121, 243, 510.028, 511.98, 1.952, 1854, 2, 511.98, 512.082, 0.101, 203,     2.175,
 3347, 0, 510.136, 510.136, 510.242, 0.106, 196, 510.242, 512.134, 1.892, 1643, 2, 512.134, 512.144, 0.01, 13,     2.007,
 3349, 0, 510.605, 510.605, 510.615, 0.01, 18, 510.615, 512.321, 1.705, 1323, 2, 512.321, 512.331, 0.01, 6,     1.725,
 3351, 0, 510.726, 510.726, 510.78, 0.054, 76, 510.78, 512.579, 1.799, 1497, 2, 512.579, 512.666, 0.087, 175,     1.940,
 3353, 0, 510.79, 510.79, 510.808, 0.018, 1, 510.808, 512.739, 1.931, 1467, 2, 512.739, 512.749, 0.01, 17,     1.959,
 3352, 0, 510.754, 510.754, 510.794, 0.04, 21, 510.794, 512.739, 1.945, 1437, 2, 512.739, 512.749, 0.01, 18,     1.995,
 3350, 0, 510.666, 510.666, 510.818, 0.153, 294, 510.818, 512.83, 2.012, 1375, 2, 512.83, 512.84, 0.01, 7,     2.175,
 3354, 0, 511.528, 511.528, 511.551, 0.023, 32, 511.551, 513.329, 1.778, 1264, 2, 513.329, 513.418, 0.088, 177,     1.890,
 3348, 0, 510.529, 510.529, 510.58, 0.051, 75, 510.58, 512.241, 1.66, 1646, 2, 512.241, 513.519, 1.278, 2557,     2.990,
 3355, 0, 511.746, 511.746, 511.775, 0.029, 62, 511.775, 513.579, 1.804, 1491, 2, 513.579, 513.67, 0.091, 183,     1.925,
 3356, 0, 511.78, 511.78, 511.789, 0.009, 21, 511.789, 513.676, 1.887, 1625, 2, 513.676, 513.686, 0.01, 17,     1.906,
 3344, 0, 509.684, 509.684, 509.684, 0, 10, 509.684, 511.822, 2.138, 1323, 2, 511.822, 514.015, 2.193, 4387,     4.332,
 3358, 0, 511.964, 511.964, 512.113, 0.149, 298, 512.113, 513.828, 1.716, 1632, 2, 513.828, 514.131, 0.303, 581,     2.167,
 3359, 0, 512.131, 512.131, 512.196, 0.064, 110, 512.196, 513.925, 1.73, 1102, 2, 513.925, 514.171, 0.246, 493,     2.040,
 3360, 0, 512.915, 512.915, 512.915, 0, 17, 512.915, 514.241, 1.326, 1427, 2, 514.241, 514.347, 0.106, 211,     1.432,
 3363, 0, 513.527, 513.527, 513.809, 0.282, 90, 513.809, 515.003, 1.194, 1708, 2, 515.003, 515.069, 0.067, 139,     1.542,
 3362, 0, 513.422, 513.422, 513.764, 0.342, 45, 513.764, 515.003, 1.239, 1577, 2, 515.003, 515.111, 0.109, 218,     1.690,
 3365, 0, 513.942, 513.942, 513.974, 0.032, 47, 513.974, 515.2, 1.226, 970, 2, 515.2, 515.21, 0.01, 9,     1.268,
 3366, 0, 514.143, 514.143, 514.216, 0.073, 146, 514.216, 515.253, 1.037, 1166, 2, 515.253, 515.304, 0.052, 103,     1.161,
 3361, 0, 513.01, 513.01, 513.734, 0.723, 1449, 513.734, 514.951, 1.217, 2272, 2, 514.951, 515.369, 0.418, 837,     2.358,
 3367, 0, 514.306, 514.306, 514.316, 0.01, 19, 514.316, 515.503, 1.187, 687, 2, 515.503, 515.712, 0.209, 404,     1.406,
 3368, 0, 514.769, 514.769, 514.779, 0.01, 32, 514.779, 515.752, 0.973, 1409, 2, 515.752, 515.766, 0.014, 27,     0.996,
 3369, 0, 514.854, 514.854, 514.918, 0.065, 130, 514.918, 515.832, 0.914, 1257, 2, 515.832, 515.856, 0.024, 47,     1.002,
 3357, 0, 511.951, 511.951, 514.891, 2.939, 5881, 514.891, 515.752, 0.861, 1568, 2, 515.752, 515.907, 0.154, 309,     3.955,
 3371, 0, 515.341, 515.341, 515.354, 0.013, 25, 515.354, 516.084, 0.73, 1198, 2, 516.084, 516.11, 0.027, 53,     0.769,
 3370, 0, 515.064, 515.064, 515.48, 0.417, 833, 515.48, 516.214, 0.733, 1371, 2, 516.214, 516.224, 0.01, 14,     1.160,
 3364, 0, 513.861, 513.861, 513.871, 0.01, 5, 513.871, 515.083, 1.212, 1450, 2, 515.083, 516.332, 1.249, 2498,     2.471,
 3372, 0, 515.583, 515.583, 515.64, 0.057, 123, 515.64, 516.363, 0.723, 1417, 2, 516.363, 516.377, 0.014, 28,     0.794,
 3373, 0, 515.66, 515.66, 515.66, 0, 1, 515.66, 516.383, 0.723, 1535, 2, 516.383, 516.383, 0, 4,     0.723,
 3374, 0, 515.718, 515.718, 515.89, 0.172, 339, 515.89, 516.713, 0.823, 1590, 2, 516.713, 516.723, 0.01, 10,     1.005,
 3376, 0, 516.097, 516.097, 516.142, 0.045, 64, 516.142, 516.893, 0.75, 1256, 2, 516.893, 516.903, 0.01, 20,     0.806,
 3375, 0, 516.071, 516.071, 516.342, 0.271, 543, 516.342, 517.058, 0.716, 1583, 2, 517.058, 517.114, 0.056, 112,     1.043,
 3378, 0, 516.161, 516.161, 516.356, 0.195, 1, 516.356, 517.132, 0.776, 1491, 2, 517.132, 517.147, 0.014, 29,     0.986,
 3379, 0, 516.225, 516.225, 517.281, 1.056, 1821, 517.281, 518.003, 0.722, 1295, 2, 518.003, 518.013, 0.01, 11,     1.789,
 3380, 0, 516.698, 516.698, 517.338, 0.64, 115, 517.338, 518.055, 0.717, 1435, 2, 518.055, 518.09, 0.034, 69,     1.392,
 3382, 0, 517.125, 517.125, 517.54, 0.415, 16, 517.54, 518.273, 0.732, 1863, 2, 518.273, 518.317, 0.044, 89,     1.192,
 3381, 0, 516.872, 516.872, 517.526, 0.655, 376, 517.526, 518.261, 0.734, 1909, 2, 518.261, 518.365, 0.104, 208,     1.493,
 3383, 0, 517.73, 517.73, 517.751, 0.021, 43, 517.751, 518.473, 0.722, 2208, 2, 518.473, 518.486, 0.013, 25,     0.756,
 3377, 0, 516.145, 516.145, 517.814, 1.669, 3333, 517.814, 518.542, 0.728, 1467, 2, 518.542, 518.612, 0.07, 140,     2.467,
 3385, 0, 517.855, 517.855, 517.865, 0.01, 4, 517.865, 518.723, 0.858, 1679, 2, 518.723, 518.757, 0.034, 68,     0.902,
 3384, 0, 517.748, 517.748, 517.929, 0.18, 355, 517.929, 518.772, 0.843, 1518, 2, 518.772, 518.782, 0.01, 2,     1.034,
 3386, 0, 517.87, 517.87, 517.901, 0.032, 74, 517.901, 518.745, 0.844, 1427, 2, 518.745, 518.878, 0.133, 266,     1.008,
 3388, 0, 518.046, 518.046, 518.065, 0.019, 43, 518.065, 518.979, 0.914, 1612, 2, 518.979, 518.989, 0.01, 19,     0.943,
 3390, 0, 518.267, 518.267, 518.328, 0.061, 127, 518.328, 519.061, 0.733, 1424, 2, 519.061, 519.071, 0.01, 3,     0.804,
 3389, 0, 518.145, 518.145, 518.218, 0.073, 139, 518.218, 519.007, 0.788, 1732, 2, 519.007, 519.081, 0.074, 140,     0.936,
 3387, 0, 517.996, 517.996, 518.02, 0.024, 37, 518.02, 518.792, 0.772, 1787, 2, 518.792, 519.23, 0.438, 877,     1.235,
 3392, 0, 518.768, 518.768, 518.806, 0.038, 45, 518.806, 519.528, 0.722, 1643, 2, 519.528, 519.591, 0.063, 127,     0.823,
 3391, 0, 518.752, 518.752, 519.233, 0.481, 963, 519.233, 519.964, 0.731, 1789, 2, 519.964, 520.021, 0.057, 113,     1.269,
 3393, 0, 518.904, 518.904, 519.689, 0.785, 1576, 519.689, 520.422, 0.733, 1255, 2, 520.422, 520.432, 0.01, 4,     1.527,
 3394, 0, 518.98, 518.98, 519.277, 0.297, 76, 519.277, 520.156, 0.879, 1175, 2, 520.156, 520.442, 0.286, 558,     1.462,
 3396, 0, 519.252, 519.252, 519.935, 0.684, 461, 519.935, 520.651, 0.716, 1658, 2, 520.651, 520.71, 0.058, 117,     1.458,
 3397, 0, 519.324, 519.324, 519.949, 0.625, 8, 519.949, 520.694, 0.745, 1257, 2, 520.694, 520.725, 0.031, 54,     1.401,
 3395, 0, 519.047, 519.047, 519.983, 0.937, 1389, 519.983, 520.715, 0.732, 1590, 2, 520.715, 520.746, 0.031, 62,     1.699,
 3398, 0, 519.496, 519.496, 519.983, 0.487, 66, 519.983, 520.715, 0.732, 1640, 2, 520.715, 520.79, 0.074, 160,     1.294,
 3400, 0, 520.005, 520.005, 520.02, 0.015, 45, 520.02, 520.906, 0.886, 1462, 2, 520.906, 520.959, 0.053, 92,     0.954,
 3401, 0, 520.3, 520.3, 520.348, 0.048, 67, 520.348, 521.062, 0.714, 1897, 2, 521.062, 521.083, 0.02, 41,     0.782,
 3402, 0, 520.539, 520.539, 520.572, 0.033, 60, 520.572, 521.319, 0.747, 2085, 2, 521.319, 521.331, 0.012, 24,     0.792,
 3403, 0, 520.627, 520.627, 520.698, 0.071, 142, 520.698, 521.572, 0.873, 958, 2, 521.572, 521.59, 0.018, 36,     0.962,
 3405, 0, 520.788, 520.788, 520.788, 0, 1, 520.788, 521.724, 0.936, 1138, 2, 521.724, 521.739, 0.015, 30,     0.951,
 3404, 0, 520.72, 520.72, 520.73, 0.01, 10, 520.73, 521.666, 0.935, 1339, 2, 521.666, 521.782, 0.116, 233,     1.062,
 3406, 0, 520.907, 520.907, 520.917, 0.01, 15, 520.917, 521.747, 0.83, 1496, 2, 521.747, 521.956, 0.209, 408,     1.049,
 3407, 0, 520.995, 520.995, 521.199, 0.203, 390, 521.199, 522.087, 0.889, 1567, 2, 522.087, 522.097, 0.01, 10,     1.102,
 3408, 0, 521.082, 521.082, 521.967, 0.885, 1769, 521.967, 522.742, 0.775, 1600, 2, 522.742, 522.763, 0.021, 43,     1.682,
 3410, 0, 521.605, 521.605, 521.977, 0.371, 15, 521.977, 522.837, 0.86, 1078, 2, 522.837, 522.847, 0.01, 2,     1.241,
 3412, 0, 521.957, 521.957, 522.067, 0.111, 162, 522.067, 522.992, 0.924, 1770, 2, 522.992, 523.002, 0.01, 21,     1.046,
 3413, 0, 522.056, 522.056, 522.079, 0.023, 23, 522.079, 523.087, 1.007, 989, 2, 523.087, 523.111, 0.024, 48,     1.054,
 3414, 0, 522.155, 522.155, 522.166, 0.011, 26, 522.166, 523.247, 1.081, 1415, 2, 523.247, 523.263, 0.016, 32,     1.108,
 3416, 0, 522.198, 522.198, 522.208, 0.01, 7, 522.208, 523.364, 1.155, 1366, 2, 523.364, 523.411, 0.047, 93,     1.212,
 3418, 0, 522.384, 522.384, 522.411, 0.026, 42, 522.411, 523.497, 1.086, 1574, 2, 523.497, 523.507, 0.01, 9,     1.122,
 3415, 0, 522.168, 522.168, 522.188, 0.019, 44, 522.188, 523.344, 1.156, 1407, 2, 523.344, 523.564, 0.22, 440,     1.395,
 3419, 0, 522.471, 522.471, 522.481, 0.01, 3, 522.481, 523.617, 1.136, 1521, 2, 523.617, 523.617, 0, 4,     1.146,
 3417, 0, 522.266, 522.266, 522.276, 0.01, 1, 522.276, 523.401, 1.124, 1894, 2, 523.401, 523.803, 0.403, 806,     1.537,
 3409, 0, 521.493, 521.493, 522.635, 1.142, 2270, 522.635, 523.763, 1.128, 1763, 2, 523.763, 523.861, 0.098, 197,     2.368,
 3420, 0, 522.687, 522.687, 522.751, 0.064, 132, 522.751, 523.847, 1.096, 733, 2, 523.847, 523.877, 0.03, 42,     1.190,
 3422, 0, 523.356, 523.356, 523.43, 0.073, 147, 523.43, 524.154, 0.724, 2008, 2, 524.154, 524.274, 0.12, 229,     0.918,
 3423, 0, 523.479, 523.479, 523.522, 0.042, 57, 523.522, 524.244, 0.722, 1989, 2, 524.244, 524.284, 0.04, 78,     0.804,
 3421, 0, 523.308, 523.308, 523.536, 0.227, 436, 523.536, 524.264, 0.728, 1675, 2, 524.264, 524.284, 0.02, 22,     0.975,
 3424, 0, 523.725, 523.725, 523.743, 0.018, 42, 523.743, 524.678, 0.935, 1550, 2, 524.678, 524.692, 0.014, 28,     0.968,
 3426, 0, 523.938, 523.938, 524.023, 0.085, 147, 524.023, 524.781, 0.759, 1494, 2, 524.781, 524.854, 0.073, 146,     0.917,
 3425, 0, 523.833, 523.833, 523.933, 0.1, 166, 523.933, 524.749, 0.816, 1715, 2, 524.749, 524.875, 0.126, 252,     1.042,
 3428, 0, 524.139, 524.139, 524.169, 0.03, 56, 524.169, 525.005, 0.836, 748, 2, 525.005, 525.043, 0.038, 87,     0.904,
 3411, 0, 521.948, 521.948, 521.987, 0.039, 8, 521.987, 522.862, 0.875, 1598, 2, 522.862, 525.063, 2.202, 4370,     3.116,
 3427, 0, 524.136, 524.136, 524.149, 0.013, 29, 524.149, 525.005, 0.856, 1656, 2, 525.005, 525.118, 0.113, 226,     0.982,
 3430, 0, 524.347, 524.347, 524.391, 0.045, 81, 524.391, 525.105, 0.713, 1667, 2, 525.105, 525.151, 0.046, 92,     0.804,
 3431, 0, 524.44, 524.44, 524.454, 0.014, 34, 524.454, 525.255, 0.8, 1483, 2, 525.255, 525.278, 0.023, 46,     0.838,
 3429, 0, 524.294, 524.294, 524.403, 0.109, 217, 524.403, 525.255, 0.851, 1610, 2, 525.255, 525.322, 0.067, 135,     1.028,
 3432, 0, 524.468, 524.468, 524.479, 0.01, 22, 524.479, 525.36, 0.881, 1468, 2, 525.36, 525.37, 0.01, 1,     0.902,
 3433, 0, 524.516, 524.516, 524.526, 0.01, 19, 524.526, 525.448, 0.921, 1836, 2, 525.448, 525.464, 0.016, 33,     0.948,
 3434, 0, 524.684, 524.684, 524.715, 0.032, 72, 524.715, 525.504, 0.788, 1553, 2, 525.504, 525.535, 0.031, 62,     0.851,
 3435, 0, 524.826, 524.826, 524.884, 0.058, 85, 524.884, 525.61, 0.726, 2176, 2, 525.61, 525.768, 0.158, 317,     0.943,
 3437, 0, 525.08, 525.08, 525.129, 0.049, 92, 525.129, 525.841, 0.712, 2541, 2, 525.841, 525.851, 0.01, 12,     0.771,
 3438, 0, 525.098, 525.098, 525.227, 0.129, 173, 525.227, 525.943, 0.716, 1831, 2, 525.943, 525.956, 0.013, 26,     0.858,
 3440, 0, 525.343, 525.343, 525.452, 0.109, 47, 525.452, 526.169, 0.717, 1972, 2, 526.169, 526.179, 0.01, 1,     0.836,
 3439, 0, 525.187, 525.187, 525.426, 0.239, 399, 525.426, 526.149, 0.723, 1683, 2, 526.149, 526.29, 0.14, 281,     1.103,
 3441, 0, 525.839, 525.839, 525.867, 0.028, 56, 525.867, 526.591, 0.724, 1544, 2, 526.591, 526.663, 0.072, 143,     0.824,
 3443, 0, 525.986, 525.986, 525.996, 0.01, 15, 525.996, 526.899, 0.903, 1249, 2, 526.899, 526.909, 0.01, 1,     0.923,
 3442, 0, 525.908, 525.908, 525.918, 0.01, 12, 525.918, 526.631, 0.713, 1573, 2, 526.631, 527.027, 0.396, 792,     1.119,
 3444, 0, 526.022, 526.022, 526.032, 0.01, 18, 526.032, 527.096, 1.064, 1685, 2, 527.096, 527.198, 0.102, 204,     1.176,
 3445, 0, 526.145, 526.145, 526.184, 0.039, 83, 526.184, 527.176, 0.992, 953, 2, 527.176, 527.287, 0.111, 221,     1.142,
 3446, 0, 526.29, 526.29, 526.35, 0.06, 121, 526.35, 527.348, 0.998, 1202, 2, 527.348, 527.378, 0.03, 55,     1.088,
 3447, 0, 526.337, 526.337, 526.39, 0.054, 62, 526.39, 527.368, 0.978, 1531, 2, 527.368, 527.378, 0.01, 7,     1.041,
 3449, 0, 526.488, 526.488, 526.692, 0.203, 65, 526.692, 527.617, 0.926, 1337, 2, 527.617, 527.617, 0, 12,     1.129,
 3448, 0, 526.41, 526.41, 526.658, 0.247, 495, 526.658, 527.598, 0.94, 1372, 2, 527.598, 527.64, 0.042, 85,     1.230,
 3436, 0, 525.049, 525.049, 526.935, 1.886, 3767, 526.935, 527.867, 0.932, 1419, 2, 527.867, 527.877, 0.01, 18,     2.828,
 3451, 0, 526.797, 526.797, 526.984, 0.187, 98, 526.984, 527.936, 0.952, 1368, 2, 527.936, 527.946, 0.01, 4,     1.149,
 3453, 0, 527.134, 527.134, 527.321, 0.187, 152, 527.321, 528.19, 0.869, 1540, 2, 528.19, 528.2, 0.01, 11,     1.066,
 3452, 0, 526.968, 526.968, 527.243, 0.275, 519, 527.243, 528.117, 0.874, 1500, 2, 528.117, 528.265, 0.148, 296,     1.297,
 3454, 0, 527.25, 527.25, 527.399, 0.149, 156, 527.399, 528.356, 0.957, 1102, 2, 528.356, 528.367, 0.01, 21,     1.117,
 3455, 0, 527.311, 527.311, 527.425, 0.114, 41, 527.425, 528.367, 0.942, 1177, 2, 528.367, 528.377, 0.01, 7,     1.066,
 3456, 0, 527.425, 527.425, 527.435, 0.01, 9, 527.435, 528.415, 0.98, 1781, 2, 528.415, 528.425, 0.01, 6,     1.000,
 3399, 0, 519.613, 519.613, 520.641, 1.028, 1316, 520.641, 521.408, 0.766, 1616, 2, 521.408, 528.626, 7.219, 14421,     9.013,
 3457, 0, 527.604, 527.604, 527.646, 0.042, 66, 527.646, 528.605, 0.959, 1393, 2, 528.605, 528.626, 0.021, 42,     1.022,
 3458, 0, 527.703, 527.703, 527.725, 0.022, 26, 527.725, 528.616, 0.891, 1752, 2, 528.616, 528.626, 0.01, 2,     0.923,
 3460, 0, 528.045, 528.045, 528.077, 0.032, 54, 528.077, 528.865, 0.788, 1477, 2, 528.865, 528.9, 0.035, 70,     0.855,
 3459, 0, 527.808, 527.808, 527.818, 0.01, 22, 527.818, 528.664, 0.847, 1370, 2, 528.664, 529.048, 0.384, 768,     1.240,
 3461, 0, 528.26, 528.26, 528.29, 0.03, 38, 528.29, 529.125, 0.835, 1173, 2, 529.125, 529.21, 0.085, 171,     0.950,
 3462, 0, 528.431, 528.431, 528.455, 0.025, 41, 528.455, 529.195, 0.74, 1467, 2, 529.195, 529.258, 0.063, 126,     0.828,
 3463, 0, 528.481, 528.481, 528.512, 0.032, 32, 528.512, 529.362, 0.849, 1456, 2, 529.362, 529.372, 0.01, 20,     0.891,
 3465, 0, 528.852, 528.852, 528.857, 0.006, 26, 528.857, 529.611, 0.754, 1839, 2, 529.611, 529.621, 0.01, 4,     0.770,
 3464, 0, 528.718, 528.718, 528.809, 0.091, 189, 528.809, 529.535, 0.726, 1885, 2, 529.535, 529.817, 0.281, 563,     1.098,
 3467, 0, 529.08, 529.08, 529.318, 0.238, 103, 529.318, 530.04, 0.721, 1544, 2, 530.04, 530.05, 0.01, 14,     0.969,
 3450, 0, 526.725, 526.725, 529.294, 2.569, 5141, 529.294, 530.02, 0.725, 2089, 2, 530.02, 530.232, 0.212, 424,     3.507,
 3466, 0, 528.884, 528.884, 529.26, 0.376, 753, 529.26, 529.992, 0.731, 1425, 2, 529.992, 530.493, 0.501, 1003,     1.609,
 3469, 0, 529.585, 529.585, 529.812, 0.226, 453, 529.812, 530.535, 0.723, 917, 2, 530.535, 530.545, 0.01, 11,     0.960,
 3471, 0, 530.117, 530.117, 530.171, 0.054, 23, 530.171, 530.898, 0.727, 1775, 2, 530.898, 530.908, 0.01, 8,     0.791,
 3468, 0, 529.325, 529.325, 530.184, 0.859, 1719, 530.184, 530.91, 0.726, 1485, 2, 530.91, 530.91, 0, 5,     1.585,
 3472, 0, 530.174, 530.174, 530.236, 0.062, 130, 530.236, 530.952, 0.716, 1466, 2, 530.952, 530.969, 0.017, 34,     0.795,
 3470, 0, 530.089, 530.089, 530.157, 0.068, 104, 530.157, 530.885, 0.728, 1725, 2, 530.885, 531.073, 0.188, 376,     0.984,
 3474, 0, 530.268, 530.268, 530.28, 0.012, 24, 530.28, 531.135, 0.855, 1591, 2, 531.135, 531.258, 0.123, 218,     0.990,
 3473, 0, 530.237, 530.237, 530.369, 0.132, 267, 530.369, 531.167, 0.798, 1633, 2, 531.167, 531.338, 0.17, 360,     1.101,
 3475, 0, 530.669, 530.669, 530.736, 0.067, 134, 530.736, 531.452, 0.717, 931, 2, 531.452, 531.481, 0.029, 62,     0.812,
 3476, 0, 530.694, 530.694, 530.826, 0.132, 257, 530.826, 531.541, 0.716, 853, 2, 531.541, 531.632, 0.091, 182,     0.939,
 3477, 0, 530.849, 530.849, 530.859, 0.01, 36, 530.859, 531.642, 0.783, 1808, 2, 531.642, 531.914, 0.272, 564,     1.065,
 3478, 0, 531.179, 531.179, 531.191, 0.013, 34, 531.191, 531.903, 0.712, 1813, 2, 531.903, 531.934, 0.031, 43,     0.755,
 3479, 0, 531.252, 531.252, 531.289, 0.038, 75, 531.289, 532.003, 0.714, 1758, 2, 532.003, 532.013, 0.01, 11,     0.761,
 3480, 0, 531.53, 531.53, 531.632, 0.102, 174, 531.632, 532.359, 0.726, 1555, 2, 532.359, 532.369, 0.01, 11,     0.838,
 3482, 0, 531.913, 531.913, 531.923, 0.01, 15, 531.923, 532.642, 0.719, 1527, 2, 532.642, 532.652, 0.01, 18,     0.739,
 3481, 0, 531.895, 531.895, 531.933, 0.038, 67, 531.933, 532.652, 0.719, 1920, 2, 532.652, 532.662, 0.01, 4,     0.767,
 3483, 0, 531.946, 531.946, 531.971, 0.025, 57, 531.971, 532.702, 0.731, 1851, 2, 532.702, 532.749, 0.047, 82,     0.803,
 3484, 0, 532.014, 532.014, 532.023, 0.009, 1, 532.023, 532.739, 0.716, 1587, 2, 532.739, 532.788, 0.049, 98,     0.774,
 3485, 0, 532.023, 532.023, 532.104, 0.081, 180, 532.104, 532.891, 0.787, 1212, 2, 532.891, 532.901, 0.01, 7,     0.878,
 3486, 0, 532.153, 532.153, 532.175, 0.022, 44, 532.175, 532.902, 0.727, 1708, 2, 532.902, 532.913, 0.011, 24,     0.760,
 3487, 0, 532.303, 532.303, 532.32, 0.018, 35, 532.32, 533.048, 0.728, 1358, 2, 533.048, 533.071, 0.023, 46,     0.768,
 3488, 0, 532.342, 532.342, 532.375, 0.033, 65, 532.375, 533.087, 0.712, 1270, 2, 533.087, 533.1, 0.013, 25,     0.757,
 3489, 0, 532.639, 532.639, 532.661, 0.022, 29, 532.661, 533.376, 0.715, 1388, 2, 533.376, 533.485, 0.109, 217,     0.846,
 3490, 0, 532.744, 532.744, 532.773, 0.029, 58, 532.773, 533.489, 0.716, 1508, 2, 533.489, 533.527, 0.038, 84,     0.783,
 3491, 0, 533.484, 533.484, 533.533, 0.049, 98, 533.533, 534.274, 0.741, 1543, 2, 534.274, 534.304, 0.03, 58,     0.819,
 3493, 0, 533.555, 533.555, 533.555, 0, 4, 533.555, 534.294, 0.739, 1466, 2, 534.294, 534.304, 0.01, 5,     0.749,
 3494, 0, 533.643, 533.643, 533.732, 0.089, 178, 533.732, 534.463, 0.731, 1971, 2, 534.463, 534.483, 0.02, 41,     0.841,
 3492, 0, 533.522, 533.522, 533.653, 0.131, 256, 533.653, 534.371, 0.718, 1558, 2, 534.371, 534.532, 0.162, 324,     1.010,
 3495, 0, 533.736, 533.736, 533.846, 0.11, 229, 533.846, 534.575, 0.729, 1373, 2, 534.575, 534.585, 0.01, 7,     0.849,
 3496, 0, 533.851, 533.851, 533.88, 0.029, 51, 533.88, 534.607, 0.727, 996, 2, 534.607, 534.682, 0.074, 149,     0.831,
 3498, 0, 534.006, 534.006, 534.019, 0.013, 25, 534.019, 534.739, 0.721, 1055, 2, 534.739, 534.775, 0.035, 71,     0.769,
 3497, 0, 533.866, 533.866, 533.89, 0.024, 45, 533.89, 534.627, 0.737, 1722, 2, 534.627, 534.79, 0.162, 325,     0.924,
 3499, 0, 534.171, 534.171, 534.249, 0.078, 157, 534.249, 534.964, 0.716, 1581, 2, 534.964, 535.038, 0.073, 147,     0.867,
 3501, 0, 534.276, 534.276, 534.286, 0.01, 1, 534.286, 535.04, 0.754, 1089, 2, 535.04, 535.05, 0.01, 25,     0.774,
 3502, 0, 534.325, 534.325, 534.353, 0.029, 67, 534.353, 535.099, 0.745, 1048, 2, 535.099, 535.141, 0.043, 85,     0.817,
 3500, 0, 534.237, 534.237, 534.32, 0.083, 136, 534.32, 535.06, 0.74, 2001, 2, 535.06, 535.194, 0.134, 269,     0.957,
 3505, 0, 534.838, 534.838, 534.994, 0.156, 313, 534.994, 535.696, 0.702, 1710, 2, 535.696, 535.706, 0.01, 19,     0.868,
 3506, 0, 535.021, 535.021, 535.832, 0.81, 1597, 535.832, 536.548, 0.716, 1756, 2, 536.548, 536.558, 0.01, 14,     1.537,
 3507, 0, 535.084, 535.084, 535.846, 0.762, 5, 535.846, 536.587, 0.741, 1831, 2, 536.587, 536.597, 0.01, 14,     1.513,
 3509, 0, 535.304, 535.304, 535.974, 0.67, 37, 535.974, 536.693, 0.718, 1157, 2, 536.693, 536.703, 0.01, 10,     1.399,
 3508, 0, 535.259, 535.259, 535.954, 0.695, 216, 535.954, 536.681, 0.727, 1178, 2, 536.681, 536.713, 0.032, 55,     1.454,
 3510, 0, 535.352, 535.352, 535.994, 0.643, 22, 535.994, 536.799, 0.804, 1402, 2, 536.799, 536.809, 0.01, 20,     1.457,
 3511, 0, 535.964, 535.964, 536.004, 0.04, 12, 536.004, 536.841, 0.836, 1681, 2, 536.841, 536.855, 0.014, 29,     0.891,
 3512, 0, 536.09, 536.09, 536.1, 0.01, 21, 536.1, 536.93, 0.831, 1543, 2, 536.93, 536.961, 0.031, 62,     0.872,
 3513, 0, 536.099, 536.099, 536.144, 0.045, 89, 536.144, 536.95, 0.806, 1607, 2, 536.95, 536.981, 0.031, 26,     0.883,
 3515, 0, 536.281, 536.281, 536.346, 0.065, 6, 536.346, 537.09, 0.745, 2213, 2, 537.09, 537.1, 0.01, 19,     0.820,
 3514, 0, 536.246, 536.246, 536.332, 0.085, 174, 536.332, 537.048, 0.717, 1719, 2, 537.048, 537.11, 0.062, 113,     0.864,
 3516, 0, 537.104, 537.104, 537.215, 0.111, 222, 537.215, 537.937, 0.722, 1075, 2, 537.937, 537.971, 0.034, 68,     0.867,
 3518, 0, 537.249, 537.249, 537.298, 0.05, 100, 537.298, 538.021, 0.723, 1890, 2, 538.021, 538.032, 0.011, 22,     0.784,
 3517, 0, 537.235, 537.235, 537.245, 0.01, 23, 537.245, 537.971, 0.726, 1611, 2, 537.971, 538.058, 0.087, 174,     0.823,
 3519, 0, 537.288, 537.288, 537.358, 0.069, 119, 537.358, 538.095, 0.738, 1337, 2, 538.095, 538.231, 0.136, 272,     0.943,
 3520, 0, 537.523, 537.523, 537.567, 0.044, 79, 537.567, 538.354, 0.786, 1524, 2, 538.354, 538.379, 0.025, 51,     0.856,
 3521, 0, 537.885, 537.885, 537.895, 0.01, 8, 537.895, 538.699, 0.804, 1587, 2, 538.699, 538.709, 0.01, 13,     0.824,
 3522, 0, 537.902, 537.902, 537.941, 0.039, 88, 537.941, 538.733, 0.792, 1539, 2, 538.733, 538.743, 0.01, 17,     0.841,
 3523, 0, 538.103, 538.103, 538.113, 0.01, 2, 538.113, 538.837, 0.725, 1392, 2, 538.837, 538.861, 0.024, 47,     0.758,
 3524, 0, 538.386, 538.386, 538.402, 0.016, 35, 538.402, 539.285, 0.883, 1340, 2, 539.285, 539.338, 0.053, 103,     0.952,
 3525, 0, 538.534, 538.534, 538.596, 0.062, 106, 538.596, 539.843, 1.247, 1429, 2, 539.843, 539.861, 0.018, 35,     1.326,
 3528, 0, 538.898, 538.898, 538.898, 0, 6, 538.898, 540.051, 1.153, 1486, 2, 540.051, 540.061, 0.01, 12,     1.163,
 3526, 0, 538.681, 538.681, 538.781, 0.101, 184, 538.781, 540.038, 1.257, 1753, 2, 540.038, 540.071, 0.033, 57,     1.390,
 3527, 0, 538.752, 538.752, 538.808, 0.056, 53, 538.808, 540.051, 1.243, 1505, 2, 540.051, 540.081, 0.03, 46,     1.329,
 3529, 0, 538.983, 538.983, 539.01, 0.027, 37, 539.01, 540.3, 1.29, 1648, 2, 540.3, 540.422, 0.122, 244,     1.439,
 3530, 0, 539, 539, 539.312, 0.313, 591, 539.312, 540.558, 1.245, 892, 2, 540.558, 540.652, 0.094, 188,     1.652,
 3532, 0, 539.587, 539.587, 539.622, 0.036, 62, 539.622, 540.818, 1.196, 1069, 2, 540.818, 540.828, 0.01, 6,     1.241,
 3535, 0, 539.956, 539.956, 539.984, 0.028, 71, 539.984, 541.064, 1.08, 1450, 2, 541.064, 541.141, 0.077, 154,     1.185,
 3536, 0, 539.965, 539.965, 540.009, 0.044, 36, 540.009, 541.074, 1.065, 1665, 2, 541.074, 541.161, 0.087, 144,     1.196,
 3538, 0, 540.205, 540.205, 540.253, 0.048, 78, 540.253, 541.323, 1.07, 1575, 2, 541.323, 541.333, 0.01, 9,     1.129,
 3537, 0, 540.189, 540.189, 540.199, 0.01, 2, 540.199, 541.323, 1.124, 1972, 2, 541.323, 541.349, 0.026, 43,     1.160,
 3534, 0, 539.765, 539.765, 539.797, 0.032, 53, 539.797, 540.85, 1.053, 1521, 2, 540.85, 541.589, 0.739, 1478,     1.824,
 3539, 0, 540.531, 540.531, 540.565, 0.034, 37, 540.565, 541.822, 1.257, 1650, 2, 541.822, 541.835, 0.013, 25,     1.304,
 3503, 0, 534.548, 534.548, 534.681, 0.133, 267, 534.681, 535.397, 0.716, 1861, 2, 535.397, 541.862, 6.464, 12916,     7.314,
 3504, 0, 534.724, 534.724, 540.99, 6.266, 12520, 540.99, 542.611, 1.62, 1715, 2, 542.611, 542.642, 0.032, 26,     7.919,
 3540, 0, 540.923, 540.923, 541.004, 0.081, 147, 541.004, 542.834, 1.829, 1219, 2, 542.834, 542.942, 0.108, 216,     2.019,
 3533, 0, 539.64, 539.64, 539.656, 0.015, 39, 539.656, 540.818, 1.163, 1371, 2, 540.818, 542.982, 2.164, 4329,     3.342,
 3541, 0, 541.058, 541.058, 541.069, 0.01, 21, 541.069, 543.084, 2.015, 1555, 2, 543.084, 543.094, 0.01, 12,     2.035,
 3543, 0, 541.084, 541.084, 541.084, 0, 2, 541.084, 543.11, 2.026, 842, 2, 543.11, 543.174, 0.064, 129,     2.090,
 3542, 0, 541.065, 541.065, 541.154, 0.089, 168, 541.154, 543.333, 2.179, 1193, 2, 543.333, 543.379, 0.046, 82,     2.314,
 3531, 0, 539.498, 539.498, 539.498, 0, 1, 539.498, 540.806, 1.308, 1448, 2, 540.806, 543.781, 2.975, 5926,     4.283,
 3545, 0, 541.404, 541.404, 541.448, 0.044, 72, 541.448, 543.872, 2.424, 1602, 2, 543.872, 543.936, 0.064, 148,     2.532,
 3544, 0, 541.392, 541.392, 541.704, 0.312, 629, 541.704, 544.372, 2.668, 1208, 2, 544.372, 544.382, 0.01, 15,     2.990,
 3548, 0, 541.909, 541.909, 541.919, 0.01, 3, 541.919, 544.588, 2.669, 1825, 2, 544.588, 544.598, 0.01, 7,     2.689,
 3549, 0, 542.22, 542.22, 542.22, 0, 2, 542.22, 544.852, 2.632, 1039, 2, 544.852, 544.862, 0.01, 18,     2.642,
 3546, 0, 541.788, 541.788, 541.793, 0.005, 16, 541.793, 544.588, 2.796, 1332, 2, 544.588, 544.995, 0.407, 814,     3.208,
 3547, 0, 541.839, 541.839, 542.34, 0.501, 1000, 542.34, 545.127, 2.788, 1341, 2, 545.127, 545.137, 0.01, 9,     3.299,
 3552, 0, 542.8, 542.8, 542.897, 0.097, 210, 542.897, 545.357, 2.459, 1300, 2, 545.357, 545.367, 0.01, 17,     2.567,
 3550, 0, 542.432, 542.432, 542.455, 0.023, 32, 542.455, 545.357, 2.902, 1182, 2, 545.357, 545.384, 0.027, 39,     2.952,
 3551, 0, 542.657, 542.657, 542.741, 0.083, 165, 542.741, 545.357, 2.616, 1551, 2, 545.357, 545.384, 0.027, 26,     2.727,
 3553, 0, 542.932, 542.932, 543.082, 0.15, 308, 543.082, 545.384, 2.302, 1482, 2, 545.384, 545.394, 0.01, 21,     2.462,
 3555, 0, 543.174, 543.174, 543.204, 0.03, 45, 543.204, 545.606, 2.402, 1506, 2, 545.606, 545.616, 0.01, 19,     2.443,
 3554, 0, 542.979, 542.979, 543.19, 0.212, 424, 543.19, 545.606, 2.416, 1652, 2, 545.606, 545.636, 0.03, 25,     2.658,
 3559, 0, 543.64, 543.64, 543.707, 0.066, 63, 543.707, 545.856, 2.149, 1636, 2, 545.856, 545.866, 0.01, 8,     2.226,
 3557, 0, 543.572, 543.572, 543.675, 0.103, 225, 543.675, 545.856, 2.181, 1604, 2, 545.856, 545.965, 0.109, 189,     2.393,
 3556, 0, 543.563, 543.563, 543.572, 0.009, 7, 543.572, 545.856, 2.284, 1807, 2, 545.856, 546.003, 0.147, 295,     2.440,
 3560, 0, 544.163, 544.163, 544.208, 0.045, 90, 544.208, 546.146, 1.938, 1326, 2, 546.146, 546.163, 0.018, 35,     2.000,
 3558, 0, 543.59, 543.59, 543.901, 0.311, 617, 543.901, 546.106, 2.205, 1275, 2, 546.106, 546.232, 0.126, 253,     2.642,
 3563, 0, 545.048, 545.048, 545.054, 0.005, 17, 545.054, 546.605, 1.551, 1188, 2, 546.605, 546.628, 0.023, 46,     1.580,
 3562, 0, 544.819, 544.819, 544.829, 0.01, 17, 544.829, 546.605, 1.776, 1487, 2, 546.605, 546.648, 0.043, 69,     1.829,
 3561, 0, 544.23, 544.23, 544.24, 0.01, 1, 544.24, 546.356, 2.116, 1077, 2, 546.356, 546.724, 0.369, 738,     2.495,
 3565, 0, 545.13, 545.13, 545.163, 0.032, 65, 545.163, 546.855, 1.692, 1374, 2, 546.855, 546.865, 0.01, 2,     1.734,
 3564, 0, 545.106, 545.106, 545.106, 0, 3, 545.106, 546.855, 1.748, 1428, 2, 546.855, 546.885, 0.03, 32,     1.778,
 3566, 0, 545.153, 545.153, 545.239, 0.087, 193, 545.239, 546.909, 1.67, 1995, 2, 546.909, 546.994, 0.085, 169,     1.841,
 3568, 0, 545.301, 545.301, 545.376, 0.075, 148, 545.376, 547.105, 1.729, 1546, 2, 547.105, 547.12, 0.015, 31,     1.820,
 3570, 0, 546.141, 546.141, 546.152, 0.011, 22, 546.152, 547.362, 1.21, 920, 2, 547.362, 547.383, 0.021, 42,     1.241,
 3571, 0, 546.152, 546.152, 546.195, 0.043, 86, 546.195, 547.416, 1.221, 2150, 2, 547.416, 547.503, 0.086, 173,     1.351,
 3572, 0, 546.185, 546.185, 546.215, 0.03, 35, 546.215, 547.611, 1.396, 1668, 2, 547.611, 547.662, 0.051, 102,     1.477,
 3573, 0, 546.409, 546.409, 546.419, 0.01, 19, 546.419, 547.677, 1.258, 1882, 2, 547.677, 547.72, 0.043, 87,     1.311,
 3574, 0, 546.475, 546.475, 546.575, 0.101, 195, 546.575, 547.867, 1.292, 2011, 2, 547.867, 547.936, 0.069, 137,     1.462,
 3575, 0, 546.565, 546.565, 546.628, 0.063, 122, 546.628, 547.926, 1.298, 1214, 2, 547.926, 547.936, 0.01, 16,     1.371,
 3567, 0, 545.263, 545.263, 545.263, 0, 11, 545.263, 547.105, 1.842, 1568, 2, 547.105, 548.11, 1.006, 2012,     2.848,
 3576, 0, 546.706, 546.706, 546.706, 0, 8, 546.706, 548.117, 1.411, 1347, 2, 548.117, 548.196, 0.079, 141,     1.490,
 3569, 0, 545.376, 545.376, 546.429, 1.053, 2105, 546.429, 547.867, 1.439, 1485, 2, 547.867, 548.311, 0.443, 887,     2.935,
 3577, 0, 547.123, 547.123, 547.133, 0.01, 7, 547.133, 548.366, 1.233, 1534, 2, 548.366, 548.396, 0.03, 27,     1.273,
 3580, 0, 547.412, 547.412, 547.422, 0.01, 9, 547.422, 548.865, 1.443, 1664, 2, 548.865, 548.875, 0.01, 8,     1.463,
 3578, 0, 547.306, 547.306, 547.47, 0.164, 307, 547.47, 548.865, 1.395, 1383, 2, 548.865, 548.944, 0.079, 155,     1.638,
 3581, 0, 547.437, 547.437, 547.744, 0.307, 609, 547.744, 549.114, 1.37, 1403, 2, 549.114, 549.185, 0.071, 142,     1.749,
 3579, 0, 547.375, 547.375, 547.396, 0.02, 29, 547.396, 548.615, 1.219, 985, 2, 548.615, 549.338, 0.723, 1446,     1.963,
 3582, 0, 547.444, 547.444, 547.958, 0.514, 971, 547.958, 549.368, 1.41, 1703, 2, 549.368, 549.382, 0.014, 28,     1.938,
 3584, 0, 549.056, 549.056, 549.087, 0.031, 31, 549.087, 549.805, 0.717, 1318, 2, 549.805, 549.815, 0.01, 16,     0.759,
 3585, 0, 549.087, 549.087, 549.097, 0.01, 7, 549.097, 549.815, 0.718, 1497, 2, 549.815, 549.864, 0.048, 99,     0.777,
 3583, 0, 548.959, 548.959, 549.107, 0.148, 310, 549.107, 549.867, 0.76, 1150, 2, 549.867, 549.877, 0.01, 24,     0.918,
 3586, 0, 549.116, 549.116, 549.116, 0, 3, 549.116, 549.968, 0.851, 1320, 2, 549.968, 550.011, 0.043, 86,     0.894,
 3587, 0, 549.165, 549.165, 549.256, 0.092, 159, 549.256, 550.065, 0.809, 1849, 2, 550.065, 550.096, 0.031, 62,     0.932,
 3588, 0, 549.181, 549.181, 549.27, 0.089, 178, 549.27, 550.117, 0.847, 1888, 2, 550.117, 550.291, 0.174, 315,     1.110,
 3590, 0, 549.287, 549.287, 549.775, 0.488, 982, 549.775, 550.501, 0.726, 1101, 2, 550.501, 550.528, 0.028, 55,     1.241,
 3591, 0, 549.305, 549.305, 549.802, 0.497, 54, 549.802, 550.554, 0.752, 1351, 2, 550.554, 550.564, 0.01, 9,     1.259,
 3592, 0, 549.471, 549.471, 549.813, 0.343, 6, 549.813, 550.574, 0.761, 1431, 2, 550.574, 550.584, 0.01, 9,     1.113,
 3593, 0, 550.186, 550.186, 550.186, 0, 13, 550.186, 550.9, 0.715, 1729, 2, 550.9, 550.993, 0.093, 161,     0.807,
 3589, 0, 549.218, 549.218, 549.844, 0.626, 1173, 549.844, 550.731, 0.887, 1633, 2, 550.731, 551.071, 0.34, 680,     1.853,
 3594, 0, 550.406, 550.406, 550.434, 0.028, 56, 550.434, 551.149, 0.716, 2159, 2, 551.149, 551.159, 0.01, 19,     0.754,
 3595, 0, 550.441, 550.441, 550.458, 0.018, 50, 550.458, 551.175, 0.716, 1644, 2, 551.175, 551.185, 0.01, 16,     0.744,
 3596, 0, 550.522, 550.522, 550.546, 0.024, 49, 550.546, 551.399, 0.853, 1646, 2, 551.399, 551.409, 0.01, 4,     0.887,
 3597, 0, 550.72, 550.72, 550.73, 0.01, 12, 550.73, 551.492, 0.763, 1585, 2, 551.492, 551.502, 0.01, 6,     0.783,
 3598, 0, 550.882, 550.882, 550.923, 0.041, 95, 550.923, 551.695, 0.772, 1430, 2, 551.695, 551.808, 0.114, 228,     0.927,
 3599, 0, 550.982, 550.982, 550.992, 0.01, 14, 550.992, 551.746, 0.754, 1574, 2, 551.746, 551.951, 0.206, 412,     0.969,
 3600, 0, 551.185, 551.185, 551.344, 0.159, 319, 551.344, 552.06, 0.716, 1518, 2, 552.06, 552.088, 0.028, 56,     0.903,
 3603, 0, 551.427, 551.427, 551.444, 0.016, 16, 551.444, 552.186, 0.742, 1235, 2, 552.186, 552.196, 0.01, 17,     0.769,
 3601, 0, 551.396, 551.396, 551.427, 0.032, 59, 551.427, 552.135, 0.708, 1149, 2, 552.135, 552.245, 0.11, 220,     0.849,
 3605, 0, 551.925, 551.925, 551.957, 0.032, 45, 551.957, 552.705, 0.748, 980, 2, 552.705, 552.772, 0.067, 134,     0.847,
 3606, 0, 551.963, 551.963, 551.991, 0.027, 67, 551.991, 552.81, 0.82, 1492, 2, 552.81, 552.82, 0.01, 2,     0.857,
 3607, 0, 552.003, 552.003, 552.013, 0.01, 3, 552.013, 552.876, 0.863, 996, 2, 552.876, 552.886, 0.01, 7,     0.883,
 3608, 0, 552.015, 552.015, 552.015, 0, 4, 552.015, 552.935, 0.919, 1684, 2, 552.935, 552.946, 0.011, 22,     0.930,
 3609, 0, 552.059, 552.059, 552.059, 0, 2, 552.059, 552.955, 0.896, 2042, 2, 552.955, 552.955, 0, 16,     0.896,
 3611, 0, 552.078, 552.078, 552.088, 0.01, 8, 552.088, 553.06, 0.972, 1114, 2, 553.06, 553.126, 0.067, 133,     1.048,
 3612, 0, 552.23, 552.23, 552.24, 0.01, 10, 552.24, 553.134, 0.894, 1310, 2, 553.134, 553.184, 0.051, 116,     0.954,
 3613, 0, 552.292, 552.292, 552.307, 0.015, 30, 552.307, 553.185, 0.877, 1555, 2, 553.185, 553.195, 0.01, 13,     0.902,
 3610, 0, 552.066, 552.066, 552.42, 0.354, 712, 552.42, 553.205, 0.785, 1369, 2, 553.205, 553.221, 0.016, 32,     1.155,
 3604, 0, 551.722, 551.722, 551.728, 0.005, 20, 551.728, 552.561, 0.833, 1934, 2, 552.561, 553.63, 1.069, 2139,     1.908,
 3615, 0, 553.167, 553.167, 553.184, 0.016, 33, 553.184, 553.902, 0.718, 960, 2, 553.902, 554.069, 0.168, 336,     0.902,
 3617, 0, 553.319, 553.319, 553.341, 0.022, 36, 553.341, 554.057, 0.716, 1172, 2, 554.057, 554.113, 0.056, 113,     0.794,
 3616, 0, 553.222, 553.222, 553.296, 0.074, 149, 553.296, 554.023, 0.727, 1418, 2, 554.023, 554.196, 0.173, 336,     0.974,
 3618, 0, 553.708, 553.708, 553.723, 0.014, 29, 553.723, 554.438, 0.715, 1685, 2, 554.438, 554.579, 0.141, 282,     0.870,
 3620, 0, 554.187, 554.187, 554.197, 0.01, 20, 554.197, 554.92, 0.724, 743, 2, 554.92, 554.93, 0.01, 16,     0.744,
 3621, 0, 554.211, 554.211, 554.221, 0.01, 26, 554.221, 554.96, 0.74, 950, 2, 554.96, 555.006, 0.046, 86,     0.796,
 3619, 0, 553.837, 553.837, 554.102, 0.265, 530, 554.102, 554.818, 0.716, 989, 2, 554.818, 555.065, 0.247, 494,     1.228,
 3622, 0, 554.265, 554.265, 554.284, 0.019, 28, 554.284, 555.068, 0.784, 1289, 2, 555.068, 555.098, 0.03, 66,     0.833,
 3623, 0, 554.358, 554.358, 554.479, 0.122, 244, 554.479, 555.197, 0.717, 1895, 2, 555.197, 555.293, 0.096, 192,     0.935,
 3614, 0, 553.067, 553.067, 554.868, 1.801, 3602, 554.868, 555.59, 0.722, 2098, 2, 555.59, 555.6, 0.01, 5,     2.532,
 3626, 0, 554.899, 554.899, 554.931, 0.032, 63, 554.931, 555.651, 0.721, 1397, 2, 555.651, 555.661, 0.01, 4,     0.762,
 3625, 0, 554.86, 554.86, 554.99, 0.13, 262, 554.99, 555.811, 0.822, 1534, 2, 555.811, 555.827, 0.015, 31,     0.967,
 3627, 0, 555.062, 555.062, 555.062, 0, 11, 555.062, 555.839, 0.777, 2155, 2, 555.839, 555.849, 0.01, 10,     0.787,
 3628, 0, 555.35, 555.35, 555.396, 0.046, 96, 555.396, 556.123, 0.726, 1529, 2, 556.123, 556.133, 0.01, 2,     0.782,
 3602, 0, 551.424, 551.424, 551.485, 0.061, 122, 551.485, 552.312, 0.827, 1081, 2, 552.312, 556.192, 3.88, 7758,     4.768,
 3629, 0, 555.466, 555.466, 555.656, 0.19, 383, 555.656, 556.422, 0.766, 1614, 2, 556.422, 556.438, 0.016, 33,     0.972,
 3624, 0, 554.662, 554.662, 554.705, 0.044, 77, 554.705, 555.421, 0.716, 1318, 2, 555.421, 556.516, 1.095, 2191,     1.854,
 3631, 0, 555.732, 555.732, 555.812, 0.079, 159, 555.812, 556.529, 0.717, 1764, 2, 556.529, 556.539, 0.01, 1,     0.806,
 3630, 0, 555.608, 555.608, 555.622, 0.014, 35, 555.622, 556.373, 0.75, 1603, 2, 556.373, 556.675, 0.302, 605,     1.067,
 3633, 0, 555.9, 555.9, 555.967, 0.067, 109, 555.967, 556.695, 0.728, 1397, 2, 556.695, 556.707, 0.012, 24,     0.807,
 3632, 0, 555.838, 555.838, 555.967, 0.129, 262, 555.967, 556.695, 0.728, 1495, 2, 556.695, 556.736, 0.041, 82,     0.898,
 3634, 0, 556.167, 556.167, 556.327, 0.16, 321, 556.327, 557.031, 0.704, 1687, 2, 557.031, 557.041, 0.01, 5,     0.874,
 3635, 0, 556.405, 556.405, 556.44, 0.034, 69, 556.44, 557.156, 0.716, 1373, 2, 557.156, 557.194, 0.038, 76,     0.788,
 3637, 0, 556.547, 556.547, 556.547, 0, 10, 556.547, 557.256, 0.709, 1091, 2, 557.256, 557.266, 0.01, 7,     0.719,
 3639, 0, 556.655, 556.655, 556.71, 0.055, 50, 556.71, 557.436, 0.726, 1741, 2, 557.436, 557.446, 0.01, 14,     0.791,
 3638, 0, 556.642, 556.642, 556.679, 0.037, 74, 556.679, 557.406, 0.727, 1495, 2, 557.406, 557.644, 0.238, 477,     1.002,
 3640, 0, 556.755, 556.755, 556.765, 0.01, 6, 556.765, 557.685, 0.92, 1439, 2, 557.685, 557.731, 0.046, 92,     0.976,
 3641, 0, 557.02, 557.02, 557.039, 0.019, 48, 557.039, 558.018, 0.979, 1640, 2, 558.018, 558.028, 0.01, 8,     1.008,
 3642, 0, 557.13, 557.13, 557.165, 0.035, 66, 557.165, 558.077, 0.912, 979, 2, 558.077, 558.098, 0.021, 56,     0.968,
 3643, 0, 557.246, 557.246, 557.256, 0.01, 1, 557.256, 558.189, 0.933, 1640, 2, 558.189, 558.199, 0.01, 1,     0.953,
 3636, 0, 556.506, 556.506, 556.74, 0.234, 468, 556.74, 557.565, 0.825, 1507, 2, 557.565, 558.245, 0.68, 1360,     1.738,
 3644, 0, 557.39, 557.39, 557.465, 0.075, 133, 557.465, 558.326, 0.861, 1449, 2, 558.326, 558.326, 0, 10,     0.936,
 3646, 0, 557.505, 557.505, 557.572, 0.067, 135, 557.572, 558.42, 0.847, 1436, 2, 558.42, 558.434, 0.014, 28,     0.928,
 3648, 0, 557.715, 557.715, 557.743, 0.028, 69, 557.743, 558.528, 0.786, 1589, 2, 558.528, 558.538, 0.01, 11,     0.824,
 3647, 0, 557.626, 557.626, 557.654, 0.028, 37, 557.654, 558.44, 0.786, 1679, 2, 558.44, 558.8, 0.361, 734,     1.174,
 3649, 0, 558.13, 558.13, 558.159, 0.029, 41, 558.159, 558.968, 0.81, 1386, 2, 558.968, 558.989, 0.02, 41,     0.859,
 3650, 0, 558.15, 558.15, 558.189, 0.039, 51, 558.189, 559.07, 0.881, 1718, 2, 559.07, 559.08, 0.01, 11,     0.930,
 3645, 0, 557.455, 557.455, 558.45, 0.995, 1970, 558.45, 559.322, 0.872, 1023, 2, 559.322, 559.332, 0.01, 20,     1.877,
 3651, 0, 558.372, 558.372, 558.385, 0.013, 26, 558.385, 559.218, 0.832, 1407, 2, 559.218, 559.387, 0.169, 339,     1.015,
 3652, 0, 558.604, 558.604, 558.653, 0.048, 72, 558.653, 559.37, 0.717, 1736, 2, 559.37, 559.407, 0.037, 41,     0.803,
 3655, 0, 558.733, 558.733, 558.797, 0.064, 139, 558.797, 559.522, 0.725, 1521, 2, 559.522, 559.547, 0.025, 50,     0.814,
 3656, 0, 558.751, 558.751, 558.919, 0.168, 244, 558.919, 559.738, 0.82, 1190, 2, 559.738, 559.753, 0.014, 29,     1.002,
 3657, 0, 558.934, 558.934, 558.997, 0.062, 99, 558.997, 559.771, 0.775, 1516, 2, 559.771, 559.806, 0.035, 70,     0.872,
 3654, 0, 558.709, 558.709, 559.04, 0.331, 663, 559.04, 559.827, 0.787, 1575, 2, 559.827, 559.837, 0.01, 15,     1.129,
 3658, 0, 559.057, 559.057, 559.057, 0, 1, 559.057, 559.869, 0.812, 1816, 2, 559.869, 559.879, 0.01, 3,     0.822,
 3659, 0, 559.53, 559.53, 559.576, 0.046, 73, 559.576, 560.316, 0.74, 1409, 2, 560.316, 560.347, 0.032, 63,     0.817,
 3660, 0, 559.708, 559.708, 559.739, 0.03, 56, 559.739, 560.487, 0.748, 1471, 2, 560.487, 560.512, 0.025, 50,     0.803,
 3661, 0, 559.955, 559.955, 559.962, 0.008, 11, 559.962, 560.679, 0.717, 1397, 2, 560.679, 560.689, 0.01, 11,     0.734,
 3662, 0, 560.143, 560.143, 560.153, 0.01, 14, 560.153, 560.877, 0.724, 1599, 2, 560.877, 561.061, 0.183, 371,     0.918,
 3664, 0, 560.206, 560.206, 560.216, 0.01, 12, 560.216, 561.013, 0.797, 1471, 2, 561.013, 561.081, 0.067, 104,     0.875,
 3653, 0, 558.653, 558.653, 558.663, 0.01, 5, 558.663, 559.483, 0.82, 1484, 2, 559.483, 561.101, 1.617, 3209,     2.448,
 3663, 0, 560.183, 560.183, 560.413, 0.23, 464, 560.413, 561.139, 0.726, 1490, 2, 561.139, 561.18, 0.041, 86,     0.997,
 3666, 0, 560.455, 560.455, 560.485, 0.03, 55, 560.485, 561.276, 0.791, 1025, 2, 561.276, 561.286, 0.01, 16,     0.831,
 3665, 0, 560.433, 560.433, 560.465, 0.032, 69, 560.465, 561.187, 0.722, 924, 2, 561.187, 561.415, 0.228, 470,     0.982,
 3667, 0, 560.807, 560.807, 560.823, 0.015, 31, 560.823, 561.55, 0.728, 1803, 2, 561.55, 561.577, 0.027, 54,     0.770,
 3669, 0, 560.912, 560.912, 560.922, 0.01, 3, 560.922, 561.647, 0.726, 1271, 2, 561.647, 561.68, 0.033, 66,     0.769,
 3668, 0, 560.843, 560.843, 560.849, 0.006, 20, 560.849, 561.633, 0.784, 1723, 2, 561.633, 561.743, 0.111, 222,     0.901,
 3670, 0, 561.019, 561.019, 561.067, 0.047, 71, 561.067, 561.792, 0.725, 1757, 2, 561.792, 561.802, 0.01, 5,     0.783,
 3671, 0, 561.071, 561.071, 561.1, 0.029, 67, 561.1, 561.834, 0.734, 1582, 2, 561.834, 561.855, 0.021, 42,     0.784,
 3674, 0, 561.317, 561.317, 561.341, 0.024, 52, 561.341, 562.076, 0.734, 1669, 2, 562.076, 562.105, 0.029, 59,     0.788,
 3673, 0, 561.309, 561.309, 561.402, 0.092, 179, 561.402, 562.114, 0.712, 1489, 2, 562.114, 562.131, 0.017, 51,     0.821,
 3675, 0, 561.402, 561.402, 561.402, 0, 9, 561.402, 562.114, 0.712, 1477, 2, 562.114, 562.199, 0.085, 153,     0.798,
 3676, 0, 561.427, 561.427, 561.488, 0.061, 122, 561.488, 562.189, 0.701, 1341, 2, 562.189, 562.219, 0.03, 51,     0.792,
 3672, 0, 561.085, 561.085, 561.157, 0.071, 154, 561.157, 561.887, 0.73, 1329, 2, 561.887, 562.239, 0.352, 687,     1.154,
 3677, 0, 562.052, 562.052, 562.107, 0.055, 116, 562.107, 562.824, 0.716, 1610, 2, 562.824, 562.908, 0.084, 168,     0.856,
 3679, 0, 562.18, 562.18, 562.27, 0.09, 187, 562.27, 563.036, 0.766, 854, 2, 563.036, 563.056, 0.02, 40,     0.876,
 3678, 0, 562.129, 562.129, 562.18, 0.052, 112, 562.18, 562.888, 0.707, 1990, 2, 562.888, 563.075, 0.188, 376,     0.947,
 3680, 0, 562.338, 562.338, 562.338, 0, 7, 562.338, 563.078, 0.74, 1577, 2, 563.078, 563.09, 0.012, 29,     0.752,
 3682, 0, 562.38, 562.38, 562.397, 0.017, 24, 562.397, 563.146, 0.749, 919, 2, 563.146, 563.156, 0.01, 2,     0.776,
 3681, 0, 562.375, 562.375, 562.427, 0.052, 109, 562.427, 563.292, 0.865, 1411, 2, 563.292, 563.333, 0.041, 83,     0.958,
 3683, 0, 562.427, 562.427, 562.614, 0.187, 366, 562.614, 563.541, 0.927, 1597, 2, 563.541, 563.551, 0.01, 13,     1.124,
 3684, 0, 563.004, 563.004, 563.015, 0.011, 23, 563.015, 563.791, 0.775, 1837, 2, 563.791, 563.801, 0.01, 9,     0.797,
 3686, 0, 563.041, 563.041, 563.051, 0.009, 16, 563.051, 563.84, 0.789, 1179, 2, 563.84, 563.85, 0.01, 6,     0.808,
 3685, 0, 563.021, 563.021, 563.638, 0.617, 1247, 563.638, 564.359, 0.72, 1396, 2, 564.359, 564.374, 0.015, 30,     1.353,
 3688, 0, 563.492, 563.492, 563.652, 0.161, 17, 563.652, 564.379, 0.726, 1210, 2, 564.379, 564.427, 0.048, 106,     0.935,
 3689, 0, 563.83, 563.83, 563.882, 0.053, 96, 563.882, 564.608, 0.726, 1671, 2, 564.608, 564.85, 0.242, 484,     1.020,
 3691, 0, 564.045, 564.045, 564.074, 0.029, 32, 564.074, 564.858, 0.784, 1603, 2, 564.858, 564.858, 0, 10,     0.813,
 3692, 0, 564.103, 564.103, 564.178, 0.075, 144, 564.178, 564.888, 0.71, 1764, 2, 564.888, 564.939, 0.051, 102,     0.836,
 3693, 0, 564.134, 564.134, 564.188, 0.054, 6, 564.188, 564.948, 0.76, 1871, 2, 564.948, 564.966, 0.018, 54,     0.832,
 3694, 0, 564.162, 564.162, 564.198, 0.036, 15, 564.198, 565.074, 0.876, 1321, 2, 565.074, 565.099, 0.025, 51,     0.937,
 3695, 0, 564.198, 564.198, 564.218, 0.02, 40, 564.218, 565.108, 0.89, 1476, 2, 565.108, 565.208, 0.1, 203,     1.009,
 3697, 0, 564.331, 564.331, 564.341, 0.01, 2, 564.341, 565.198, 0.857, 1409, 2, 565.198, 565.208, 0.01, 3,     0.877,
 3696, 0, 564.24, 564.24, 564.271, 0.032, 54, 564.271, 565.142, 0.87, 1623, 2, 565.142, 565.218, 0.076, 152,     0.978,
 3698, 0, 564.431, 564.431, 564.444, 0.013, 26, 564.444, 565.404, 0.959, 806, 2, 565.404, 565.481, 0.077, 155,     1.050,
 3699, 0, 564.53, 564.53, 564.54, 0.01, 20, 564.54, 565.452, 0.911, 1567, 2, 565.452, 565.501, 0.049, 75,     0.971,
 3700, 0, 565.099, 565.099, 565.109, 0.01, 16, 565.109, 565.904, 0.796, 1061, 2, 565.904, 566.011, 0.106, 213,     0.912,
 3701, 0, 565.143, 565.143, 565.177, 0.034, 43, 565.177, 566.078, 0.902, 1621, 2, 566.078, 566.096, 0.018, 35,     0.953,
 3703, 0, 565.342, 565.342, 565.352, 0.01, 10, 565.352, 566.154, 0.802, 1841, 2, 566.154, 566.169, 0.015, 30,     0.827,
 3704, 0, 565.373, 565.373, 565.425, 0.052, 95, 565.425, 566.226, 0.801, 1191, 2, 566.226, 566.241, 0.015, 31,     0.868,
 3705, 0, 565.462, 565.462, 565.486, 0.024, 67, 565.486, 566.384, 0.898, 1240, 2, 566.384, 566.394, 0.01, 14,     0.932,
 3706, 0, 565.495, 565.495, 565.512, 0.016, 37, 565.512, 566.404, 0.893, 1317, 2, 566.404, 566.414, 0.01, 17,     0.919,
 3707, 0, 565.63, 565.63, 565.63, 0, 1, 565.63, 566.578, 0.949, 1449, 2, 566.578, 566.612, 0.034, 67,     0.982,
 3687, 0, 563.08, 563.08, 564.887, 1.807, 3584, 564.887, 565.714, 0.827, 976, 2, 565.714, 566.845, 1.132, 2262,     3.766,
 3709, 0, 566.451, 566.451, 566.594, 0.143, 284, 566.594, 567.338, 0.744, 1812, 2, 567.338, 567.348, 0.01, 5,     0.897,
 3711, 0, 566.732, 566.732, 566.756, 0.024, 35, 566.756, 567.472, 0.716, 1412, 2, 567.472, 567.485, 0.014, 27,     0.753,
 3712, 0, 566.824, 566.824, 566.844, 0.02, 31, 566.844, 567.567, 0.723, 1414, 2, 567.567, 567.614, 0.047, 79,     0.790,
 3713, 0, 566.859, 566.859, 566.869, 0.01, 6, 566.869, 567.604, 0.735, 1340, 2, 567.604, 567.634, 0.03, 51,     0.775,
 3710, 0, 566.534, 566.534, 566.622, 0.088, 56, 566.622, 567.35, 0.728, 1518, 2, 567.35, 567.691, 0.341, 686,     1.157,
 3714, 0, 567.066, 567.066, 567.138, 0.072, 146, 567.138, 567.853, 0.716, 1694, 2, 567.853, 567.961, 0.108, 216,     0.896,
 3715, 0, 567.308, 567.308, 567.419, 0.111, 223, 567.419, 568.136, 0.717, 1783, 2, 568.136, 568.15, 0.014, 27,     0.842,
 3716, 0, 567.407, 567.407, 567.546, 0.139, 254, 567.546, 568.263, 0.716, 1401, 2, 568.263, 568.282, 0.019, 39,     0.875,
 3717, 0, 567.564, 567.564, 567.703, 0.139, 287, 567.703, 568.436, 0.732, 2101, 2, 568.436, 568.446, 0.01, 9,     0.882,
 3718, 0, 567.584, 567.584, 567.915, 0.33, 423, 567.915, 568.641, 0.726, 1372, 2, 568.641, 568.651, 0.01, 4,     1.066,
 3719, 0, 567.877, 567.877, 567.967, 0.091, 105, 567.967, 568.686, 0.718, 1585, 2, 568.686, 568.713, 0.028, 55,     0.836,
 3720, 0, 568.139, 568.139, 568.27, 0.131, 257, 568.27, 568.992, 0.722, 1688, 2, 568.992, 569.139, 0.147, 295,     1.001,
 3722, 0, 568.56, 568.56, 568.56, 0, 8, 568.56, 569.272, 0.712, 1588, 2, 569.272, 569.29, 0.019, 37,     0.730,
 3721, 0, 568.527, 568.527, 568.538, 0.011, 36, 568.538, 569.262, 0.724, 1145, 2, 569.262, 569.318, 0.056, 112,     0.791,
 3723, 0, 568.572, 568.572, 568.582, 0.01, 11, 568.582, 569.343, 0.761, 2090, 2, 569.343, 569.419, 0.076, 152,     0.847,
 3724, 0, 568.584, 568.584, 568.645, 0.061, 112, 568.645, 569.516, 0.871, 1538, 2, 569.516, 569.574, 0.058, 116,     0.990,
 3725, 0, 568.959, 568.959, 568.963, 0.004, 19, 568.963, 569.679, 0.716, 1195, 2, 569.679, 569.689, 0.01, 14,     0.730,
 3726, 0, 569.009, 569.009, 569.102, 0.093, 181, 569.102, 569.815, 0.713, 1419, 2, 569.815, 569.862, 0.046, 93,     0.852,
 3727, 0, 569.021, 569.021, 569.15, 0.129, 96, 569.15, 569.929, 0.778, 1957, 2, 569.929, 569.939, 0.01, 15,     0.917,
 3728, 0, 569.092, 569.092, 569.176, 0.084, 37, 569.176, 570.014, 0.838, 1631, 2, 570.014, 570.037, 0.023, 46,     0.945,
 3729, 0, 569.124, 569.124, 569.233, 0.109, 114, 569.233, 570.101, 0.868, 1504, 2, 570.101, 570.144, 0.042, 56,     1.020,
 3708, 0, 566.301, 566.301, 566.313, 0.012, 24, 566.313, 567.031, 0.718, 1993, 2, 567.031, 570.218, 3.187, 6375,     3.918,
 3730, 0, 569.648, 569.648, 569.648, 0, 9, 569.648, 570.371, 0.723, 1475, 2, 570.371, 570.49, 0.118, 237,     0.842,
 3731, 0, 569.775, 569.775, 569.799, 0.024, 52, 569.799, 570.574, 0.775, 989, 2, 570.574, 570.586, 0.012, 24,     0.811,
 3732, 0, 570.112, 570.112, 570.144, 0.032, 47, 570.144, 570.858, 0.714, 1605, 2, 570.858, 570.87, 0.011, 23,     0.758,
 3733, 0, 570.134, 570.134, 570.176, 0.042, 64, 570.176, 570.893, 0.717, 1299, 2, 570.893, 570.924, 0.031, 62,     0.790,
 3734, 0, 570.297, 570.297, 570.307, 0.01, 8, 570.307, 571.024, 0.716, 1146, 2, 571.024, 571.174, 0.15, 301,     0.877,
 3735, 0, 570.333, 570.333, 570.63, 0.297, 594, 570.63, 571.342, 0.712, 1479, 2, 571.342, 571.362, 0.02, 22,     1.029,
 3736, 0, 570.379, 570.379, 570.642, 0.263, 21, 570.642, 571.352, 0.71, 1841, 2, 571.352, 571.382, 0.03, 44,     1.003,
 3702, 0, 565.278, 565.278, 571.131, 5.853, 11695, 571.131, 571.857, 0.726, 1496, 2, 571.857, 572.129, 0.272, 545,     6.851,
 3737, 0, 571.551, 571.551, 571.582, 0.031, 62, 571.582, 572.303, 0.721, 1421, 2, 572.303, 572.313, 0.01, 18,     0.762,
 3738, 0, 571.72, 571.72, 571.73, 0.01, 15, 571.73, 572.447, 0.716, 1124, 2, 572.447, 572.562, 0.116, 229,     0.842,
 3741, 0, 571.926, 571.926, 571.936, 0.01, 12, 571.936, 572.81, 0.874, 1493, 2, 572.81, 572.868, 0.058, 116,     0.942,
 3740, 0, 571.834, 571.834, 571.834, 0, 13, 571.834, 572.76, 0.926, 1509, 2, 572.76, 572.889, 0.129, 265,     1.055,
 3742, 0, 571.964, 571.964, 572.002, 0.038, 87, 572.002, 572.879, 0.877, 1503, 2, 572.879, 572.899, 0.02, 32,     0.935,
 3743, 0, 572.096, 572.096, 572.182, 0.085, 186, 572.182, 573.059, 0.878, 1052, 2, 573.059, 573.081, 0.021, 43,     0.984,
 3744, 0, 572.272, 572.272, 572.272, 0, 10, 572.272, 573.128, 0.856, 1782, 2, 573.128, 573.138, 0.01, 3,     0.866,
 3745, 0, 572.325, 572.325, 572.335, 0.01, 2, 572.335, 573.209, 0.873, 1731, 2, 573.209, 573.219, 0.01, 11,     0.893,
 3739, 0, 571.817, 571.817, 571.817, 0, 4, 571.817, 572.629, 0.812, 1982, 2, 572.629, 573.233, 0.604, 1209,     1.417,
 3690, 0, 563.87, 563.87, 563.912, 0.043, 56, 563.912, 564.628, 0.716, 1669, 2, 564.628, 573.318, 8.69, 17368,     9.448,
 3746, 0, 572.54, 572.54, 572.579, 0.039, 61, 572.579, 573.308, 0.729, 1357, 2, 573.308, 573.388, 0.08, 160,     0.848,
 3747, 0, 572.679, 572.679, 572.702, 0.024, 47, 572.702, 573.43, 0.728, 1529, 2, 573.43, 573.44, 0.01, 9,     0.762,
 3749, 0, 573.172, 573.172, 573.315, 0.143, 296, 573.315, 574.037, 0.722, 1465, 2, 574.037, 574.047, 0.01, 5,     0.875,
 3748, 0, 572.904, 572.904, 572.924, 0.019, 51, 572.924, 573.644, 0.72, 1929, 2, 573.644, 574.099, 0.455, 911,     1.195,
 3750, 0, 573.278, 573.278, 573.349, 0.071, 105, 573.349, 574.071, 0.722, 1382, 2, 574.071, 574.119, 0.048, 71,     0.842,
 3751, 0, 573.519, 573.519, 573.774, 0.256, 498, 573.774, 574.487, 0.713, 1267, 2, 574.487, 574.507, 0.02, 40,     0.988,
 3752, 0, 573.764, 573.764, 573.774, 0.01, 6, 573.774, 574.487, 0.713, 1858, 2, 574.487, 574.53, 0.043, 87,     0.766,
 3753, 0, 573.802, 573.802, 573.893, 0.091, 194, 573.893, 574.606, 0.713, 1014, 2, 574.606, 574.626, 0.02, 40,     0.824,
 3754, 0, 573.847, 573.847, 573.943, 0.095, 191, 573.943, 574.738, 0.795, 1578, 2, 574.738, 574.784, 0.046, 92,     0.936,
 3755, 0, 574.196, 574.196, 574.26, 0.064, 129, 574.26, 574.983, 0.722, 1604, 2, 574.983, 574.993, 0.01, 20,     0.796,
 3756, 0, 574.261, 574.261, 574.261, 0, 1, 574.261, 574.983, 0.722, 1799, 2, 574.983, 574.993, 0.01, 11,     0.732,
 3757, 0, 574.295, 574.295, 574.314, 0.018, 31, 574.314, 575.028, 0.714, 1552, 2, 575.028, 575.068, 0.04, 81,     0.773,
 3758, 0, 574.314, 574.314, 574.325, 0.011, 37, 574.325, 575.231, 0.906, 957, 2, 575.231, 575.262, 0.031, 62,     0.948,
 3760, 0, 574.433, 574.433, 574.477, 0.043, 91, 574.477, 575.282, 0.805, 1962, 2, 575.282, 575.429, 0.146, 293,     0.995,
 3762, 0, 574.578, 574.578, 574.658, 0.08, 160, 574.658, 575.481, 0.824, 1267, 2, 575.481, 575.495, 0.014, 27,     0.917,
 3761, 0, 574.48, 574.48, 574.566, 0.086, 178, 574.566, 575.481, 0.916, 850, 2, 575.481, 575.521, 0.04, 69,     1.041,
 3759, 0, 574.377, 574.377, 574.453, 0.076, 153, 574.453, 575.231, 0.778, 1408, 2, 575.231, 575.542, 0.311, 623,     1.165,
 3763, 0, 574.622, 574.622, 574.702, 0.079, 155, 574.702, 575.511, 0.81, 1578, 2, 575.511, 575.562, 0.051, 78,     0.940,
 3764, 0, 574.936, 574.936, 574.991, 0.055, 95, 574.991, 575.793, 0.802, 1206, 2, 575.793, 575.848, 0.055, 75,     0.911,
 3765, 0, 575.112, 575.112, 575.122, 0.01, 6, 575.122, 576.043, 0.921, 953, 2, 576.043, 576.355, 0.312, 624,     1.243,
 3766, 0, 575.275, 575.275, 575.314, 0.039, 88, 575.314, 576.239, 0.924, 1251, 2, 576.239, 576.441, 0.202, 405,     1.166,
 3768, 0, 575.682, 575.682, 575.702, 0.02, 29, 575.702, 576.55, 0.849, 1407, 2, 576.55, 576.55, 0, 5,     0.869,
 3767, 0, 575.345, 575.345, 575.49, 0.144, 273, 575.49, 576.488, 0.999, 1314, 2, 576.488, 576.56, 0.072, 140,     1.215,
 3769, 0, 575.988, 575.988, 576.01, 0.022, 26, 576.01, 576.78, 0.77, 1309, 2, 576.78, 576.886, 0.107, 214,     0.899,
 3770, 0, 576.13, 576.13, 576.139, 0.01, 4, 576.139, 576.999, 0.86, 1473, 2, 576.999, 577.091, 0.091, 183,     0.961,
 3771, 0, 576.585, 576.585, 576.598, 0.013, 26, 576.598, 577.323, 0.724, 1177, 2, 577.323, 577.364, 0.041, 82,     0.778,
 3772, 0, 576.687, 576.687, 576.71, 0.024, 47, 576.71, 577.438, 0.728, 1089, 2, 577.438, 577.448, 0.01, 3,     0.761,
 3773, 0, 576.712, 576.712, 576.744, 0.032, 34, 576.744, 577.46, 0.716, 1641, 2, 577.46, 577.515, 0.055, 110,     0.803,
 3774, 0, 576.851, 576.851, 576.865, 0.014, 28, 576.865, 577.591, 0.726, 1047, 2, 577.591, 577.601, 0.01, 1,     0.750,
 3777, 0, 577.158, 577.158, 577.239, 0.082, 89, 577.239, 577.955, 0.716, 1926, 2, 577.955, 577.985, 0.03, 60,     0.828,
 3779, 0, 577.301, 577.301, 577.337, 0.036, 10, 577.337, 578.155, 0.818, 1567, 2, 578.155, 578.168, 0.013, 25,     0.867,
 3778, 0, 577.267, 577.267, 577.323, 0.056, 78, 577.323, 578.049, 0.726, 1493, 2, 578.049, 578.192, 0.142, 285,     0.925,
 3776, 0, 577.136, 577.136, 577.183, 0.047, 95, 577.183, 577.905, 0.722, 1480, 2, 577.905, 578.203, 0.298, 596,     1.067,
 3781, 0, 577.375, 577.375, 577.396, 0.021, 9, 577.396, 578.258, 0.862, 1974, 2, 578.258, 578.268, 0.01, 7,     0.893,
 3780, 0, 577.35, 577.35, 577.385, 0.035, 71, 577.385, 578.205, 0.82, 1562, 2, 578.205, 579.111, 0.906, 1817,     1.761,
 3782, 0, 578.143, 578.143, 578.559, 0.416, 832, 578.559, 579.299, 0.74, 2032, 2, 579.299, 579.369, 0.069, 139,     1.225,
 3783, 0, 578.198, 578.198, 578.622, 0.423, 126, 578.622, 579.356, 0.734, 2014, 2, 579.356, 579.389, 0.033, 37,     1.190,
 3784, 0, 578.23, 578.23, 578.67, 0.44, 81, 578.67, 579.389, 0.719, 1636, 2, 579.389, 579.43, 0.041, 83,     1.200,
 3775, 0, 576.891, 576.891, 578.821, 1.93, 3833, 578.821, 579.55, 0.729, 1291, 2, 579.55, 579.673, 0.123, 246,     2.782,
 3785, 0, 578.27, 578.27, 578.716, 0.446, 92, 578.716, 579.437, 0.721, 1480, 2, 579.437, 579.683, 0.246, 507,     1.414,
 3787, 0, 578.563, 578.563, 578.847, 0.284, 50, 578.847, 579.649, 0.802, 1648, 2, 579.649, 579.711, 0.062, 124,     1.148,
 3786, 0, 578.453, 578.453, 578.821, 0.368, 207, 578.821, 579.605, 0.784, 1391, 2, 579.605, 579.731, 0.125, 224,     1.278,
 3788, 0, 579.028, 579.028, 579.038, 0.01, 12, 579.038, 579.9, 0.861, 1646, 2, 579.9, 579.91, 0.01, 13,     0.881,
 3789, 0, 579.253, 579.253, 579.273, 0.02, 50, 579.273, 580.048, 0.775, 1250, 2, 580.048, 580.631, 0.583, 1166,     1.378,
 3790, 0, 579.895, 579.895, 579.928, 0.033, 47, 579.928, 580.665, 0.737, 1204, 2, 580.665, 580.675, 0.01, 18,     0.780,
 3791, 0, 580.049, 580.049, 580.111, 0.062, 110, 580.111, 580.821, 0.709, 1287, 2, 580.821, 580.873, 0.052, 104,     0.824,
 3792, 0, 580.237, 580.237, 580.258, 0.021, 43, 580.258, 580.975, 0.716, 1567, 2, 580.975, 580.986, 0.011, 23,     0.749,
 3793, 0, 580.312, 580.312, 580.385, 0.073, 133, 580.385, 581.224, 0.839, 1339, 2, 581.224, 581.245, 0.021, 56,     0.933,
 3796, 0, 580.444, 580.444, 580.472, 0.028, 55, 580.472, 581.326, 0.854, 1265, 2, 581.326, 581.336, 0.01, 11,     0.892,
 3795, 0, 580.418, 580.418, 580.444, 0.026, 25, 580.444, 581.306, 0.862, 1658, 2, 581.306, 581.356, 0.05, 84,     0.938,
 3794, 0, 580.349, 580.349, 580.524, 0.175, 324, 580.524, 581.423, 0.899, 2226, 2, 581.423, 581.551, 0.128, 257,     1.203,
 3799, 0, 581.196, 581.196, 581.207, 0.01, 21, 581.207, 581.927, 0.72, 1279, 2, 581.927, 582.107, 0.18, 360,     0.911,
 3800, 0, 581.435, 581.435, 581.435, 0, 3, 581.435, 582.166, 0.731, 1351, 2, 582.166, 582.196, 0.03, 54,     0.761,
 3797, 0, 580.53, 580.53, 580.536, 0.006, 17, 580.536, 581.473, 0.937, 1826, 2, 581.473, 582.216, 0.743, 1482,     1.686,
 3801, 0, 581.851, 581.851, 581.965, 0.114, 192, 581.965, 582.699, 0.735, 1852, 2, 582.699, 582.709, 0.01, 18,     0.858,
 3802, 0, 581.864, 581.864, 581.879, 0.015, 31, 581.879, 582.597, 0.718, 1029, 2, 582.597, 582.939, 0.342, 685,     1.076,
 3803, 0, 582.028, 582.028, 582.087, 0.059, 101, 582.087, 582.803, 0.717, 1368, 2, 582.803, 582.968, 0.165, 318,     0.940,
 3804, 0, 582.153, 582.153, 582.163, 0.01, 15, 582.163, 582.912, 0.749, 1459, 2, 582.912, 583.068, 0.156, 312,     0.915,
 3805, 0, 582.415, 582.415, 582.478, 0.064, 95, 582.478, 583.207, 0.729, 1901, 2, 583.207, 583.228, 0.021, 42,     0.813,
 3806, 0, 582.651, 582.651, 582.691, 0.04, 48, 582.691, 583.417, 0.726, 1803, 2, 583.417, 583.442, 0.025, 50,     0.791,
 3807, 0, 582.827, 582.827, 582.864, 0.037, 58, 582.864, 583.582, 0.718, 1635, 2, 583.582, 583.823, 0.241, 483,     0.996,
 3809, 0, 583.004, 583.004, 583.049, 0.045, 102, 583.049, 583.831, 0.782, 1044, 2, 583.831, 583.842, 0.011, 38,     0.838,
 3808, 0, 582.954, 582.954, 583.148, 0.194, 363, 583.148, 583.877, 0.729, 1733, 2, 583.877, 583.914, 0.038, 62,     0.961,
 3811, 0, 583.328, 583.328, 583.341, 0.013, 25, 583.341, 584.081, 0.74, 1711, 2, 584.081, 584.113, 0.032, 64,     0.785,
 3810, 0, 583.148, 583.148, 583.386, 0.238, 462, 583.386, 584.137, 0.751, 1203, 2, 584.137, 584.182, 0.044, 89,     1.034,
 3812, 0, 583.501, 583.501, 583.516, 0.015, 39, 583.516, 584.232, 0.716, 1475, 2, 584.232, 584.327, 0.095, 189,     0.826,
 3813, 0, 583.579, 583.579, 583.656, 0.077, 126, 583.656, 584.387, 0.731, 1643, 2, 584.387, 584.397, 0.01, 1,     0.818,
 3814, 0, 583.84, 583.84, 583.85, 0.01, 3, 583.85, 584.571, 0.72, 1453, 2, 584.571, 584.597, 0.027, 53,     0.757,
 3798, 0, 581.086, 581.086, 581.418, 0.332, 658, 581.418, 582.134, 0.716, 1286, 2, 582.134, 584.632, 2.499, 4998,     3.546,
 3816, 0, 584.05, 584.05, 584.06, 0.01, 2, 584.06, 584.789, 0.729, 1583, 2, 584.789, 584.84, 0.051, 102,     0.790,
 3817, 0, 584.077, 584.077, 584.158, 0.081, 177, 584.158, 584.882, 0.724, 1456, 2, 584.882, 584.905, 0.023, 46,     0.828,
 3819, 0, 584.352, 584.352, 584.416, 0.064, 128, 584.416, 585.131, 0.716, 1282, 2, 585.131, 585.198, 0.067, 133,     0.846,
 3818, 0, 584.271, 584.271, 584.528, 0.257, 483, 584.528, 585.351, 0.823, 1021, 2, 585.351, 585.37, 0.019, 39,     1.100,
 3821, 0, 584.976, 584.976, 585.014, 0.038, 42, 585.014, 585.797, 0.782, 1392, 2, 585.797, 585.812, 0.015, 30,     0.835,
 3822, 0, 585.014, 585.014, 585.024, 0.01, 2, 585.024, 585.854, 0.83, 987, 2, 585.854, 585.867, 0.013, 26,     0.853,
 3823, 0, 585.096, 585.096, 585.12, 0.024, 44, 585.12, 585.904, 0.783, 1781, 2, 585.904, 585.985, 0.081, 162,     0.889,
 3824, 0, 585.151, 585.151, 585.268, 0.117, 211, 585.268, 585.992, 0.724, 1340, 2, 585.992, 586.002, 0.01, 27,     0.851,
 3825, 0, 585.343, 585.343, 585.462, 0.119, 238, 585.462, 586.177, 0.716, 1696, 2, 586.177, 586.194, 0.017, 34,     0.851,
 3826, 0, 585.495, 585.495, 585.495, 0, 5, 585.495, 586.214, 0.719, 684, 2, 586.214, 586.224, 0.01, 20,     0.729,
 3820, 0, 584.762, 584.762, 584.772, 0.01, 9, 584.772, 585.6, 0.828, 1186, 2, 585.6, 586.555, 0.955, 1911,     1.793,
 3827, 0, 586.112, 586.112, 586.124, 0.011, 25, 586.124, 586.857, 0.733, 1530, 2, 586.857, 586.857, 0, 13,     0.745,
 3828, 0, 586.159, 586.159, 586.169, 0.01, 17, 586.169, 586.877, 0.707, 1343, 2, 586.877, 586.975, 0.098, 196,     0.815,
 3829, 0, 586.334, 586.334, 586.444, 0.11, 220, 586.444, 587.161, 0.717, 1613, 2, 587.161, 587.185, 0.024, 48,     0.850,
 3815, 0, 583.853, 583.853, 583.884, 0.031, 44, 583.884, 584.613, 0.728, 1751, 2, 584.613, 587.37, 2.758, 5516,     3.517,
 3831, 0, 586.554, 586.554, 586.564, 0.01, 21, 586.564, 587.347, 0.783, 1587, 2, 587.347, 587.381, 0.034, 65,     0.827,
 3832, 0, 586.565, 586.565, 586.588, 0.023, 29, 586.588, 587.381, 0.793, 1940, 2, 587.381, 587.4, 0.019, 38,     0.835,
 3830, 0, 586.375, 586.375, 586.375, 0, 4, 586.375, 587.115, 0.739, 1213, 2, 587.115, 587.456, 0.341, 690,     1.081,
 3833, 0, 586.93, 586.93, 586.976, 0.046, 93, 586.976, 587.709, 0.733, 1768, 2, 587.709, 587.719, 0.01, 18,     0.790,
 3834, 0, 587.055, 587.055, 587.072, 0.016, 51, 587.072, 587.797, 0.725, 2079, 2, 587.797, 587.835, 0.038, 76,     0.780,
 3836, 0, 587.468, 587.468, 587.494, 0.025, 51, 587.494, 588.214, 0.72, 1283, 2, 588.214, 588.233, 0.019, 37,     0.764,
 3835, 0, 587.458, 587.458, 587.517, 0.059, 115, 587.517, 588.244, 0.727, 1848, 2, 588.244, 588.307, 0.062, 125,     0.848,
 3837, 0, 587.507, 587.507, 587.556, 0.049, 78, 587.556, 588.476, 0.92, 1979, 2, 588.476, 588.504, 0.028, 55,     0.997,
 3839, 0, 587.867, 587.867, 587.909, 0.042, 70, 587.909, 588.725, 0.816, 1965, 2, 588.725, 588.746, 0.021, 42,     0.879,
 3838, 0, 587.644, 587.644, 588.073, 0.429, 859, 588.073, 588.791, 0.718, 1364, 2, 588.791, 588.801, 0.01, 3,     1.157,
 3841, 0, 588.162, 588.162, 588.195, 0.033, 48, 588.195, 588.96, 0.766, 1550, 2, 588.96, 589.018, 0.058, 116,     0.856,
 3842, 0, 588.239, 588.239, 588.249, 0.01, 11, 588.249, 589.052, 0.803, 1874, 2, 589.052, 589.062, 0.01, 16,     0.823,
 3840, 0, 588.116, 588.116, 588.161, 0.045, 108, 588.161, 588.889, 0.729, 1496, 2, 588.889, 589.185, 0.295, 591,     1.069,
 3843, 0, 588.363, 588.363, 588.373, 0.01, 3, 588.373, 589.214, 0.842, 1425, 2, 589.214, 589.374, 0.16, 340,     1.012,
 3845, 0, 588.804, 588.804, 588.811, 0.007, 21, 588.811, 589.537, 0.726, 1578, 2, 589.537, 589.551, 0.014, 29,     0.747,
 3846, 0, 588.927, 588.927, 588.927, 0, 9, 588.927, 589.649, 0.722, 1353, 2, 589.649, 589.662, 0.013, 26,     0.735,
 3847, 0, 589.011, 589.011, 589.058, 0.047, 109, 589.058, 589.79, 0.732, 1361, 2, 589.79, 589.806, 0.015, 31,     0.795,
 3848, 0, 589.091, 589.091, 589.133, 0.042, 83, 589.133, 589.871, 0.738, 1649, 2, 589.871, 590.089, 0.218, 436,     0.998,
 3849, 0, 589.284, 589.284, 589.307, 0.023, 45, 589.307, 590.121, 0.814, 1756, 2, 590.121, 590.162, 0.041, 82,     0.878,
 3850, 0, 589.313, 589.313, 589.36, 0.046, 81, 589.36, 590.205, 0.845, 1319, 2, 590.205, 590.215, 0.01, 3,     0.901,
 3852, 0, 589.601, 589.601, 589.616, 0.015, 30, 589.616, 590.371, 0.755, 1495, 2, 590.371, 590.409, 0.038, 76,     0.808,
 3851, 0, 589.539, 589.539, 589.549, 0.01, 8, 589.549, 590.288, 0.739, 1291, 2, 590.288, 590.753, 0.465, 931,     1.214,
 3853, 0, 589.992, 589.992, 590.013, 0.02, 58, 590.013, 590.736, 0.724, 947, 2, 590.736, 590.773, 0.036, 61,     0.781,
 3854, 0, 590.136, 590.136, 590.155, 0.019, 52, 590.155, 590.872, 0.716, 1474, 2, 590.872, 590.882, 0.01, 3,     0.745,
 3855, 0, 590.207, 590.207, 590.271, 0.064, 129, 590.271, 591.015, 0.744, 2387, 2, 591.015, 591.048, 0.033, 66,     0.841,
 3856, 0, 590.404, 590.404, 590.467, 0.063, 127, 590.467, 591.196, 0.729, 1047, 2, 591.196, 591.206, 0.01, 17,     0.803,
 3844, 0, 588.425, 588.425, 590.481, 2.056, 4088, 590.481, 591.228, 0.747, 2001, 2, 591.228, 591.238, 0.01, 19,     2.813,
 3857, 0, 590.512, 590.512, 590.713, 0.2, 383, 590.713, 591.432, 0.72, 1377, 2, 591.432, 591.53, 0.098, 196,     1.018,
 3860, 0, 590.785, 590.785, 590.844, 0.06, 120, 590.844, 591.585, 0.741, 1509, 2, 591.585, 591.611, 0.025, 51,     0.826,
 3861, 0, 590.915, 590.915, 590.941, 0.026, 43, 590.941, 591.671, 0.73, 1672, 2, 591.671, 591.772, 0.101, 203,     0.857,
 3859, 0, 590.601, 590.601, 590.74, 0.139, 55, 590.74, 591.464, 0.724, 1372, 2, 591.464, 591.792, 0.328, 619,     1.192,
 3862, 0, 591.033, 591.033, 591.043, 0.01, 4, 591.043, 591.76, 0.717, 1443, 2, 591.76, 591.83, 0.07, 141,     0.797,
 3858, 0, 590.547, 590.547, 590.987, 0.441, 848, 590.987, 591.714, 0.727, 1601, 2, 591.714, 591.908, 0.194, 388,     1.361,
 3863, 0, 591.046, 591.046, 591.126, 0.08, 166, 591.126, 591.844, 0.718, 2021, 2, 591.844, 591.92, 0.076, 152,     0.874,
 3864, 0, 591.08, 591.08, 591.155, 0.076, 136, 591.155, 591.92, 0.765, 2208, 2, 591.92, 591.935, 0.015, 30,     0.856,
 3865, 0, 591.878, 591.878, 592.042, 0.163, 327, 592.042, 592.757, 0.716, 1858, 2, 592.757, 592.777, 0.019, 39,     0.899,
 3867, 0, 592.101, 592.101, 592.408, 0.307, 629, 592.408, 593.283, 0.874, 2091, 2, 593.283, 593.317, 0.034, 65,     1.215,
 3869, 0, 592.157, 592.157, 592.714, 0.558, 2, 592.714, 593.501, 0.786, 1717, 2, 593.501, 593.511, 0.01, 2,     1.354,
 3870, 0, 592.33, 592.33, 592.777, 0.447, 116, 592.777, 593.566, 0.789, 1299, 2, 593.566, 593.578, 0.011, 23,     1.248,
 3868, 0, 592.137, 592.137, 592.7, 0.563, 584, 592.7, 593.473, 0.773, 1701, 2, 593.473, 593.683, 0.209, 419,     1.546,
 3871, 0, 592.381, 592.381, 593.042, 0.661, 504, 593.042, 593.802, 0.76, 1903, 2, 593.802, 593.815, 0.013, 25,     1.434,
 3872, 0, 592.567, 592.567, 593.182, 0.615, 280, 593.182, 593.978, 0.796, 1790, 2, 593.978, 593.995, 0.016, 33,     1.427,
 3875, 0, 592.985, 592.985, 593.232, 0.247, 5, 593.232, 594.067, 0.835, 1679, 2, 594.067, 594.08, 0.013, 26,     1.095,
 3873, 0, 592.716, 592.716, 593.208, 0.492, 51, 593.208, 593.999, 0.792, 1701, 2, 593.999, 594.1, 0.101, 175,     1.384,
 3874, 0, 592.778, 592.778, 593.218, 0.44, 13, 593.218, 594.067, 0.849, 1318, 2, 594.067, 594.1, 0.033, 65,     1.322,
 3876, 0, 593.017, 593.017, 593.792, 0.775, 1121, 593.792, 594.567, 0.774, 1468, 2, 594.567, 594.581, 0.014, 29,     1.564,
 3879, 0, 593.65, 593.65, 594.027, 0.377, 13, 594.027, 594.824, 0.797, 1026, 2, 594.824, 594.842, 0.018, 36,     1.192,
 3877, 0, 593.172, 593.172, 593.963, 0.791, 342, 593.963, 594.674, 0.711, 1771, 2, 594.674, 594.9, 0.226, 453,     1.728,
 3880, 0, 593.757, 593.757, 594.184, 0.427, 314, 594.184, 594.994, 0.81, 1181, 2, 594.994, 595.056, 0.062, 124,     1.299,
 3878, 0, 593.519, 593.519, 594.018, 0.499, 106, 594.018, 594.754, 0.736, 1254, 2, 594.754, 595.083, 0.329, 648,     1.564,
 3881, 0, 593.953, 593.953, 594.21, 0.256, 51, 594.21, 595.014, 0.804, 1557, 2, 595.014, 595.175, 0.161, 322,     1.222,
 3883, 0, 594.078, 594.078, 594.384, 0.306, 65, 594.384, 595.191, 0.807, 1843, 2, 595.191, 595.207, 0.016, 32,     1.129,
 3882, 0, 594.027, 594.027, 594.347, 0.32, 275, 594.347, 595.073, 0.726, 1895, 2, 595.073, 595.219, 0.146, 292,     1.192,
 3884, 0, 594.119, 594.119, 594.936, 0.817, 1104, 594.936, 595.652, 0.716, 1396, 2, 595.652, 595.662, 0.01, 17,     1.543,
 3885, 0, 594.484, 594.484, 594.95, 0.466, 16, 594.95, 595.672, 0.722, 1251, 2, 595.672, 595.702, 0.03, 60,     1.217,
 3886, 0, 594.959, 594.959, 595.02, 0.061, 104, 595.02, 595.804, 0.784, 1145, 2, 595.804, 595.832, 0.029, 57,     0.874,
 3887, 0, 594.987, 594.987, 595.052, 0.065, 30, 595.052, 595.902, 0.85, 1622, 2, 595.902, 595.944, 0.042, 81,     0.957,
 3888, 0, 595.093, 595.093, 595.103, 0.01, 17, 595.103, 595.934, 0.831, 1239, 2, 595.934, 595.953, 0.019, 25,     0.860,
 3889, 0, 595.317, 595.317, 595.327, 0.01, 9, 595.327, 596.066, 0.739, 1638, 2, 596.066, 596.076, 0.01, 7,     0.759,
 3890, 0, 595.461, 595.461, 595.552, 0.091, 159, 595.552, 596.265, 0.713, 1552, 2, 596.265, 596.277, 0.012, 24,     0.816,
 3891, 0, 595.598, 595.598, 595.633, 0.035, 74, 595.633, 596.373, 0.739, 972, 2, 596.373, 596.42, 0.047, 95,     0.822,
 3892, 0, 595.678, 595.678, 595.712, 0.034, 68, 595.712, 596.515, 0.803, 1196, 2, 596.515, 596.525, 0.01, 21,     0.847,
 3893, 0, 595.693, 595.693, 595.783, 0.09, 130, 595.783, 596.546, 0.762, 830, 2, 596.546, 596.556, 0.01, 17,     0.863,
 3895, 0, 595.881, 595.881, 595.891, 0.01, 13, 595.891, 596.795, 0.904, 1514, 2, 596.795, 596.825, 0.03, 46,     0.944,
 3896, 0, 596.055, 596.055, 596.158, 0.104, 208, 596.158, 597.013, 0.855, 719, 2, 597.013, 597.023, 0.01, 20,     0.969,
 3894, 0, 595.783, 595.783, 595.793, 0.01, 8, 595.793, 596.632, 0.838, 1551, 2, 596.632, 597.077, 0.445, 891,     1.294,
 3898, 0, 596.204, 596.204, 597.01, 0.806, 51, 597.01, 597.738, 0.728, 1080, 2, 597.738, 597.748, 0.01, 5,     1.544,
 3899, 0, 596.476, 596.476, 597.024, 0.548, 15, 597.024, 597.75, 0.726, 1560, 2, 597.75, 597.771, 0.021, 46,     1.295,
 3900, 0, 596.806, 596.806, 597.112, 0.306, 177, 597.112, 597.916, 0.804, 1277, 2, 597.916, 597.927, 0.01, 21,     1.120,
 3901, 0, 596.99, 596.99, 597.136, 0.147, 48, 597.136, 597.968, 0.832, 1518, 2, 597.968, 598.017, 0.048, 97,     1.027,
 3897, 0, 596.098, 596.098, 596.984, 0.887, 1625, 596.984, 597.718, 0.734, 1085, 2, 597.718, 598.101, 0.383, 767,     2.004,
 3902, 0, 597.308, 597.308, 597.334, 0.026, 35, 597.334, 598.164, 0.83, 1559, 2, 598.164, 598.419, 0.255, 510,     1.111,
 3903, 0, 597.416, 597.416, 597.778, 0.362, 727, 597.778, 598.495, 0.716, 1401, 2, 598.495, 598.591, 0.096, 193,     1.175,
 3904, 0, 597.486, 597.486, 597.944, 0.458, 328, 597.944, 598.678, 0.734, 2308, 2, 598.678, 598.688, 0.01, 10,     1.202,
 3866, 0, 591.912, 591.912, 598.071, 6.159, 12292, 598.071, 598.803, 0.732, 1529, 2, 598.803, 598.862, 0.059, 119,     6.950,
 3907, 0, 598.539, 598.539, 599.226, 0.687, 11, 599.226, 599.961, 0.735, 695, 2, 599.961, 599.972, 0.011, 22,     1.432,
 3905, 0, 598.311, 598.311, 599.212, 0.901, 1788, 599.212, 599.938, 0.726, 1401, 2, 599.938, 599.992, 0.054, 75,     1.681,
 3908, 0, 598.562, 598.562, 599.267, 0.705, 82, 599.267, 600.019, 0.752, 1163, 2, 600.019, 600.171, 0.152, 304,     1.609,
 3909, 0, 598.647, 598.647, 599.279, 0.632, 17, 599.279, 600.143, 0.864, 501, 2, 600.143, 600.235, 0.092, 184,     1.588,
 3906, 0, 598.53, 598.53, 599.313, 0.783, 1559, 599.313, 600.198, 0.885, 1139, 2, 600.198, 600.255, 0.057, 87,     1.725,
 3910, 0, 598.938, 598.938, 599.391, 0.454, 225, 599.391, 600.21, 0.819, 1274, 2, 600.21, 600.268, 0.058, 97,     1.330,
 3911, 0, 599.252, 599.252, 599.414, 0.162, 203, 599.414, 600.268, 0.854, 1774, 2, 600.268, 600.496, 0.228, 457,     1.244,
 3912, 0, 599.482, 599.482, 599.673, 0.191, 361, 599.673, 600.398, 0.725, 1817, 2, 600.398, 600.496, 0.098, 178,     1.014,
 3913, 0, 599.678, 599.678, 599.685, 0.006, 18, 599.685, 600.448, 0.763, 1921, 2, 600.448, 600.516, 0.068, 120,     0.838,
 3914, 0, 599.839, 599.839, 599.849, 0.01, 1, 599.849, 600.66, 0.811, 1687, 2, 600.66, 600.685, 0.024, 49,     0.846,
 3916, 0, 599.91, 599.91, 600.047, 0.137, 251, 600.047, 600.768, 0.721, 1417, 2, 600.768, 600.788, 0.02, 33,     0.878,
 3915, 0, 599.861, 599.861, 600.061, 0.2, 372, 600.061, 600.778, 0.717, 2138, 2, 600.778, 600.788, 0.01, 5,     0.927,
 3917, 0, 600.112, 600.112, 600.143, 0.031, 82, 600.143, 600.91, 0.767, 1962, 2, 600.91, 600.926, 0.016, 32,     0.814,
 3918, 0, 600.233, 600.233, 600.243, 0.01, 28, 600.243, 600.979, 0.735, 1296, 2, 600.979, 600.989, 0.01, 18,     0.755,
 3919, 0, 600.354, 600.354, 600.405, 0.052, 74, 600.405, 601.122, 0.716, 1927, 2, 601.122, 601.132, 0.01, 16,     0.778,
 3920, 0, 600.704, 600.704, 600.75, 0.046, 81, 600.75, 601.482, 0.733, 1760, 2, 601.482, 601.554, 0.072, 143,     0.850,
 3921, 0, 600.899, 600.899, 600.909, 0.01, 3, 600.909, 601.625, 0.716, 1794, 2, 601.625, 602.058, 0.433, 866,     1.159,
#======================================
#Number of workloads:3867
#Timeout workloads:55
#Timeout workloads per cent:0
#Over workloads:0
#Over workloads per cent:0
#Number of Cloudlets:7734
#Over Cloudlets:0
#Over Cloudlets per cent:0
#Number of transmissions:3867
#Over transmissions:3867
#Over transmissions per cent:1
#======================================
#Total serve time:6618.937799999803
#CPU serve time:2031.184399999892
#Network serve time:4587.753399999905
#Average total serve time:1.7116467028703912
#Average CPU serve time per workload:0.5252610292215909
#Average network serve time per workload:1.1863856736487988
#Average CPU serve time per Cloudlet:0.26263051461079545
#Average network serve time per transmission:1.1863856736487988
