Switch: edge2edge1,5.0,0.0
Switch: edge2core,5.0,0.0
Switch: edge2gw,5.0,0.0
Switch: edgeedge1,5.0,0.0
Switch: edgeedge3,5.0,0.004758
Switch: edgeedge3,5.0,0.0
Switch: edgecore,5.0,0.0
Switch: edgecore,5.0,0.0
Switch: edgeedge3,5.0,0.011042
Switch: edgeedge2,5.0,0.0
Switch: edgegw,5.0,0.0
Switch: edgecore,5.0,0.011042
Switch: edgeedge3,5.0,0.0
Switch: netcloudgw,5.0,0.0
Switch: netcloudedge1,5.0,0.0
Switch: netcloudedge2,5.0,0.0
Switch: netcloudcore,5.0,0.0
Switch: netcloudcore,5.0,0.0
Switch: netcloudedge1,5.0,0.0
Switch: netcloudedge2,5.0,0.0
Switch: inter2,5.0,0.0
Switch: inter1,5.0,0.0
Switch: inter1,5.0,0.0036
Switch: inter2,5.0,0.0036
Switch: inter1,5.0,0.0
Switch: internetcore,5.0,4.5E-5
Switch: internetgw,5.0,0.0036
Switch: internetedge,5.0,0.0036
Switch: edge2edge1,10.0,0.0
Switch: edge2core,10.0,0.0
Switch: edge2gw,10.0,0.0
Switch: edgeedge1,10.0,0.0
Switch: edgeedge3,10.0,0.00477
Switch: edgeedge3,10.0,0.0
Switch: edgecore,10.0,0.0
Switch: edgecore,10.0,0.0
Switch: edgeedge3,10.0,0.011866
Switch: edgeedge2,10.0,0.0
Switch: edgegw,10.0,0.0
Switch: edgecore,10.0,0.011866
Switch: edgeedge3,10.0,0.0
Switch: netcloudgw,10.0,0.0
Switch: netcloudedge1,10.0,0.0
Switch: netcloudedge2,10.0,0.0
Switch: netcloudcore,10.0,0.0
Switch: netcloudcore,10.0,0.0
Switch: netcloudedge1,10.0,0.0
Switch: netcloudedge2,10.0,0.0
Switch: inter2,10.0,0.0
Switch: inter1,10.0,0.0
Switch: inter1,10.0,0.003964
Switch: inter2,10.0,0.003964
Switch: inter1,10.0,0.0
Switch: internetcore,10.0,4.955E-5
Switch: internetgw,10.0,0.003964
Switch: internetedge,10.0,0.003964
Switch: edge2edge1,15.0,0.0
Switch: edge2core,15.0,0.0
Switch: edge2gw,15.0,0.0
Switch: edgeedge1,15.0,0.0
Switch: edgeedge3,15.0,0.004958
Switch: edgeedge3,15.0,0.0
Switch: edgecore,15.0,0.0
Switch: edgecore,15.0,0.0
Switch: edgeedge3,15.0,0.012864
Switch: edgeedge2,15.0,0.0
Switch: edgegw,15.0,0.0
Switch: edgecore,15.0,0.012864
Switch: edgeedge3,15.0,0.0
Switch: netcloudgw,15.0,0.0
Switch: netcloudedge1,15.0,0.0
Switch: netcloudedge2,15.0,0.0
Switch: netcloudcore,15.0,0.0
Switch: netcloudcore,15.0,0.0
Switch: netcloudedge1,15.0,0.0
Switch: netcloudedge2,15.0,0.0
Switch: inter2,15.0,0.0
Switch: inter1,15.0,0.0
Switch: inter1,15.0,0.0038
Switch: inter2,15.0,0.0038
Switch: inter1,15.0,0.0
Switch: internetcore,15.0,4.75E-5
Switch: internetgw,15.0,0.0038
Switch: internetedge,15.0,0.0038
Switch: edge2edge1,20.0,0.0
Switch: edge2core,20.0,0.0
Switch: edge2gw,20.0,0.0
Switch: edgeedge1,20.0,0.0
Switch: edgeedge3,20.0,0.0015
Switch: edgeedge3,20.0,0.0031
Switch: edgecore,20.0,0.0
Switch: edgecore,20.0,0.0
Switch: edgeedge3,20.0,0.003
Switch: edgeedge2,20.0,0.0
Switch: edgegw,20.0,0.0
Switch: edgecore,20.0,0.0061
Switch: edgeedge3,20.0,0.002259
Switch: netcloudgw,20.0,0.0
Switch: netcloudedge1,20.0,0.0
Switch: netcloudedge2,20.0,0.0
Switch: netcloudcore,20.0,0.0
Switch: netcloudcore,20.0,0.0
Switch: netcloudedge1,20.0,0.0
Switch: netcloudedge2,20.0,0.0
Switch: inter2,20.0,0.0
Switch: inter1,20.0,0.0
Switch: inter1,20.0,0.0038
Switch: inter2,20.0,0.0038
Switch: inter1,20.0,0.0
Switch: internetcore,20.0,4.75E-5
Switch: internetgw,20.0,0.0038
Switch: internetedge,20.0,0.0038
Switch: edge2edge1,25.0,0.0
Switch: edge2core,25.0,0.0
Switch: edge2gw,25.0,0.0
Switch: edgeedge1,25.0,0.0
Switch: edgeedge3,25.0,0.002296576
Switch: edgeedge3,25.0,0.00145528
Switch: edgecore,25.0,0.0
Switch: edgecore,25.0,0.0
Switch: edgeedge3,25.0,0.002045264
Switch: edgeedge2,25.0,0.0
Switch: edgegw,25.0,0.0
Switch: edgecore,25.0,0.00441384
Switch: edgeedge3,25.0,0.001933256
Switch: netcloudgw,25.0,0.0
Switch: netcloudedge1,25.0,0.0
Switch: netcloudedge2,25.0,0.0
Switch: netcloudcore,25.0,0.0
Switch: netcloudcore,25.0,0.0
Switch: netcloudedge1,25.0,0.0
Switch: netcloudedge2,25.0,0.0
Switch: inter2,25.0,0.0
Switch: inter1,25.0,0.0
Switch: inter1,25.0,0.003186544
Switch: inter2,25.0,0.003186544
Switch: inter1,25.0,0.0
Switch: internetcore,25.0,3.98318E-5
Switch: internetgw,25.0,0.003186544
Switch: internetedge,25.0,0.003186544
Switch: edge2edge1,30.0,0.0
Switch: edge2core,30.0,0.0
Switch: edge2gw,30.0,0.0
Switch: edgeedge1,30.0,0.0
Switch: edgeedge3,30.0,0.00225
Switch: edgeedge3,30.0,0.00123
Switch: edgecore,30.0,0.0
Switch: edgecore,30.0,0.0
Switch: edgeedge3,30.0,7.2E-4
Switch: edgeedge2,30.0,0.0
Switch: edgegw,30.0,0.0
Switch: edgecore,30.0,0.00245
Switch: edgeedge3,30.0,0.0012
Switch: netcloudgw,30.0,0.0
Switch: netcloudedge1,30.0,0.0
Switch: netcloudedge2,30.0,0.0
Switch: netcloudcore,30.0,0.0
Switch: netcloudcore,30.0,0.0
Switch: netcloudedge1,30.0,0.0
Switch: netcloudedge2,30.0,0.0
Switch: inter2,30.0,0.0
Switch: inter1,30.0,0.0
Switch: inter1,30.0,0.00262
Switch: inter2,30.0,0.00262
Switch: inter1,30.0,0.0
Switch: internetcore,30.0,3.275E-5
Switch: internetgw,30.0,0.00262
Switch: internetedge,30.0,0.00262
Switch: edge2edge1,35.0,0.0
Switch: edge2core,35.0,0.0
Switch: edge2gw,35.0,0.0
Switch: edgeedge1,35.0,0.0
Switch: edgeedge3,35.0,0.0010512
Switch: edgeedge3,35.0,7.96E-4
Switch: edgecore,35.0,0.0
Switch: edgecore,35.0,0.0
Switch: edgeedge3,35.0,4.492E-4
Switch: edgeedge2,35.0,0.0
Switch: edgegw,35.0,0.0
Switch: edgecore,35.0,0.0015136
Switch: edgeedge3,35.0,9.2E-4
Switch: netcloudgw,35.0,4.28E-4
Switch: netcloudedge1,35.0,0.0
Switch: netcloudedge2,35.0,0.0
Switch: netcloudcore,35.0,4.28E-4
Switch: netcloudcore,35.0,4.4E-4
Switch: netcloudedge1,35.0,4.28E-4
Switch: netcloudedge2,35.0,4.4E-4
Switch: inter2,35.0,4.28E-4
Switch: inter1,35.0,0.0
Switch: inter1,35.0,0.0029776
Switch: inter2,35.0,0.0029496
Switch: inter1,35.0,0.0
Switch: internetcore,35.0,3.687E-5
Switch: internetgw,35.0,0.0029496
Switch: internetedge,35.0,0.0029496
Switch: edge2edge1,40.0,0.0
Switch: edge2core,40.0,0.0
Switch: edge2gw,40.0,0.0
Switch: edgeedge1,40.0,0.0
Switch: edgeedge3,40.0,8.96072E-4
Switch: edgeedge3,40.0,7.70728E-4
Switch: edgecore,40.0,0.0
Switch: edgecore,40.0,0.0
Switch: edgeedge3,40.0,5.33376E-4
Switch: edgeedge2,40.0,0.0
Switch: edgegw,40.0,0.0
Switch: edgecore,40.0,0.001566792
Switch: edgeedge3,40.0,8.00064E-4
Switch: netcloudgw,40.0,8.66728E-4
Switch: netcloudedge1,40.0,3.66696E-4
Switch: netcloudedge2,40.0,4.3336E-4
Switch: netcloudcore,40.0,8.00064E-4
Switch: netcloudcore,40.0,8.00056E-4
Switch: netcloudedge1,40.0,4.33368E-4
Switch: netcloudedge2,40.0,3.66696E-4
Switch: inter2,40.0,8.66728E-4
Switch: inter1,40.0,0.0
Switch: inter1,40.0,0.002880216
Switch: inter2,40.0,0.002713544
Switch: inter1,40.0,0.0
Switch: internetcore,40.0,3.39193E-5
Switch: internetgw,40.0,0.002713544
Switch: internetedge,40.0,0.002713544
Switch: edge2edge1,45.0,0.0
Switch: edge2core,45.0,0.0
Switch: edge2gw,45.0,0.0
Switch: edgeedge1,45.0,0.0
Switch: edgeedge3,45.0,5.53936E-4
Switch: edgeedge3,45.0,5.7708E-4
Switch: edgecore,45.0,0.0
Switch: edgecore,45.0,0.0
Switch: edgeedge3,45.0,3.13112E-4
Switch: edgeedge2,45.0,0.0
Switch: edgegw,45.0,0.0
Switch: edgecore,45.0,0.001187016
Switch: edgeedge3,45.0,5.08512E-4
Switch: netcloudgw,45.0,8.64472E-4
Switch: netcloudedge1,45.0,3.42816E-4
Switch: netcloudedge2,45.0,2.8568E-4
Switch: netcloudcore,45.0,9.21608E-4
Switch: netcloudcore,45.0,9.14176E-4
Switch: netcloudedge1,45.0,5.78792E-4
Switch: netcloudedge2,45.0,6.28496E-4
Switch: inter2,45.0,8.64472E-4
Switch: inter1,45.0,0.0
Switch: inter1,45.0,0.002537992
Switch: inter2,45.0,0.0026734
Switch: inter1,45.0,0.0
Switch: internetcore,45.0,3.34175E-5
Switch: internetgw,45.0,0.0026734
Switch: internetedge,45.0,0.0026734
Switch: edge2edge1,50.0,0.0
Switch: edge2core,50.0,0.0
Switch: edge2gw,50.0,0.0
Switch: edgeedge1,50.0,0.0
Switch: edgeedge3,50.0,4.85656E-4
Switch: edgeedge3,50.0,4.57088E-4
Switch: edgecore,50.0,0.0
Switch: edgecore,50.0,0.0
Switch: edgeedge3,50.0,1.99976E-4
Switch: edgeedge2,50.0,0.0
Switch: edgegw,50.0,0.0
Switch: edgecore,50.0,8.85608E-4
Switch: edgeedge3,50.0,5.088E-4
Switch: netcloudgw,50.0,7.1964E-4
Switch: netcloudedge1,50.0,2.28544E-4
Switch: netcloudedge2,50.0,2.31976E-4
Switch: netcloudcore,50.0,7.16208E-4
Switch: netcloudcore,50.0,6.60496E-4
Switch: netcloudedge1,50.0,4.87664E-4
Switch: netcloudedge2,50.0,4.2852E-4
Switch: inter2,50.0,7.1964E-4
Switch: inter1,50.0,0.0
Switch: inter1,50.0,0.001633816
Switch: inter2,50.0,0.001542672
Switch: inter1,50.0,0.0
Switch: internetcore,50.0,1.92834E-5
Switch: internetgw,50.0,0.001542672
Switch: internetedge,50.0,0.001542672
Switch: edge2edge1,55.0,0.0
Switch: edge2core,55.0,0.0
Switch: edge2gw,55.0,0.0
Switch: edgeedge1,55.0,0.0
Switch: edgeedge3,55.0,5.14224E-4
Switch: edgeedge3,55.0,5.15376E-4
Switch: edgecore,55.0,0.0
Switch: edgecore,55.0,0.0
Switch: edgeedge3,55.0,3.15688E-4
Switch: edgeedge2,55.0,0.0
Switch: edgegw,55.0,0.0
Switch: edgecore,55.0,0.001059608
Switch: edgeedge3,55.0,5.17656E-4
Switch: netcloudgw,55.0,7.6736E-4
Switch: netcloudedge1,55.0,2.57112E-4
Switch: netcloudedge2,55.0,2.7112E-4
Switch: netcloudcore,55.0,7.53352E-4
Switch: netcloudcore,55.0,8.13912E-4
Switch: netcloudedge1,55.0,4.9624E-4
Switch: netcloudedge2,55.0,5.42792E-4
Switch: inter2,55.0,7.6736E-4
Switch: inter1,55.0,0.0
Switch: inter1,55.0,0.001866664
Switch: inter2,55.0,0.001899208
Switch: inter1,55.0,0.0
Switch: internetcore,55.0,2.37401E-5
Switch: internetgw,55.0,0.001899208
Switch: internetedge,55.0,0.001899208
Switch: edge2edge1,60.0,0.0
Switch: edge2core,60.0,0.0
Switch: edge2gw,60.0,0.0
Switch: edgeedge1,60.0,0.0
Switch: edgeedge3,60.0,5.14224E-4
Switch: edgeedge3,60.0,5.42792E-4
Switch: edgecore,60.0,0.0
Switch: edgecore,60.0,0.0
Switch: edgeedge3,60.0,2.8568E-4
Switch: edgeedge2,60.0,0.0
Switch: edgegw,60.0,0.0
Switch: edgecore,60.0,0.001057016
Switch: edgeedge3,60.0,5.1708E-4
Switch: netcloudgw,60.0,7.11344E-4
Switch: netcloudedge1,60.0,2.57112E-4
Switch: netcloudedge2,60.0,2.28544E-4
Switch: netcloudcore,60.0,7.39912E-4
Switch: netcloudcore,60.0,7.42768E-4
Switch: netcloudedge1,60.0,4.828E-4
Switch: netcloudedge2,60.0,5.14224E-4
Switch: inter2,60.0,7.11344E-4
Switch: inter1,60.0,0.0
Switch: inter1,60.0,0.001682656
Switch: inter2,60.0,0.00171408
Switch: inter1,60.0,0.0
Switch: internetcore,60.0,2.1426E-5
Switch: internetgw,60.0,0.00171408
Switch: internetedge,60.0,0.00171408
Switch: edge2edge1,65.0,0.0
Switch: edge2core,65.0,0.0
Switch: edge2gw,65.0,0.0
Switch: edgeedge1,65.0,0.0
Switch: edgeedge3,65.0,5.7136E-4
Switch: edgeedge3,65.0,5.14792E-4
Switch: edgecore,65.0,0.0
Switch: edgecore,65.0,0.0
Switch: edgeedge3,65.0,2.8568E-4
Switch: edgeedge2,65.0,0.0
Switch: edgegw,65.0,0.0
Switch: edgecore,65.0,0.001057584
Switch: edgeedge3,65.0,5.14224E-4
Switch: netcloudgw,65.0,8.6104E-4
Switch: netcloudedge1,65.0,2.57112E-4
Switch: netcloudedge2,65.0,2.8968E-4
Switch: netcloudcore,65.0,8.28472E-4
Switch: netcloudcore,65.0,8.32472E-4
Switch: netcloudedge1,65.0,5.7136E-4
Switch: netcloudedge2,65.0,5.42792E-4
Switch: inter2,65.0,8.6104E-4
Switch: inter1,65.0,0.0
Switch: inter1,65.0,0.001987192
Switch: inter2,65.0,0.001983192
Switch: inter1,65.0,0.0
Switch: internetcore,65.0,2.47899E-5
Switch: internetgw,65.0,0.001983192
Switch: internetedge,65.0,0.001983192
Switch: edge2edge1,70.0,0.0
Switch: edge2core,70.0,0.0
Switch: edge2gw,70.0,0.0
Switch: edgeedge1,70.0,0.0
Switch: edgeedge3,70.0,4.57088E-4
Switch: edgeedge3,70.0,4.57088E-4
Switch: edgecore,70.0,0.0
Switch: edgecore,70.0,0.0
Switch: edgeedge3,70.0,2.57112E-4
Switch: edgeedge2,70.0,0.0
Switch: edgegw,70.0,0.0
Switch: edgecore,70.0,9.14176E-4
Switch: edgeedge3,70.0,5.14224E-4
Switch: netcloudgw,70.0,7.42768E-4
Switch: netcloudedge1,70.0,2.57112E-4
Switch: netcloudedge2,70.0,2.57112E-4
Switch: netcloudcore,70.0,7.42768E-4
Switch: netcloudcore,70.0,7.42768E-4
Switch: netcloudedge1,70.0,4.85656E-4
Switch: netcloudedge2,70.0,4.85656E-4
Switch: inter2,70.0,7.42768E-4
Switch: inter1,70.0,0.0
Switch: inter1,70.0,0.001742648
Switch: inter2,70.0,0.00171408
Switch: inter1,70.0,0.0
Switch: internetcore,70.0,2.1426E-5
Switch: internetgw,70.0,0.00171408
Switch: internetedge,70.0,0.00171408
Switch: edge2edge1,75.0,0.0
Switch: edge2core,75.0,0.0
Switch: edge2gw,75.0,0.0
Switch: edgeedge1,75.0,0.0
Switch: edgeedge3,75.0,7.11056E-4
Switch: edgeedge3,75.0,6.22384E-4
Switch: edgecore,75.0,0.0
Switch: edgecore,75.0,0.0
Switch: edgeedge3,75.0,5.0004E-4
Switch: edgeedge2,75.0,0.0
Switch: edgegw,75.0,3.66696E-4
Switch: edgecore,75.0,0.0016668
Switch: edgeedge3,75.0,7.33392E-4
Switch: netcloudgw,75.0,0.00100008
Switch: netcloudedge1,75.0,3.3336E-4
Switch: netcloudedge2,75.0,2.66688E-4
Switch: netcloudcore,75.0,7.66728E-4
Switch: netcloudcore,75.0,4.66704E-4
Switch: netcloudedge1,75.0,6.00048E-4
Switch: netcloudedge2,75.0,3.3336E-4
Switch: inter2,75.0,0.00100008
Switch: inter1,75.0,3.66696E-4
Switch: inter1,75.0,0.002433528
Switch: inter2,75.0,0.002133504
Switch: inter1,75.0,0.0
Switch: internetcore,75.0,2.66688E-5
Switch: internetgw,75.0,0.002133504
Switch: internetedge,75.0,0.002133504
Switch: edge2edge1,80.0,0.0
Switch: edge2core,80.0,0.0
Switch: edge2gw,80.0,0.0
Switch: edgeedge1,80.0,0.0
Switch: edgeedge3,80.0,6.90384E-4
Switch: edgeedge3,80.0,6.6672E-4
Switch: edgecore,80.0,0.0
Switch: edgecore,80.0,0.0
Switch: edgeedge3,80.0,5.33376E-4
Switch: edgeedge2,80.0,0.0
Switch: edgegw,80.0,3.3336E-4
Switch: edgecore,80.0,0.0016668
Switch: edgeedge3,80.0,7.33392E-4
Switch: netcloudgw,80.0,0.001166752
Switch: netcloudedge1,80.0,4.00032E-4
Switch: netcloudedge2,80.0,3.43024E-4
Switch: netcloudcore,80.0,8.23728E-4
Switch: netcloudcore,80.0,6.09712E-4
Switch: netcloudedge1,80.0,6.90384E-4
Switch: netcloudedge2,80.0,4.00032E-4
Switch: inter2,80.0,0.001166752
Switch: inter1,80.0,3.3336E-4
Switch: inter1,80.0,0.002733544
Switch: inter2,80.0,0.002366856
Switch: inter1,80.0,0.0
Switch: internetcore,80.0,2.95857E-5
Switch: internetgw,80.0,0.002366856
Switch: internetedge,80.0,0.002366856
Switch: edge2edge1,85.0,0.0
Switch: edge2core,85.0,0.0
Switch: edge2gw,85.0,0.0
Switch: edgeedge1,85.0,0.0
Switch: edgeedge3,85.0,4.88696E-4
Switch: edgeedge3,85.0,5.66712E-4
Switch: edgecore,85.0,0.0
Switch: edgecore,85.0,0.0
Switch: edgeedge3,85.0,4.33368E-4
Switch: edgeedge2,85.0,0.0
Switch: edgegw,85.0,3.3336E-4
Switch: edgecore,85.0,0.001430776
Switch: edgeedge3,85.0,6.00048E-4
Switch: netcloudgw,85.0,9.36072E-4
Switch: netcloudedge1,85.0,3.3336E-4
Switch: netcloudedge2,85.0,2.33352E-4
Switch: netcloudcore,85.0,7.69392E-4
Switch: netcloudcore,85.0,4.66704E-4
Switch: netcloudedge1,85.0,5.3604E-4
Switch: netcloudedge2,85.0,3.00024E-4
Switch: inter2,85.0,9.36072E-4
Switch: inter1,85.0,3.3336E-4
Switch: inter1,85.0,0.002169504
Switch: inter2,85.0,0.00183348
Switch: inter1,85.0,0.0
Switch: internetcore,85.0,2.29185E-5
Switch: internetgw,85.0,0.00183348
Switch: internetedge,85.0,0.00183348
Switch: edge2edge1,90.0,0.0
Switch: edge2core,90.0,0.0
Switch: edge2gw,90.0,0.0
Switch: edgeedge1,90.0,0.0
Switch: edgeedge3,90.0,6.6672E-4
Switch: edgeedge3,90.0,6.86384E-4
Switch: edgecore,90.0,0.0
Switch: edgecore,90.0,0.0
Switch: edgeedge3,90.0,6.24712E-4
Switch: edgeedge2,90.0,0.0
Switch: edgegw,90.0,4.33368E-4
Switch: edgecore,90.0,0.001811136
Switch: edgeedge3,90.0,8.30064E-4
Switch: netcloudgw,90.0,0.001337096
Switch: netcloudedge1,90.0,3.66696E-4
Switch: netcloudedge2,90.0,4.00024E-4
Switch: netcloudcore,90.0,8.704E-4
Switch: netcloudcore,90.0,6.66712E-4
Switch: netcloudedge1,90.0,7.37056E-4
Switch: netcloudedge2,90.0,3.66696E-4
Switch: inter2,90.0,0.001337096
Switch: inter1,90.0,4.33368E-4
Switch: inter1,90.0,0.002755872
Switch: inter2,90.0,0.002152168
Switch: inter1,90.0,0.0
Switch: internetcore,90.0,2.69021E-5
Switch: internetgw,90.0,0.002152168
Switch: internetedge,90.0,0.002152168
Switch: edge2edge1,95.0,0.0
Switch: edge2core,95.0,0.0
Switch: edge2gw,95.0,0.0
Switch: edgeedge1,95.0,0.0
Switch: edgeedge3,95.0,5.77712E-4
Switch: edgeedge3,95.0,6.00384E-4
Switch: edgecore,95.0,0.0
Switch: edgecore,95.0,0.0
Switch: edgeedge3,95.0,6.15376E-4
Switch: edgeedge2,95.0,0.0
Switch: edgegw,95.0,3.66696E-4
Switch: edgecore,95.0,0.001566792
Switch: edgeedge3,95.0,7.33392E-4
Switch: netcloudgw,95.0,0.001040072
Switch: netcloudedge1,95.0,4.00032E-4
Switch: netcloudedge2,95.0,2.73352E-4
Switch: netcloudcore,95.0,7.73392E-4
Switch: netcloudcore,95.0,5.66704E-4
Switch: netcloudedge1,95.0,5.73376E-4
Switch: netcloudedge2,95.0,4.26696E-4
Switch: inter2,95.0,0.001040072
Switch: inter1,95.0,3.66696E-4
Switch: inter1,95.0,0.002606864
Switch: inter2,95.0,0.002366856
Switch: inter1,95.0,0.0
Switch: internetcore,95.0,2.95857E-5
Switch: internetgw,95.0,0.002366856
Switch: internetedge,95.0,0.002366856
Switch: edge2edge1,100.0,0.0
Switch: edge2core,100.0,0.0
Switch: edge2gw,100.0,0.0
Switch: edgeedge1,100.0,0.0
Switch: edgeedge3,100.0,5.66712E-4
Switch: edgeedge3,100.0,5.67376E-4
Switch: edgecore,100.0,0.0
Switch: edgecore,100.0,0.0
Switch: edgeedge3,100.0,4.3336E-4
Switch: edgeedge2,100.0,0.0
Switch: edgegw,100.0,3.00024E-4
Switch: edgecore,100.0,0.00146744
Switch: edgeedge3,100.0,7.00056E-4
Switch: netcloudgw,100.0,9.66744E-4
Switch: netcloudedge1,100.0,3.66696E-4
Switch: netcloudedge2,100.0,3.00024E-4
Switch: netcloudcore,100.0,7.66728E-4
Switch: netcloudcore,100.0,5.33376E-4
Switch: netcloudedge1,100.0,6.00048E-4
Switch: netcloudedge2,100.0,3.3336E-4
Switch: inter2,100.0,9.66744E-4
Switch: inter1,100.0,3.00024E-4
Switch: inter1,100.0,0.002432856
Switch: inter2,100.0,0.002166168
Switch: inter1,100.0,0.0
Switch: internetcore,100.0,2.70771E-5
Switch: internetgw,100.0,0.002166168
Switch: internetedge,100.0,0.002166168
Switch: edge2edge1,105.0,0.0
Switch: edge2core,105.0,0.0
Switch: edge2gw,105.0,0.0
Switch: edgeedge1,105.0,0.0
Switch: edgeedge3,105.0,5.85376E-4
Switch: edgeedge3,105.0,6.39384E-4
Switch: edgecore,105.0,0.0
Switch: edgecore,105.0,0.0
Switch: edgeedge3,105.0,5.66712E-4
Switch: edgeedge2,105.0,0.0
Switch: edgegw,105.0,3.66696E-4
Switch: edgecore,105.0,0.001624792
Switch: edgeedge3,105.0,7.66728E-4
Switch: netcloudgw,105.0,0.001092416
Switch: netcloudedge1,105.0,3.3336E-4
Switch: netcloudedge2,105.0,3.3336E-4
Switch: netcloudcore,105.0,7.92392E-4
Switch: netcloudcore,105.0,6.00048E-4
Switch: netcloudedge1,105.0,6.25712E-4
Switch: netcloudedge2,105.0,3.66696E-4
Switch: inter2,105.0,0.001092416
Switch: inter1,105.0,3.66696E-4
Switch: inter1,105.0,0.002609872
Switch: inter2,105.0,0.002284184
Switch: inter1,105.0,0.0
Switch: internetcore,105.0,2.85523E-5
Switch: internetgw,105.0,0.002284184
Switch: internetedge,105.0,0.002284184
Switch: edge2edge1,110.0,0.0
Switch: edge2core,110.0,0.0
Switch: edge2gw,110.0,0.0
Switch: edgeedge1,110.0,0.0
Switch: edgeedge3,110.0,6.71384E-4
Switch: edgeedge3,110.0,6.57712E-4
Switch: edgecore,110.0,0.0
Switch: edgecore,110.0,0.0
Switch: edgeedge3,110.0,5.41712E-4
Switch: edgeedge2,110.0,0.0
Switch: edgegw,110.0,3.3336E-4
Switch: edgecore,110.0,0.001637456
Switch: edgeedge3,110.0,7.62056E-4
Switch: netcloudgw,110.0,0.001148088
Switch: netcloudedge1,110.0,4.33368E-4
Switch: netcloudedge2,110.0,3.6636E-4
Switch: netcloudcore,110.0,8.484E-4
Switch: netcloudcore,110.0,5.66376E-4
Switch: netcloudedge1,110.0,6.8172E-4
Switch: netcloudedge2,110.0,4.00032E-4
Switch: inter2,110.0,0.001148088
Switch: inter1,110.0,3.3336E-4
Switch: inter1,110.0,0.0025962
Switch: inter2,110.0,0.002181504
Switch: inter1,110.0,0.0
Switch: internetcore,110.0,2.72688E-5
Switch: internetgw,110.0,0.002181504
Switch: internetedge,110.0,0.002181504
Switch: edge2edge1,115.0,0.0
Switch: edge2core,115.0,0.0
Switch: edge2gw,115.0,0.0
Switch: edgeedge1,115.0,0.0
Switch: edgeedge3,115.0,5.82376E-4
Switch: edgeedge3,115.0,6.63384E-4
Switch: edgecore,115.0,0.0
Switch: edgecore,115.0,0.0
Switch: edgeedge3,115.0,5.5104E-4
Switch: edgeedge2,115.0,0.0
Switch: edgegw,115.0,3.3336E-4
Switch: edgecore,115.0,0.001606784
Switch: edgeedge3,115.0,8.00064E-4
Switch: netcloudgw,115.0,0.001069088
Switch: netcloudedge1,115.0,3.66696E-4
Switch: netcloudedge2,115.0,3.0236E-4
Switch: netcloudcore,115.0,7.66728E-4
Switch: netcloudcore,115.0,5.35712E-4
Switch: netcloudedge1,115.0,6.33384E-4
Switch: netcloudedge2,115.0,3.66696E-4
Switch: inter2,115.0,0.001069088
Switch: inter1,115.0,3.3336E-4
Switch: inter1,115.0,0.002669216
Switch: inter2,115.0,0.002400192
Switch: inter1,115.0,0.0
Switch: internetcore,115.0,3.00024E-5
Switch: internetgw,115.0,0.002400192
Switch: internetedge,115.0,0.002400192
Switch: edge2edge1,120.0,0.0
Switch: edge2core,120.0,0.0
Switch: edge2gw,120.0,0.0
Switch: edgeedge1,120.0,0.0
Switch: edgeedge3,120.0,6.19712E-4
Switch: edgeedge3,120.0,5.92376E-4
Switch: edgecore,120.0,0.0
Switch: edgecore,120.0,0.0
Switch: edgeedge3,120.0,4.90368E-4
Switch: edgeedge2,120.0,0.0
Switch: edgegw,120.0,4.00032E-4
Switch: edgecore,120.0,0.001569112
Switch: edgeedge3,120.0,7.00056E-4
Switch: netcloudgw,120.0,0.001134088
Switch: netcloudedge1,120.0,3.66696E-4
Switch: netcloudedge2,120.0,3.12024E-4
Switch: netcloudcore,120.0,8.22064E-4
Switch: netcloudcore,120.0,5.78712E-4
Switch: netcloudedge1,120.0,6.55384E-4
Switch: netcloudedge2,120.0,3.66696E-4
Switch: inter2,120.0,0.001134088
Switch: inter1,120.0,4.00032E-4
Switch: inter1,120.0,0.002584192
Switch: inter2,120.0,0.002183496
Switch: inter1,120.0,0.0
Switch: internetcore,120.0,2.72937E-5
Switch: internetgw,120.0,0.002183496
Switch: internetedge,120.0,0.002183496
Switch: edge2edge1,125.0,0.0
Switch: edge2core,125.0,0.0
Switch: edge2gw,125.0,0.0
Switch: edgeedge1,125.0,0.0
Switch: edgeedge3,125.0,6.00048E-4
Switch: edgeedge3,125.0,7.0472E-4
Switch: edgecore,125.0,0.0
Switch: edgecore,125.0,0.0
Switch: edgeedge3,125.0,5.33376E-4
Switch: edgeedge2,125.0,0.0
Switch: edgegw,125.0,2.00016E-4
Switch: edgecore,125.0,0.001638128
Switch: edgeedge3,125.0,7.00056E-4
Switch: netcloudgw,125.0,8.954E-4
Switch: netcloudedge1,125.0,3.00024E-4
Switch: netcloudedge2,125.0,3.3336E-4
Switch: netcloudcore,125.0,4.62032E-4
Switch: netcloudcore,125.0,6.33384E-4
Switch: netcloudedge1,125.0,3.28688E-4
Switch: netcloudedge2,125.0,3.66696E-4
Switch: inter2,125.0,8.954E-4
Switch: inter1,125.0,2.00016E-4
Switch: inter1,125.0,0.002195504
Switch: inter2,125.0,0.001966824
Switch: inter1,125.0,0.0
Switch: internetcore,125.0,2.45853E-5
Switch: internetgw,125.0,0.001966824
Switch: internetedge,125.0,0.001966824
Switch: edge2edge1,130.0,0.0
Switch: edge2core,130.0,0.0
Switch: edge2gw,130.0,0.0
Switch: edgeedge1,130.0,0.0
Switch: edgeedge3,130.0,3.75688E-4
Switch: edgeedge3,130.0,5.0204E-4
Switch: edgecore,130.0,0.0
Switch: edgecore,130.0,0.0
Switch: edgeedge3,130.0,4.66704E-4
Switch: edgeedge2,130.0,0.0
Switch: edgegw,130.0,1.6668E-4
Switch: edgecore,130.0,0.001211088
Switch: edgeedge3,130.0,5.79376E-4
Switch: netcloudgw,130.0,6.92048E-4
Switch: netcloudedge1,130.0,3.3336E-4
Switch: netcloudedge2,130.0,2.61016E-4
Switch: netcloudcore,130.0,4.64368E-4
Switch: netcloudcore,130.0,5.6104E-4
Switch: netcloudedge1,130.0,2.97688E-4
Switch: netcloudedge2,130.0,3.00024E-4
Switch: inter2,130.0,6.92048E-4
Switch: inter1,130.0,1.6668E-4
Switch: inter1,130.0,0.002009824
Switch: inter2,130.0,0.001984496
Switch: inter1,130.0,0.0
Switch: internetcore,130.0,2.48062E-5
Switch: internetgw,130.0,0.001984496
Switch: internetedge,130.0,0.001984496
Switch: edge2edge1,135.0,0.0
Switch: edge2core,135.0,0.0
Switch: edge2gw,135.0,0.0
Switch: edgeedge1,135.0,0.0
Switch: edgeedge3,135.0,6.30712E-4
Switch: edgeedge3,135.0,7.4672E-4
Switch: edgecore,135.0,0.0
Switch: edgecore,135.0,0.0
Switch: edgeedge3,135.0,5.89376E-4
Switch: edgeedge2,135.0,0.0
Switch: edgegw,135.0,2.33352E-4
Switch: edgecore,135.0,0.001702792
Switch: edgeedge3,135.0,7.33392E-4
Switch: netcloudgw,135.0,0.00100008
Switch: netcloudedge1,135.0,3.66696E-4
Switch: netcloudedge2,135.0,3.66696E-4
Switch: netcloudcore,135.0,5.66712E-4
Switch: netcloudcore,135.0,7.33392E-4
Switch: netcloudedge1,135.0,3.66696E-4
Switch: netcloudedge2,135.0,4.00032E-4
Switch: inter2,135.0,0.00100008
Switch: inter1,135.0,2.33352E-4
Switch: inter1,135.0,0.002464192
Switch: inter2,135.0,0.002197504
Switch: inter1,135.0,0.0
Switch: internetcore,135.0,2.74688E-5
Switch: internetgw,135.0,0.002197504
Switch: internetedge,135.0,0.002197504
Switch: edge2edge1,140.0,0.0
Switch: edge2core,140.0,0.0
Switch: edge2gw,140.0,0.0
Switch: edgeedge1,140.0,0.0
Switch: edgeedge3,140.0,5.66712E-4
Switch: edgeedge3,140.0,7.33392E-4
Switch: edgecore,140.0,0.0
Switch: edgecore,140.0,0.0
Switch: edgeedge3,140.0,6.6672E-4
Switch: edgeedge2,140.0,0.0
Switch: edgegw,140.0,2.33352E-4
Switch: edgecore,140.0,0.001733472
Switch: edgeedge3,140.0,7.66728E-4
Switch: netcloudgw,140.0,9.54744E-4
Switch: netcloudedge1,140.0,3.66696E-4
Switch: netcloudedge2,140.0,3.54696E-4
Switch: netcloudcore,140.0,6.00048E-4
Switch: netcloudcore,140.0,6.88056E-4
Switch: netcloudedge1,140.0,3.66696E-4
Switch: netcloudedge2,140.0,3.66696E-4
Switch: inter2,140.0,9.54744E-4
Switch: inter1,140.0,2.33352E-4
Switch: inter1,140.0,0.002378192
Switch: inter2,140.0,0.002090168
Switch: inter1,140.0,0.0
Switch: internetcore,140.0,2.61271E-5
Switch: internetgw,140.0,0.002090168
Switch: internetedge,140.0,0.002090168
Switch: edge2edge1,145.0,0.0
Switch: edge2core,145.0,0.0
Switch: edge2gw,145.0,0.0
Switch: edgeedge1,145.0,0.0
Switch: edgeedge3,145.0,6.00048E-4
Switch: edgeedge3,145.0,8.20728E-4
Switch: edgecore,145.0,0.0
Switch: edgecore,145.0,0.0
Switch: edgeedge3,145.0,6.33384E-4
Switch: edgeedge2,145.0,0.0
Switch: edgegw,145.0,2.00016E-4
Switch: edgecore,145.0,0.001820808
Switch: edgeedge3,145.0,7.66728E-4
Switch: netcloudgw,145.0,0.001046072
Switch: netcloudedge1,145.0,4.33368E-4
Switch: netcloudedge2,145.0,4.46024E-4
Switch: netcloudcore,145.0,6.33384E-4
Switch: netcloudcore,145.0,7.66048E-4
Switch: netcloudedge1,145.0,4.00032E-4
Switch: netcloudedge2,145.0,3.5336E-4
Switch: inter2,145.0,0.001046072
Switch: inter1,145.0,2.00016E-4
Switch: inter1,145.0,0.002639192
Switch: inter2,145.0,0.00242652
Switch: inter1,145.0,0.0
Switch: internetcore,145.0,3.03315E-5
Switch: internetgw,145.0,0.00242652
Switch: internetedge,145.0,0.00242652
Switch: edge2edge1,150.0,0.0
Switch: edge2core,150.0,0.0
Switch: edge2gw,150.0,0.0
Switch: edgeedge1,150.0,0.0
Switch: edgeedge3,150.0,4.9904E-4
Switch: edgeedge3,150.0,6.34384E-4
Switch: edgecore,150.0,0.0
Switch: edgecore,150.0,0.0
Switch: edgeedge3,150.0,4.66704E-4
Switch: edgeedge2,150.0,0.0
Switch: edgegw,150.0,1.6668E-4
Switch: edgecore,150.0,0.001433448
Switch: edgeedge3,150.0,6.6672E-4
Switch: netcloudgw,150.0,7.62728E-4
Switch: netcloudedge1,150.0,2.82688E-4
Switch: netcloudedge2,150.0,3.00024E-4
Switch: netcloudcore,150.0,4.62704E-4
Switch: netcloudcore,150.0,6.00048E-4
Switch: netcloudedge1,150.0,3.2936E-4
Switch: netcloudedge2,150.0,3.00024E-4
Switch: inter2,150.0,7.62728E-4
Switch: inter1,150.0,1.6668E-4
Switch: inter1,150.0,0.002029496
Switch: inter2,150.0,0.001900152
Switch: inter1,150.0,0.0
Switch: internetcore,150.0,2.37519E-5
Switch: internetgw,150.0,0.001900152
Switch: internetedge,150.0,0.001900152
Switch: edge2edge1,155.0,0.0
Switch: edge2core,155.0,0.0
Switch: edge2gw,155.0,0.0
Switch: edgeedge1,155.0,0.0
Switch: edgeedge3,155.0,6.3572E-4
Switch: edgeedge3,155.0,6.94384E-4
Switch: edgecore,155.0,0.0
Switch: edgecore,155.0,0.0
Switch: edgeedge3,155.0,4.52704E-4
Switch: edgeedge2,155.0,0.0
Switch: edgegw,155.0,1.33344E-4
Switch: edgecore,155.0,0.00151612
Switch: edgeedge3,155.0,6.6672E-4
Switch: netcloudgw,155.0,8.80736E-4
Switch: netcloudedge1,155.0,3.00024E-4
Switch: netcloudedge2,155.0,3.66696E-4
Switch: netcloudcore,155.0,3.80696E-4
Switch: netcloudcore,155.0,6.00048E-4
Switch: netcloudedge1,155.0,3.14024E-4
Switch: netcloudedge2,155.0,3.66696E-4
Switch: inter2,155.0,8.80736E-4
Switch: inter1,155.0,1.33344E-4
Switch: inter1,155.0,0.002280848
Switch: inter2,155.0,0.002066832
Switch: inter1,155.0,0.0
Switch: internetcore,155.0,2.58354E-5
Switch: internetgw,155.0,0.002066832
Switch: internetedge,155.0,0.002066832
Switch: edge2edge1,160.0,0.0
Switch: edge2core,160.0,0.0
Switch: edge2gw,160.0,0.0
Switch: edgeedge1,160.0,0.0
Switch: edgeedge3,160.0,5.99376E-4
Switch: edgeedge3,160.0,7.59056E-4
Switch: edgecore,160.0,0.0
Switch: edgecore,160.0,0.0
Switch: edgeedge3,160.0,6.4472E-4
Switch: edgeedge2,160.0,0.0
Switch: edgegw,160.0,2.33352E-4
Switch: edgecore,160.0,0.0017918
Switch: edgeedge3,160.0,8.00064E-4
Switch: netcloudgw,160.0,9.66744E-4
Switch: netcloudedge1,160.0,4.33368E-4
Switch: netcloudedge2,160.0,3.66696E-4
Switch: netcloudcore,160.0,7.33392E-4
Switch: netcloudcore,160.0,7.33392E-4
Switch: netcloudedge1,160.0,4.00032E-4
Switch: netcloudedge2,160.0,4.00032E-4
Switch: inter2,160.0,9.66744E-4
Switch: inter1,160.0,2.33352E-4
Switch: inter1,160.0,0.002570208
Switch: inter2,160.0,0.002403528
Switch: inter1,160.0,0.0
Switch: internetcore,160.0,3.00441E-5
Switch: internetgw,160.0,0.002403528
Switch: internetedge,160.0,0.002403528
Switch: edge2edge1,165.0,0.0
Switch: edge2core,165.0,0.0
Switch: edge2gw,165.0,0.0
Switch: edgeedge1,165.0,0.0
Switch: edgeedge3,165.0,6.6272E-4
Switch: edgeedge3,165.0,8.16392E-4
Switch: edgecore,165.0,0.0
Switch: edgecore,165.0,0.0
Switch: edgeedge3,165.0,6.74048E-4
Switch: edgeedge2,165.0,0.0
Switch: edgegw,165.0,2.00016E-4
Switch: edgecore,165.0,0.001831136
Switch: edgeedge3,165.0,8.334E-4
Switch: netcloudgw,165.0,0.0010124
Switch: netcloudedge1,165.0,4.00032E-4
Switch: netcloudedge2,165.0,4.3036E-4
Switch: netcloudcore,165.0,6.48712E-4
Switch: netcloudcore,165.0,7.97056E-4
Switch: netcloudedge1,165.0,3.82024E-4
Switch: netcloudedge2,165.0,4.00032E-4
Switch: inter2,165.0,0.0010124
Switch: inter1,165.0,2.00016E-4
Switch: inter1,165.0,0.002637864
Switch: inter2,165.0,0.0024922
Switch: inter1,165.0,0.0
Switch: internetcore,165.0,3.11525E-5
Switch: internetgw,165.0,0.0024922
Switch: internetedge,165.0,0.0024922
Switch: edge2edge1,170.0,0.0
Switch: edge2core,170.0,0.0
Switch: edge2gw,170.0,0.0
Switch: edgeedge1,170.0,0.0
Switch: edgeedge3,170.0,4.00032E-4
Switch: edgeedge3,170.0,4.66704E-4
Switch: edgecore,170.0,0.0
Switch: edgecore,170.0,0.0
Switch: edgeedge3,170.0,4.33368E-4
Switch: edgeedge2,170.0,0.0
Switch: edgegw,170.0,1.6668E-4
Switch: edgecore,170.0,0.001100088
Switch: edgeedge3,170.0,4.33368E-4
Switch: netcloudgw,170.0,6.45384E-4
Switch: netcloudedge1,170.0,2.33352E-4
Switch: netcloudedge2,170.0,2.12016E-4
Switch: netcloudcore,170.0,3.66696E-4
Switch: netcloudcore,170.0,4.45368E-4
Switch: netcloudedge1,170.0,2.66688E-4
Switch: netcloudedge2,170.0,2.33352E-4
Switch: inter2,170.0,6.45384E-4
Switch: inter1,170.0,1.6668E-4
Switch: inter1,170.0,0.001445448
Switch: inter2,170.0,0.001233432
Switch: inter1,170.0,0.0
Switch: internetcore,170.0,1.54179E-5
Switch: internetgw,170.0,0.001233432
Switch: internetedge,170.0,0.001233432
Switch: edge2edge1,175.0,0.0
Switch: edge2core,175.0,0.0
Switch: edge2gw,175.0,0.0
Switch: edgeedge1,175.0,0.0
Switch: edgeedge3,175.0,7.00056E-4
Switch: edgeedge3,175.0,9.33408E-4
Switch: edgecore,175.0,0.0
Switch: edgecore,175.0,0.0
Switch: edgeedge3,175.0,6.6672E-4
Switch: edgeedge2,175.0,0.0
Switch: edgegw,175.0,2.66688E-4
Switch: edgecore,175.0,0.002100168
Switch: edgeedge3,175.0,9.00072E-4
Switch: netcloudgw,175.0,0.001100088
Switch: netcloudedge1,175.0,4.66704E-4
Switch: netcloudedge2,175.0,4.33368E-4
Switch: netcloudcore,175.0,7.00056E-4
Switch: netcloudcore,175.0,8.334E-4
Switch: netcloudedge1,175.0,4.00032E-4
Switch: netcloudedge2,175.0,4.66704E-4
Switch: inter2,175.0,0.001100088
Switch: inter1,175.0,2.69688E-4
Switch: inter1,175.0,0.003066912
Switch: inter2,175.0,0.002933568
Switch: inter1,175.0,0.0
Switch: internetcore,175.0,3.66696E-5
Switch: internetgw,175.0,0.002933568
Switch: internetedge,175.0,0.002933568
Switch: edge2edge1,180.0,0.0
Switch: edge2core,180.0,0.0
Switch: edge2gw,180.0,0.0
Switch: edgeedge1,180.0,0.0
Switch: edgeedge3,180.0,5.33376E-4
Switch: edgeedge3,180.0,6.9672E-4
Switch: edgecore,180.0,0.0
Switch: edgecore,180.0,0.0
Switch: edgeedge3,180.0,5.23704E-4
Switch: edgeedge2,180.0,0.0
Switch: edgegw,180.0,2.00016E-4
Switch: edgecore,180.0,0.00157112
Switch: edgeedge3,180.0,7.66728E-4
Switch: netcloudgw,180.0,9.494E-4
Switch: netcloudedge1,180.0,3.66696E-4
Switch: netcloudedge2,180.0,3.7736E-4
Switch: netcloudcore,180.0,5.38704E-4
Switch: netcloudcore,180.0,6.77384E-4
Switch: netcloudedge1,180.0,3.72024E-4
Switch: netcloudedge2,180.0,3.66696E-4
Switch: inter2,180.0,9.494E-4
Switch: inter1,180.0,1.97016E-4
Switch: inter1,180.0,0.002391184
Switch: inter2,180.0,0.002108504
Switch: inter1,180.0,0.0
Switch: internetcore,180.0,2.63563E-5
Switch: internetgw,180.0,0.002108504
Switch: internetedge,180.0,0.002108504
Switch: edge2edge1,185.0,0.0
Switch: edge2core,185.0,0.0
Switch: edge2gw,185.0,0.0
Switch: edgeedge1,185.0,0.0
Switch: edgeedge3,185.0,5.0004E-4
Switch: edgeedge3,185.0,6.20712E-4
Switch: edgecore,185.0,0.0
Switch: edgecore,185.0,0.0
Switch: edgeedge3,185.0,4.98704E-4
Switch: edgeedge2,185.0,0.0
Switch: edgegw,185.0,1.33344E-4
Switch: edgecore,185.0,0.00141944
Switch: edgeedge3,185.0,5.84376E-4
Switch: netcloudgw,185.0,7.1672E-4
Switch: netcloudedge1,185.0,3.00024E-4
Switch: netcloudedge2,185.0,2.82352E-4
Switch: netcloudcore,185.0,4.67704E-4
Switch: netcloudcore,185.0,5.4904E-4
Switch: netcloudedge1,185.0,3.01024E-4
Switch: netcloudedge2,185.0,3.00024E-4
Switch: inter2,185.0,7.1672E-4
Switch: inter1,185.0,1.33344E-4
Switch: inter1,185.0,0.001950152
Switch: inter2,185.0,0.001866816
Switch: inter1,185.0,0.0
Switch: internetcore,185.0,2.33352E-5
Switch: internetgw,185.0,0.001866816
Switch: internetedge,185.0,0.001866816
Switch: edge2edge1,190.0,0.0
Switch: edge2core,190.0,0.0
Switch: edge2gw,190.0,0.0
Switch: edgeedge1,190.0,0.0
Switch: edgeedge3,190.0,4.66704E-4
Switch: edgeedge3,190.0,5.66712E-4
Switch: edgecore,190.0,0.0
Switch: edgecore,190.0,0.0
Switch: edgeedge3,190.0,4.33368E-4
Switch: edgeedge2,190.0,0.0
Switch: edgegw,190.0,1.33344E-4
Switch: edgecore,190.0,0.001266768
Switch: edgeedge3,190.0,6.00048E-4
Switch: netcloudgw,190.0,6.6672E-4
Switch: netcloudedge1,190.0,3.00024E-4
Switch: netcloudedge2,190.0,2.66688E-4
Switch: netcloudcore,190.0,4.66704E-4
Switch: netcloudcore,190.0,5.0004E-4
Switch: netcloudedge1,190.0,2.66688E-4
Switch: netcloudedge2,190.0,3.00024E-4
Switch: inter2,190.0,6.6672E-4
Switch: inter1,190.0,1.33344E-4
Switch: inter1,190.0,0.001900152
Switch: inter2,190.0,0.001800144
Switch: inter1,190.0,0.0
Switch: internetcore,190.0,2.25018E-5
Switch: internetgw,190.0,0.001800144
Switch: internetedge,190.0,0.001800144
Switch: edge2edge1,195.0,0.0
Switch: edge2core,195.0,0.0
Switch: edge2gw,195.0,0.0
Switch: edgeedge1,195.0,0.0
Switch: edgeedge3,195.0,4.00032E-4
Switch: edgeedge3,195.0,5.6104E-4
Switch: edgecore,195.0,0.0
Switch: edgecore,195.0,0.0
Switch: edgeedge3,195.0,4.66704E-4
Switch: edgeedge2,195.0,0.0
Switch: edgegw,195.0,2.00016E-4
Switch: edgecore,195.0,0.001327768
Switch: edgeedge3,195.0,5.5904E-4
Switch: netcloudgw,195.0,8.0572E-4
Switch: netcloudedge1,195.0,2.66688E-4
Switch: netcloudedge2,195.0,3.0568E-4
Switch: netcloudcore,195.0,4.66704E-4
Switch: netcloudcore,195.0,4.7236E-4
Switch: netcloudedge1,195.0,3.00024E-4
Switch: netcloudedge2,195.0,2.66688E-4
Switch: inter2,195.0,8.0572E-4
Switch: inter1,195.0,2.00016E-4
Switch: inter1,195.0,0.001839136
Switch: inter2,195.0,0.001600128
Switch: inter1,195.0,0.0
Switch: internetcore,195.0,2.00016E-5
Switch: internetgw,195.0,0.001600128
Switch: internetedge,195.0,0.001600128
Switch: edge2edge1,200.0,0.0
Switch: edge2core,200.0,0.0
Switch: edge2gw,200.0,0.0
Switch: edgeedge1,200.0,0.0
Switch: edgeedge3,200.0,3.66696E-4
Switch: edgeedge3,200.0,4.66704E-4
Switch: edgecore,200.0,0.0
Switch: edgecore,200.0,0.0
Switch: edgeedge3,200.0,3.3336E-4
Switch: edgeedge2,200.0,0.0
Switch: edgegw,200.0,1.33344E-4
Switch: edgecore,200.0,0.001066752
Switch: edgeedge3,200.0,5.0004E-4
Switch: netcloudgw,200.0,6.13712E-4
Switch: netcloudedge1,200.0,2.66688E-4
Switch: netcloudedge2,200.0,2.47016E-4
Switch: netcloudcore,200.0,3.66696E-4
Switch: netcloudcore,200.0,3.8036E-4
Switch: netcloudedge1,200.0,2.33352E-4
Switch: netcloudedge2,200.0,2.66688E-4
Switch: inter2,200.0,6.13712E-4
Switch: inter1,200.0,1.33344E-4
Switch: inter1,200.0,0.0017138
Switch: inter2,200.0,0.001633464
Switch: inter1,200.0,0.0
Switch: internetcore,200.0,2.04183E-5
Switch: internetgw,200.0,0.001633464
Switch: internetedge,200.0,0.001633464
Switch: edge2edge1,205.0,0.0
Switch: edge2core,205.0,0.0
Switch: edge2gw,205.0,0.0
Switch: edgeedge1,205.0,0.0
Switch: edgeedge3,205.0,7.95056E-4
Switch: edgeedge3,205.0,8.46392E-4
Switch: edgecore,205.0,0.0
Switch: edgecore,205.0,0.0
Switch: edgeedge3,205.0,6.00048E-4
Switch: edgeedge2,205.0,0.0
Switch: edgegw,205.0,3.00024E-4
Switch: edgecore,205.0,0.001974808
Switch: edgeedge3,205.0,7.66728E-4
Switch: netcloudgw,205.0,0.001112752
Switch: netcloudedge1,205.0,4.00032E-4
Switch: netcloudedge2,205.0,3.7936E-4
Switch: netcloudcore,205.0,5.33376E-4
Switch: netcloudcore,205.0,7.46056E-4
Switch: netcloudedge1,205.0,4.33368E-4
Switch: netcloudedge2,205.0,4.00032E-4
Switch: inter2,205.0,0.001112752
Switch: inter1,205.0,3.00024E-4
Switch: inter1,205.0,0.002612872
Switch: inter2,205.0,0.002300184
Switch: inter1,205.0,0.0
Switch: internetcore,205.0,2.87523E-5
Switch: internetgw,205.0,0.002300184
Switch: internetedge,205.0,0.002300184
Switch: edge2edge1,210.0,0.0
Switch: edge2core,210.0,0.0
Switch: edge2gw,210.0,0.0
Switch: edgeedge1,210.0,0.0
Switch: edgeedge3,210.0,8.694E-4
Switch: edgeedge3,210.0,0.001036072
Switch: edgecore,210.0,0.0
Switch: edgecore,210.0,0.0
Switch: edgeedge3,210.0,8.04392E-4
Switch: edgeedge2,210.0,0.0
Switch: edgegw,210.0,3.3336E-4
Switch: edgecore,210.0,0.002363168
Switch: edgeedge3,210.0,0.001084088
Switch: netcloudgw,210.0,0.00137644
Switch: netcloudedge1,210.0,5.66712E-4
Switch: netcloudedge2,210.0,5.4304E-4
Switch: netcloudcore,210.0,7.82728E-4
Switch: netcloudcore,210.0,9.93744E-4
Switch: netcloudedge1,210.0,5.49376E-4
Switch: netcloudedge2,210.0,5.17376E-4
Switch: inter2,210.0,0.00137644
Switch: inter1,210.0,3.3336E-4
Switch: inter1,210.0,0.003503272
Switch: inter2,210.0,0.003177584
Switch: inter1,210.0,0.0
Switch: internetcore,210.0,3.97198E-5
Switch: internetgw,210.0,0.003177584
Switch: internetedge,210.0,0.003177584
Switch: edge2edge1,215.0,0.0
Switch: edge2core,215.0,0.0
Switch: edge2gw,215.0,0.0
Switch: edgeedge1,215.0,0.0
Switch: edgeedge3,215.0,7.64056E-4
Switch: edgeedge3,215.0,8.66736E-4
Switch: edgecore,215.0,0.0
Switch: edgecore,215.0,0.0
Switch: edgeedge3,215.0,6.02712E-4
Switch: edgeedge2,215.0,0.0
Switch: edgegw,215.0,2.33352E-4
Switch: edgecore,215.0,0.002002824
Switch: edgeedge3,215.0,8.66736E-4
Switch: netcloudgw,215.0,0.001100088
Switch: netcloudedge1,215.0,3.66696E-4
Switch: netcloudedge2,215.0,4.33368E-4
Switch: netcloudcore,215.0,5.0004E-4
Switch: netcloudcore,215.0,8.00064E-4
Switch: netcloudedge1,215.0,4.00032E-4
Switch: netcloudedge2,215.0,4.00032E-4
Switch: inter2,215.0,0.001100088
Switch: inter1,215.0,2.33352E-4
Switch: inter1,215.0,0.002733552
Switch: inter2,215.0,0.002466864
Switch: inter1,215.0,0.0
Switch: internetcore,215.0,3.08358E-5
Switch: internetgw,215.0,0.002466864
Switch: internetedge,215.0,0.002466864
Switch: edge2edge1,220.0,0.0
Switch: edge2core,220.0,0.0
Switch: edge2gw,220.0,0.0
Switch: edgeedge1,220.0,0.0
Switch: edgeedge3,220.0,5.84048E-4
Switch: edgeedge3,220.0,6.4872E-4
Switch: edgecore,220.0,0.0
Switch: edgecore,220.0,0.0
Switch: edgeedge3,220.0,3.53696E-4
Switch: edgeedge2,220.0,0.0
Switch: edgegw,220.0,1.6668E-4
Switch: edgecore,220.0,0.001419784
Switch: edgeedge3,220.0,6.6672E-4
Switch: netcloudgw,220.0,8.00064E-4
Switch: netcloudedge1,220.0,3.66696E-4
Switch: netcloudedge2,220.0,3.00024E-4
Switch: netcloudcore,220.0,4.00032E-4
Switch: netcloudcore,220.0,5.33376E-4
Switch: netcloudedge1,220.0,3.3336E-4
Switch: netcloudedge2,220.0,3.66696E-4
Switch: inter2,220.0,8.00064E-4
Switch: inter1,220.0,1.6668E-4
Switch: inter1,220.0,0.002180504
Switch: inter2,220.0,0.002080496
Switch: inter1,220.0,0.0
Switch: internetcore,220.0,2.60062E-5
Switch: internetgw,220.0,0.002080496
Switch: internetedge,220.0,0.002080496
Switch: edge2edge1,225.0,0.0
Switch: edge2core,225.0,0.0
Switch: edge2gw,225.0,0.0
Switch: edgeedge1,225.0,0.0
Switch: edgeedge3,225.0,5.45712E-4
Switch: edgeedge3,225.0,6.50376E-4
Switch: edgecore,225.0,0.0
Switch: edgecore,225.0,0.0
Switch: edgeedge3,225.0,5.33376E-4
Switch: edgeedge2,225.0,0.0
Switch: edgegw,225.0,2.33352E-4
Switch: edgecore,225.0,0.001550448
Switch: edgeedge3,225.0,7.00056E-4
Switch: netcloudgw,225.0,9.33408E-4
Switch: netcloudedge1,225.0,3.3336E-4
Switch: netcloudedge2,225.0,3.66696E-4
Switch: netcloudcore,225.0,5.0004E-4
Switch: netcloudcore,225.0,6.6672E-4
Switch: netcloudedge1,225.0,3.3336E-4
Switch: netcloudedge2,225.0,3.3336E-4
Switch: inter2,225.0,9.33408E-4
Switch: inter1,225.0,2.33352E-4
Switch: inter1,225.0,0.002366848
Switch: inter2,225.0,0.002133496
Switch: inter1,225.0,0.0
Switch: internetcore,225.0,2.66687E-5
Switch: internetgw,225.0,0.002133496
Switch: internetedge,225.0,0.002133496
Switch: edge2edge1,230.0,0.0
Switch: edge2core,230.0,0.0
Switch: edge2gw,230.0,0.0
Switch: edgeedge1,230.0,0.0
Switch: edgeedge3,230.0,6.00048E-4
Switch: edgeedge3,230.0,7.24384E-4
Switch: edgecore,230.0,0.0
Switch: edgecore,230.0,0.0
Switch: edgeedge3,230.0,5.63712E-4
Switch: edgeedge2,230.0,0.0
Switch: edgegw,230.0,2.00016E-4
Switch: edgecore,230.0,0.001688128
Switch: edgeedge3,230.0,7.00056E-4
Switch: netcloudgw,230.0,8.964E-4
Switch: netcloudedge1,230.0,4.00032E-4
Switch: netcloudedge2,230.0,3.3836E-4
Switch: netcloudcore,230.0,5.5804E-4
Switch: netcloudcore,230.0,6.05048E-4
Switch: netcloudedge1,230.0,3.9136E-4
Switch: netcloudedge2,230.0,3.66696E-4
Switch: inter2,230.0,8.964E-4
Switch: inter1,230.0,2.00016E-4
Switch: inter1,230.0,0.002418856
Switch: inter2,230.0,0.002255848
Switch: inter1,230.0,0.0
Switch: internetcore,230.0,2.81981E-5
Switch: internetgw,230.0,0.002255848
Switch: internetedge,230.0,0.002255848
Switch: edge2edge1,235.0,0.0
Switch: edge2core,235.0,0.0
Switch: edge2gw,235.0,0.0
Switch: edgeedge1,235.0,0.0
Switch: edgeedge3,235.0,6.00048E-4
Switch: edgeedge3,235.0,7.28048E-4
Switch: edgecore,235.0,0.0
Switch: edgecore,235.0,0.0
Switch: edgeedge3,235.0,4.66704E-4
Switch: edgeedge2,235.0,0.0
Switch: edgegw,235.0,2.00016E-4
Switch: edgecore,235.0,0.00162812
Switch: edgeedge3,235.0,7.33392E-4
Switch: netcloudgw,235.0,9.56408E-4
Switch: netcloudedge1,235.0,3.3336E-4
Switch: netcloudedge2,235.0,3.5636E-4
Switch: netcloudcore,235.0,5.0004E-4
Switch: netcloudcore,235.0,6.23048E-4
Switch: netcloudedge1,235.0,3.66696E-4
Switch: netcloudedge2,235.0,3.49024E-4
Switch: inter2,235.0,9.56408E-4
Switch: inter1,235.0,2.00016E-4
Switch: inter1,235.0,0.002223176
Switch: inter2,235.0,0.001866816
Switch: inter1,235.0,0.0
Switch: internetcore,235.0,2.33352E-5
Switch: internetgw,235.0,0.001866816
Switch: internetedge,235.0,0.001866816
Switch: edge2edge1,240.0,0.0
Switch: edge2core,240.0,0.0
Switch: edge2gw,240.0,0.0
Switch: edgeedge1,240.0,0.0
Switch: edgeedge3,240.0,6.00048E-4
Switch: edgeedge3,240.0,7.00056E-4
Switch: edgecore,240.0,0.0
Switch: edgecore,240.0,0.0
Switch: edgeedge3,240.0,5.53712E-4
Switch: edgeedge2,240.0,0.0
Switch: edgegw,240.0,2.33352E-4
Switch: edgecore,240.0,0.0016538
Switch: edgeedge3,240.0,7.00056E-4
Switch: netcloudgw,240.0,9.13072E-4
Switch: netcloudedge1,240.0,3.66696E-4
Switch: netcloudedge2,240.0,3.13024E-4
Switch: netcloudcore,240.0,5.0004E-4
Switch: netcloudcore,240.0,5.79712E-4
Switch: netcloudedge1,240.0,3.3336E-4
Switch: netcloudedge2,240.0,3.3336E-4
Switch: inter2,240.0,9.13072E-4
Switch: inter1,240.0,2.33352E-4
Switch: inter1,240.0,0.002400192
Switch: inter2,240.0,0.002220512
Switch: inter1,240.0,0.0
Switch: internetcore,240.0,2.77564E-5
Switch: internetgw,240.0,0.002220512
Switch: internetedge,240.0,0.002220512
Switch: edge2edge1,245.0,0.0
Switch: edge2core,245.0,0.0
Switch: edge2gw,245.0,0.0
Switch: edgeedge1,245.0,0.0
Switch: edgeedge3,245.0,6.20384E-4
Switch: edgeedge3,245.0,7.00056E-4
Switch: edgecore,245.0,0.0
Switch: edgecore,245.0,0.0
Switch: edgeedge3,245.0,4.66704E-4
Switch: edgeedge2,245.0,0.0
Switch: edgegw,245.0,2.66688E-4
Switch: edgecore,245.0,0.0016538
Switch: edgeedge3,245.0,7.66728E-4
Switch: netcloudgw,245.0,9.46408E-4
Switch: netcloudedge1,245.0,3.3336E-4
Switch: netcloudedge2,245.0,4.00032E-4
Switch: netcloudcore,245.0,4.46368E-4
Switch: netcloudcore,245.0,7.00056E-4
Switch: netcloudedge1,245.0,3.4636E-4
Switch: netcloudedge2,245.0,3.66696E-4
Switch: inter2,245.0,9.46408E-4
Switch: inter1,245.0,2.66688E-4
Switch: inter1,245.0,0.002413192
Switch: inter2,245.0,0.002266848
Switch: inter1,245.0,0.0
Switch: internetcore,245.0,2.83356E-5
Switch: internetgw,245.0,0.002266848
Switch: internetedge,245.0,0.002266848
Switch: edge2edge1,250.0,0.0
Switch: edge2core,250.0,0.0
Switch: edge2gw,250.0,0.0
Switch: edgeedge1,250.0,0.0
Switch: edgeedge3,250.0,4.66704E-4
Switch: edgeedge3,250.0,7.00056E-4
Switch: edgecore,250.0,0.0
Switch: edgecore,250.0,0.0
Switch: edgeedge3,250.0,5.33376E-4
Switch: edgeedge2,250.0,0.0
Switch: edgegw,250.0,1.33344E-4
Switch: edgecore,250.0,0.00150012
Switch: edgeedge3,250.0,6.17048E-4
Switch: netcloudgw,250.0,8.05064E-4
Switch: netcloudedge1,250.0,3.66696E-4
Switch: netcloudedge2,250.0,3.0736E-4
Switch: netcloudcore,250.0,5.3104E-4
Switch: netcloudcore,250.0,6.4072E-4
Switch: netcloudedge1,250.0,3.31024E-4
Switch: netcloudedge2,250.0,3.66696E-4
Switch: inter2,250.0,8.05064E-4
Switch: inter1,250.0,1.33344E-4
Switch: inter1,250.0,0.002160168
Switch: inter2,250.0,0.00205516
Switch: inter1,250.0,0.0
Switch: internetcore,250.0,2.56895E-5
Switch: internetgw,250.0,0.00205516
Switch: internetedge,250.0,0.00205516
Switch: edge2edge1,255.0,0.0
Switch: edge2core,255.0,0.0
Switch: edge2gw,255.0,0.0
Switch: edgeedge1,255.0,0.0
Switch: edgeedge3,255.0,4.66704E-4
Switch: edgeedge3,255.0,6.13712E-4
Switch: edgecore,255.0,0.0
Switch: edgecore,255.0,0.0
Switch: edgeedge3,255.0,4.53032E-4
Switch: edgeedge2,255.0,0.0
Switch: edgegw,255.0,1.6668E-4
Switch: edgecore,255.0,0.001400104
Switch: edgeedge3,255.0,6.33384E-4
Switch: netcloudgw,255.0,7.56056E-4
Switch: netcloudedge1,255.0,3.3336E-4
Switch: netcloudedge2,255.0,3.09024E-4
Switch: netcloudcore,255.0,5.4704E-4
Switch: netcloudcore,255.0,5.75712E-4
Switch: netcloudedge1,255.0,3.13688E-4
Switch: netcloudedge2,255.0,3.00024E-4
Switch: inter2,255.0,7.56056E-4
Switch: inter1,255.0,1.6668E-4
Switch: inter1,255.0,0.001980488
Switch: inter2,255.0,0.001891152
Switch: inter1,255.0,0.0
Switch: internetcore,255.0,2.36394E-5
Switch: internetgw,255.0,0.001891152
Switch: internetedge,255.0,0.001891152
Switch: edge2edge1,260.0,0.0
Switch: edge2core,260.0,0.0
Switch: edge2gw,260.0,0.0
Switch: edgeedge1,260.0,0.0
Switch: edgeedge3,260.0,0.00104
Switch: edgeedge3,260.0,0.00104
Switch: edgecore,260.0,0.0
Switch: edgecore,260.0,0.0
Switch: edgeedge3,260.0,8.8E-4
Switch: edgeedge2,260.0,0.0
Switch: edgegw,260.0,6.8E-4
Switch: edgecore,260.0,0.0028
Switch: edgeedge3,260.0,0.00128
Switch: netcloudgw,260.0,0.0014
Switch: netcloudedge1,260.0,0.0
Switch: netcloudedge2,260.0,5.6E-4
Switch: netcloudcore,260.0,5.2E-4
Switch: netcloudcore,260.0,0.001
Switch: netcloudedge1,260.0,5.2E-4
Switch: netcloudedge2,260.0,6.4E-4
Switch: inter2,260.0,0.0014
Switch: inter1,260.0,6.8E-4
Switch: inter1,260.0,0.00356
Switch: inter2,260.0,0.00268
Switch: inter1,260.0,0.0
Switch: internetcore,260.0,3.35E-5
Switch: internetgw,260.0,0.00268
Switch: internetedge,260.0,0.00268
Switch: edge2edge1,265.0,0.0
Switch: edge2core,265.0,0.0
Switch: edge2gw,265.0,0.0
Switch: edgeedge1,265.0,0.0
Switch: edgeedge3,265.0,8.028E-4
Switch: edgeedge3,265.0,8.012E-4
Switch: edgecore,265.0,0.0
Switch: edgecore,265.0,0.0
Switch: edgeedge3,265.0,6.392E-4
Switch: edgeedge2,265.0,0.0
Switch: edgegw,265.0,4.8E-4
Switch: edgecore,265.0,0.0020832
Switch: edgeedge3,265.0,9.448E-4
Switch: netcloudgw,265.0,0.0010048
Switch: netcloudedge1,265.0,0.0
Switch: netcloudedge2,265.0,3.872E-4
Switch: netcloudcore,265.0,4.576E-4
Switch: netcloudcore,265.0,6.272E-4
Switch: netcloudedge1,265.0,4.576E-4
Switch: netcloudedge2,265.0,4.8E-4
Switch: inter2,265.0,0.0010048
Switch: inter1,265.0,4.8E-4
Switch: inter1,265.0,0.003212
Switch: inter2,265.0,0.0027672
Switch: inter1,265.0,0.0
Switch: internetcore,265.0,3.459E-5
Switch: internetgw,265.0,0.0027672
Switch: internetedge,265.0,0.0027672
Switch: edge2edge1,270.0,0.0
Switch: edge2core,270.0,0.0
Switch: edge2gw,270.0,0.0
Switch: edgeedge1,270.0,0.0
Switch: edgeedge3,270.0,9.052E-4
Switch: edgeedge3,270.0,9.572E-4
Switch: edgecore,270.0,0.0
Switch: edgecore,270.0,0.0
Switch: edgeedge3,270.0,7.94E-4
Switch: edgeedge2,270.0,0.0
Switch: edgegw,270.0,6.0E-4
Switch: edgecore,270.0,0.0024564
Switch: edgeedge3,270.0,0.00116
Switch: netcloudgw,270.0,0.0011488
Switch: netcloudedge1,270.0,0.0
Switch: netcloudedge2,270.0,4.768E-4
Switch: netcloudcore,270.0,4.72E-4
Switch: netcloudcore,270.0,7.568E-4
Switch: netcloudedge1,270.0,4.72E-4
Switch: netcloudedge2,270.0,5.6E-4
Switch: inter2,270.0,0.0011488
Switch: inter1,270.0,6.0E-4
Switch: inter1,270.0,0.0034104
Switch: inter2,270.0,0.0028216
Switch: inter1,270.0,0.0
Switch: internetcore,270.0,3.527E-5
Switch: internetgw,270.0,0.0028216
Switch: internetedge,270.0,0.0028216
Switch: edge2edge1,275.0,0.0
Switch: edge2core,275.0,0.0
Switch: edge2gw,275.0,0.0
Switch: edgeedge1,275.0,0.0
Switch: edgeedge3,275.0,9.6E-4
Switch: edgeedge3,275.0,9.508E-4
Switch: edgecore,275.0,0.0
Switch: edgecore,275.0,0.0
Switch: edgeedge3,275.0,8.056E-4
Switch: edgeedge2,275.0,0.0
Switch: edgegw,275.0,5.6E-4
Switch: edgecore,275.0,0.0025164
Switch: edgeedge3,275.0,0.00116
Switch: netcloudgw,275.0,0.0011076
Switch: netcloudedge1,275.0,0.0
Switch: netcloudedge2,275.0,4.728E-4
Switch: netcloudcore,275.0,4.748E-4
Switch: netcloudcore,275.0,7.528E-4
Switch: netcloudedge1,275.0,4.748E-4
Switch: netcloudedge2,275.0,6.0E-4
Switch: inter2,275.0,0.0011076
Switch: inter1,275.0,5.6E-4
Switch: inter1,275.0,0.0034712
Switch: inter2,275.0,0.0030036
Switch: inter1,275.0,0.0
Switch: internetcore,275.0,3.7545E-5
Switch: internetgw,275.0,0.0030036
Switch: internetedge,275.0,0.0030036
Switch: edge2edge1,280.0,0.0
Switch: edge2core,280.0,0.0
Switch: edge2gw,280.0,0.0
Switch: edgeedge1,280.0,0.0
Switch: edgeedge3,280.0,9.84E-4
Switch: edgeedge3,280.0,9.552E-4
Switch: edgecore,280.0,0.0
Switch: edgecore,280.0,0.0
Switch: edgeedge3,280.0,0.001
Switch: edgeedge2,280.0,0.0
Switch: edgegw,280.0,5.2E-4
Switch: edgecore,280.0,0.0025152
Switch: edgeedge3,280.0,0.00124
Switch: netcloudgw,280.0,0.0011088
Switch: netcloudedge1,280.0,0.0
Switch: netcloudedge2,280.0,4.8E-4
Switch: netcloudcore,280.0,4.688E-4
Switch: netcloudcore,280.0,8.4E-4
Switch: netcloudedge1,280.0,4.688E-4
Switch: netcloudedge2,280.0,6.0E-4
Switch: inter2,280.0,0.0011088
Switch: inter1,280.0,5.2E-4
Switch: inter1,280.0,0.003376
Switch: inter2,280.0,0.0027872
Switch: inter1,280.0,0.0
Switch: internetcore,280.0,3.484E-5
Switch: internetgw,280.0,0.0027872
Switch: internetedge,280.0,0.0027872
Switch: edge2edge1,285.0,0.0
Switch: edge2core,285.0,0.0
Switch: edge2gw,285.0,0.0
Switch: edgeedge1,285.0,0.0
Switch: edgeedge3,285.0,6.4E-4
Switch: edgeedge3,285.0,7.124E-4
Switch: edgecore,285.0,0.0
Switch: edgecore,285.0,0.0
Switch: edgeedge3,285.0,5.468E-4
Switch: edgeedge2,285.0,0.0
Switch: edgegw,285.0,4.0E-4
Switch: edgecore,285.0,0.0017792
Switch: edgeedge3,285.0,7.6E-4
Switch: netcloudgw,285.0,8.416E-4
Switch: netcloudedge1,285.0,0.0
Switch: netcloudedge2,285.0,3.528E-4
Switch: netcloudcore,285.0,3.688E-4
Switch: netcloudcore,285.0,5.528E-4
Switch: netcloudedge1,285.0,3.688E-4
Switch: netcloudedge2,285.0,4.4E-4
Switch: inter2,285.0,8.416E-4
Switch: inter1,285.0,4.0E-4
Switch: inter1,285.0,0.0025616
Switch: inter2,285.0,0.00216
Switch: inter1,285.0,0.0
Switch: internetcore,285.0,2.7E-5
Switch: internetgw,285.0,0.00216
Switch: internetedge,285.0,0.00216
Switch: edge2edge1,290.0,0.0
Switch: edge2core,290.0,0.0
Switch: edge2gw,290.0,0.0
Switch: edgeedge1,290.0,0.0
Switch: edgeedge3,290.0,9.556E-4
Switch: edgeedge3,290.0,0.001
Switch: edgecore,290.0,0.0
Switch: edgecore,290.0,0.0
Switch: edgeedge3,290.0,9.6E-4
Switch: edgeedge2,290.0,0.0
Switch: edgegw,290.0,6.8E-4
Switch: edgecore,290.0,0.0027184
Switch: edgeedge3,290.0,0.00128
Switch: netcloudgw,290.0,0.0012888
Switch: netcloudedge1,290.0,0.0
Switch: netcloudedge2,290.0,5.26E-4
Switch: netcloudcore,290.0,5.228E-4
Switch: netcloudcore,290.0,8.86E-4
Switch: netcloudedge1,290.0,5.228E-4
Switch: netcloudedge2,290.0,6.0E-4
Switch: inter2,290.0,0.0012888
Switch: inter1,290.0,6.8E-4
Switch: inter1,290.0,0.0038104
Switch: inter2,290.0,0.0032016
Switch: inter1,290.0,0.0
Switch: internetcore,290.0,4.002E-5
Switch: internetgw,290.0,0.0032016
Switch: internetedge,290.0,0.0032016
Switch: edge2edge1,295.0,0.0
Switch: edge2core,295.0,0.0
Switch: edge2gw,295.0,0.0
Switch: edgeedge1,295.0,0.0
Switch: edgeedge3,295.0,6.752E-4
Switch: edgeedge3,295.0,8.332E-4
Switch: edgecore,295.0,0.0
Switch: edgecore,295.0,0.0
Switch: edgeedge3,295.0,7.016E-4
Switch: edgeedge2,295.0,0.0
Switch: edgegw,295.0,4.8E-4
Switch: edgecore,295.0,0.0020548
Switch: edgeedge3,295.0,0.001
Switch: netcloudgw,295.0,8.996E-4
Switch: netcloudedge1,295.0,0.0
Switch: netcloudedge2,295.0,4.048E-4
Switch: netcloudcore,295.0,3.748E-4
Switch: netcloudcore,295.0,6.448E-4
Switch: netcloudedge1,295.0,3.748E-4
Switch: netcloudedge2,295.0,5.2E-4
Switch: inter2,295.0,8.996E-4
Switch: inter1,295.0,4.8E-4
Switch: inter1,295.0,0.0028196
Switch: inter2,295.0,0.0024
Switch: inter1,295.0,0.0
Switch: internetcore,295.0,3.0E-5
Switch: internetgw,295.0,0.0024
Switch: internetedge,295.0,0.0024
Switch: edge2edge1,300.0,0.0
Switch: edge2core,300.0,0.0
Switch: edge2gw,300.0,0.0
Switch: edgeedge1,300.0,0.0
Switch: edgeedge3,300.0,0.00108
Switch: edgeedge3,300.0,0.0010584
Switch: edgecore,300.0,0.0
Switch: edgecore,300.0,0.0
Switch: edgeedge3,300.0,9.5E-4
Switch: edgeedge2,300.0,0.0
Switch: edgegw,300.0,4.8E-4
Switch: edgecore,300.0,0.0026832
Switch: edgeedge3,300.0,0.00124
Switch: netcloudgw,300.0,0.0011632
Switch: netcloudedge1,300.0,0.0
Switch: netcloudedge2,300.0,5.2E-4
Switch: netcloudcore,300.0,5.2E-4
Switch: netcloudcore,300.0,8.432E-4
Switch: netcloudedge1,300.0,5.2E-4
Switch: netcloudedge2,300.0,6.032E-4
Switch: inter2,300.0,0.0011632
Switch: inter1,300.0,4.8E-4
Switch: inter1,300.0,0.0034856
Switch: inter2,300.0,0.0028964
Switch: inter1,300.0,0.0
Switch: internetcore,300.0,3.6205E-5
Switch: internetgw,300.0,0.0028964
Switch: internetedge,300.0,0.0028964
Switch: edge2edge1,305.0,0.0
Switch: edge2core,305.0,0.0
Switch: edge2gw,305.0,0.0
Switch: edgeedge1,305.0,0.0
Switch: edgeedge3,305.0,8.0E-4
Switch: edgeedge3,305.0,7.328E-4
Switch: edgecore,305.0,0.0
Switch: edgecore,305.0,0.0
Switch: edgeedge3,305.0,6.6E-4
Switch: edgeedge2,305.0,0.0
Switch: edgegw,305.0,5.2E-4
Switch: edgecore,305.0,0.0019128
Switch: edgeedge3,305.0,9.376E-4
Switch: netcloudgw,305.0,9.392E-4
Switch: netcloudedge1,305.0,0.0
Switch: netcloudedge2,305.0,3.824E-4
Switch: netcloudcore,305.0,4.0E-4
Switch: netcloudcore,305.0,6.592E-4
Switch: netcloudedge1,305.0,4.0E-4
Switch: netcloudedge2,305.0,4.768E-4
Switch: inter2,305.0,9.392E-4
Switch: inter1,305.0,5.2E-4
Switch: inter1,305.0,0.0030792
Switch: inter2,305.0,0.00266
Switch: inter1,305.0,0.0
Switch: internetcore,305.0,3.325E-5
Switch: internetgw,305.0,0.00266
Switch: internetedge,305.0,0.00266
Switch: edge2edge1,310.0,0.0
Switch: edge2core,310.0,0.0
Switch: edge2gw,310.0,0.0
Switch: edgeedge1,310.0,0.0
Switch: edgeedge3,310.0,9.2E-4
Switch: edgeedge3,310.0,8.4E-4
Switch: edgecore,310.0,0.0
Switch: edgecore,310.0,0.0
Switch: edgeedge3,310.0,6.8E-4
Switch: edgeedge2,310.0,0.0
Switch: edgegw,310.0,4.8E-4
Switch: edgecore,310.0,0.00224
Switch: edgeedge3,310.0,0.00104
Switch: netcloudgw,310.0,0.0010044
Switch: netcloudedge1,310.0,0.0
Switch: netcloudedge2,310.0,4.464E-4
Switch: netcloudcore,310.0,3.98E-4
Switch: netcloudcore,310.0,8.464E-4
Switch: netcloudedge1,310.0,3.98E-4
Switch: netcloudedge2,310.0,5.2E-4
Switch: inter2,310.0,0.0010044
Switch: inter1,310.0,4.8E-4
Switch: inter1,310.0,0.002878
Switch: inter2,310.0,0.0023136
Switch: inter1,310.0,0.0
Switch: internetcore,310.0,2.892E-5
Switch: internetgw,310.0,0.0023136
Switch: internetedge,310.0,0.0023136
Switch: edge2edge1,315.0,0.0
Switch: edge2core,315.0,0.0
Switch: edge2gw,315.0,0.0
Switch: edgeedge1,315.0,0.0
Switch: edgeedge3,315.0,6.4E-4
Switch: edgeedge3,315.0,7.2E-4
Switch: edgecore,315.0,0.0
Switch: edgecore,315.0,0.0
Switch: edgeedge3,315.0,6.8E-4
Switch: edgeedge2,315.0,0.0
Switch: edgegw,315.0,4.8E-4
Switch: edgecore,315.0,0.00192
Switch: edgeedge3,315.0,9.2E-4
Switch: netcloudgw,315.0,9.2E-4
Switch: netcloudedge1,315.0,0.0
Switch: netcloudedge2,315.0,3.6E-4
Switch: netcloudcore,315.0,4.0E-4
Switch: netcloudcore,315.0,6.4E-4
Switch: netcloudedge1,315.0,4.0E-4
Switch: netcloudedge2,315.0,4.8E-4
Switch: inter2,315.0,9.2E-4
Switch: inter1,315.0,4.8E-4
Switch: inter1,315.0,0.00292
Switch: inter2,315.0,0.00252
Switch: inter1,315.0,0.0
Switch: internetcore,315.0,3.15E-5
Switch: internetgw,315.0,0.00252
Switch: internetedge,315.0,0.00252
Switch: edge2edge1,320.0,0.0
Switch: edge2core,320.0,0.0
Switch: edge2gw,320.0,0.0
Switch: edgeedge1,320.0,0.0
Switch: edgeedge3,320.0,7.32E-4
Switch: edgeedge3,320.0,8.548E-4
Switch: edgecore,320.0,0.0
Switch: edgecore,320.0,0.0
Switch: edgeedge3,320.0,6.672E-4
Switch: edgeedge2,320.0,0.0
Switch: edgegw,320.0,5.2E-4
Switch: edgecore,320.0,0.002134
Switch: edgeedge3,320.0,9.48E-4
Switch: netcloudgw,320.0,0.0010528
Switch: netcloudedge1,320.0,0.0
Switch: netcloudedge2,320.0,4.4E-4
Switch: netcloudcore,320.0,4.128E-4
Switch: netcloudcore,320.0,6.8E-4
Switch: netcloudedge1,320.0,4.128E-4
Switch: netcloudedge2,320.0,4.8E-4
Switch: inter2,320.0,0.0010528
Switch: inter1,320.0,5.2E-4
Switch: inter1,320.0,0.0025328
Switch: inter2,320.0,0.00184
Switch: inter1,320.0,0.0
Switch: internetcore,320.0,2.3E-5
Switch: internetgw,320.0,0.00184
Switch: internetedge,320.0,0.00184
Switch: edge2edge1,325.0,0.0
Switch: edge2core,325.0,0.0
Switch: edge2gw,325.0,0.0
Switch: edgeedge1,325.0,0.0
Switch: edgeedge3,325.0,9.108E-4
Switch: edgeedge3,325.0,9.096E-4
Switch: edgecore,325.0,0.0
Switch: edgecore,325.0,0.0
Switch: edgeedge3,325.0,8.508E-4
Switch: edgeedge2,325.0,0.0
Switch: edgegw,325.0,5.2E-4
Switch: edgecore,325.0,0.0023912
Switch: edgeedge3,325.0,0.00112
Switch: netcloudgw,325.0,0.0010816
Switch: netcloudedge1,325.0,0.0
Switch: netcloudedge2,325.0,4.816E-4
Switch: netcloudcore,325.0,4.4E-4
Switch: netcloudcore,325.0,8.016E-4
Switch: netcloudedge1,325.0,4.4E-4
Switch: netcloudedge2,325.0,5.2E-4
Switch: inter2,325.0,0.0010816
Switch: inter1,325.0,5.2E-4
Switch: inter1,325.0,0.003596
Switch: inter2,325.0,0.0031144
Switch: inter1,325.0,0.0
Switch: internetcore,325.0,3.893E-5
Switch: internetgw,325.0,0.0031144
Switch: internetedge,325.0,0.0031144
Switch: edge2edge1,330.0,0.0
Switch: edge2core,330.0,0.0
Switch: edge2gw,330.0,0.0
Switch: edgeedge1,330.0,0.0
Switch: edgeedge3,330.0,8.852E-4
Switch: edgeedge3,330.0,8.72E-4
Switch: edgecore,330.0,0.0
Switch: edgecore,330.0,0.0
Switch: edgeedge3,330.0,6.892E-4
Switch: edgeedge2,330.0,0.0
Switch: edgegw,330.0,6.8E-4
Switch: edgecore,330.0,0.0024548
Switch: edgeedge3,330.0,0.00116
Switch: netcloudgw,330.0,0.00116
Switch: netcloudedge1,330.0,0.0
Switch: netcloudedge2,330.0,4.4E-4
Switch: netcloudcore,330.0,4.8E-4
Switch: netcloudcore,330.0,8.0E-4
Switch: netcloudedge1,330.0,4.8E-4
Switch: netcloudedge2,330.0,6.0E-4
Switch: inter2,330.0,0.00116
Switch: inter1,330.0,6.8E-4
Switch: inter1,330.0,0.0035536
Switch: inter2,330.0,0.0030336
Switch: inter1,330.0,0.0
Switch: internetcore,330.0,3.792E-5
Switch: internetgw,330.0,0.0030336
Switch: internetedge,330.0,0.0030336
Switch: edge2edge1,335.0,0.0
Switch: edge2core,335.0,0.0
Switch: edge2gw,335.0,0.0
Switch: edgeedge1,335.0,0.0
Switch: edgeedge3,335.0,8.784E-4
Switch: edgeedge3,335.0,9.352E-4
Switch: edgecore,335.0,0.0
Switch: edgecore,335.0,0.0
Switch: edgeedge3,335.0,7.2E-4
Switch: edgeedge2,335.0,0.0
Switch: edgegw,335.0,4.8E-4
Switch: edgecore,335.0,0.0022952
Switch: edgeedge3,335.0,9.6E-4
Switch: netcloudgw,335.0,0.0010832
Switch: netcloudedge1,335.0,0.0
Switch: netcloudedge2,335.0,4.4E-4
Switch: netcloudcore,335.0,4.032E-4
Switch: netcloudcore,335.0,8.0E-4
Switch: netcloudedge1,335.0,4.032E-4
Switch: netcloudedge2,335.0,5.2E-4
Switch: inter2,335.0,0.0010832
Switch: inter1,335.0,5.088E-4
Switch: inter1,335.0,0.002908
Switch: inter2,335.0,0.0023048
Switch: inter1,335.0,0.0
Switch: internetcore,335.0,2.881E-5
Switch: internetgw,335.0,0.0023048
Switch: internetedge,335.0,0.0023048
Switch: edge2edge1,340.0,0.0
Switch: edge2core,340.0,0.0
Switch: edge2gw,340.0,0.0
Switch: edgeedge1,340.0,0.0
Switch: edgeedge3,340.0,9.02E-4
Switch: edgeedge3,340.0,0.0011732
Switch: edgecore,340.0,0.0
Switch: edgecore,340.0,0.0
Switch: edgeedge3,340.0,8.764E-4
Switch: edgeedge2,340.0,0.0
Switch: edgegw,340.0,2.688E-4
Switch: edgecore,340.0,0.0025804
Switch: edgeedge3,340.0,0.0012204
Switch: netcloudgw,340.0,8.208E-4
Switch: netcloudedge1,340.0,0.0
Switch: netcloudedge2,340.0,0.0
Switch: netcloudcore,340.0,5.808E-4
Switch: netcloudcore,340.0,5.6E-4
Switch: netcloudedge1,340.0,5.808E-4
Switch: netcloudedge2,340.0,5.6E-4
Switch: inter2,340.0,8.208E-4
Switch: inter1,340.0,2.4E-4
Switch: inter1,340.0,0.0032344
Switch: inter2,340.0,0.0030136
Switch: inter1,340.0,0.0
Switch: internetcore,340.0,3.767E-5
Switch: internetgw,340.0,0.0030136
Switch: internetedge,340.0,0.0030136
Switch: edge2edge1,345.0,0.0
Switch: edge2core,345.0,0.0
Switch: edge2gw,345.0,0.0
Switch: edgeedge1,345.0,0.0
Switch: edgeedge3,345.0,9.176E-4
Switch: edgeedge3,345.0,0.0010448
Switch: edgecore,345.0,0.0
Switch: edgecore,345.0,0.0
Switch: edgeedge3,345.0,7.704E-4
Switch: edgeedge2,345.0,0.0
Switch: edgegw,345.0,2.8E-4
Switch: edgecore,345.0,0.0023728
Switch: edgeedge3,345.0,0.0010312
Switch: netcloudgw,345.0,8.376E-4
Switch: netcloudedge1,345.0,0.0
Switch: netcloudedge2,345.0,0.0
Switch: netcloudcore,345.0,5.176E-4
Switch: netcloudcore,345.0,6.0E-4
Switch: netcloudedge1,345.0,5.176E-4
Switch: netcloudedge2,345.0,6.0E-4
Switch: inter2,345.0,8.376E-4
Switch: inter1,345.0,2.8E-4
Switch: inter1,345.0,0.003172
Switch: inter2,345.0,0.0028944
Switch: inter1,345.0,0.0
Switch: internetcore,345.0,3.618E-5
Switch: internetgw,345.0,0.0028944
Switch: internetedge,345.0,0.0028944
Switch: edge2edge1,350.0,0.0
Switch: edge2core,350.0,0.0
Switch: edge2gw,350.0,0.0
Switch: edgeedge1,350.0,0.0
Switch: edgeedge3,350.0,8.704E-4
Switch: edgeedge3,350.0,0.0010096
Switch: edgecore,350.0,0.0
Switch: edgecore,350.0,0.0
Switch: edgeedge3,350.0,7.66E-4
Switch: edgeedge2,350.0,0.0
Switch: edgegw,350.0,3.2E-4
Switch: edgecore,350.0,0.002366
Switch: edgeedge3,350.0,0.001074
Switch: netcloudgw,350.0,7.94E-4
Switch: netcloudedge1,350.0,0.0
Switch: netcloudedge2,350.0,0.0
Switch: netcloudcore,350.0,5.14E-4
Switch: netcloudcore,350.0,4.8E-4
Switch: netcloudedge1,350.0,5.14E-4
Switch: netcloudedge2,350.0,4.8E-4
Switch: inter2,350.0,7.94E-4
Switch: inter1,350.0,3.2E-4
Switch: inter1,350.0,0.002834
Switch: inter2,350.0,0.00256
Switch: inter1,350.0,0.0
Switch: internetcore,350.0,3.2E-5
Switch: internetgw,350.0,0.00256
Switch: internetedge,350.0,0.00256
Switch: edge2edge1,355.0,0.0
Switch: edge2core,355.0,0.0
Switch: edge2gw,355.0,0.0
Switch: edgeedge1,355.0,0.0
Switch: edgeedge3,355.0,8.08E-4
Switch: edgeedge3,355.0,0.0010036
Switch: edgecore,355.0,0.0
Switch: edgecore,355.0,0.0
Switch: edgeedge3,355.0,8.272E-4
Switch: edgeedge2,355.0,0.0
Switch: edgegw,355.0,2.8E-4
Switch: edgecore,355.0,0.0023588
Switch: edgeedge3,355.0,0.00108
Switch: netcloudgw,355.0,8.812E-4
Switch: netcloudedge1,355.0,0.0
Switch: netcloudedge2,355.0,0.0
Switch: netcloudcore,355.0,5.852E-4
Switch: netcloudcore,355.0,4.96E-4
Switch: netcloudedge1,355.0,5.852E-4
Switch: netcloudedge2,355.0,4.96E-4
Switch: inter2,355.0,8.812E-4
Switch: inter1,355.0,2.8E-4
Switch: inter1,355.0,0.0030412
Switch: inter2,355.0,0.00268
Switch: inter1,355.0,0.0
Switch: internetcore,355.0,3.35E-5
Switch: internetgw,355.0,0.00268
Switch: internetedge,355.0,0.00268
Switch: edge2edge1,360.0,0.0
Switch: edge2core,360.0,0.0
Switch: edge2gw,360.0,0.0
Switch: edgeedge1,360.0,0.0
Switch: edgeedge3,360.0,9.6E-4
Switch: edgeedge3,360.0,0.001078
Switch: edgecore,360.0,0.0
Switch: edgecore,360.0,0.0
Switch: edgeedge3,360.0,8.8E-4
Switch: edgeedge2,360.0,0.0
Switch: edgegw,360.0,3.2E-4
Switch: edgecore,360.0,0.002478
Switch: edgeedge3,360.0,0.0011252
Switch: netcloudgw,360.0,7.62E-4
Switch: netcloudedge1,360.0,0.0
Switch: netcloudedge2,360.0,0.0
Switch: netcloudcore,360.0,4.82E-4
Switch: netcloudcore,360.0,6.0E-4
Switch: netcloudedge1,360.0,4.82E-4
Switch: netcloudedge2,360.0,6.0E-4
Switch: inter2,360.0,7.62E-4
Switch: inter1,360.0,3.2E-4
Switch: inter1,360.0,0.003002
Switch: inter2,360.0,0.00284
Switch: inter1,360.0,0.0
Switch: internetcore,360.0,3.55E-5
Switch: internetgw,360.0,0.00284
Switch: internetedge,360.0,0.00284
Switch: edge2edge1,365.0,0.0
Switch: edge2core,365.0,0.0
Switch: edge2gw,365.0,0.0
Switch: edgeedge1,365.0,0.0
Switch: edgeedge3,365.0,4.568E-4
Switch: edgeedge3,365.0,5.068E-4
Switch: edgecore,365.0,0.0
Switch: edgecore,365.0,0.0
Switch: edgeedge3,365.0,4.236E-4
Switch: edgeedge2,365.0,0.0
Switch: edgegw,365.0,2.4E-4
Switch: edgecore,365.0,0.0012388
Switch: edgeedge3,365.0,5.832E-4
Switch: netcloudgw,365.0,5.6E-4
Switch: netcloudedge1,365.0,0.0
Switch: netcloudedge2,365.0,0.0
Switch: netcloudcore,365.0,3.2E-4
Switch: netcloudcore,365.0,3.2E-4
Switch: netcloudedge1,365.0,3.2E-4
Switch: netcloudedge2,365.0,3.2E-4
Switch: inter2,365.0,5.6E-4
Switch: inter1,365.0,2.4E-4
Switch: inter1,365.0,0.00186
Switch: inter2,365.0,0.00166
Switch: inter1,365.0,0.0
Switch: internetcore,365.0,2.075E-5
Switch: internetgw,365.0,0.00166
Switch: internetedge,365.0,0.00166
Switch: edge2edge1,370.0,0.0
Switch: edge2core,370.0,0.0
Switch: edge2gw,370.0,0.0
Switch: edgeedge1,370.0,0.0
Switch: edgeedge3,370.0,0.0011304
Switch: edgeedge3,370.0,0.0013488
Switch: edgecore,370.0,0.0
Switch: edgecore,370.0,0.0
Switch: edgeedge3,370.0,0.0010676
Switch: edgeedge2,370.0,0.0
Switch: edgegw,370.0,2.8E-4
Switch: edgecore,370.0,0.0030212
Switch: edgeedge3,370.0,0.00132
Switch: netcloudgw,370.0,8.932E-4
Switch: netcloudedge1,370.0,0.0
Switch: netcloudedge2,370.0,0.0
Switch: netcloudcore,370.0,6.132E-4
Switch: netcloudcore,370.0,6.4E-4
Switch: netcloudedge1,370.0,6.132E-4
Switch: netcloudedge2,370.0,6.4E-4
Switch: inter2,370.0,8.932E-4
Switch: inter1,370.0,2.8E-4
Switch: inter1,370.0,0.0034112
Switch: inter2,370.0,0.003118
Switch: inter1,370.0,0.0
Switch: internetcore,370.0,3.8975E-5
Switch: internetgw,370.0,0.003118
Switch: internetedge,370.0,0.003118
Switch: edge2edge1,375.0,0.0
Switch: edge2core,375.0,0.0
Switch: edge2gw,375.0,0.0
Switch: edgeedge1,375.0,0.0
Switch: edgeedge3,375.0,8.912E-4
Switch: edgeedge3,375.0,0.0010204
Switch: edgecore,375.0,0.0
Switch: edgecore,375.0,0.0
Switch: edgeedge3,375.0,7.416E-4
Switch: edgeedge2,375.0,0.0
Switch: edgegw,375.0,2.8E-4
Switch: edgecore,375.0,0.0022932
Switch: edgeedge3,375.0,0.00104
Switch: netcloudgw,375.0,7.98E-4
Switch: netcloudedge1,375.0,0.0
Switch: netcloudedge2,375.0,0.0
Switch: netcloudcore,375.0,4.78E-4
Switch: netcloudcore,375.0,5.2E-4
Switch: netcloudedge1,375.0,4.78E-4
Switch: netcloudedge2,375.0,5.2E-4
Switch: inter2,375.0,7.98E-4
Switch: inter1,375.0,2.8E-4
Switch: inter1,375.0,0.002798
Switch: inter2,375.0,0.00248
Switch: inter1,375.0,0.0
Switch: internetcore,375.0,3.1E-5
Switch: internetgw,375.0,0.00248
Switch: internetedge,375.0,0.00248
Switch: edge2edge1,380.0,0.0
Switch: edge2core,380.0,0.0
Switch: edge2gw,380.0,0.0
Switch: edgeedge1,380.0,0.0
Switch: edgeedge3,380.0,9.612E-4
Switch: edgeedge3,380.0,0.0010676
Switch: edgecore,380.0,0.0
Switch: edgecore,380.0,0.0
Switch: edgeedge3,380.0,7.06E-4
Switch: edgeedge2,380.0,0.0
Switch: edgegw,380.0,4.0E-4
Switch: edgecore,380.0,0.0024948
Switch: edgeedge3,380.0,0.00116
Switch: netcloudgw,380.0,8.664E-4
Switch: netcloudedge1,380.0,0.0
Switch: netcloudedge2,380.0,0.0
Switch: netcloudcore,380.0,5.4E-4
Switch: netcloudcore,380.0,4.864E-4
Switch: netcloudedge1,380.0,5.4E-4
Switch: netcloudedge2,380.0,4.864E-4
Switch: inter2,380.0,8.664E-4
Switch: inter1,380.0,4.0E-4
Switch: inter1,380.0,0.0031464
Switch: inter2,380.0,0.00288
Switch: inter1,380.0,0.0
Switch: internetcore,380.0,3.6E-5
Switch: internetgw,380.0,0.00288
Switch: internetedge,380.0,0.00288
Switch: edge2edge1,385.0,0.0
Switch: edge2core,385.0,0.0
Switch: edge2gw,385.0,0.0
Switch: edgeedge1,385.0,0.0
Switch: edgeedge3,385.0,9.204E-4
Switch: edgeedge3,385.0,0.00116
Switch: edgecore,385.0,0.0
Switch: edgecore,385.0,0.0
Switch: edgeedge3,385.0,0.00104
Switch: edgeedge2,385.0,0.0
Switch: edgegw,385.0,2.4E-4
Switch: edgecore,385.0,0.0025604
Switch: edgeedge3,385.0,0.0010796
Switch: netcloudgw,385.0,8.0E-4
Switch: netcloudedge1,385.0,0.0
Switch: netcloudedge2,385.0,0.0
Switch: netcloudcore,385.0,5.6E-4
Switch: netcloudcore,385.0,5.6E-4
Switch: netcloudedge1,385.0,5.6E-4
Switch: netcloudedge2,385.0,5.6E-4
Switch: inter2,385.0,8.0E-4
Switch: inter1,385.0,2.4E-4
Switch: inter1,385.0,0.00312
Switch: inter2,385.0,0.00288
Switch: inter1,385.0,0.0
Switch: internetcore,385.0,3.6E-5
Switch: internetgw,385.0,0.00288
Switch: internetedge,385.0,0.00288
Switch: edge2edge1,390.0,0.0
Switch: edge2core,390.0,0.0
Switch: edge2gw,390.0,0.0
Switch: edgeedge1,390.0,0.0
Switch: edgeedge3,390.0,7.924E-4
Switch: edgeedge3,390.0,9.48E-4
Switch: edgecore,390.0,0.0
Switch: edgecore,390.0,0.0
Switch: edgeedge3,390.0,8.048E-4
Switch: edgeedge2,390.0,0.0
Switch: edgegw,390.0,3.2E-4
Switch: edgecore,390.0,0.0022428
Switch: edgeedge3,390.0,0.00104
Switch: netcloudgw,390.0,8.4E-4
Switch: netcloudedge1,390.0,0.0
Switch: netcloudedge2,390.0,0.0
Switch: netcloudcore,390.0,5.2E-4
Switch: netcloudcore,390.0,5.6E-4
Switch: netcloudedge1,390.0,5.2E-4
Switch: netcloudedge2,390.0,5.6E-4
Switch: inter2,390.0,8.4E-4
Switch: inter1,390.0,3.2E-4
Switch: inter1,390.0,0.0028696
Switch: inter2,390.0,0.0025496
Switch: inter1,390.0,0.0
Switch: internetcore,390.0,3.187E-5
Switch: internetgw,390.0,0.0025496
Switch: internetedge,390.0,0.0025496
Switch: edge2edge1,395.0,0.0
Switch: edge2core,395.0,0.0
Switch: edge2gw,395.0,0.0
Switch: edgeedge1,395.0,0.0
Switch: edgeedge3,395.0,8.612E-4
Switch: edgeedge3,395.0,0.0010188
Switch: edgecore,395.0,0.0
Switch: edgecore,395.0,0.0
Switch: edgeedge3,395.0,8.0E-4
Switch: edgeedge2,395.0,0.0
Switch: edgegw,395.0,2.4E-4
Switch: edgecore,395.0,0.0022988
Switch: edgeedge3,395.0,0.00104
Switch: netcloudgw,395.0,7.6E-4
Switch: netcloudedge1,395.0,0.0
Switch: netcloudedge2,395.0,0.0
Switch: netcloudcore,395.0,5.2E-4
Switch: netcloudcore,395.0,5.2E-4
Switch: netcloudedge1,395.0,5.2E-4
Switch: netcloudedge2,395.0,5.2E-4
Switch: inter2,395.0,7.6E-4
Switch: inter1,395.0,2.62E-4
Switch: inter1,395.0,0.0028288
Switch: inter2,395.0,0.0025888
Switch: inter1,395.0,0.0
Switch: internetcore,395.0,3.236E-5
Switch: internetgw,395.0,0.0025888
Switch: internetedge,395.0,0.0025888
Switch: edge2edge1,400.0,0.0
Switch: edge2core,400.0,0.0
Switch: edge2gw,400.0,0.0
Switch: edgeedge1,400.0,0.0
Switch: edgeedge3,400.0,8.464E-4
Switch: edgeedge3,400.0,0.0010536
Switch: edgecore,400.0,0.0
Switch: edgecore,400.0,0.0
Switch: edgeedge3,400.0,8.4E-4
Switch: edgeedge2,400.0,0.0
Switch: edgegw,400.0,2.62E-4
Switch: edgecore,400.0,0.002362
Switch: edgeedge3,400.0,0.001062
Switch: netcloudgw,400.0,8.284E-4
Switch: netcloudedge1,400.0,0.0
Switch: netcloudedge2,400.0,0.0
Switch: netcloudcore,400.0,5.484E-4
Switch: netcloudcore,400.0,5.2E-4
Switch: netcloudedge1,400.0,5.484E-4
Switch: netcloudedge2,400.0,5.2E-4
Switch: inter2,400.0,8.284E-4
Switch: inter1,400.0,2.4E-4
Switch: inter1,400.0,0.0029512
Switch: inter2,400.0,0.0026828
Switch: inter1,400.0,0.0
Switch: internetcore,400.0,3.3535E-5
Switch: internetgw,400.0,0.0026828
Switch: internetedge,400.0,0.0026828
Switch: edge2edge1,405.0,0.0
Switch: edge2core,405.0,0.0
Switch: edge2gw,405.0,0.0
Switch: edgeedge1,405.0,0.0
Switch: edgeedge3,405.0,9.2E-4
Switch: edgeedge3,405.0,0.001034
Switch: edgecore,405.0,0.0
Switch: edgecore,405.0,0.0
Switch: edgeedge3,405.0,9.276E-4
Switch: edgeedge2,405.0,0.0
Switch: edgegw,405.0,2.4E-4
Switch: edgecore,405.0,0.0023852
Switch: edgeedge3,405.0,0.00108
Switch: netcloudgw,405.0,7.632E-4
Switch: netcloudedge1,405.0,0.0
Switch: netcloudedge2,405.0,0.0
Switch: netcloudcore,405.0,5.232E-4
Switch: netcloudcore,405.0,5.6E-4
Switch: netcloudedge1,405.0,5.232E-4
Switch: netcloudedge2,405.0,5.6E-4
Switch: inter2,405.0,7.632E-4
Switch: inter1,405.0,2.4E-4
Switch: inter1,405.0,0.0028784
Switch: inter2,405.0,0.0026352
Switch: inter1,405.0,0.0
Switch: internetcore,405.0,3.294E-5
Switch: internetgw,405.0,0.0026352
Switch: internetedge,405.0,0.0026352
Switch: edge2edge1,410.0,0.0
Switch: edge2core,410.0,0.0
Switch: edge2gw,410.0,0.0
Switch: edgeedge1,410.0,0.0
Switch: edgeedge3,410.0,9.216E-4
Switch: edgeedge3,410.0,0.00117
Switch: edgecore,410.0,0.0
Switch: edgecore,410.0,0.0
Switch: edgeedge3,410.0,9.2E-4
Switch: edgeedge2,410.0,0.0
Switch: edgegw,410.0,2.8E-4
Switch: edgecore,410.0,0.002572
Switch: edgeedge3,410.0,0.00116
Switch: netcloudgw,410.0,8.4E-4
Switch: netcloudedge1,410.0,0.0
Switch: netcloudedge2,410.0,0.0
Switch: netcloudcore,410.0,5.6E-4
Switch: netcloudcore,410.0,5.2E-4
Switch: netcloudedge1,410.0,5.6E-4
Switch: netcloudedge2,410.0,5.2E-4
Switch: inter2,410.0,8.4E-4
Switch: inter1,410.0,2.8E-4
Switch: inter1,410.0,0.003028
Switch: inter2,410.0,0.002708
Switch: inter1,410.0,0.0
Switch: internetcore,410.0,3.385E-5
Switch: internetgw,410.0,0.002708
Switch: internetedge,410.0,0.002708
Switch: edge2edge1,415.0,0.0
Switch: edge2core,415.0,0.0
Switch: edge2gw,415.0,0.0
Switch: edgeedge1,415.0,0.0
Switch: edgeedge3,415.0,8.352E-4
Switch: edgeedge3,415.0,0.0010584
Switch: edgecore,415.0,0.0
Switch: edgecore,415.0,0.0
Switch: edgeedge3,415.0,7.716E-4
Switch: edgeedge2,415.0,0.0
Switch: edgegw,415.0,3.2E-4
Switch: edgecore,415.0,0.0023244
Switch: edgeedge3,415.0,0.00108
Switch: netcloudgw,415.0,9.348E-4
Switch: netcloudedge1,415.0,0.0
Switch: netcloudedge2,415.0,0.0
Switch: netcloudcore,415.0,5.84E-4
Switch: netcloudcore,415.0,5.908E-4
Switch: netcloudedge1,415.0,5.84E-4
Switch: netcloudedge2,415.0,5.908E-4
Switch: inter2,415.0,9.348E-4
Switch: inter1,415.0,3.2E-4
Switch: inter1,415.0,0.0031364
Switch: inter2,415.0,0.0028016
Switch: inter1,415.0,0.0
Switch: internetcore,415.0,3.502E-5
Switch: internetgw,415.0,0.0028016
Switch: internetedge,415.0,0.0028016
Switch: edge2edge1,420.0,0.0
Switch: edge2core,420.0,0.0
Switch: edge2gw,420.0,0.0
Switch: edgeedge1,420.0,0.0
Switch: edgeedge3,420.0,9.932E-4
Switch: edgeedge3,420.0,0.0012332
Switch: edgecore,420.0,0.0
Switch: edgecore,420.0,0.0
Switch: edgeedge3,420.0,0.001
Switch: edgeedge2,420.0,0.0
Switch: edgegw,420.0,3.2E-4
Switch: edgecore,420.0,0.0028264
Switch: edgeedge3,420.0,0.0010912
Switch: netcloudgw,420.0,8.8E-4
Switch: netcloudedge1,420.0,0.0
Switch: netcloudedge2,420.0,0.0
Switch: netcloudcore,420.0,6.0E-4
Switch: netcloudcore,420.0,5.2E-4
Switch: netcloudedge1,420.0,6.0E-4
Switch: netcloudedge2,420.0,5.2E-4
Switch: inter2,420.0,8.8E-4
Switch: inter1,420.0,3.2E-4
Switch: inter1,420.0,0.00272
Switch: inter2,420.0,0.00228
Switch: inter1,420.0,0.0
Switch: internetcore,420.0,2.85E-5
Switch: internetgw,420.0,0.00228
Switch: internetedge,420.0,0.00228
Switch: edge2edge1,425.0,0.0
Switch: edge2core,425.0,0.0
Switch: edge2gw,425.0,0.0
Switch: edgeedge1,425.0,0.0
Switch: edgeedge3,425.0,8.8E-4
Switch: edgeedge3,425.0,0.0010516
Switch: edgecore,425.0,0.0
Switch: edgecore,425.0,0.0
Switch: edgeedge3,425.0,9.564E-4
Switch: edgeedge2,425.0,0.0
Switch: edgegw,425.0,2.4E-4
Switch: edgecore,425.0,0.0023316
Switch: edgeedge3,425.0,0.00116
Switch: netcloudgw,425.0,8.18E-4
Switch: netcloudedge1,425.0,0.0
Switch: netcloudedge2,425.0,0.0
Switch: netcloudcore,425.0,5.38E-4
Switch: netcloudcore,425.0,6.4E-4
Switch: netcloudedge1,425.0,5.38E-4
Switch: netcloudedge2,425.0,6.4E-4
Switch: inter2,425.0,8.18E-4
Switch: inter1,425.0,2.4E-4
Switch: inter1,425.0,0.003618
Switch: inter2,425.0,0.00348
Switch: inter1,425.0,0.0
Switch: internetcore,425.0,4.35E-5
Switch: internetgw,425.0,0.00348
Switch: internetedge,425.0,0.00348
Switch: edge2edge1,430.0,0.0
Switch: edge2core,430.0,0.0
Switch: edge2gw,430.0,0.0
Switch: edgeedge1,430.0,0.0
Switch: edgeedge3,430.0,9.2E-4
Switch: edgeedge3,430.0,9.976E-4
Switch: edgecore,430.0,0.0
Switch: edgecore,430.0,0.0
Switch: edgeedge3,430.0,7.86E-4
Switch: edgeedge2,430.0,0.0
Switch: edgegw,430.0,2.8E-4
Switch: edgecore,430.0,0.0022636
Switch: edgeedge3,430.0,9.464E-4
Switch: netcloudgw,430.0,6.54E-4
Switch: netcloudedge1,430.0,0.0
Switch: netcloudedge2,430.0,0.0
Switch: netcloudcore,430.0,4.54E-4
Switch: netcloudcore,430.0,4.0E-4
Switch: netcloudedge1,430.0,4.54E-4
Switch: netcloudedge2,430.0,4.0E-4
Switch: inter2,430.0,6.54E-4
Switch: inter1,430.0,2.8E-4
Switch: inter1,430.0,0.0023404
Switch: inter2,430.0,0.0021264
Switch: inter1,430.0,0.0
Switch: internetcore,430.0,2.658E-5
Switch: internetgw,430.0,0.0021264
Switch: internetedge,430.0,0.0021264
Switch: edge2edge1,435.0,0.0
Switch: edge2core,435.0,0.0
Switch: edge2gw,435.0,0.0
Switch: edgeedge1,435.0,0.0
Switch: edgeedge3,435.0,0.00104
Switch: edgeedge3,435.0,0.0011496
Switch: edgecore,435.0,0.0
Switch: edgecore,435.0,0.0
Switch: edgeedge3,435.0,8.8E-4
Switch: edgeedge2,435.0,0.0
Switch: edgegw,435.0,4.0E-4
Switch: edgecore,435.0,0.0027496
Switch: edgeedge3,435.0,0.0012
Switch: netcloudgw,435.0,0.001
Switch: netcloudedge1,435.0,0.0
Switch: netcloudedge2,435.0,0.0
Switch: netcloudcore,435.0,6.0E-4
Switch: netcloudcore,435.0,6.4E-4
Switch: netcloudedge1,435.0,6.0E-4
Switch: netcloudedge2,435.0,6.4E-4
Switch: inter2,435.0,0.001
Switch: inter1,435.0,4.0E-4
Switch: inter1,435.0,0.00356
Switch: inter2,435.0,0.0032
Switch: inter1,435.0,0.0
Switch: internetcore,435.0,4.0E-5
Switch: internetgw,435.0,0.0032
Switch: internetedge,435.0,0.0032
Switch: edge2edge1,440.0,0.0
Switch: edge2core,440.0,0.0
Switch: edge2gw,440.0,0.0
Switch: edgeedge1,440.0,0.0
Switch: edgeedge3,440.0,9.812E-4
Switch: edgeedge3,440.0,0.0012128
Switch: edgecore,440.0,0.0
Switch: edgecore,440.0,0.0
Switch: edgeedge3,440.0,8.912E-4
Switch: edgeedge2,440.0,0.0
Switch: edgegw,440.0,4.0E-4
Switch: edgecore,440.0,0.0028052
Switch: edgeedge3,440.0,0.0011916
Switch: netcloudgw,440.0,0.00104
Switch: netcloudedge1,440.0,0.0
Switch: netcloudedge2,440.0,0.0
Switch: netcloudcore,440.0,6.0E-4
Switch: netcloudcore,440.0,6.0E-4
Switch: netcloudedge1,440.0,6.0E-4
Switch: netcloudedge2,440.0,6.0E-4
Switch: inter2,440.0,0.00104
Switch: inter1,440.0,4.0E-4
Switch: inter1,440.0,0.0033576
Switch: inter2,440.0,0.0029176
Switch: inter1,440.0,0.0
Switch: internetcore,440.0,3.647E-5
Switch: internetgw,440.0,0.0029176
Switch: internetedge,440.0,0.0029176
Switch: edge2edge1,445.0,0.0
Switch: edge2core,445.0,0.0
Switch: edge2gw,445.0,0.0
Switch: edgeedge1,445.0,0.0
Switch: edgeedge3,445.0,7.6E-4
Switch: edgeedge3,445.0,9.512E-4
Switch: edgecore,445.0,0.0
Switch: edgecore,445.0,0.0
Switch: edgeedge3,445.0,6.8E-4
Switch: edgeedge2,445.0,0.0
Switch: edgegw,445.0,2.8E-4
Switch: edgecore,445.0,0.0021572
Switch: edgeedge3,445.0,9.2E-4
Switch: netcloudgw,445.0,7.6E-4
Switch: netcloudedge1,445.0,0.0
Switch: netcloudedge2,445.0,0.0
Switch: netcloudcore,445.0,4.8E-4
Switch: netcloudcore,445.0,4.4E-4
Switch: netcloudedge1,445.0,4.8E-4
Switch: netcloudedge2,445.0,4.4E-4
Switch: inter2,445.0,7.6E-4
Switch: inter1,445.0,2.8E-4
Switch: inter1,445.0,0.00264
Switch: inter2,445.0,0.00236
Switch: inter1,445.0,0.0
Switch: internetcore,445.0,2.95E-5
Switch: internetgw,445.0,0.00236
Switch: internetedge,445.0,0.00236
Switch: edge2edge1,450.0,0.0
Switch: edge2core,450.0,0.0
Switch: edge2gw,450.0,0.0
Switch: edgeedge1,450.0,0.0
Switch: edgeedge3,450.0,0.00104
Switch: edgeedge3,450.0,0.0011216
Switch: edgecore,450.0,0.0
Switch: edgecore,450.0,0.0
Switch: edgeedge3,450.0,9.076E-4
Switch: edgeedge2,450.0,0.0
Switch: edgegw,450.0,3.6E-4
Switch: edgecore,450.0,0.0026692
Switch: edgeedge3,450.0,0.00128
Switch: netcloudgw,450.0,0.001
Switch: netcloudedge1,450.0,0.0
Switch: netcloudedge2,450.0,0.0
Switch: netcloudcore,450.0,6.0E-4
Switch: netcloudcore,450.0,6.8E-4
Switch: netcloudedge1,450.0,6.0E-4
Switch: netcloudedge2,450.0,6.8E-4
Switch: inter2,450.0,0.001
Switch: inter1,450.0,3.6E-4
Switch: inter1,450.0,0.00352
Switch: inter2,450.0,0.00316
Switch: inter1,450.0,0.0
Switch: internetcore,450.0,3.95E-5
Switch: internetgw,450.0,0.00316
Switch: internetedge,450.0,0.00316
Switch: edge2edge1,455.0,0.0
Switch: edge2core,455.0,0.0
Switch: edge2gw,455.0,0.0
Switch: edgeedge1,455.0,0.0
Switch: edgeedge3,455.0,9.6E-4
Switch: edgeedge3,455.0,0.001226
Switch: edgecore,455.0,0.0
Switch: edgecore,455.0,0.0
Switch: edgeedge3,455.0,0.0010944
Switch: edgeedge2,455.0,0.0
Switch: edgegw,455.0,4.0E-4
Switch: edgecore,455.0,0.0028404
Switch: edgeedge3,455.0,0.00124
Switch: netcloudgw,455.0,9.264E-4
Switch: netcloudedge1,455.0,0.0
Switch: netcloudedge2,455.0,0.0
Switch: netcloudcore,455.0,5.664E-4
Switch: netcloudcore,455.0,6.0E-4
Switch: netcloudedge1,455.0,5.664E-4
Switch: netcloudedge2,455.0,6.0E-4
Switch: inter2,455.0,9.264E-4
Switch: inter1,455.0,4.0E-4
Switch: inter1,455.0,0.0033584
Switch: inter2,455.0,0.003032
Switch: inter1,455.0,0.0
Switch: internetcore,455.0,3.79E-5
Switch: internetgw,455.0,0.003032
Switch: internetedge,455.0,0.003032
Switch: edge2edge1,460.0,0.0
Switch: edge2core,460.0,0.0
Switch: edge2gw,460.0,0.0
Switch: edgeedge1,460.0,0.0
Switch: edgeedge3,460.0,8.676E-4
Switch: edgeedge3,460.0,9.52E-4
Switch: edgecore,460.0,0.0
Switch: edgecore,460.0,0.0
Switch: edgeedge3,460.0,7.184E-4
Switch: edgeedge2,460.0,0.0
Switch: edgegw,460.0,2.0E-4
Switch: edgecore,460.0,0.0021472
Switch: edgeedge3,460.0,9.6E-4
Switch: netcloudgw,460.0,7.2E-4
Switch: netcloudedge1,460.0,0.0
Switch: netcloudedge2,460.0,0.0
Switch: netcloudcore,460.0,5.2E-4
Switch: netcloudcore,460.0,4.8E-4
Switch: netcloudedge1,460.0,5.2E-4
Switch: netcloudedge2,460.0,4.8E-4
Switch: inter2,460.0,7.2E-4
Switch: inter1,460.0,2.0E-4
Switch: inter1,460.0,0.0027004
Switch: inter2,460.0,0.0024604
Switch: inter1,460.0,0.0
Switch: internetcore,460.0,3.0755E-5
Switch: internetgw,460.0,0.0024604
Switch: internetedge,460.0,0.0024604
Switch: edge2edge1,465.0,0.0
Switch: edge2core,465.0,0.0
Switch: edge2gw,465.0,0.0
Switch: edgeedge1,465.0,0.0
Switch: edgeedge3,465.0,9.716E-4
Switch: edgeedge3,465.0,0.0012396
Switch: edgecore,465.0,0.0
Switch: edgecore,465.0,0.0
Switch: edgeedge3,465.0,9.884E-4
Switch: edgeedge2,465.0,0.0
Switch: edgegw,465.0,2.4E-4
Switch: edgecore,465.0,0.0027196
Switch: edgeedge3,465.0,0.00124
Switch: netcloudgw,465.0,8.52E-4
Switch: netcloudedge1,465.0,0.0
Switch: netcloudedge2,465.0,0.0
Switch: netcloudcore,465.0,6.004E-4
Switch: netcloudcore,465.0,6.116E-4
Switch: netcloudedge1,465.0,6.004E-4
Switch: netcloudedge2,465.0,6.116E-4
Switch: inter2,465.0,8.52E-4
Switch: inter1,465.0,2.4E-4
Switch: inter1,465.0,0.0032004
Switch: inter2,465.0,0.0029484
Switch: inter1,465.0,0.0
Switch: internetcore,465.0,3.6855E-5
Switch: internetgw,465.0,0.0029484
Switch: internetedge,465.0,0.0029484
Switch: edge2edge1,470.0,0.0
Switch: edge2core,470.0,0.0
Switch: edge2gw,470.0,0.0
Switch: edgeedge1,470.0,0.0
Switch: edgeedge3,470.0,0.0011372
Switch: edgeedge3,470.0,0.0012516
Switch: edgecore,470.0,0.0
Switch: edgecore,470.0,0.0
Switch: edgeedge3,470.0,8.36E-4
Switch: edgeedge2,470.0,0.0
Switch: edgegw,470.0,4.4E-4
Switch: edgecore,470.0,0.0029848
Switch: edgeedge3,470.0,0.0012
Switch: netcloudgw,470.0,0.001052
Switch: netcloudedge1,470.0,0.0
Switch: netcloudedge2,470.0,0.0
Switch: netcloudcore,470.0,6.12E-4
Switch: netcloudcore,470.0,6.4E-4
Switch: netcloudedge1,470.0,6.12E-4
Switch: netcloudedge2,470.0,6.4E-4
Switch: inter2,470.0,0.001052
Switch: inter1,470.0,4.4E-4
Switch: inter1,470.0,0.0035752
Switch: inter2,470.0,0.0031632
Switch: inter1,470.0,0.0
Switch: internetcore,470.0,3.954E-5
Switch: internetgw,470.0,0.0031632
Switch: internetedge,470.0,0.0031632
Switch: edge2edge1,475.0,0.0
Switch: edge2core,475.0,0.0
Switch: edge2gw,475.0,0.0
Switch: edgeedge1,475.0,0.0
Switch: edgeedge3,475.0,9.176E-4
Switch: edgeedge3,475.0,0.0010608
Switch: edgecore,475.0,0.0
Switch: edgecore,475.0,0.0
Switch: edgeedge3,475.0,8.268E-4
Switch: edgeedge2,475.0,0.0
Switch: edgegw,475.0,2.8E-4
Switch: edgecore,475.0,0.0023784
Switch: edgeedge3,475.0,0.00116
Switch: netcloudgw,475.0,7.952E-4
Switch: netcloudedge1,475.0,0.0
Switch: netcloudedge2,475.0,0.0
Switch: netcloudcore,475.0,5.552E-4
Switch: netcloudcore,475.0,4.8E-4
Switch: netcloudedge1,475.0,5.552E-4
Switch: netcloudedge2,475.0,4.8E-4
Switch: inter2,475.0,7.952E-4
Switch: inter1,475.0,2.8E-4
Switch: inter1,475.0,0.0029684
Switch: inter2,475.0,0.0026932
Switch: inter1,475.0,0.0
Switch: internetcore,475.0,3.3665E-5
Switch: internetgw,475.0,0.0026932
Switch: internetedge,475.0,0.0026932
Switch: edge2edge1,480.0,0.0
Switch: edge2core,480.0,0.0
Switch: edge2gw,480.0,0.0
Switch: edgeedge1,480.0,0.0
Switch: edgeedge3,480.0,8.4E-4
Switch: edgeedge3,480.0,9.656E-4
Switch: edgecore,480.0,0.0
Switch: edgecore,480.0,0.0
Switch: edgeedge3,480.0,7.808E-4
Switch: edgeedge2,480.0,0.0
Switch: edgegw,480.0,3.2E-4
Switch: edgecore,480.0,0.0023064
Switch: edgeedge3,480.0,0.00108
Switch: netcloudgw,480.0,7.556E-4
Switch: netcloudedge1,480.0,0.0
Switch: netcloudedge2,480.0,0.0
Switch: netcloudcore,480.0,4.8E-4
Switch: netcloudcore,480.0,5.156E-4
Switch: netcloudedge1,480.0,4.8E-4
Switch: netcloudedge2,480.0,5.156E-4
Switch: inter2,480.0,7.556E-4
Switch: inter1,480.0,3.2E-4
Switch: inter1,480.0,0.0029712
Switch: inter2,480.0,0.0028156
Switch: inter1,480.0,0.0
Switch: internetcore,480.0,3.5195E-5
Switch: internetgw,480.0,0.0028156
Switch: internetedge,480.0,0.0028156
Switch: edge2edge1,485.0,0.0
Switch: edge2core,485.0,0.0
Switch: edge2gw,485.0,0.0
Switch: edgeedge1,485.0,0.0
Switch: edgeedge3,485.0,9.36E-4
Switch: edgeedge3,485.0,0.00118
Switch: edgecore,485.0,0.0
Switch: edgecore,485.0,0.0
Switch: edgeedge3,485.0,0.0010396
Switch: edgeedge2,485.0,0.0
Switch: edgegw,485.0,4.4E-4
Switch: edgecore,485.0,0.0028356
Switch: edgeedge3,485.0,0.0012
Switch: netcloudgw,485.0,0.0010404
Switch: netcloudedge1,485.0,0.0
Switch: netcloudedge2,485.0,0.0
Switch: netcloudcore,485.0,6.004E-4
Switch: netcloudcore,485.0,6.0E-4
Switch: netcloudedge1,485.0,6.004E-4
Switch: netcloudedge2,485.0,6.0E-4
Switch: inter2,485.0,0.0010404
Switch: inter1,485.0,4.4E-4
Switch: inter1,485.0,0.0030004
Switch: inter2,485.0,0.00244
Switch: inter1,485.0,0.0
Switch: internetcore,485.0,3.05E-5
Switch: internetgw,485.0,0.00244
Switch: internetedge,485.0,0.00244
Switch: edge2edge1,490.0,0.0
Switch: edge2core,490.0,0.0
Switch: edge2gw,490.0,0.0
Switch: edgeedge1,490.0,0.0
Switch: edgeedge3,490.0,8.0E-4
Switch: edgeedge3,490.0,0.001012
Switch: edgecore,490.0,0.0
Switch: edgecore,490.0,0.0
Switch: edgeedge3,490.0,7.2E-4
Switch: edgeedge2,490.0,0.0
Switch: edgegw,490.0,2.4E-4
Switch: edgecore,490.0,0.002252
Switch: edgeedge3,490.0,0.001
Switch: netcloudgw,490.0,7.6E-4
Switch: netcloudedge1,490.0,0.0
Switch: netcloudedge2,490.0,0.0
Switch: netcloudcore,490.0,5.2E-4
Switch: netcloudcore,490.0,5.2E-4
Switch: netcloudedge1,490.0,5.2E-4
Switch: netcloudedge2,490.0,5.2E-4
Switch: inter2,490.0,7.6E-4
Switch: inter1,490.0,2.4E-4
Switch: inter1,490.0,0.00308
Switch: inter2,490.0,0.00292
Switch: inter1,490.0,0.0
Switch: internetcore,490.0,3.65E-5
Switch: internetgw,490.0,0.00292
Switch: internetedge,490.0,0.00292
Switch: edge2edge1,495.0,0.0
Switch: edge2core,495.0,0.0
Switch: edge2gw,495.0,0.0
Switch: edgeedge1,495.0,0.0
Switch: edgeedge3,495.0,8.144E-4
Switch: edgeedge3,495.0,0.0010172
Switch: edgecore,495.0,0.0
Switch: edgecore,495.0,0.0
Switch: edgeedge3,495.0,8.548E-4
Switch: edgeedge2,495.0,0.0
Switch: edgegw,495.0,2.4E-4
Switch: edgecore,495.0,0.0022864
Switch: edgeedge3,495.0,0.0010272
Switch: netcloudgw,495.0,7.328E-4
Switch: netcloudedge1,495.0,0.0
Switch: netcloudedge2,495.0,0.0
Switch: netcloudcore,495.0,4.928E-4
Switch: netcloudcore,495.0,5.2E-4
Switch: netcloudedge1,495.0,4.928E-4
Switch: netcloudedge2,495.0,5.2E-4
Switch: inter2,495.0,7.328E-4
Switch: inter1,495.0,2.4E-4
Switch: inter1,495.0,0.0027516
Switch: inter2,495.0,0.0025388
Switch: inter1,495.0,0.0
Switch: internetcore,495.0,3.1735E-5
Switch: internetgw,495.0,0.0025388
Switch: internetedge,495.0,0.0025388
Switch: edge2edge1,500.0,0.0
Switch: edge2core,500.0,0.0
Switch: edge2gw,500.0,0.0
Switch: edgeedge1,500.0,0.0
Switch: edgeedge3,500.0,8.724E-4
Switch: edgeedge3,500.0,0.0010592
Switch: edgecore,500.0,0.0
Switch: edgecore,500.0,0.0
Switch: edgeedge3,500.0,9.352E-4
Switch: edgeedge2,500.0,0.0
Switch: edgegw,500.0,3.2E-4
Switch: edgecore,500.0,0.0024668
Switch: edgeedge3,500.0,0.00112
Switch: netcloudgw,500.0,8.284E-4
Switch: netcloudedge1,500.0,0.0
Switch: netcloudedge2,500.0,0.0
Switch: netcloudcore,500.0,5.16E-4
Switch: netcloudcore,500.0,5.524E-4
Switch: netcloudedge1,500.0,5.16E-4
Switch: netcloudedge2,500.0,5.524E-4
Switch: inter2,500.0,8.284E-4
Switch: inter1,500.0,3.2E-4
Switch: inter1,500.0,0.0031724
Switch: inter2,500.0,0.002904
Switch: inter1,500.0,0.0
Switch: internetcore,500.0,3.63E-5
Switch: internetgw,500.0,0.002904
Switch: internetedge,500.0,0.002904
Switch: edge2edge1,505.0,0.0
Switch: edge2core,505.0,0.0
Switch: edge2gw,505.0,0.0
Switch: edgeedge1,505.0,0.0
Switch: edgeedge3,505.0,6.8E-4
Switch: edgeedge3,505.0,8.8E-4
Switch: edgecore,505.0,0.0
Switch: edgecore,505.0,0.0
Switch: edgeedge3,505.0,7.096E-4
Switch: edgeedge2,505.0,0.0
Switch: edgegw,505.0,2.4E-4
Switch: edgecore,505.0,0.0019096
Switch: edgeedge3,505.0,8.8E-4
Switch: netcloudgw,505.0,7.304E-4
Switch: netcloudedge1,505.0,0.0
Switch: netcloudedge2,505.0,0.0
Switch: netcloudcore,505.0,4.904E-4
Switch: netcloudcore,505.0,4.4E-4
Switch: netcloudedge1,505.0,4.904E-4
Switch: netcloudedge2,505.0,4.4E-4
Switch: inter2,505.0,7.304E-4
Switch: inter1,505.0,2.4E-4
Switch: inter1,505.0,0.0024504
Switch: inter2,505.0,0.0022
Switch: inter1,505.0,0.0
Switch: internetcore,505.0,2.75E-5
Switch: internetgw,505.0,0.0022
Switch: internetedge,505.0,0.0022
Switch: edge2edge1,510.0,0.0
Switch: edge2core,510.0,0.0
Switch: edge2gw,510.0,0.0
Switch: edgeedge1,510.0,0.0
Switch: edgeedge3,510.0,0.0010028
Switch: edgeedge3,510.0,0.0013084
Switch: edgecore,510.0,0.0
Switch: edgecore,510.0,0.0
Switch: edgeedge3,510.0,0.00124
Switch: edgeedge2,510.0,0.0
Switch: edgegw,510.0,3.2E-4
Switch: edgecore,510.0,0.00304
Switch: edgeedge3,510.0,0.0012724
Switch: netcloudgw,510.0,9.696E-4
Switch: netcloudedge1,510.0,0.0
Switch: netcloudedge2,510.0,0.0
Switch: netcloudcore,510.0,6.496E-4
Switch: netcloudcore,510.0,6.4E-4
Switch: netcloudedge1,510.0,6.496E-4
Switch: netcloudedge2,510.0,6.4E-4
Switch: inter2,510.0,9.696E-4
Switch: inter1,510.0,3.2E-4
Switch: inter1,510.0,0.0031372
Switch: inter2,510.0,0.0026476
Switch: inter1,510.0,0.0
Switch: internetcore,510.0,3.3095E-5
Switch: internetgw,510.0,0.0026476
Switch: internetedge,510.0,0.0026476
Switch: edge2edge1,515.0,0.0
Switch: edge2core,515.0,0.0
Switch: edge2gw,515.0,0.0
Switch: edgeedge1,515.0,0.0
Switch: edgeedge3,515.0,6.724E-4
Switch: edgeedge3,515.0,9.688E-4
Switch: edgecore,515.0,0.0
Switch: edgecore,515.0,0.0
Switch: edgeedge3,515.0,9.66E-4
Switch: edgeedge2,515.0,0.0
Switch: edgegw,515.0,1.2E-4
Switch: edgecore,515.0,0.0020472
Switch: edgeedge3,515.0,0.00104
Switch: netcloudgw,515.0,6.0E-4
Switch: netcloudedge1,515.0,0.0
Switch: netcloudedge2,515.0,0.0
Switch: netcloudcore,515.0,4.8E-4
Switch: netcloudcore,515.0,5.2E-4
Switch: netcloudedge1,515.0,4.8E-4
Switch: netcloudedge2,515.0,5.2E-4
Switch: inter2,515.0,6.0E-4
Switch: inter1,515.0,1.2E-4
Switch: inter1,515.0,0.0030788
Switch: inter2,515.0,0.0031188
Switch: inter1,515.0,0.0
Switch: internetcore,515.0,3.8985E-5
Switch: internetgw,515.0,0.0031188
Switch: internetedge,515.0,0.0031188
Switch: edge2edge1,520.0,0.0
Switch: edge2core,520.0,0.0
Switch: edge2gw,520.0,0.0
Switch: edgeedge1,520.0,0.0
Switch: edgeedge3,520.0,6.8E-4
Switch: edgeedge3,520.0,8.752E-4
Switch: edgecore,520.0,0.0
Switch: edgecore,520.0,0.0
Switch: edgeedge3,520.0,7.248E-4
Switch: edgeedge2,520.0,0.0
Switch: edgegw,520.0,1.6E-4
Switch: edgecore,520.0,0.00184
Switch: edgeedge3,520.0,8.4E-4
Switch: netcloudgw,520.0,6.0E-4
Switch: netcloudedge1,520.0,0.0
Switch: netcloudedge2,520.0,0.0
Switch: netcloudcore,520.0,4.4E-4
Switch: netcloudcore,520.0,4.4E-4
Switch: netcloudedge1,520.0,4.4E-4
Switch: netcloudedge2,520.0,4.4E-4
Switch: inter2,520.0,6.0E-4
Switch: inter1,520.0,1.6E-4
Switch: inter1,520.0,0.00232
Switch: inter2,520.0,0.00216
Switch: inter1,520.0,0.0
Switch: internetcore,520.0,2.7E-5
Switch: internetgw,520.0,0.00216
Switch: internetedge,520.0,0.00216
Switch: edge2edge1,525.0,0.0
Switch: edge2core,525.0,0.0
Switch: edge2gw,525.0,0.0
Switch: edgeedge1,525.0,0.0
Switch: edgeedge3,525.0,9.812E-4
Switch: edgeedge3,525.0,0.00108
Switch: edgecore,525.0,0.0
Switch: edgecore,525.0,0.0
Switch: edgeedge3,525.0,6.988E-4
Switch: edgeedge2,525.0,0.0
Switch: edgegw,525.0,3.2E-4
Switch: edgecore,525.0,0.00248
Switch: edgeedge3,525.0,0.00108
Switch: netcloudgw,525.0,8.8E-4
Switch: netcloudedge1,525.0,0.0
Switch: netcloudedge2,525.0,0.0
Switch: netcloudcore,525.0,5.2E-4
Switch: netcloudcore,525.0,5.6E-4
Switch: netcloudedge1,525.0,5.2E-4
Switch: netcloudedge2,525.0,5.6E-4
Switch: inter2,525.0,8.8E-4
Switch: inter1,525.0,3.2E-4
Switch: inter1,525.0,0.003
Switch: inter2,525.0,0.00264
Switch: inter1,525.0,0.0
Switch: internetcore,525.0,3.3E-5
Switch: internetgw,525.0,0.00264
Switch: internetedge,525.0,0.00264
Switch: edge2edge1,530.0,0.0
Switch: edge2core,530.0,0.0
Switch: edge2gw,530.0,0.0
Switch: edgeedge1,530.0,0.0
Switch: edgeedge3,530.0,8.8E-4
Switch: edgeedge3,530.0,9.34E-4
Switch: edgecore,530.0,0.0
Switch: edgecore,530.0,0.0
Switch: edgeedge3,530.0,7.484E-4
Switch: edgeedge2,530.0,0.0
Switch: edgegw,530.0,2.8E-4
Switch: edgecore,530.0,0.0021876
Switch: edgeedge3,530.0,0.00104
Switch: netcloudgw,530.0,7.6E-4
Switch: netcloudedge1,530.0,0.0
Switch: netcloudedge2,530.0,0.0
Switch: netcloudcore,530.0,5.2E-4
Switch: netcloudcore,530.0,4.8E-4
Switch: netcloudedge1,530.0,5.2E-4
Switch: netcloudedge2,530.0,4.8E-4
Switch: inter2,530.0,7.6E-4
Switch: inter1,530.0,2.8E-4
Switch: inter1,530.0,0.002866
Switch: inter2,530.0,0.002626
Switch: inter1,530.0,0.0
Switch: internetcore,530.0,3.2825E-5
Switch: internetgw,530.0,0.002626
Switch: internetedge,530.0,0.002626
Switch: edge2edge1,535.0,0.0
Switch: edge2core,535.0,0.0
Switch: edge2gw,535.0,0.0
Switch: edgeedge1,535.0,0.0
Switch: edgeedge3,535.0,6.4E-4
Switch: edgeedge3,535.0,7.256E-4
Switch: edgecore,535.0,0.0
Switch: edgecore,535.0,0.0
Switch: edgeedge3,535.0,6.0E-4
Switch: edgeedge2,535.0,0.0
Switch: edgegw,535.0,2.4E-4
Switch: edgecore,535.0,0.0016456
Switch: edgeedge3,535.0,7.144E-4
Switch: netcloudgw,535.0,6.0E-4
Switch: netcloudedge1,535.0,0.0
Switch: netcloudedge2,535.0,0.0
Switch: netcloudcore,535.0,3.6E-4
Switch: netcloudcore,535.0,3.6E-4
Switch: netcloudedge1,535.0,3.6E-4
Switch: netcloudedge2,535.0,3.6E-4
Switch: inter2,535.0,6.0E-4
Switch: inter1,535.0,2.4E-4
Switch: inter1,535.0,0.002
Switch: inter2,535.0,0.00176
Switch: inter1,535.0,0.0
Switch: internetcore,535.0,2.2E-5
Switch: internetgw,535.0,0.00176
Switch: internetedge,535.0,0.00176
Switch: edge2edge1,540.0,0.0
Switch: edge2core,540.0,0.0
Switch: edge2gw,540.0,0.0
Switch: edgeedge1,540.0,0.0
Switch: edgeedge3,540.0,7.2E-4
Switch: edgeedge3,540.0,9.34E-4
Switch: edgecore,540.0,0.0
Switch: edgecore,540.0,0.0
Switch: edgeedge3,540.0,8.0E-4
Switch: edgeedge2,540.0,0.0
Switch: edgegw,540.0,2.0E-4
Switch: edgecore,540.0,0.002054
Switch: edgeedge3,540.0,8.204E-4
Switch: netcloudgw,540.0,6.8E-4
Switch: netcloudedge1,540.0,0.0
Switch: netcloudedge2,540.0,0.0
Switch: netcloudcore,540.0,4.4E-4
Switch: netcloudcore,540.0,4.8E-4
Switch: netcloudedge1,540.0,4.4E-4
Switch: netcloudedge2,540.0,4.8E-4
Switch: inter2,540.0,6.8E-4
Switch: inter1,540.0,2.0E-4
Switch: inter1,540.0,0.00236
Switch: inter2,540.0,0.00208
Switch: inter1,540.0,0.0
Switch: internetcore,540.0,2.6E-5
Switch: internetgw,540.0,0.00208
Switch: internetedge,540.0,0.00208
Switch: edge2edge1,545.0,0.0
Switch: edge2core,545.0,0.0
Switch: edge2gw,545.0,0.0
Switch: edgeedge1,545.0,0.0
Switch: edgeedge3,545.0,0.00104
Switch: edgeedge3,545.0,0.001362
Switch: edgecore,545.0,0.0
Switch: edgecore,545.0,0.0
Switch: edgeedge3,545.0,0.0012
Switch: edgeedge2,545.0,0.0
Switch: edgegw,545.0,4.0E-4
Switch: edgecore,545.0,0.003202
Switch: edgeedge3,545.0,0.00148
Switch: netcloudgw,545.0,0.00108
Switch: netcloudedge1,545.0,0.0
Switch: netcloudedge2,545.0,0.0
Switch: netcloudcore,545.0,7.2E-4
Switch: netcloudcore,545.0,6.8E-4
Switch: netcloudedge1,545.0,7.2E-4
Switch: netcloudedge2,545.0,6.8E-4
Switch: inter2,545.0,0.00108
Switch: inter1,545.0,4.0E-4
Switch: inter1,545.0,0.00408
Switch: inter2,545.0,0.00376
Switch: inter1,545.0,0.0
Switch: internetcore,545.0,4.7E-5
Switch: internetgw,545.0,0.00376
Switch: internetedge,545.0,0.00376
Switch: edge2edge1,550.0,0.0
Switch: edge2core,550.0,0.0
Switch: edge2gw,550.0,0.0
Switch: edgeedge1,550.0,0.0
Switch: edgeedge3,550.0,7.852E-4
Switch: edgeedge3,550.0,9.748E-4
Switch: edgecore,550.0,0.0
Switch: edgecore,550.0,0.0
Switch: edgeedge3,550.0,8.2E-4
Switch: edgeedge2,550.0,0.0
Switch: edgegw,550.0,1.6E-4
Switch: edgecore,550.0,0.0021404
Switch: edgeedge3,550.0,9.6E-4
Switch: netcloudgw,550.0,6.804E-4
Switch: netcloudedge1,550.0,0.0
Switch: netcloudedge2,550.0,0.0
Switch: netcloudcore,550.0,5.204E-4
Switch: netcloudcore,550.0,4.8E-4
Switch: netcloudedge1,550.0,5.204E-4
Switch: netcloudedge2,550.0,4.8E-4
Switch: inter2,550.0,6.804E-4
Switch: inter1,550.0,1.6E-4
Switch: inter1,550.0,0.0026596
Switch: inter2,550.0,0.0024592
Switch: inter1,550.0,0.0
Switch: internetcore,550.0,3.074E-5
Switch: internetgw,550.0,0.0024592
Switch: internetedge,550.0,0.0024592
Switch: edge2edge1,555.0,0.0
Switch: edge2core,555.0,0.0
Switch: edge2gw,555.0,0.0
Switch: edgeedge1,555.0,0.0
Switch: edgeedge3,555.0,7.876E-4
Switch: edgeedge3,555.0,9.392E-4
Switch: edgecore,555.0,0.0
Switch: edgecore,555.0,0.0
Switch: edgeedge3,555.0,7.168E-4
Switch: edgeedge2,555.0,0.0
Switch: edgegw,555.0,2.4E-4
Switch: edgecore,555.0,0.0020836
Switch: edgeedge3,555.0,0.001
Switch: netcloudgw,555.0,7.056E-4
Switch: netcloudedge1,555.0,0.0
Switch: netcloudedge2,555.0,0.0
Switch: netcloudcore,555.0,4.656E-4
Switch: netcloudcore,555.0,5.2E-4
Switch: netcloudedge1,555.0,4.656E-4
Switch: netcloudedge2,555.0,5.2E-4
Switch: inter2,555.0,7.056E-4
Switch: inter1,555.0,2.4E-4
Switch: inter1,555.0,0.0026308
Switch: inter2,555.0,0.0024452
Switch: inter1,555.0,0.0
Switch: internetcore,555.0,3.0565E-5
Switch: internetgw,555.0,0.0024452
Switch: internetedge,555.0,0.0024452
Switch: edge2edge1,560.0,0.0
Switch: edge2core,560.0,0.0
Switch: edge2gw,560.0,0.0
Switch: edgeedge1,560.0,0.0
Switch: edgeedge3,560.0,8.732E-4
Switch: edgeedge3,560.0,0.0010568
Switch: edgecore,560.0,0.0
Switch: edgecore,560.0,0.0
Switch: edgeedge3,560.0,7.6E-4
Switch: edgeedge2,560.0,0.0
Switch: edgegw,560.0,2.8E-4
Switch: edgecore,560.0,0.0022968
Switch: edgeedge3,560.0,0.00103
Switch: netcloudgw,560.0,7.972E-4
Switch: netcloudedge1,560.0,0.0
Switch: netcloudedge2,560.0,0.0
Switch: netcloudcore,560.0,5.172E-4
Switch: netcloudcore,560.0,4.8E-4
Switch: netcloudedge1,560.0,5.172E-4
Switch: netcloudedge2,560.0,4.8E-4
Switch: inter2,560.0,7.972E-4
Switch: inter1,560.0,2.8E-4
Switch: inter1,560.0,0.0027728
Switch: inter2,560.0,0.0024956
Switch: inter1,560.0,0.0
Switch: internetcore,560.0,3.1195E-5
Switch: internetgw,560.0,0.0024956
Switch: internetedge,560.0,0.0024956
Switch: edge2edge1,565.0,0.0
Switch: edge2core,565.0,0.0
Switch: edge2gw,565.0,0.0
Switch: edgeedge1,565.0,0.0
Switch: edgeedge3,565.0,0.001
Switch: edgeedge3,565.0,0.0011232
Switch: edgecore,565.0,0.0
Switch: edgecore,565.0,0.0
Switch: edgeedge3,565.0,9.328E-4
Switch: edgeedge2,565.0,0.0
Switch: edgegw,565.0,3.6E-4
Switch: edgecore,565.0,0.0026964
Switch: edgeedge3,565.0,0.0010876
Switch: netcloudgw,565.0,9.2E-4
Switch: netcloudedge1,565.0,0.0
Switch: netcloudedge2,565.0,0.0
Switch: netcloudcore,565.0,5.6E-4
Switch: netcloudcore,565.0,6.0E-4
Switch: netcloudedge1,565.0,5.6E-4
Switch: netcloudedge2,565.0,6.0E-4
Switch: inter2,565.0,9.2E-4
Switch: inter1,565.0,3.6E-4
Switch: inter1,565.0,0.0032
Switch: inter2,565.0,0.00284
Switch: inter1,565.0,0.0
Switch: internetcore,565.0,3.55E-5
Switch: internetgw,565.0,0.00284
Switch: internetedge,565.0,0.00284
Switch: edge2edge1,570.0,0.0
Switch: edge2core,570.0,0.0
Switch: edge2gw,570.0,0.0
Switch: edgeedge1,570.0,0.0
Switch: edgeedge3,570.0,7.228E-4
Switch: edgeedge3,570.0,9.284E-4
Switch: edgecore,570.0,0.0
Switch: edgecore,570.0,0.0
Switch: edgeedge3,570.0,8.08E-4
Switch: edgeedge2,570.0,0.0
Switch: edgegw,570.0,1.6E-4
Switch: edgecore,570.0,0.0019792
Switch: edgeedge3,570.0,0.001
Switch: netcloudgw,570.0,6.068E-4
Switch: netcloudedge1,570.0,0.0
Switch: netcloudedge2,570.0,0.0
Switch: netcloudcore,570.0,4.56E-4
Switch: netcloudcore,570.0,4.708E-4
Switch: netcloudedge1,570.0,4.56E-4
Switch: netcloudedge2,570.0,4.708E-4
Switch: inter2,570.0,6.068E-4
Switch: inter1,570.0,1.6E-4
Switch: inter1,570.0,0.0026116
Switch: inter2,570.0,0.0025248
Switch: inter1,570.0,0.0
Switch: internetcore,570.0,3.156E-5
Switch: internetgw,570.0,0.0025248
Switch: internetedge,570.0,0.0025248
Switch: edge2edge1,575.0,0.0
Switch: edge2core,575.0,0.0
Switch: edge2gw,575.0,0.0
Switch: edgeedge1,575.0,0.0
Switch: edgeedge3,575.0,7.6E-4
Switch: edgeedge3,575.0,0.0010396
Switch: edgecore,575.0,0.0
Switch: edgecore,575.0,0.0
Switch: edgeedge3,575.0,7.552E-4
Switch: edgeedge2,575.0,0.0
Switch: edgegw,575.0,2.8E-4
Switch: edgecore,575.0,0.0023948
Switch: edgeedge3,575.0,0.00104
Switch: netcloudgw,575.0,8.352E-4
Switch: netcloudedge1,575.0,0.0
Switch: netcloudedge2,575.0,0.0
Switch: netcloudcore,575.0,5.552E-4
Switch: netcloudcore,575.0,5.2E-4
Switch: netcloudedge1,575.0,5.552E-4
Switch: netcloudedge2,575.0,5.2E-4
Switch: inter2,575.0,8.352E-4
Switch: inter1,575.0,2.8E-4
Switch: inter1,575.0,0.0026752
Switch: inter2,575.0,0.00232
Switch: inter1,575.0,0.0
Switch: internetcore,575.0,2.9E-5
Switch: internetgw,575.0,0.00232
Switch: internetedge,575.0,0.00232
Switch: edge2edge1,580.0,0.0
Switch: edge2core,580.0,0.0
Switch: edge2gw,580.0,0.0
Switch: edgeedge1,580.0,0.0
Switch: edgeedge3,580.0,8.296E-4
Switch: edgeedge3,580.0,9.268E-4
Switch: edgecore,580.0,0.0
Switch: edgecore,580.0,0.0
Switch: edgeedge3,580.0,7.112E-4
Switch: edgeedge2,580.0,0.0
Switch: edgegw,580.0,2.0E-4
Switch: edgecore,580.0,0.002012
Switch: edgeedge3,580.0,0.001
Switch: netcloudgw,580.0,6.8E-4
Switch: netcloudedge1,580.0,0.0
Switch: netcloudedge2,580.0,0.0
Switch: netcloudcore,580.0,4.8E-4
Switch: netcloudcore,580.0,4.8E-4
Switch: netcloudedge1,580.0,4.8E-4
Switch: netcloudedge2,580.0,4.8E-4
Switch: inter2,580.0,6.8E-4
Switch: inter1,580.0,2.0E-4
Switch: inter1,580.0,0.0028836
Switch: inter2,580.0,0.0027236
Switch: inter1,580.0,0.0
Switch: internetcore,580.0,3.4045E-5
Switch: internetgw,580.0,0.0027236
Switch: internetedge,580.0,0.0027236
Switch: edge2edge1,585.0,0.0
Switch: edge2core,585.0,0.0
Switch: edge2gw,585.0,0.0
Switch: edgeedge1,585.0,0.0
Switch: edgeedge3,585.0,8.032E-4
Switch: edgeedge3,585.0,0.0010084
Switch: edgecore,585.0,0.0
Switch: edgecore,585.0,0.0
Switch: edgeedge3,585.0,8.4E-4
Switch: edgeedge2,585.0,0.0
Switch: edgegw,585.0,2.0E-4
Switch: edgecore,585.0,0.0022516
Switch: edgeedge3,585.0,0.001
Switch: netcloudgw,585.0,6.54E-4
Switch: netcloudedge1,585.0,0.0
Switch: netcloudedge2,585.0,0.0
Switch: netcloudcore,585.0,4.54E-4
Switch: netcloudcore,585.0,5.2E-4
Switch: netcloudedge1,585.0,4.54E-4
Switch: netcloudedge2,585.0,5.2E-4
Switch: inter2,585.0,6.54E-4
Switch: inter1,585.0,2.0E-4
Switch: inter1,585.0,0.00244
Switch: inter2,585.0,0.002266
Switch: inter1,585.0,0.0
Switch: internetcore,585.0,2.8325E-5
Switch: internetgw,585.0,0.002266
Switch: internetedge,585.0,0.002266
Switch: edge2edge1,590.0,0.0
Switch: edge2core,590.0,0.0
Switch: edge2gw,590.0,0.0
Switch: edgeedge1,590.0,0.0
Switch: edgeedge3,590.0,7.2E-4
Switch: edgeedge3,590.0,0.00107
Switch: edgecore,590.0,0.0
Switch: edgecore,590.0,0.0
Switch: edgeedge3,590.0,8.44E-4
Switch: edgeedge2,590.0,0.0
Switch: edgegw,590.0,2.0E-4
Switch: edgecore,590.0,0.002274
Switch: edgeedge3,590.0,0.00104
Switch: netcloudgw,590.0,7.044E-4
Switch: netcloudedge1,590.0,0.0
Switch: netcloudedge2,590.0,0.0
Switch: netcloudcore,590.0,5.044E-4
Switch: netcloudcore,590.0,5.6E-4
Switch: netcloudedge1,590.0,5.044E-4
Switch: netcloudedge2,590.0,5.6E-4
Switch: inter2,590.0,7.044E-4
Switch: inter1,590.0,2.0E-4
Switch: inter1,590.0,0.0029448
Switch: inter2,590.0,0.0027604
Switch: inter1,590.0,0.0
Switch: internetcore,590.0,3.4505E-5
Switch: internetgw,590.0,0.0027604
Switch: internetedge,590.0,0.0027604
Switch: edge2edge1,595.0,0.0
Switch: edge2core,595.0,0.0
Switch: edge2gw,595.0,0.0
Switch: edgeedge1,595.0,0.0
Switch: edgeedge3,595.0,8.816E-4
Switch: edgeedge3,595.0,9.964E-4
Switch: edgecore,595.0,0.0
Switch: edgecore,595.0,0.0
Switch: edgeedge3,595.0,8.8E-4
Switch: edgeedge2,595.0,0.0
Switch: edgegw,595.0,2.8E-4
Switch: edgecore,595.0,0.002318
Switch: edgeedge3,595.0,0.001
Switch: netcloudgw,595.0,7.6E-4
Switch: netcloudedge1,595.0,0.0
Switch: netcloudedge2,595.0,0.0
Switch: netcloudcore,595.0,5.2E-4
Switch: netcloudcore,595.0,4.4E-4
Switch: netcloudedge1,595.0,5.2E-4
Switch: netcloudedge2,595.0,4.4E-4
Switch: inter2,595.0,7.6E-4
Switch: inter1,595.0,2.8E-4
Switch: inter1,595.0,0.0027236
Switch: inter2,595.0,0.0024836
Switch: inter1,595.0,0.0
Switch: internetcore,595.0,3.1045E-5
Switch: internetgw,595.0,0.0024836
Switch: internetedge,595.0,0.0024836
Switch: edge2edge1,600.0,0.0
Switch: edge2core,600.0,0.0
Switch: edge2gw,600.0,0.0
Switch: edgeedge1,600.0,0.0
Switch: edgeedge3,600.0,8.0E-4
Switch: edgeedge3,600.0,9.2E-4
Switch: edgecore,600.0,0.0
Switch: edgecore,600.0,0.0
Switch: edgeedge3,600.0,7.404E-4
Switch: edgeedge2,600.0,0.0
Switch: edgegw,600.0,2.4E-4
Switch: edgecore,600.0,0.0021004
Switch: edgeedge3,600.0,9.2E-4
Switch: netcloudgw,600.0,7.396E-4
Switch: netcloudedge1,600.0,0.0
Switch: netcloudedge2,600.0,0.0
Switch: netcloudcore,600.0,4.4E-4
Switch: netcloudcore,600.0,4.996E-4
Switch: netcloudedge1,600.0,4.4E-4
Switch: netcloudedge2,600.0,4.996E-4
Switch: inter2,600.0,7.396E-4
Switch: inter1,600.0,2.4E-4
Switch: inter1,600.0,0.0026196
Switch: inter2,600.0,0.00232
Switch: inter1,600.0,0.0
Switch: internetcore,600.0,2.9E-5
Switch: internetgw,600.0,0.00232
Switch: internetedge,600.0,0.00232
Switch: edge2edge1,605.0,0.0
Switch: edge2core,605.0,0.0
Switch: edge2gw,605.0,0.0
Switch: edgeedge1,605.0,0.0
Switch: edgeedge3,605.0,2.4E-4
Switch: edgeedge3,605.0,2.4E-4
Switch: edgecore,605.0,0.0
Switch: edgecore,605.0,0.0
Switch: edgeedge3,605.0,1.2E-4
Switch: edgeedge2,605.0,0.0
Switch: edgegw,605.0,1.2E-4
Switch: edgecore,605.0,5.2E-4
Switch: edgeedge3,605.0,2.4E-4
Switch: netcloudgw,605.0,2.0E-4
Switch: netcloudedge1,605.0,0.0
Switch: netcloudedge2,605.0,0.0
Switch: netcloudcore,605.0,1.2E-4
Switch: netcloudcore,605.0,1.2E-4
Switch: netcloudedge1,605.0,1.2E-4
Switch: netcloudedge2,605.0,1.2E-4
Switch: inter2,605.0,2.0E-4
Switch: inter1,605.0,1.2E-4
Switch: inter1,605.0,8.4E-4
Switch: inter2,605.0,8.4E-4
Switch: inter1,605.0,0.0
Switch: internetcore,605.0,1.05E-5
Switch: internetgw,605.0,8.4E-4
Switch: internetedge,605.0,8.4E-4
Switch: edgeedge1,610.0,0.0
Switch: edgeedge3,610.0,0.0
Switch: edgeedge3,610.0,0.0
Switch: edgecore,610.0,0.0
Switch: edgecore,610.0,0.0
Switch: edgeedge3,610.0,0.0
Switch: edgeedge2,610.0,0.0
Switch: edgegw,610.0,0.0
Switch: edgecore,610.0,0.0
Switch: edgeedge3,610.0,0.0
Switch: netcloudgw,610.0,0.0
Switch: netcloudedge1,610.0,0.0
Switch: netcloudedge2,610.0,0.0
Switch: netcloudcore,610.0,0.0
Switch: netcloudcore,610.0,0.0
Switch: netcloudedge1,610.0,0.0
Switch: netcloudedge2,610.0,0.0
Switch: inter2,610.0,0.0
Switch: inter1,610.0,0.0
Switch: inter1,610.0,0.0
Switch: inter2,610.0,0.0
Switch: inter1,610.0,0.0
Switch: internetcore,610.0,0.0
Switch: internetgw,610.0,0.0
Switch: internetedge,610.0,0.0
Switch: edgeedge1,615.0,0.0
Switch: edgeedge3,615.0,0.0
Switch: edgeedge3,615.0,0.0
Switch: edgecore,615.0,0.0
Switch: edgecore,615.0,0.0
Switch: edgeedge3,615.0,0.0
Switch: edgeedge2,615.0,0.0
Switch: edgegw,615.0,0.0
Switch: edgecore,615.0,0.0
Switch: edgeedge3,615.0,0.0
Switch: netcloudgw,615.0,0.0
Switch: netcloudedge1,615.0,0.0
Switch: netcloudedge2,615.0,0.0
Switch: netcloudcore,615.0,0.0
Switch: netcloudcore,615.0,0.0
Switch: netcloudedge1,615.0,0.0
Switch: netcloudedge2,615.0,0.0
Switch: inter2,615.0,0.0
Switch: inter1,615.0,0.0
Switch: inter1,615.0,0.0
Switch: inter2,615.0,0.0
Switch: inter1,615.0,0.0
Switch: internetcore,615.0,0.0
Switch: internetgw,615.0,0.0
Switch: internetedge,615.0,0.0
Switch: edgeedge1,620.0,0.0
Switch: edgeedge3,620.0,0.0
Switch: edgeedge3,620.0,0.0
Switch: edgecore,620.0,0.0
Switch: edgecore,620.0,0.0
Switch: edgeedge3,620.0,0.0
Switch: edgeedge2,620.0,0.0
Switch: edgegw,620.0,0.0
Switch: edgecore,620.0,0.0
Switch: edgeedge3,620.0,0.0
Switch: netcloudgw,620.0,0.0
Switch: netcloudedge1,620.0,0.0
Switch: netcloudedge2,620.0,0.0
Switch: netcloudcore,620.0,0.0
Switch: netcloudcore,620.0,0.0
Switch: netcloudedge1,620.0,0.0
Switch: netcloudedge2,620.0,0.0
Switch: inter2,620.0,0.0
Switch: inter1,620.0,0.0
Switch: inter1,620.0,0.0
Switch: inter2,620.0,0.0
Switch: inter1,620.0,0.0
Switch: internetcore,620.0,0.0
Switch: internetgw,620.0,0.0
Switch: internetedge,620.0,0.0
Switch: edgeedge1,625.0,0.0
Switch: edgeedge3,625.0,0.0
Switch: edgeedge3,625.0,0.0
Switch: edgecore,625.0,0.0
Switch: edgecore,625.0,0.0
Switch: edgeedge3,625.0,0.0
Switch: edgeedge2,625.0,0.0
Switch: edgegw,625.0,0.0
Switch: edgecore,625.0,0.0
Switch: edgeedge3,625.0,0.0
Switch: netcloudgw,625.0,0.0
Switch: netcloudedge1,625.0,0.0
Switch: netcloudedge2,625.0,0.0
Switch: netcloudcore,625.0,0.0
Switch: netcloudcore,625.0,0.0
Switch: netcloudedge1,625.0,0.0
Switch: netcloudedge2,625.0,0.0
Switch: inter2,625.0,0.0
Switch: inter1,625.0,0.0
Switch: inter1,625.0,0.0
Switch: inter2,625.0,0.0
Switch: inter1,625.0,0.0
Switch: internetcore,625.0,0.0
Switch: internetgw,625.0,0.0
Switch: internetedge,625.0,0.0
Switch: edgeedge1,630.0,0.0
Switch: edgeedge3,630.0,0.0
Switch: edgeedge3,630.0,0.0
Switch: edgecore,630.0,0.0
Switch: edgecore,630.0,0.0
Switch: edgeedge3,630.0,0.0
Switch: edgeedge2,630.0,0.0
Switch: edgegw,630.0,0.0
Switch: edgecore,630.0,0.0
Switch: edgeedge3,630.0,0.0
Switch: netcloudgw,630.0,0.0
Switch: netcloudedge1,630.0,0.0
Switch: netcloudedge2,630.0,0.0
Switch: netcloudcore,630.0,0.0
Switch: netcloudcore,630.0,0.0
Switch: netcloudedge1,630.0,0.0
Switch: netcloudedge2,630.0,0.0
Switch: inter2,630.0,0.0
Switch: inter1,630.0,0.0
Switch: inter1,630.0,0.0
Switch: inter2,630.0,0.0
Switch: inter1,630.0,0.0
Switch: internetcore,630.0,0.0
Switch: internetgw,630.0,0.0
Switch: internetedge,630.0,0.0
