edgeuser3,5.0,0.0
Switch: edge2edge1,5.0,0.0
Switch: edge2core,5.0,0.0
edgeuser1,5.0,0.0066
edgenode3,5.0,0.0036
edgenode1,5.0,0.0
Switch: edgeedge1,5.0,0.0066
Switch: edgeedge2,5.0,0.004442
edgenode4,5.0,0.004758
edgeuser2,5.0,0.004442
Switch: edgecore,5.0,0.0036
Switch: edgeedge3,5.0,0.0036
edgenode2,5.0,0.0
Switch: netcloudcore,5.0,0.0
netcloudhost1,5.0,0.0
netcloudhost4,5.0,0.0
Switch: netcloudedge1,5.0,0.0
Switch: netcloudedge2,5.0,0.0
netcloudhost2,5.0,0.0
netcloudhost3,5.0,0.0
Switch: netcloudgw,5.0,0.0
Switch: edgegw,5.0,0.0036
Switch: inter2,5.0,0.0
Switch: internetgw,5.0,0.0
Switch: edge2gw,5.0,0.0
Switch: internetedge,5.0,0.0
Switch: internetcore,5.0,0.0
internethost,5.0,0.0
edgeuser3,10.0,0.0
Switch: edge2edge1,10.0,0.0
Switch: edge2core,10.0,0.0
edgeuser1,10.0,0.005666
edgenode3,10.0,0.003964
edgenode1,10.0,0.0
Switch: edgeedge1,10.0,0.005666
Switch: edgeedge2,10.0,0.0062
edgenode4,10.0,0.00477
edgeuser2,10.0,0.0062
Switch: edgecore,10.0,0.003964
Switch: edgeedge3,10.0,0.003964
edgenode2,10.0,0.0
Switch: netcloudcore,10.0,0.0
netcloudhost1,10.0,0.0
netcloudhost4,10.0,0.0
Switch: netcloudedge1,10.0,0.0
Switch: netcloudedge2,10.0,0.0
netcloudhost2,10.0,0.0
netcloudhost3,10.0,0.0
Switch: netcloudgw,10.0,0.0
Switch: edgegw,10.0,0.003964
Switch: inter2,10.0,0.0
Switch: internetgw,10.0,0.0
Switch: edge2gw,10.0,0.0
Switch: internetedge,10.0,0.0
Switch: internetcore,10.0,0.0
internethost,10.0,0.0
edgeuser3,15.0,0.0
Switch: edge2edge1,15.0,0.0
Switch: edge2core,15.0,0.0
edgeuser1,15.0,0.006136
edgenode3,15.0,0.0038
edgenode1,15.0,0.0
Switch: edgeedge1,15.0,0.006136
Switch: edgeedge2,15.0,0.006728
edgenode4,15.0,0.004958
edgeuser2,15.0,0.006728
Switch: edgecore,15.0,0.0038
Switch: edgeedge3,15.0,0.0038
edgenode2,15.0,0.0
Switch: netcloudcore,15.0,0.0
netcloudhost1,15.0,0.0
netcloudhost4,15.0,0.0
Switch: netcloudedge1,15.0,0.0
Switch: netcloudedge2,15.0,0.0
netcloudhost2,15.0,0.0
netcloudhost3,15.0,0.0
Switch: netcloudgw,15.0,0.0
Switch: edgegw,15.0,0.0038
Switch: inter2,15.0,0.0
Switch: internetgw,15.0,0.0
Switch: edge2gw,15.0,0.0
Switch: internetedge,15.0,0.0
Switch: internetcore,15.0,0.0
internethost,15.0,0.0
edgeuser3,20.0,0.0
Switch: edge2edge1,20.0,0.0
Switch: edge2core,20.0,0.0
edgeuser1,20.0,0.0031
edgenode3,20.0,0.002
edgenode1,20.0,0.002259
Switch: edgeedge1,20.0,0.0031
Switch: edgeedge2,20.0,0.003
edgenode4,20.0,0.0015
edgeuser2,20.0,0.003
Switch: edgecore,20.0,0.0038
Switch: edgeedge3,20.0,0.0038
edgenode2,20.0,0.0018
Switch: netcloudcore,20.0,0.0
netcloudhost1,20.0,0.0
netcloudhost4,20.0,0.0
Switch: netcloudedge1,20.0,0.0
Switch: netcloudedge2,20.0,0.0
netcloudhost2,20.0,0.0
netcloudhost3,20.0,0.0
Switch: netcloudgw,20.0,0.0
Switch: edgegw,20.0,0.0038
Switch: inter2,20.0,0.0
Switch: internetgw,20.0,0.0
Switch: edge2gw,20.0,0.0
Switch: internetedge,20.0,0.0
Switch: internetcore,20.0,0.0
internethost,20.0,0.0
edgeuser3,25.0,0.0
Switch: edge2edge1,25.0,0.0
Switch: edge2core,25.0,0.0
edgeuser1,25.0,0.002650576
edgenode3,25.0,0.002769896
edgenode1,25.0,0.001599936
Switch: edgeedge1,25.0,0.002650576
Switch: edgeedge2,25.0,0.001763264
edgenode4,25.0,8.66632E-4
edgeuser2,25.0,0.001763264
Switch: edgecore,25.0,0.003186544
Switch: edgeedge3,25.0,0.003186544
edgenode2,25.0,0.001266616
Switch: netcloudcore,25.0,0.0
netcloudhost1,25.0,0.0
netcloudhost4,25.0,0.0
Switch: netcloudedge1,25.0,0.0
Switch: netcloudedge2,25.0,0.0
netcloudhost2,25.0,0.0
netcloudhost3,25.0,0.0
Switch: netcloudgw,25.0,0.0
Switch: edgegw,25.0,0.003186544
Switch: inter2,25.0,0.0
Switch: internetgw,25.0,0.0
Switch: edge2gw,25.0,0.0
Switch: internetedge,25.0,0.0
Switch: internetcore,25.0,0.0
internethost,25.0,0.0
edgeuser3,30.0,0.0
Switch: edge2edge1,30.0,0.0
Switch: edge2core,30.0,0.0
edgeuser1,30.0,0.0013
edgenode3,30.0,0.0016
edgenode1,30.0,0.00145
Switch: edgeedge1,30.0,0.0013
Switch: edgeedge2,30.0,0.00115
edgenode4,30.0,0.00105
edgeuser2,30.0,0.00115
Switch: edgecore,30.0,0.00262
Switch: edgeedge3,30.0,0.00262
edgenode2,30.0,0.00147
Switch: netcloudcore,30.0,0.0
netcloudhost1,30.0,0.0
netcloudhost4,30.0,0.0
Switch: netcloudedge1,30.0,0.0
Switch: netcloudedge2,30.0,0.0
netcloudhost2,30.0,0.0
netcloudhost3,30.0,0.0
Switch: netcloudgw,30.0,0.0
Switch: edgegw,30.0,0.00262
Switch: inter2,30.0,0.0
Switch: internetgw,30.0,0.0
Switch: edge2gw,30.0,0.0
Switch: internetedge,30.0,0.0
Switch: internetcore,30.0,0.0
internethost,30.0,0.0
edgeuser3,35.0,0.0
Switch: edge2edge1,35.0,0.0
Switch: edge2core,35.0,0.0
edgeuser1,35.0,6.692E-4
edgenode3,35.0,0.0012
edgenode1,35.0,9.028E-4
Switch: edgeedge1,35.0,6.692E-4
Switch: edgeedge2,35.0,0.0012724
edgenode4,35.0,8.696E-4
edgeuser2,35.0,0.0012724
Switch: edgecore,35.0,0.0029776
Switch: edgeedge3,35.0,0.0025496
edgenode2,35.0,0.00128
Switch: netcloudcore,35.0,4.0E-4
netcloudhost1,35.0,0.0
netcloudhost4,35.0,0.0
Switch: netcloudedge1,35.0,4.4E-4
Switch: netcloudedge2,35.0,4.0E-4
netcloudhost2,35.0,4.4E-4
netcloudhost3,35.0,4.0E-4
Switch: netcloudgw,35.0,4.0E-4
Switch: edgegw,35.0,0.0029776
Switch: inter2,35.0,0.0
Switch: internetgw,35.0,0.0
Switch: edge2gw,35.0,0.0
Switch: internetedge,35.0,0.0
Switch: internetcore,35.0,0.0
internethost,35.0,0.0
edgeuser3,40.0,0.0
Switch: edge2edge1,40.0,0.0
Switch: edge2core,40.0,0.0
edgeuser1,40.0,0.00133344
edgenode3,40.0,0.001066752
edgenode1,40.0,8.00064E-4
Switch: edgeedge1,40.0,0.00133344
Switch: edgeedge2,40.0,0.00110008
edgenode4,40.0,8.534E-4
edgeuser2,40.0,0.00110008
Switch: edgecore,40.0,0.002880216
Switch: edgeedge3,40.0,0.002013488
edgenode2,40.0,7.2672E-4
Switch: netcloudcore,40.0,7.00056E-4
netcloudhost1,40.0,3.3336E-4
netcloudhost4,40.0,3.66696E-4
Switch: netcloudedge1,40.0,7.00056E-4
Switch: netcloudedge2,40.0,7.33392E-4
netcloudhost2,40.0,3.66696E-4
netcloudhost3,40.0,3.66696E-4
Switch: netcloudgw,40.0,7.00056E-4
Switch: edgegw,40.0,0.002880216
Switch: inter2,40.0,0.0
Switch: internetgw,40.0,0.0
Switch: edge2gw,40.0,0.0
Switch: internetedge,40.0,0.0
Switch: internetcore,40.0,0.0
internethost,40.0,0.0
edgeuser3,45.0,0.0
Switch: edge2edge1,45.0,0.0
Switch: edge2core,45.0,0.0
edgeuser1,45.0,0.001329856
edgenode3,45.0,7.93336E-4
edgenode1,45.0,5.14224E-4
Switch: edgeedge1,45.0,0.001329856
Switch: edgeedge2,45.0,7.21632E-4
edgenode4,45.0,5.7136E-4
edgeuser2,45.0,7.21632E-4
Switch: edgecore,45.0,0.002537992
Switch: edgeedge3,45.0,0.00167352
edgenode2,45.0,5.60224E-4
Switch: netcloudcore,45.0,9.9988E-4
netcloudhost1,45.0,3.71384E-4
netcloudhost4,45.0,3.42816E-4
Switch: netcloudedge1,45.0,9.9988E-4
Switch: netcloudedge2,45.0,9.71312E-4
netcloudhost2,45.0,6.28496E-4
netcloudhost3,45.0,6.28496E-4
Switch: netcloudgw,45.0,9.9988E-4
Switch: edgegw,45.0,0.002537992
Switch: inter2,45.0,0.0
Switch: internetgw,45.0,0.0
Switch: edge2gw,45.0,0.0
Switch: internetedge,45.0,0.0
Switch: internetcore,45.0,0.0
internethost,45.0,0.0
edgeuser3,50.0,0.0
Switch: edge2edge1,50.0,0.0
Switch: edge2core,50.0,0.0
edgeuser1,50.0,7.99904E-4
edgenode3,50.0,4.85656E-4
edgenode1,50.0,5.088E-4
Switch: edgeedge1,50.0,7.99904E-4
Switch: edgeedge2,50.0,8.05344E-4
edgenode4,50.0,2.28544E-4
edgeuser2,50.0,8.05344E-4
Switch: edgecore,50.0,0.001633816
Switch: edgeedge3,50.0,9.14176E-4
edgenode2,50.0,4.57088E-4
Switch: netcloudcore,50.0,6.28496E-4
netcloudhost1,50.0,1.99976E-4
netcloudhost4,50.0,2.28544E-4
Switch: netcloudedge1,50.0,6.28496E-4
Switch: netcloudedge2,50.0,6.57064E-4
netcloudhost2,50.0,4.2852E-4
netcloudhost3,50.0,4.2852E-4
Switch: netcloudgw,50.0,6.28496E-4
Switch: edgegw,50.0,0.001633816
Switch: inter2,50.0,0.0
Switch: internetgw,50.0,0.0
Switch: edge2gw,50.0,0.0
Switch: internetedge,50.0,0.0
Switch: internetcore,50.0,0.0
internethost,50.0,0.0
edgeuser3,55.0,0.0
Switch: edge2edge1,55.0,0.0
Switch: edge2core,55.0,0.0
edgeuser1,55.0,9.7048E-4
edgenode3,55.0,5.37944E-4
edgenode1,55.0,5.14224E-4
Switch: edgeedge1,55.0,9.7048E-4
Switch: edgeedge2,55.0,8.56488E-4
edgenode4,55.0,3.05968E-4
edgeuser2,55.0,8.56488E-4
Switch: edgecore,55.0,0.001866664
Switch: edgeedge3,55.0,0.001099304
edgenode2,55.0,5.44504E-4
Switch: netcloudcore,55.0,7.99904E-4
netcloudhost1,55.0,2.57112E-4
netcloudhost4,55.0,2.57112E-4
Switch: netcloudedge1,55.0,7.99904E-4
Switch: netcloudedge2,55.0,7.99904E-4
netcloudhost2,55.0,5.42792E-4
netcloudhost3,55.0,5.42792E-4
Switch: netcloudgw,55.0,7.99904E-4
Switch: edgegw,55.0,0.001866664
Switch: inter2,55.0,0.0
Switch: internetgw,55.0,0.0
Switch: edge2gw,55.0,0.0
Switch: internetedge,55.0,0.0
Switch: internetcore,55.0,0.0
internethost,55.0,0.0
edgeuser3,60.0,0.0
Switch: edge2edge1,60.0,0.0
Switch: edge2core,60.0,0.0
edgeuser1,60.0,8.5704E-4
edgenode3,60.0,4.88512E-4
edgenode1,60.0,5.14224E-4
Switch: edgeedge1,60.0,8.5704E-4
Switch: edgeedge2,60.0,9.1132E-4
edgenode4,60.0,2.8568E-4
edgeuser2,60.0,9.1132E-4
Switch: edgecore,60.0,0.001682656
Switch: edgeedge3,60.0,9.71312E-4
edgenode2,60.0,4.85656E-4
Switch: netcloudcore,60.0,7.42768E-4
netcloudhost1,60.0,2.57112E-4
netcloudhost4,60.0,2.57112E-4
Switch: netcloudedge1,60.0,7.71336E-4
Switch: netcloudedge2,60.0,7.42768E-4
netcloudhost2,60.0,5.14224E-4
netcloudhost3,60.0,4.85656E-4
Switch: netcloudgw,60.0,7.42768E-4
Switch: edgegw,60.0,0.001682656
Switch: inter2,60.0,0.0
Switch: internetgw,60.0,0.0
Switch: edge2gw,60.0,0.0
Switch: internetedge,60.0,0.0
Switch: internetcore,60.0,0.0
internethost,60.0,0.0
edgeuser3,65.0,0.0
Switch: edge2edge1,65.0,0.0
Switch: edge2core,65.0,0.0
edgeuser1,65.0,8.73608E-4
edgenode3,65.0,5.42792E-4
edgenode1,65.0,5.42792E-4
Switch: edgeedge1,65.0,8.73608E-4
Switch: edgeedge2,65.0,0.001045016
edgenode4,65.0,3.14248E-4
edgeuser2,65.0,0.001045016
Switch: edgecore,65.0,0.001987192
Switch: edgeedge3,65.0,0.001126152
edgenode2,65.0,5.54792E-4
Switch: netcloudcore,65.0,8.5704E-4
netcloudhost1,65.0,2.8568E-4
netcloudhost4,65.0,2.57112E-4
Switch: netcloudedge1,65.0,8.28472E-4
Switch: netcloudedge2,65.0,8.28472E-4
netcloudhost2,65.0,5.42792E-4
netcloudhost3,65.0,5.7136E-4
Switch: netcloudgw,65.0,8.5704E-4
Switch: edgegw,65.0,0.001987192
Switch: inter2,65.0,0.0
Switch: internetgw,65.0,0.0
Switch: edge2gw,65.0,0.0
Switch: internetedge,65.0,0.0
Switch: internetcore,65.0,0.0
internethost,65.0,0.0
edgeuser3,70.0,0.0
Switch: edge2edge1,70.0,0.0
Switch: edge2core,70.0,0.0
edgeuser1,70.0,8.85608E-4
edgenode3,70.0,5.14224E-4
edgenode1,70.0,4.85656E-4
Switch: edgeedge1,70.0,8.85608E-4
Switch: edgeedge2,70.0,7.71336E-4
edgenode4,70.0,2.57112E-4
edgeuser2,70.0,7.71336E-4
Switch: edgecore,70.0,0.001742648
Switch: edgeedge3,70.0,9.9988E-4
edgenode2,70.0,5.14224E-4
Switch: netcloudcore,70.0,7.142E-4
netcloudhost1,70.0,2.28544E-4
netcloudhost4,70.0,2.57112E-4
Switch: netcloudedge1,70.0,7.142E-4
Switch: netcloudedge2,70.0,7.42768E-4
netcloudhost2,70.0,4.85656E-4
netcloudhost3,70.0,4.85656E-4
Switch: netcloudgw,70.0,7.142E-4
Switch: edgegw,70.0,0.001742648
Switch: inter2,70.0,0.0
Switch: internetgw,70.0,0.0
Switch: edge2gw,70.0,0.0
Switch: internetedge,70.0,0.0
Switch: internetcore,70.0,0.0
internethost,70.0,0.0
edgeuser3,75.0,0.0
Switch: edge2edge1,75.0,0.0
Switch: edge2core,75.0,0.0
edgeuser1,75.0,0.001200096
edgenode3,75.0,6.6672E-4
edgenode1,75.0,6.33384E-4
Switch: edgeedge1,75.0,0.001200096
Switch: edgeedge2,75.0,9.66744E-4
edgenode4,75.0,5.0004E-4
edgeuser2,75.0,9.66744E-4
Switch: edgecore,75.0,0.002433528
Switch: edgeedge3,75.0,0.001566792
edgenode2,75.0,6.6672E-4
Switch: netcloudcore,75.0,0.001066752
netcloudhost1,75.0,3.66696E-4
netcloudhost4,75.0,3.00024E-4
Switch: netcloudedge1,75.0,8.00064E-4
Switch: netcloudedge2,75.0,5.0004E-4
netcloudhost2,75.0,6.00048E-4
netcloudhost3,75.0,3.3336E-4
Switch: netcloudgw,75.0,0.001066752
Switch: edgegw,75.0,0.002433528
Switch: inter2,75.0,3.66696E-4
Switch: internetgw,75.0,0.0
Switch: edge2gw,75.0,0.0
Switch: internetedge,75.0,0.0
Switch: internetcore,75.0,0.0
internethost,75.0,0.0
edgeuser3,80.0,0.0
Switch: edge2edge1,80.0,0.0
Switch: edge2core,80.0,0.0
edgeuser1,80.0,0.00100008
edgenode3,80.0,7.00056E-4
edgenode1,80.0,6.57048E-4
Switch: edgeedge1,80.0,0.00100008
Switch: edgeedge2,80.0,0.001366768
edgenode4,80.0,5.33376E-4
edgeuser2,80.0,0.001366768
Switch: edgecore,80.0,0.002733544
Switch: edgeedge3,80.0,0.001700136
edgenode2,80.0,7.66728E-4
Switch: netcloudcore,80.0,0.001133424
netcloudhost1,80.0,4.00032E-4
netcloudhost4,80.0,3.3336E-4
Switch: netcloudedge1,80.0,8.00064E-4
Switch: netcloudedge2,80.0,6.00048E-4
netcloudhost2,80.0,6.6672E-4
netcloudhost3,80.0,4.00032E-4
Switch: netcloudgw,80.0,0.001133424
Switch: edgegw,80.0,0.002733544
Switch: inter2,80.0,3.3336E-4
Switch: internetgw,80.0,0.0
Switch: edge2gw,80.0,0.0
Switch: internetedge,80.0,0.0
Switch: internetcore,80.0,0.0
internethost,80.0,0.0
edgeuser3,85.0,0.0
Switch: edge2edge1,85.0,0.0
Switch: edge2core,85.0,0.0
edgeuser1,85.0,8.974E-4
edgenode3,85.0,5.0004E-4
edgenode1,85.0,5.0004E-4
Switch: edgeedge1,85.0,8.974E-4
Switch: edgeedge2,85.0,9.69408E-4
edgenode4,85.0,4.24696E-4
edgeuser2,85.0,9.69408E-4
Switch: edgecore,85.0,0.002169504
Switch: edgeedge3,85.0,0.001400112
edgenode2,85.0,6.33384E-4
Switch: netcloudcore,85.0,9.33408E-4
netcloudhost1,85.0,3.00024E-4
netcloudhost4,85.0,2.66688E-4
Switch: netcloudedge1,85.0,7.33392E-4
Switch: netcloudedge2,85.0,5.0004E-4
netcloudhost2,85.0,5.33376E-4
netcloudhost3,85.0,3.00024E-4
Switch: netcloudgw,85.0,9.33408E-4
Switch: edgegw,85.0,0.002169504
Switch: inter2,85.0,3.3336E-4
Switch: internetgw,85.0,0.0
Switch: edge2gw,85.0,0.0
Switch: internetedge,85.0,0.0
Switch: internetcore,85.0,0.0
internethost,85.0,0.0
edgeuser3,90.0,0.0
Switch: edge2edge1,90.0,0.0
Switch: edge2core,90.0,0.0
edgeuser1,90.0,0.00144444
edgenode3,90.0,6.00048E-4
edgenode1,90.0,7.30056E-4
Switch: edgeedge1,90.0,0.00144444
Switch: edgeedge2,90.0,0.001070408
edgenode4,90.0,5.89048E-4
edgeuser2,90.0,0.001070408
Switch: edgecore,90.0,0.002755872
Switch: edgeedge3,90.0,0.001618792
edgenode2,90.0,6.96384E-4
Switch: netcloudcore,90.0,0.00116676
netcloudhost1,90.0,3.66696E-4
netcloudhost4,90.0,3.00024E-4
Switch: netcloudedge1,90.0,8.00064E-4
Switch: netcloudedge2,90.0,5.66712E-4
netcloudhost2,90.0,6.6672E-4
netcloudhost3,90.0,3.66696E-4
Switch: netcloudgw,90.0,0.00116676
Switch: edgegw,90.0,0.002755872
Switch: inter2,90.0,4.33368E-4
Switch: internetgw,90.0,0.0
Switch: edge2gw,90.0,0.0
Switch: internetedge,90.0,0.0
Switch: internetcore,90.0,0.0
internethost,90.0,0.0
edgeuser3,95.0,0.0
Switch: edge2edge1,95.0,0.0
Switch: edge2core,95.0,0.0
edgeuser1,95.0,9.33408E-4
edgenode3,95.0,7.00056E-4
edgenode1,95.0,6.24712E-4
Switch: edgeedge1,95.0,9.33408E-4
Switch: edgeedge2,95.0,0.001113416
edgenode4,95.0,5.95376E-4
edgeuser2,95.0,0.001113416
Switch: edgecore,95.0,0.002606864
Switch: edgeedge3,95.0,0.001760136
edgenode2,95.0,8.00064E-4
Switch: netcloudcore,95.0,0.00116676
netcloudhost1,95.0,4.00032E-4
netcloudhost4,95.0,3.66696E-4
Switch: netcloudedge1,95.0,8.334E-4
Switch: netcloudedge2,95.0,6.33384E-4
netcloudhost2,95.0,6.33384E-4
netcloudhost3,95.0,4.00032E-4
Switch: netcloudgw,95.0,0.00116676
Switch: edgegw,95.0,0.002606864
Switch: inter2,95.0,3.66696E-4
Switch: internetgw,95.0,0.0
Switch: edge2gw,95.0,0.0
Switch: internetedge,95.0,0.0
Switch: internetcore,95.0,0.0
internethost,95.0,0.0
edgeuser3,100.0,0.0
Switch: edge2edge1,100.0,0.0
Switch: edge2core,100.0,0.0
edgeuser1,100.0,0.00113408
edgenode3,100.0,5.66712E-4
edgenode1,100.0,5.66712E-4
Switch: edgeedge1,100.0,0.00113408
Switch: edgeedge2,100.0,9.33408E-4
edgenode4,100.0,4.66704E-4
edgeuser2,100.0,9.33408E-4
Switch: edgecore,100.0,0.002432856
Switch: edgeedge3,100.0,0.001532784
edgenode2,100.0,7.3272E-4
Switch: netcloudcore,100.0,0.00100008
netcloudhost1,100.0,3.66696E-4
netcloudhost4,100.0,3.00024E-4
Switch: netcloudedge1,100.0,8.00064E-4
Switch: netcloudedge2,100.0,5.33376E-4
netcloudhost2,100.0,6.33384E-4
netcloudhost3,100.0,3.3336E-4
Switch: netcloudgw,100.0,0.00100008
Switch: edgegw,100.0,0.002432856
Switch: inter2,100.0,3.00024E-4
Switch: internetgw,100.0,0.0
Switch: edge2gw,100.0,0.0
Switch: internetedge,100.0,0.0
Switch: internetcore,100.0,0.0
internethost,100.0,0.0
edgeuser3,105.0,0.0
Switch: edge2edge1,105.0,0.0
Switch: edge2core,105.0,0.0
edgeuser1,105.0,0.001191424
edgenode3,105.0,6.33384E-4
edgenode1,105.0,6.6672E-4
Switch: edgeedge1,105.0,0.001191424
Switch: edgeedge2,105.0,0.001025744
edgenode4,105.0,5.55712E-4
edgeuser2,105.0,0.001025744
Switch: edgecore,105.0,0.002609872
Switch: edgeedge3,105.0,0.0016508
edgenode2,105.0,7.28392E-4
Switch: netcloudcore,105.0,0.001133424
netcloudhost1,105.0,3.66696E-4
netcloudhost4,105.0,3.00024E-4
Switch: netcloudedge1,105.0,8.334E-4
Switch: netcloudedge2,105.0,6.00048E-4
netcloudhost2,105.0,6.33384E-4
netcloudhost3,105.0,4.00032E-4
Switch: netcloudgw,105.0,0.001133424
Switch: edgegw,105.0,0.002609872
Switch: inter2,105.0,3.66696E-4
Switch: internetgw,105.0,0.0
Switch: edge2gw,105.0,0.0
Switch: internetedge,105.0,0.0
Switch: internetcore,105.0,0.0
internethost,105.0,0.0
edgeuser3,110.0,0.0
Switch: edge2edge1,110.0,0.0
Switch: edge2core,110.0,0.0
edgeuser1,110.0,0.001042072
edgenode3,110.0,5.8804E-4
edgenode1,110.0,6.6672E-4
Switch: edgeedge1,110.0,0.001042072
Switch: edgeedge2,110.0,0.001310104
edgenode4,110.0,5.32376E-4
edgeuser2,110.0,0.001310104
Switch: edgecore,110.0,0.0025962
Switch: edgeedge3,110.0,0.00154812
edgenode2,110.0,7.56392E-4
Switch: netcloudcore,110.0,0.001066752
netcloudhost1,110.0,3.66696E-4
netcloudhost4,110.0,3.66696E-4
Switch: netcloudedge1,110.0,8.00064E-4
Switch: netcloudedge2,110.0,5.33376E-4
netcloudhost2,110.0,7.00056E-4
netcloudhost3,110.0,3.66696E-4
Switch: netcloudgw,110.0,0.001066752
Switch: edgegw,110.0,0.0025962
Switch: inter2,110.0,3.3336E-4
Switch: internetgw,110.0,0.0
Switch: edge2gw,110.0,0.0
Switch: internetedge,110.0,0.0
Switch: internetcore,110.0,0.0
internethost,110.0,0.0
edgeuser3,115.0,0.0
Switch: edge2edge1,115.0,0.0
Switch: edge2core,115.0,0.0
edgeuser1,115.0,0.001106744
edgenode3,115.0,6.6672E-4
edgenode1,115.0,6.5672E-4
Switch: edgeedge1,115.0,0.001106744
Switch: edgeedge2,115.0,0.001102424
edgenode4,115.0,6.00048E-4
edgeuser2,115.0,0.001102424
Switch: edgecore,115.0,0.002669216
Switch: edgeedge3,115.0,0.001733472
edgenode2,115.0,8.00064E-4
Switch: netcloudcore,115.0,0.001133424
netcloudhost1,115.0,4.00032E-4
netcloudhost4,115.0,3.00024E-4
Switch: netcloudedge1,115.0,8.00064E-4
Switch: netcloudedge2,115.0,5.66712E-4
netcloudhost2,115.0,6.33384E-4
netcloudhost3,115.0,4.00032E-4
Switch: netcloudgw,115.0,0.001133424
Switch: edgegw,115.0,0.002669216
Switch: inter2,115.0,3.3336E-4
Switch: internetgw,115.0,0.0
Switch: edge2gw,115.0,0.0
Switch: internetedge,115.0,0.0
Switch: internetcore,115.0,0.0
internethost,115.0,0.0
edgeuser3,120.0,0.0
Switch: edge2edge1,120.0,0.0
Switch: edge2core,120.0,0.0
edgeuser1,120.0,0.001026072
edgenode3,120.0,6.6604E-4
edgenode1,120.0,6.00048E-4
Switch: edgeedge1,120.0,0.001026072
Switch: edgeedge2,120.0,0.001110416
edgenode4,120.0,5.0004E-4
edgeuser2,120.0,0.001110416
Switch: edgecore,120.0,0.002584192
Switch: edgeedge3,120.0,0.001616784
edgenode2,120.0,6.84056E-4
Switch: netcloudcore,120.0,0.001133424
netcloudhost1,120.0,3.66696E-4
netcloudhost4,120.0,3.3336E-4
Switch: netcloudedge1,120.0,8.00064E-4
Switch: netcloudedge2,120.0,6.00048E-4
netcloudhost2,120.0,6.33384E-4
netcloudhost3,120.0,3.66696E-4
Switch: netcloudgw,120.0,0.001133424
Switch: edgegw,120.0,0.002584192
Switch: inter2,120.0,4.00032E-4
Switch: internetgw,120.0,0.0
Switch: edge2gw,120.0,0.0
Switch: internetedge,120.0,0.0
Switch: internetcore,120.0,0.0
internethost,120.0,0.0
edgeuser3,125.0,0.0
Switch: edge2edge1,125.0,0.0
Switch: edge2core,125.0,0.0
edgeuser1,125.0,0.001066752
edgenode3,125.0,5.0004E-4
edgenode1,125.0,6.6672E-4
Switch: edgeedge1,125.0,0.001066752
Switch: edgeedge2,125.0,0.001033408
edgenode4,125.0,5.66712E-4
edgeuser2,125.0,0.001033408
Switch: edgecore,125.0,0.002195504
Switch: edgeedge3,125.0,0.001533456
edgenode2,125.0,7.00056E-4
Switch: netcloudcore,125.0,8.66736E-4
netcloudhost1,125.0,3.3336E-4
netcloudhost4,125.0,3.3336E-4
Switch: netcloudedge1,125.0,4.66704E-4
Switch: netcloudedge2,125.0,6.00048E-4
netcloudhost2,125.0,3.00024E-4
netcloudhost3,125.0,3.3336E-4
Switch: netcloudgw,125.0,8.66736E-4
Switch: edgegw,125.0,0.002195504
Switch: inter2,125.0,2.00016E-4
Switch: internetgw,125.0,0.0
Switch: edge2gw,125.0,0.0
Switch: internetedge,125.0,0.0
Switch: internetcore,125.0,0.0
internethost,125.0,0.0
edgeuser3,130.0,0.0
Switch: edge2edge1,130.0,0.0
Switch: edge2core,130.0,0.0
edgeuser1,130.0,7.93056E-4
edgenode3,130.0,4.8204E-4
edgenode1,130.0,5.79376E-4
Switch: edgeedge1,130.0,7.93056E-4
Switch: edgeedge2,130.0,8.10056E-4
edgenode4,130.0,4.33368E-4
edgeuser2,130.0,8.10056E-4
Switch: edgecore,130.0,0.002009824
Switch: edgeedge3,130.0,0.00145112
edgenode2,130.0,6.69056E-4
Switch: netcloudcore,130.0,8.334E-4
netcloudhost1,130.0,3.3336E-4
netcloudhost4,130.0,3.3336E-4
Switch: netcloudedge1,130.0,5.0004E-4
Switch: netcloudedge2,130.0,6.6672E-4
netcloudhost2,130.0,3.3336E-4
netcloudhost3,130.0,3.3336E-4
Switch: netcloudgw,130.0,8.334E-4
Switch: edgegw,130.0,0.002009824
Switch: inter2,130.0,1.6668E-4
Switch: internetgw,130.0,0.0
Switch: edge2gw,130.0,0.0
Switch: internetedge,130.0,0.0
Switch: internetcore,130.0,0.0
internethost,130.0,0.0
edgeuser3,135.0,0.0
Switch: edge2edge1,135.0,0.0
Switch: edge2core,135.0,0.0
edgeuser1,135.0,9.694E-4
edgenode3,135.0,6.00048E-4
edgenode1,135.0,7.64056E-4
Switch: edgeedge1,135.0,9.694E-4
Switch: edgeedge2,135.0,0.001233432
edgenode4,135.0,6.33384E-4
edgeuser2,135.0,0.001233432
Switch: edgecore,135.0,0.002464192
Switch: edgeedge3,135.0,0.0017308
edgenode2,135.0,7.3072E-4
Switch: netcloudcore,135.0,9.66744E-4
netcloudhost1,135.0,3.66696E-4
netcloudhost4,135.0,3.66696E-4
Switch: netcloudedge1,135.0,5.66712E-4
Switch: netcloudedge2,135.0,7.00056E-4
netcloudhost2,135.0,3.66696E-4
netcloudhost3,135.0,3.66696E-4
Switch: netcloudgw,135.0,9.66744E-4
Switch: edgegw,135.0,0.002464192
Switch: inter2,135.0,2.33352E-4
Switch: internetgw,135.0,0.0
Switch: edge2gw,135.0,0.0
Switch: internetedge,135.0,0.0
Switch: internetcore,135.0,0.0
internethost,135.0,0.0
edgeuser3,140.0,0.0
Switch: edge2edge1,140.0,0.0
Switch: edge2core,140.0,0.0
edgeuser1,140.0,0.001133424
edgenode3,140.0,6.00048E-4
edgenode1,140.0,7.33392E-4
Switch: edgeedge1,140.0,0.001133424
Switch: edgeedge2,140.0,0.001088088
edgenode4,140.0,6.33384E-4
edgeuser2,140.0,0.001088088
Switch: edgecore,140.0,0.002378192
Switch: edgeedge3,140.0,0.0016568
edgenode2,140.0,6.90056E-4
Switch: netcloudcore,140.0,9.00072E-4
netcloudhost1,140.0,3.3336E-4
netcloudhost4,140.0,3.66696E-4
Switch: netcloudedge1,140.0,5.66712E-4
Switch: netcloudedge2,140.0,6.6672E-4
netcloudhost2,140.0,3.66696E-4
netcloudhost3,140.0,3.3336E-4
Switch: netcloudgw,140.0,9.00072E-4
Switch: edgegw,140.0,0.002378192
Switch: inter2,140.0,2.33352E-4
Switch: internetgw,140.0,0.0
Switch: edge2gw,140.0,0.0
Switch: internetedge,140.0,0.0
Switch: internetcore,140.0,0.0
internethost,140.0,0.0
edgeuser3,145.0,0.0
Switch: edge2edge1,145.0,0.0
Switch: edge2core,145.0,0.0
edgeuser1,145.0,0.00122076
edgenode3,145.0,5.66712E-4
edgenode1,145.0,8.00064E-4
Switch: edgeedge1,145.0,0.00122076
Switch: edgeedge2,145.0,0.001246088
edgenode4,145.0,6.33384E-4
edgeuser2,145.0,0.001246088
Switch: edgecore,145.0,0.002639192
Switch: edgeedge3,145.0,0.001793136
edgenode2,145.0,7.93056E-4
Switch: netcloudcore,145.0,0.001033416
netcloudhost1,145.0,4.33368E-4
netcloudhost4,145.0,4.00032E-4
Switch: netcloudedge1,145.0,6.20048E-4
Switch: netcloudedge2,145.0,7.66728E-4
netcloudhost2,145.0,3.86696E-4
netcloudhost3,145.0,4.00032E-4
Switch: netcloudgw,145.0,0.001033416
Switch: edgegw,145.0,0.002639192
Switch: inter2,145.0,2.00016E-4
Switch: internetgw,145.0,0.0
Switch: edge2gw,145.0,0.0
Switch: internetedge,145.0,0.0
Switch: internetcore,145.0,0.0
internethost,145.0,0.0
edgeuser3,150.0,0.0
Switch: edge2edge1,150.0,0.0
Switch: edge2core,150.0,0.0
edgeuser1,150.0,0.00100108
edgenode3,150.0,5.33376E-4
edgenode1,150.0,6.33384E-4
Switch: edgeedge1,150.0,0.00100108
Switch: edgeedge2,150.0,8.95072E-4
edgenode4,150.0,4.66704E-4
edgeuser2,150.0,8.95072E-4
Switch: edgecore,150.0,0.002029496
Switch: edgeedge3,150.0,0.001400112
edgenode2,150.0,6.00048E-4
Switch: netcloudcore,150.0,8.00064E-4
netcloudhost1,150.0,3.00024E-4
netcloudhost4,150.0,3.00024E-4
Switch: netcloudedge1,150.0,4.66704E-4
Switch: netcloudedge2,150.0,6.33384E-4
netcloudhost2,150.0,3.16024E-4
netcloudhost3,150.0,3.3336E-4
Switch: netcloudgw,150.0,8.00064E-4
Switch: edgegw,150.0,0.002029496
Switch: inter2,150.0,1.6668E-4
Switch: internetgw,150.0,0.0
Switch: edge2gw,150.0,0.0
Switch: internetedge,150.0,0.0
Switch: internetcore,150.0,0.0
internethost,150.0,0.0
edgeuser3,155.0,0.0
Switch: edge2edge1,155.0,0.0
Switch: edge2core,155.0,0.0
edgeuser1,155.0,0.001083752
edgenode3,155.0,6.00048E-4
edgenode1,155.0,7.33392E-4
Switch: edgeedge1,155.0,0.001083752
Switch: edgeedge2,155.0,9.79744E-4
edgenode4,155.0,4.66704E-4
edgeuser2,155.0,9.79744E-4
Switch: edgecore,155.0,0.002280848
Switch: edgeedge3,155.0,0.001600128
edgenode2,155.0,7.33392E-4
Switch: netcloudcore,155.0,8.00064E-4
netcloudhost1,155.0,3.3336E-4
netcloudhost4,155.0,3.00024E-4
Switch: netcloudedge1,155.0,4.00032E-4
Switch: netcloudedge2,155.0,5.0004E-4
netcloudhost2,155.0,3.00024E-4
netcloudhost3,155.0,3.3336E-4
Switch: netcloudgw,155.0,8.00064E-4
Switch: edgegw,155.0,0.002280848
Switch: inter2,155.0,1.33344E-4
Switch: internetgw,155.0,0.0
Switch: edge2gw,155.0,0.0
Switch: internetedge,155.0,0.0
Switch: internetcore,155.0,0.0
internethost,155.0,0.0
edgeuser3,160.0,0.0
Switch: edge2edge1,160.0,0.0
Switch: edge2core,160.0,0.0
edgeuser1,160.0,0.001328432
edgenode3,160.0,6.03384E-4
edgenode1,160.0,7.44728E-4
Switch: edgeedge1,160.0,0.001328432
Switch: edgeedge2,160.0,9.96744E-4
edgenode4,160.0,6.6672E-4
edgeuser2,160.0,9.96744E-4
Switch: edgecore,160.0,0.002570208
Switch: edgeedge3,160.0,0.00180348
edgenode2,160.0,8.00064E-4
Switch: netcloudcore,160.0,0.001033416
netcloudhost1,160.0,4.00032E-4
netcloudhost4,160.0,4.33368E-4
Switch: netcloudedge1,160.0,7.33392E-4
Switch: netcloudedge2,160.0,8.00064E-4
netcloudhost2,160.0,4.33368E-4
netcloudhost3,160.0,4.00032E-4
Switch: netcloudgw,160.0,0.001033416
Switch: edgegw,160.0,0.002570208
Switch: inter2,160.0,2.33352E-4
Switch: internetgw,160.0,0.0
Switch: edge2gw,160.0,0.0
Switch: internetedge,160.0,0.0
Switch: internetcore,160.0,0.0
internethost,160.0,0.0
edgeuser3,165.0,0.0
Switch: edge2edge1,165.0,0.0
Switch: edge2core,165.0,0.0
edgeuser1,165.0,0.001252096
edgenode3,165.0,6.6672E-4
edgenode1,165.0,8.554E-4
Switch: edgeedge1,165.0,0.001252096
Switch: edgeedge2,165.0,0.001191408
edgenode4,165.0,6.5872E-4
edgeuser2,165.0,0.001191408
Switch: edgecore,165.0,0.002637864
Switch: edgeedge3,165.0,0.00182548
edgenode2,165.0,8.00064E-4
Switch: netcloudcore,165.0,0.001066752
netcloudhost1,165.0,4.33368E-4
netcloudhost4,165.0,4.00032E-4
Switch: netcloudedge1,165.0,7.00056E-4
Switch: netcloudedge2,165.0,8.00064E-4
netcloudhost2,165.0,4.00032E-4
netcloudhost3,165.0,4.33368E-4
Switch: netcloudgw,165.0,0.001066752
Switch: edgegw,165.0,0.002637864
Switch: inter2,165.0,2.00016E-4
Switch: internetgw,165.0,0.0
Switch: edge2gw,165.0,0.0
Switch: internetedge,165.0,0.0
Switch: internetcore,165.0,0.0
internethost,165.0,0.0
edgeuser3,170.0,0.0
Switch: edge2edge1,170.0,0.0
Switch: edge2core,170.0,0.0
edgeuser1,170.0,4.33368E-4
edgenode3,170.0,3.3336E-4
edgenode1,170.0,4.33368E-4
Switch: edgeedge1,170.0,4.33368E-4
Switch: edgeedge2,170.0,9.78744E-4
edgenode4,170.0,4.00032E-4
edgeuser2,170.0,9.78744E-4
Switch: edgecore,170.0,0.001445448
Switch: edgeedge3,170.0,9.66744E-4
edgenode2,170.0,4.33368E-4
Switch: netcloudcore,170.0,6.00048E-4
netcloudhost1,170.0,2.33352E-4
netcloudhost4,170.0,2.33352E-4
Switch: netcloudedge1,170.0,3.3336E-4
Switch: netcloudedge2,170.0,4.33368E-4
netcloudhost2,170.0,2.33352E-4
netcloudhost3,170.0,2.00016E-4
Switch: netcloudgw,170.0,6.00048E-4
Switch: edgegw,170.0,0.001445448
Switch: inter2,170.0,1.6668E-4
Switch: internetgw,170.0,0.0
Switch: edge2gw,170.0,0.0
Switch: internetedge,170.0,0.0
Switch: internetcore,170.0,0.0
internethost,170.0,0.0
edgeuser3,175.0,0.0
Switch: edge2edge1,175.0,0.0
Switch: edge2core,175.0,0.0
edgeuser1,175.0,0.001633464
edgenode3,175.0,7.66728E-4
edgenode1,175.0,9.00072E-4
Switch: edgeedge1,175.0,0.001633464
Switch: edgeedge2,175.0,0.001033416
edgenode4,175.0,7.00056E-4
edgeuser2,175.0,0.001033416
Switch: edgecore,175.0,0.003066912
Switch: edgeedge3,175.0,0.002233512
edgenode2,175.0,9.66744E-4
Switch: netcloudcore,175.0,0.001236432
netcloudhost1,175.0,4.66704E-4
netcloudhost4,175.0,4.69704E-4
Switch: netcloudedge1,175.0,7.66728E-4
Switch: netcloudedge2,175.0,9.03072E-4
netcloudhost2,175.0,4.66704E-4
netcloudhost3,175.0,5.0004E-4
Switch: netcloudgw,175.0,0.001236432
Switch: edgegw,175.0,0.003066912
Switch: inter2,175.0,2.69688E-4
Switch: internetgw,175.0,0.0
Switch: edge2gw,175.0,0.0
Switch: internetedge,175.0,0.0
Switch: internetcore,175.0,0.0
internethost,175.0,0.0
edgeuser3,180.0,0.0
Switch: edge2edge1,180.0,0.0
Switch: edge2core,180.0,0.0
edgeuser1,180.0,0.001130416
edgenode3,180.0,5.66712E-4
edgenode1,180.0,7.49392E-4
Switch: edgeedge1,180.0,0.001130416
Switch: edgeedge2,180.0,9.90072E-4
edgenode4,180.0,5.66712E-4
edgeuser2,180.0,9.90072E-4
Switch: edgecore,180.0,0.002391184
Switch: edgeedge3,180.0,0.0016418
edgenode2,180.0,7.08392E-4
Switch: netcloudcore,180.0,8.63736E-4
netcloudhost1,180.0,3.3336E-4
netcloudhost4,180.0,3.63696E-4
Switch: netcloudedge1,180.0,5.0004E-4
Switch: netcloudedge2,180.0,6.30384E-4
netcloudhost2,180.0,3.66696E-4
netcloudhost3,180.0,3.3336E-4
Switch: netcloudgw,180.0,8.63736E-4
Switch: edgegw,180.0,0.002391184
Switch: inter2,180.0,1.97016E-4
Switch: internetgw,180.0,0.0
Switch: edge2gw,180.0,0.0
Switch: internetedge,180.0,0.0
Switch: internetcore,180.0,0.0
internethost,180.0,0.0
edgeuser3,185.0,0.0
Switch: edge2edge1,185.0,0.0
Switch: edge2core,185.0,0.0
edgeuser1,185.0,9.98744E-4
edgenode3,185.0,4.66704E-4
edgenode1,185.0,5.84376E-4
Switch: edgeedge1,185.0,9.98744E-4
Switch: edgeedge2,185.0,8.70728E-4
edgenode4,185.0,4.66704E-4
edgeuser2,185.0,8.70728E-4
Switch: edgecore,185.0,0.001950152
Switch: edgeedge3,185.0,0.001366776
edgenode2,185.0,6.33384E-4
Switch: netcloudcore,185.0,7.66728E-4
netcloudhost1,185.0,3.3336E-4
netcloudhost4,185.0,3.00024E-4
Switch: netcloudedge1,185.0,5.0004E-4
Switch: netcloudedge2,185.0,5.66712E-4
netcloudhost2,185.0,3.00024E-4
netcloudhost3,185.0,3.00024E-4
Switch: netcloudgw,185.0,7.66728E-4
Switch: edgegw,185.0,0.001950152
Switch: inter2,185.0,1.33344E-4
Switch: internetgw,185.0,0.0
Switch: edge2gw,185.0,0.0
Switch: internetedge,185.0,0.0
Switch: internetcore,185.0,0.0
internethost,185.0,0.0
edgeuser3,190.0,0.0
Switch: edge2edge1,190.0,0.0
Switch: edge2core,190.0,0.0
edgeuser1,190.0,0.001100088
edgenode3,190.0,4.66704E-4
edgenode1,190.0,6.00048E-4
Switch: edgeedge1,190.0,0.001100088
Switch: edgeedge2,190.0,5.66712E-4
edgenode4,190.0,5.0004E-4
edgeuser2,190.0,5.66712E-4
Switch: edgecore,190.0,0.001900152
Switch: edgeedge3,190.0,0.001366776
edgenode2,190.0,6.00048E-4
Switch: netcloudcore,190.0,7.00056E-4
netcloudhost1,190.0,2.66688E-4
netcloudhost4,190.0,3.00024E-4
Switch: netcloudedge1,190.0,4.66704E-4
Switch: netcloudedge2,190.0,5.33376E-4
netcloudhost2,190.0,3.00024E-4
netcloudhost3,190.0,3.00024E-4
Switch: netcloudgw,190.0,7.00056E-4
Switch: edgegw,190.0,0.001900152
Switch: inter2,190.0,1.33344E-4
Switch: internetgw,190.0,0.0
Switch: edge2gw,190.0,0.0
Switch: internetedge,190.0,0.0
Switch: internetcore,190.0,0.0
internethost,190.0,0.0
edgeuser3,195.0,0.0
Switch: edge2edge1,195.0,0.0
Switch: edge2core,195.0,0.0
edgeuser1,195.0,0.00100008
edgenode3,195.0,4.00032E-4
edgenode1,195.0,5.66712E-4
Switch: edgeedge1,195.0,0.00100008
Switch: edgeedge2,195.0,7.33376E-4
edgenode4,195.0,3.9236E-4
edgeuser2,195.0,7.33376E-4
Switch: edgecore,195.0,0.001839136
Switch: edgeedge3,195.0,0.001233432
edgenode2,195.0,5.33376E-4
Switch: netcloudcore,195.0,7.66728E-4
netcloudhost1,195.0,2.66688E-4
netcloudhost4,195.0,2.66688E-4
Switch: netcloudedge1,195.0,4.33368E-4
Switch: netcloudedge2,195.0,4.66704E-4
netcloudhost2,195.0,2.66688E-4
netcloudhost3,195.0,3.00024E-4
Switch: netcloudgw,195.0,7.66728E-4
Switch: edgegw,195.0,0.001839136
Switch: inter2,195.0,2.00016E-4
Switch: internetgw,195.0,0.0
Switch: edge2gw,195.0,0.0
Switch: internetedge,195.0,0.0
Switch: internetcore,195.0,0.0
internethost,195.0,0.0
edgeuser3,200.0,0.0
Switch: edge2edge1,200.0,0.0
Switch: edge2core,200.0,0.0
edgeuser1,200.0,9.33408E-4
edgenode3,200.0,4.00032E-4
edgenode1,200.0,4.66704E-4
Switch: edgeedge1,200.0,9.33408E-4
Switch: edgeedge2,200.0,4.80368E-4
edgenode4,200.0,4.00032E-4
edgeuser2,200.0,4.80368E-4
Switch: edgecore,200.0,0.0017138
Switch: edgeedge3,200.0,0.001233432
edgenode2,200.0,5.66712E-4
Switch: netcloudcore,200.0,6.6672E-4
netcloudhost1,200.0,3.00024E-4
netcloudhost4,200.0,2.66688E-4
Switch: netcloudedge1,200.0,4.33368E-4
Switch: netcloudedge2,200.0,3.66696E-4
netcloudhost2,200.0,2.66688E-4
netcloudhost3,200.0,2.33352E-4
Switch: netcloudgw,200.0,6.6672E-4
Switch: edgegw,200.0,0.0017138
Switch: inter2,200.0,1.33344E-4
Switch: internetgw,200.0,0.0
Switch: edge2gw,200.0,0.0
Switch: internetedge,200.0,0.0
Switch: internetcore,200.0,0.0
internethost,200.0,0.0
edgeuser3,205.0,0.0
Switch: edge2edge1,205.0,0.0
Switch: edge2core,205.0,0.0
edgeuser1,205.0,9.54064E-4
edgenode3,205.0,7.33392E-4
edgenode1,205.0,8.00064E-4
Switch: edgeedge1,205.0,9.54064E-4
Switch: edgeedge2,205.0,0.001533448
edgenode4,205.0,5.66712E-4
edgeuser2,205.0,0.001533448
Switch: edgecore,205.0,0.002612872
Switch: edgeedge3,205.0,0.001800144
edgenode2,205.0,7.33392E-4
Switch: netcloudcore,205.0,0.001100088
netcloudhost1,205.0,4.00032E-4
netcloudhost4,205.0,4.00032E-4
Switch: netcloudedge1,205.0,5.0004E-4
Switch: netcloudedge2,205.0,7.66728E-4
netcloudhost2,205.0,4.00032E-4
netcloudhost3,205.0,4.00032E-4
Switch: netcloudgw,205.0,0.001100088
Switch: edgegw,205.0,0.002612872
Switch: inter2,205.0,3.00024E-4
Switch: internetgw,205.0,0.0
Switch: edge2gw,205.0,0.0
Switch: internetedge,205.0,0.0
Switch: internetcore,205.0,0.0
internethost,205.0,0.0
edgeuser3,210.0,0.0
Switch: edge2edge1,210.0,0.0
Switch: edge2core,210.0,0.0
edgeuser1,210.0,0.001097072
edgenode3,210.0,8.84072E-4
edgenode1,210.0,0.001044752
Switch: edgeedge1,210.0,0.001097072
Switch: edgeedge2,210.0,0.002025152
edgenode4,210.0,8.46736E-4
edgeuser2,210.0,0.002025152
Switch: edgecore,210.0,0.003503272
Switch: edgeedge3,210.0,0.002410856
edgenode2,210.0,0.00106608
Switch: netcloudcore,210.0,0.001384112
netcloudhost1,210.0,5.17376E-4
netcloudhost4,210.0,5.66712E-4
Switch: netcloudedge1,210.0,7.50728E-4
Switch: netcloudedge2,210.0,0.001033416
netcloudhost2,210.0,5.66712E-4
netcloudhost3,210.0,5.33376E-4
Switch: netcloudgw,210.0,0.001384112
Switch: edgegw,210.0,0.003503272
Switch: inter2,210.0,3.3336E-4
Switch: internetgw,210.0,0.0
Switch: edge2gw,210.0,0.0
Switch: internetedge,210.0,0.0
Switch: internetcore,210.0,0.0
internethost,210.0,0.0
edgeuser3,215.0,0.0
Switch: edge2edge1,215.0,0.0
Switch: edge2core,215.0,0.0
edgeuser1,215.0,0.001236096
edgenode3,215.0,7.66728E-4
edgenode1,215.0,8.64064E-4
Switch: edgeedge1,215.0,0.001236096
Switch: edgeedge2,215.0,0.001366776
edgenode4,215.0,5.33376E-4
edgeuser2,215.0,0.001366776
Switch: edgecore,215.0,0.002733552
Switch: edgeedge3,215.0,0.001900152
edgenode2,215.0,8.334E-4
Switch: netcloudcore,215.0,0.001066752
netcloudhost1,215.0,4.00032E-4
netcloudhost4,215.0,3.66696E-4
Switch: netcloudedge1,215.0,5.0004E-4
Switch: netcloudedge2,215.0,7.66728E-4
netcloudhost2,215.0,3.66696E-4
netcloudhost3,215.0,4.33368E-4
Switch: netcloudgw,215.0,0.001066752
Switch: edgegw,215.0,0.002733552
Switch: inter2,215.0,2.33352E-4
Switch: internetgw,215.0,0.0
Switch: edge2gw,215.0,0.0
Switch: internetedge,215.0,0.0
Switch: internetcore,215.0,0.0
internethost,215.0,0.0
edgeuser3,220.0,0.0
Switch: edge2edge1,220.0,0.0
Switch: edge2core,220.0,0.0
edgeuser1,220.0,0.001035752
edgenode3,220.0,6.13048E-4
edgenode1,220.0,6.6672E-4
Switch: edgeedge1,220.0,0.001035752
Switch: edgeedge2,220.0,8.50736E-4
edgenode4,220.0,4.00696E-4
edgeuser2,220.0,8.50736E-4
Switch: edgecore,220.0,0.002180504
Switch: edgeedge3,220.0,0.00154712
edgenode2,220.0,7.00056E-4
Switch: netcloudcore,220.0,8.66736E-4
netcloudhost1,220.0,3.66696E-4
netcloudhost4,220.0,3.66696E-4
Switch: netcloudedge1,220.0,4.33368E-4
Switch: netcloudedge2,220.0,5.66712E-4
netcloudhost2,220.0,3.66696E-4
netcloudhost3,220.0,3.3336E-4
Switch: netcloudgw,220.0,8.66736E-4
Switch: edgegw,220.0,0.002180504
Switch: inter2,220.0,1.6668E-4
Switch: internetgw,220.0,0.0
Switch: edge2gw,220.0,0.0
Switch: internetedge,220.0,0.0
Switch: internetcore,220.0,0.0
internethost,220.0,0.0
edgeuser3,225.0,0.0
Switch: edge2edge1,225.0,0.0
Switch: edge2core,225.0,0.0
edgeuser1,225.0,0.001083744
edgenode3,225.0,5.66712E-4
edgenode1,225.0,7.12392E-4
Switch: edgeedge1,225.0,0.001083744
Switch: edgeedge2,225.0,9.33408E-4
edgenode4,225.0,5.66712E-4
edgeuser2,225.0,9.33408E-4
Switch: edgecore,225.0,0.002366848
Switch: edgeedge3,225.0,0.001666792
edgenode2,225.0,7.00048E-4
Switch: netcloudcore,225.0,9.33408E-4
netcloudhost1,225.0,3.3336E-4
netcloudhost4,225.0,3.3336E-4
Switch: netcloudedge1,225.0,5.0004E-4
Switch: netcloudedge2,225.0,6.6672E-4
netcloudhost2,225.0,3.3336E-4
netcloudhost3,225.0,3.66696E-4
Switch: netcloudgw,225.0,9.33408E-4
Switch: edgegw,225.0,0.002366848
Switch: inter2,225.0,2.33352E-4
Switch: internetgw,225.0,0.0
Switch: edge2gw,225.0,0.0
Switch: internetedge,225.0,0.0
Switch: internetcore,225.0,0.0
internethost,225.0,0.0
edgeuser3,230.0,0.0
Switch: edge2edge1,230.0,0.0
Switch: edge2core,230.0,0.0
edgeuser1,230.0,0.001106744
edgenode3,230.0,6.00048E-4
edgenode1,230.0,7.00056E-4
Switch: edgeedge1,230.0,0.001106744
Switch: edgeedge2,230.0,0.001111088
edgenode4,230.0,5.33376E-4
edgeuser2,230.0,0.001111088
Switch: edgecore,230.0,0.002418856
Switch: edgeedge3,230.0,0.001689136
edgenode2,230.0,7.55728E-4
Switch: netcloudcore,230.0,9.33408E-4
netcloudhost1,230.0,3.66696E-4
netcloudhost4,230.0,4.00032E-4
Switch: netcloudedge1,230.0,5.33376E-4
Switch: netcloudedge2,230.0,6.6672E-4
netcloudhost2,230.0,4.00032E-4
netcloudhost3,230.0,3.66696E-4
Switch: netcloudgw,230.0,9.33408E-4
Switch: edgegw,230.0,0.002418856
Switch: inter2,230.0,2.00016E-4
Switch: internetgw,230.0,0.0
Switch: edge2gw,230.0,0.0
Switch: internetedge,230.0,0.0
Switch: internetcore,230.0,0.0
internethost,230.0,0.0
edgeuser3,235.0,0.0
Switch: edge2edge1,235.0,0.0
Switch: edge2core,235.0,0.0
edgeuser1,235.0,0.001029744
edgenode3,235.0,5.66712E-4
edgenode1,235.0,7.00056E-4
Switch: edgeedge1,235.0,0.001029744
Switch: edgeedge2,235.0,0.001121416
edgenode4,235.0,5.0004E-4
edgeuser2,235.0,0.001121416
Switch: edgecore,235.0,0.002223176
Switch: edgeedge3,235.0,0.00150012
edgenode2,235.0,6.33384E-4
Switch: netcloudcore,235.0,8.00064E-4
netcloudhost1,235.0,3.00024E-4
netcloudhost4,235.0,3.15688E-4
Switch: netcloudedge1,235.0,4.33368E-4
Switch: netcloudedge2,235.0,5.33376E-4
netcloudhost2,235.0,3.3336E-4
netcloudhost3,235.0,3.00024E-4
Switch: netcloudgw,235.0,8.00064E-4
Switch: edgegw,235.0,0.002223176
Switch: inter2,235.0,2.00016E-4
Switch: internetgw,235.0,0.0
Switch: edge2gw,235.0,0.0
Switch: internetedge,235.0,0.0
Switch: internetcore,235.0,0.0
internethost,235.0,0.0
edgeuser3,240.0,0.0
Switch: edge2edge1,240.0,0.0
Switch: edge2core,240.0,0.0
edgeuser1,240.0,0.00115376
edgenode3,240.0,6.20384E-4
edgenode1,240.0,7.33392E-4
Switch: edgeedge1,240.0,0.00115376
Switch: edgeedge2,240.0,9.13072E-4
edgenode4,240.0,5.66712E-4
edgeuser2,240.0,9.13072E-4
Switch: edgecore,240.0,0.002400192
Switch: edgeedge3,240.0,0.001753808
edgenode2,240.0,7.33392E-4
Switch: netcloudcore,240.0,9.66744E-4
netcloudhost1,240.0,3.66696E-4
netcloudhost4,240.0,3.3336E-4
Switch: netcloudedge1,240.0,5.0004E-4
Switch: netcloudedge2,240.0,6.33384E-4
netcloudhost2,240.0,3.3336E-4
netcloudhost3,240.0,3.66696E-4
Switch: netcloudgw,240.0,9.66744E-4
Switch: edgegw,240.0,0.002400192
Switch: inter2,240.0,2.33352E-4
Switch: internetgw,240.0,0.0
Switch: edge2gw,240.0,0.0
Switch: internetedge,240.0,0.0
Switch: internetcore,240.0,0.0
internethost,240.0,0.0
edgeuser3,245.0,0.0
Switch: edge2edge1,245.0,0.0
Switch: edge2core,245.0,0.0
edgeuser1,245.0,0.001053752
edgenode3,245.0,6.6672E-4
edgenode1,245.0,7.33392E-4
Switch: edgeedge1,245.0,0.001053752
Switch: edgeedge2,245.0,0.001079752
edgenode4,245.0,4.33368E-4
edgeuser2,245.0,0.001079752
Switch: edgecore,245.0,0.002413192
Switch: edgeedge3,245.0,0.0016668
edgenode2,245.0,7.33392E-4
Switch: netcloudcore,245.0,0.001066752
netcloudhost1,245.0,4.00032E-4
netcloudhost4,245.0,4.00032E-4
Switch: netcloudedge1,245.0,5.33376E-4
Switch: netcloudedge2,245.0,7.33392E-4
netcloudhost2,245.0,3.66696E-4
netcloudhost3,245.0,4.00032E-4
Switch: netcloudgw,245.0,0.001066752
Switch: edgegw,245.0,0.002413192
Switch: inter2,245.0,2.66688E-4
Switch: internetgw,245.0,0.0
Switch: edge2gw,245.0,0.0
Switch: internetedge,245.0,0.0
Switch: internetcore,245.0,0.0
internethost,245.0,0.0
edgeuser3,250.0,0.0
Switch: edge2edge1,250.0,0.0
Switch: edge2core,250.0,0.0
edgeuser1,250.0,0.001164424
edgenode3,250.0,4.38696E-4
edgenode1,250.0,6.6672E-4
Switch: edgeedge1,250.0,0.001164424
Switch: edgeedge2,250.0,8.40736E-4
edgenode4,250.0,5.33376E-4
edgeuser2,250.0,8.40736E-4
Switch: edgecore,250.0,0.002160168
Switch: edgeedge3,250.0,0.001521784
edgenode2,250.0,7.00056E-4
Switch: netcloudcore,250.0,8.334E-4
netcloudhost1,250.0,3.66696E-4
netcloudhost4,250.0,3.3336E-4
Switch: netcloudedge1,250.0,5.66712E-4
Switch: netcloudedge2,250.0,6.33384E-4
netcloudhost2,250.0,3.66696E-4
netcloudhost3,250.0,3.3336E-4
Switch: netcloudgw,250.0,8.334E-4
Switch: edgegw,250.0,0.002160168
Switch: inter2,250.0,1.33344E-4
Switch: internetgw,250.0,0.0
Switch: edge2gw,250.0,0.0
Switch: internetedge,250.0,0.0
Switch: internetcore,250.0,0.0
internethost,250.0,0.0
edgeuser3,255.0,0.0
Switch: edge2edge1,255.0,0.0
Switch: edge2core,255.0,0.0
edgeuser1,255.0,0.001180416
edgenode3,255.0,4.33368E-4
edgenode1,255.0,6.00048E-4
Switch: edgeedge1,255.0,0.001180416
Switch: edgeedge2,255.0,6.7572E-4
edgenode4,255.0,4.57704E-4
edgeuser2,255.0,6.7572E-4
Switch: edgecore,255.0,0.001980488
Switch: edgeedge3,255.0,0.001357776
edgenode2,255.0,6.33384E-4
Switch: netcloudcore,255.0,8.334E-4
netcloudhost1,255.0,3.3336E-4
netcloudhost4,255.0,3.3336E-4
Switch: netcloudedge1,255.0,5.66712E-4
Switch: netcloudedge2,255.0,6.33384E-4
netcloudhost2,255.0,3.3336E-4
netcloudhost3,255.0,3.3336E-4
Switch: netcloudgw,255.0,8.334E-4
Switch: edgegw,255.0,0.001980488
Switch: inter2,255.0,1.6668E-4
Switch: internetgw,255.0,0.0
Switch: edge2gw,255.0,0.0
Switch: internetedge,255.0,0.0
Switch: internetcore,255.0,0.0
internethost,255.0,0.0
edgeuser3,260.0,0.0
Switch: edge2edge1,260.0,0.0
Switch: edge2core,260.0,0.0
edgeuser1,260.0,0.00132
edgenode3,260.0,9.2E-4
edgenode1,260.0,0.00112
Switch: edgeedge1,260.0,0.00132
Switch: edgeedge2,260.0,0.00188
edgenode4,260.0,8.0E-4
edgeuser2,260.0,0.00188
Switch: edgecore,260.0,0.00356
Switch: edgeedge3,260.0,0.00248
edgenode2,260.0,0.00108
Switch: netcloudcore,260.0,0.0012
netcloudhost1,260.0,0.0
netcloudhost4,260.0,5.2E-4
Switch: netcloudedge1,260.0,4.8E-4
Switch: netcloudedge2,260.0,8.4E-4
netcloudhost2,260.0,4.8E-4
netcloudhost3,260.0,5.2E-4
Switch: netcloudgw,260.0,0.0012
Switch: edgegw,260.0,0.00356
Switch: inter2,260.0,6.8E-4
Switch: internetgw,260.0,0.0
Switch: edge2gw,260.0,0.0
Switch: internetedge,260.0,0.0
Switch: internetcore,260.0,0.0
internethost,260.0,0.0
edgeuser3,265.0,0.0
Switch: edge2edge1,265.0,0.0
Switch: edge2core,265.0,0.0
edgeuser1,265.0,0.0010804
edgenode3,265.0,9.196E-4
edgenode1,265.0,8.0E-4
Switch: edgeedge1,265.0,0.0010804
Switch: edgeedge2,265.0,0.0013676
edgenode4,265.0,6.724E-4
edgeuser2,265.0,0.0013676
Switch: edgecore,265.0,0.003212
Switch: edgeedge3,265.0,0.0023672
edgenode2,265.0,0.00108
Switch: netcloudcore,265.0,0.00104
netcloudhost1,265.0,0.0
netcloudhost4,265.0,4.0E-4
Switch: netcloudedge1,265.0,4.0E-4
Switch: netcloudedge2,265.0,7.2E-4
netcloudhost2,265.0,4.0E-4
netcloudhost3,265.0,5.6E-4
Switch: netcloudgw,265.0,0.00104
Switch: edgegw,265.0,0.003212
Switch: inter2,265.0,4.8E-4
Switch: internetgw,265.0,0.0
Switch: edge2gw,265.0,0.0
Switch: internetedge,265.0,0.0
Switch: internetcore,265.0,0.0
internethost,265.0,0.0
edgeuser3,270.0,0.0
Switch: edge2edge1,270.0,0.0
Switch: edge2core,270.0,0.0
edgeuser1,270.0,0.0012964
edgenode3,270.0,8.26E-4
edgenode1,270.0,9.6E-4
Switch: edgeedge1,270.0,0.0012964
Switch: edgeedge2,270.0,0.0015088
edgenode4,270.0,8.34E-4
edgeuser2,270.0,0.0015088
Switch: edgecore,270.0,0.0034104
Switch: edgeedge3,270.0,0.0024616
edgenode2,270.0,0.0012016
Switch: netcloudcore,270.0,0.00116
netcloudhost1,270.0,0.0
netcloudhost4,270.0,4.8E-4
Switch: netcloudedge1,270.0,4.8E-4
Switch: netcloudedge2,270.0,7.6E-4
netcloudhost2,270.0,4.8E-4
netcloudhost3,270.0,5.6E-4
Switch: netcloudgw,270.0,0.00116
Switch: edgegw,270.0,0.0034104
Switch: inter2,270.0,6.0E-4
Switch: internetgw,270.0,0.0
Switch: edge2gw,270.0,0.0
Switch: internetedge,270.0,0.0
Switch: internetcore,270.0,0.0
internethost,270.0,0.0
edgeuser3,275.0,0.0
Switch: edge2edge1,275.0,0.0
Switch: edge2core,275.0,0.0
edgeuser1,275.0,0.0014396
edgenode3,275.0,0.001
edgenode1,275.0,9.6E-4
Switch: edgeedge1,275.0,0.0014396
Switch: edgeedge2,275.0,0.0014644
edgenode4,275.0,7.876E-4
edgeuser2,275.0,0.0014644
Switch: edgecore,275.0,0.0034712
Switch: edgeedge3,275.0,0.0025236
edgenode2,275.0,0.001136
Switch: netcloudcore,275.0,0.0012
netcloudhost1,275.0,0.0
netcloudhost4,275.0,4.8E-4
Switch: netcloudedge1,275.0,5.2E-4
Switch: netcloudedge2,275.0,8.0E-4
netcloudhost2,275.0,5.2E-4
netcloudhost3,275.0,6.4E-4
Switch: netcloudgw,275.0,0.0012
Switch: edgegw,275.0,0.0034712
Switch: inter2,275.0,5.6E-4
Switch: internetgw,275.0,0.0
Switch: edge2gw,275.0,0.0
Switch: internetedge,275.0,0.0
Switch: internetcore,275.0,0.0
internethost,275.0,0.0
edgeuser3,280.0,0.0
Switch: edge2edge1,280.0,0.0
Switch: edge2core,280.0,0.0
edgeuser1,280.0,0.0013952
edgenode3,280.0,9.552E-4
edgenode1,280.0,0.001024
Switch: edgeedge1,280.0,0.0013952
Switch: edgeedge2,280.0,0.0015488
edgenode4,280.0,0.001
edgeuser2,280.0,0.0015488
Switch: edgecore,280.0,0.003376
Switch: edgeedge3,280.0,0.0024272
edgenode2,280.0,0.001112
Switch: netcloudcore,280.0,0.00104
netcloudhost1,280.0,0.0
netcloudhost4,280.0,4.8E-4
Switch: netcloudedge1,280.0,4.8E-4
Switch: netcloudedge2,280.0,7.6E-4
netcloudhost2,280.0,4.8E-4
netcloudhost3,280.0,5.2E-4
Switch: netcloudgw,280.0,0.00104
Switch: edgegw,280.0,0.003376
Switch: inter2,280.0,5.2E-4
Switch: internetgw,280.0,0.0
Switch: edge2gw,280.0,0.0
Switch: internetedge,280.0,0.0
Switch: internetcore,280.0,0.0
internethost,280.0,0.0
edgeuser3,285.0,0.0
Switch: edge2edge1,285.0,0.0
Switch: edge2core,285.0,0.0
edgeuser1,285.0,0.0011468
edgenode3,285.0,6.4E-4
edgenode1,285.0,6.4E-4
Switch: edgeedge1,285.0,0.0011468
Switch: edgeedge2,285.0,9.54E-4
edgenode4,285.0,5.6E-4
edgeuser2,285.0,9.54E-4
Switch: edgecore,285.0,0.0025616
Switch: edgeedge3,285.0,0.00184
edgenode2,285.0,8.8E-4
Switch: netcloudcore,285.0,8.4E-4
netcloudhost1,285.0,0.0
netcloudhost4,285.0,3.6E-4
Switch: netcloudedge1,285.0,3.6E-4
Switch: netcloudedge2,285.0,5.6E-4
netcloudhost2,285.0,3.6E-4
netcloudhost3,285.0,4.4E-4
Switch: netcloudgw,285.0,8.4E-4
Switch: edgegw,285.0,0.0025616
Switch: inter2,285.0,4.0E-4
Switch: internetgw,285.0,0.0
Switch: edge2gw,285.0,0.0
Switch: internetedge,285.0,0.0
Switch: internetcore,285.0,0.0
internethost,285.0,0.0
edgeuser3,290.0,0.0
Switch: edge2edge1,290.0,0.0
Switch: edge2core,290.0,0.0
edgeuser1,290.0,0.00136
edgenode3,290.0,0.001
edgenode1,290.0,0.00104
Switch: edgeedge1,290.0,0.00136
Switch: edgeedge2,290.0,0.0017272
edgenode4,290.0,9.588E-4
edgeuser2,290.0,0.0017272
Switch: edgecore,290.0,0.0038104
Switch: edgeedge3,290.0,0.0027616
edgenode2,290.0,0.00124
Switch: netcloudcore,290.0,0.00136
netcloudhost1,290.0,0.0
netcloudhost4,290.0,5.2E-4
Switch: netcloudedge1,290.0,5.2E-4
Switch: netcloudedge2,290.0,9.6E-4
netcloudhost2,290.0,5.2E-4
netcloudhost3,290.0,6.8E-4
Switch: netcloudgw,290.0,0.00136
Switch: edgegw,290.0,0.0038104
Switch: inter2,290.0,6.8E-4
Switch: internetgw,290.0,0.0
Switch: edge2gw,290.0,0.0
Switch: internetedge,290.0,0.0
Switch: internetcore,290.0,0.0
internethost,290.0,0.0
edgeuser3,295.0,0.0
Switch: edge2edge1,295.0,0.0
Switch: edge2core,295.0,0.0
edgeuser1,295.0,0.0011852
edgenode3,295.0,7.2E-4
edgenode1,295.0,8.352E-4
Switch: edgeedge1,295.0,0.0011852
Switch: edgeedge2,295.0,0.0011692
edgenode4,295.0,6.8E-4
edgeuser2,295.0,0.0011692
Switch: edgecore,295.0,0.0028196
Switch: edgeedge3,295.0,0.00204
edgenode2,295.0,9.6E-4
Switch: netcloudcore,295.0,9.6E-4
netcloudhost1,295.0,0.0
netcloudhost4,295.0,4.4E-4
Switch: netcloudedge1,295.0,4.4E-4
Switch: netcloudedge2,295.0,6.4E-4
netcloudhost2,295.0,4.4E-4
netcloudhost3,295.0,4.8E-4
Switch: netcloudgw,295.0,9.6E-4
Switch: edgegw,295.0,0.0028196
Switch: inter2,295.0,4.8E-4
Switch: internetgw,295.0,0.0
Switch: edge2gw,295.0,0.0
Switch: internetedge,295.0,0.0
Switch: internetcore,295.0,0.0
internethost,295.0,0.0
edgeuser3,300.0,0.0
Switch: edge2edge1,300.0,0.0
Switch: edge2core,300.0,0.0
edgeuser1,300.0,0.0015956
edgenode3,300.0,0.001
edgenode1,300.0,0.0010084
Switch: edgeedge1,300.0,0.0015956
Switch: edgeedge2,300.0,0.0016476
edgenode4,300.0,9.2E-4
edgeuser2,300.0,0.0016476
Switch: edgecore,300.0,0.0034856
Switch: edgeedge3,300.0,0.0024456
edgenode2,300.0,0.0011624
Switch: netcloudcore,300.0,0.001054
netcloudhost1,300.0,0.0
netcloudhost4,300.0,4.8E-4
Switch: netcloudedge1,300.0,4.8E-4
Switch: netcloudedge2,300.0,7.74E-4
netcloudhost2,300.0,4.8E-4
netcloudhost3,300.0,5.74E-4
Switch: netcloudgw,300.0,0.001054
Switch: edgegw,300.0,0.0034856
Switch: inter2,300.0,4.8E-4
Switch: internetgw,300.0,0.0
Switch: edge2gw,300.0,0.0
Switch: internetedge,300.0,0.0
Switch: internetcore,300.0,0.0
internethost,300.0,0.0
edgeuser3,305.0,0.0
Switch: edge2edge1,305.0,0.0
Switch: edge2core,305.0,0.0
edgeuser1,305.0,9.568E-4
edgenode3,305.0,8.4E-4
edgenode1,305.0,8.144E-4
Switch: edgeedge1,305.0,9.568E-4
Switch: edgeedge2,305.0,0.0012184
edgenode4,305.0,7.6E-4
edgeuser2,305.0,0.0012184
Switch: edgecore,305.0,0.0030792
Switch: edgeedge3,305.0,0.0022968
edgenode2,305.0,0.0011
Switch: netcloudcore,305.0,0.00104
netcloudhost1,305.0,0.0
netcloudhost4,305.0,4.4E-4
Switch: netcloudedge1,305.0,4.0E-4
Switch: netcloudedge2,305.0,7.6E-4
netcloudhost2,305.0,4.0E-4
netcloudhost3,305.0,5.2E-4
Switch: netcloudgw,305.0,0.00104
Switch: edgegw,305.0,0.0030792
Switch: inter2,305.0,5.2E-4
Switch: internetgw,305.0,0.0
Switch: edge2gw,305.0,0.0
Switch: internetedge,305.0,0.0
Switch: internetcore,305.0,0.0
internethost,305.0,0.0
edgeuser3,310.0,0.0
Switch: edge2edge1,310.0,0.0
Switch: edge2core,310.0,0.0
edgeuser1,310.0,0.00124
edgenode3,310.0,8.736E-4
edgenode1,310.0,8.4E-4
Switch: edgeedge1,310.0,0.00124
Switch: edgeedge2,310.0,0.0013644
edgenode4,310.0,6.4E-4
edgeuser2,310.0,0.0013644
Switch: edgecore,310.0,0.002878
Switch: edgeedge3,310.0,0.0020336
edgenode2,310.0,9.2E-4
Switch: netcloudcore,310.0,9.2E-4
netcloudhost1,310.0,0.0
netcloudhost4,310.0,4.0E-4
Switch: netcloudedge1,310.0,4.4E-4
Switch: netcloudedge2,310.0,7.2E-4
netcloudhost2,310.0,4.4E-4
netcloudhost3,310.0,4.4E-4
Switch: netcloudgw,310.0,9.2E-4
Switch: edgegw,310.0,0.002878
Switch: inter2,310.0,4.8E-4
Switch: internetgw,310.0,0.0
Switch: edge2gw,310.0,0.0
Switch: internetedge,310.0,0.0
Switch: internetcore,310.0,0.0
internethost,310.0,0.0
edgeuser3,315.0,0.0
Switch: edge2edge1,315.0,0.0
Switch: edge2core,315.0,0.0
edgeuser1,315.0,0.00124
edgenode3,315.0,6.96E-4
edgenode1,315.0,7.6E-4
Switch: edgeedge1,315.0,0.00124
Switch: edgeedge2,315.0,9.6E-4
edgenode4,315.0,7.04E-4
edgeuser2,315.0,9.6E-4
Switch: edgecore,315.0,0.00292
Switch: edgeedge3,315.0,0.00216
edgenode2,315.0,0.00104
Switch: netcloudcore,315.0,0.001
netcloudhost1,315.0,0.0
netcloudhost4,315.0,4.0E-4
Switch: netcloudedge1,315.0,4.0E-4
Switch: netcloudedge2,315.0,7.2E-4
netcloudhost2,315.0,4.0E-4
netcloudhost3,315.0,5.2E-4
Switch: netcloudgw,315.0,0.001
Switch: edgegw,315.0,0.00292
Switch: inter2,315.0,4.8E-4
Switch: internetgw,315.0,0.0
Switch: edge2gw,315.0,0.0
Switch: internetedge,315.0,0.0
Switch: internetcore,315.0,0.0
internethost,315.0,0.0
edgeuser3,320.0,0.0
Switch: edge2edge1,320.0,0.0
Switch: edge2core,320.0,0.0
edgeuser1,320.0,0.001082
edgenode3,320.0,6.0E-4
edgenode1,320.0,8.28E-4
Switch: edgeedge1,320.0,0.001082
Switch: edgeedge2,320.0,0.0013848
edgenode4,320.0,5.6E-4
edgeuser2,320.0,0.0013848
Switch: edgecore,320.0,0.0025328
Switch: edgeedge3,320.0,0.00168
edgenode2,320.0,7.6E-4
Switch: netcloudcore,320.0,8.8E-4
netcloudhost1,320.0,0.0
netcloudhost4,320.0,4.0E-4
Switch: netcloudedge1,320.0,4.0E-4
Switch: netcloudedge2,320.0,5.2E-4
netcloudhost2,320.0,4.0E-4
netcloudhost3,320.0,3.6E-4
Switch: netcloudgw,320.0,8.8E-4
Switch: edgegw,320.0,0.0025328
Switch: inter2,320.0,5.2E-4
Switch: internetgw,320.0,0.0
Switch: edge2gw,320.0,0.0
Switch: internetedge,320.0,0.0
Switch: internetcore,320.0,0.0
internethost,320.0,0.0
edgeuser3,325.0,0.0
Switch: edge2edge1,325.0,0.0
Switch: edge2core,325.0,0.0
edgeuser1,325.0,0.001332
edgenode3,325.0,0.00104
edgenode1,325.0,9.2E-4
Switch: edgeedge1,325.0,0.001332
Switch: edgeedge2,325.0,0.0014608
edgenode4,325.0,9.172E-4
edgeuser2,325.0,0.0014608
Switch: edgecore,325.0,0.003596
Switch: edgeedge3,325.0,0.0026744
edgenode2,325.0,0.0011972
Switch: netcloudcore,325.0,0.00112
netcloudhost1,325.0,0.0
netcloudhost4,325.0,4.4E-4
Switch: netcloudedge1,325.0,4.4E-4
Switch: netcloudedge2,325.0,8.4E-4
netcloudhost2,325.0,4.4E-4
netcloudhost3,325.0,6.0E-4
Switch: netcloudgw,325.0,0.00112
Switch: edgegw,325.0,0.003596
Switch: inter2,325.0,5.2E-4
Switch: internetgw,325.0,0.0
Switch: edge2gw,325.0,0.0
Switch: internetedge,325.0,0.0
Switch: internetcore,325.0,0.0
internethost,325.0,0.0
edgeuser3,330.0,0.0
Switch: edge2edge1,330.0,0.0
Switch: edge2core,330.0,0.0
edgeuser1,330.0,0.001064
edgenode3,330.0,9.2E-4
edgenode1,330.0,9.2E-4
Switch: edgeedge1,330.0,0.001064
Switch: edgeedge2,330.0,0.0016308
edgenode4,330.0,7.516E-4
edgeuser2,330.0,0.0016308
Switch: edgecore,330.0,0.0035536
Switch: edgeedge3,330.0,0.0026336
edgenode2,330.0,0.0011936
Switch: netcloudcore,330.0,0.00132
netcloudhost1,330.0,0.0
netcloudhost4,330.0,5.2E-4
Switch: netcloudedge1,330.0,5.2E-4
Switch: netcloudedge2,330.0,9.2E-4
netcloudhost2,330.0,5.2E-4
netcloudhost3,330.0,6.4E-4
Switch: netcloudgw,330.0,0.00132
Switch: edgegw,330.0,0.0035536
Switch: inter2,330.0,6.8E-4
Switch: internetgw,330.0,0.0
Switch: edge2gw,330.0,0.0
Switch: internetedge,330.0,0.0
Switch: internetcore,330.0,0.0
internethost,330.0,0.0
edgeuser3,335.0,0.0
Switch: edge2edge1,335.0,0.0
Switch: edge2core,335.0,0.0
edgeuser1,335.0,0.0012816
edgenode3,335.0,8.264E-4
edgenode1,335.0,8.784E-4
Switch: edgeedge1,335.0,0.0012816
Switch: edgeedge2,335.0,0.0013768
edgenode4,335.0,6.8E-4
edgeuser2,335.0,0.0013768
Switch: edgecore,335.0,0.002908
Switch: edgeedge3,335.0,0.0020648
edgenode2,335.0,8.784E-4
Switch: netcloudcore,335.0,9.888E-4
netcloudhost1,335.0,0.0
netcloudhost4,335.0,4.0E-4
Switch: netcloudedge1,335.0,3.888E-4
Switch: netcloudedge2,335.0,7.2E-4
netcloudhost2,335.0,3.888E-4
netcloudhost3,335.0,4.8E-4
Switch: netcloudgw,335.0,9.888E-4
Switch: edgegw,335.0,0.002908
Switch: inter2,335.0,5.088E-4
Switch: internetgw,335.0,0.0
Switch: edge2gw,335.0,0.0
Switch: internetedge,335.0,0.0
Switch: internetcore,335.0,0.0
internethost,335.0,0.0
edgeuser3,340.0,0.0
Switch: edge2edge1,340.0,0.0
Switch: edge2core,340.0,0.0
edgeuser1,340.0,0.001566
edgenode3,340.0,8.756E-4
edgenode1,340.0,0.0011516
Switch: edgeedge1,340.0,0.001566
Switch: edgeedge2,340.0,0.0013264
edgenode4,340.0,9.38E-4
edgeuser2,340.0,0.0013264
Switch: edgecore,340.0,0.0032344
Switch: edgeedge3,340.0,0.0026536
edgenode2,340.0,0.00128
Switch: netcloudcore,340.0,8.4E-4
netcloudhost1,340.0,0.0
netcloudhost4,340.0,0.0
Switch: netcloudedge1,340.0,5.6E-4
Switch: netcloudedge2,340.0,6.0E-4
netcloudhost2,340.0,5.6E-4
netcloudhost3,340.0,6.0E-4
Switch: netcloudgw,340.0,8.4E-4
Switch: edgegw,340.0,0.0032344
Switch: inter2,340.0,2.4E-4
Switch: internetgw,340.0,0.0
Switch: edge2gw,340.0,0.0
Switch: internetedge,340.0,0.0
Switch: internetcore,340.0,0.0
internethost,340.0,0.0
edgeuser3,345.0,0.0
Switch: edge2edge1,345.0,0.0
Switch: edge2core,345.0,0.0
edgeuser1,345.0,0.0014904
edgenode3,345.0,9.496E-4
edgenode1,345.0,0.0011172
Switch: edgeedge1,345.0,0.0014904
Switch: edgeedge2,345.0,0.00112
edgenode4,345.0,8.264E-4
edgeuser2,345.0,0.00112
Switch: edgecore,345.0,0.003172
Switch: edgeedge3,345.0,0.0026544
edgenode2,345.0,0.0011524
Switch: netcloudcore,345.0,8.4E-4
netcloudhost1,345.0,0.0
netcloudhost4,345.0,0.0
Switch: netcloudedge1,345.0,5.6E-4
Switch: netcloudedge2,345.0,5.6E-4
netcloudhost2,345.0,5.6E-4
netcloudhost3,345.0,5.6E-4
Switch: netcloudgw,345.0,8.4E-4
Switch: edgegw,345.0,0.003172
Switch: inter2,345.0,2.8E-4
Switch: internetgw,345.0,0.0
Switch: edge2gw,345.0,0.0
Switch: internetedge,345.0,0.0
Switch: internetcore,345.0,0.0
internethost,345.0,0.0
edgeuser3,350.0,0.0
Switch: edge2edge1,350.0,0.0
Switch: edge2core,350.0,0.0
edgeuser1,350.0,0.001286
edgenode3,350.0,8.4E-4
edgenode1,350.0,0.001034
Switch: edgeedge1,350.0,0.001286
Switch: edgeedge2,350.0,0.001274
edgenode4,350.0,7.6E-4
edgeuser2,350.0,0.001274
Switch: edgecore,350.0,0.002834
Switch: edgeedge3,350.0,0.00232
edgenode2,350.0,0.00104
Switch: netcloudcore,350.0,8.4E-4
netcloudhost1,350.0,0.0
netcloudhost4,350.0,0.0
Switch: netcloudedge1,350.0,5.2E-4
Switch: netcloudedge2,350.0,5.2E-4
netcloudhost2,350.0,5.2E-4
netcloudhost3,350.0,5.2E-4
Switch: netcloudgw,350.0,8.4E-4
Switch: edgegw,350.0,0.002834
Switch: inter2,350.0,3.2E-4
Switch: internetgw,350.0,0.0
Switch: edge2gw,350.0,0.0
Switch: internetedge,350.0,0.0
Switch: internetcore,350.0,0.0
internethost,350.0,0.0
edgeuser3,355.0,0.0
Switch: edge2edge1,355.0,0.0
Switch: edge2core,355.0,0.0
edgeuser1,355.0,0.001264
edgenode3,355.0,8.8E-4
edgenode1,355.0,0.001056
Switch: edgeedge1,355.0,0.001264
Switch: edgeedge2,355.0,0.0014
edgenode4,355.0,8.0E-4
edgeuser2,355.0,0.0014
Switch: edgecore,355.0,0.0030412
Switch: edgeedge3,355.0,0.002456
edgenode2,355.0,0.00108
Switch: netcloudcore,355.0,8.0E-4
netcloudhost1,355.0,0.0
netcloudhost4,355.0,0.0
Switch: netcloudedge1,355.0,4.8E-4
Switch: netcloudedge2,355.0,5.2E-4
netcloudhost2,355.0,4.8E-4
netcloudhost3,355.0,5.2E-4
Switch: netcloudgw,355.0,8.0E-4
Switch: edgegw,355.0,0.0030412
Switch: inter2,355.0,2.8E-4
Switch: internetgw,355.0,0.0
Switch: edge2gw,355.0,0.0
Switch: internetedge,355.0,0.0
Switch: internetcore,355.0,0.0
internethost,355.0,0.0
edgeuser3,360.0,0.0
Switch: edge2edge1,360.0,0.0
Switch: edge2core,360.0,0.0
edgeuser1,360.0,0.0012452
edgenode3,360.0,9.272E-4
edgenode1,360.0,0.001118
Switch: edgeedge1,360.0,0.0012452
Switch: edgeedge2,360.0,0.0013948
edgenode4,360.0,8.8E-4
edgeuser2,360.0,0.0013948
Switch: edgecore,360.0,0.003002
Switch: edgeedge3,360.0,0.00252
edgenode2,360.0,0.00116
Switch: netcloudcore,360.0,9.2E-4
netcloudhost1,360.0,0.0
netcloudhost4,360.0,0.0
Switch: netcloudedge1,360.0,6.4E-4
Switch: netcloudedge2,360.0,6.0E-4
netcloudhost2,360.0,6.4E-4
netcloudhost3,360.0,6.0E-4
Switch: netcloudgw,360.0,9.2E-4
Switch: edgegw,360.0,0.003002
Switch: inter2,360.0,3.2E-4
Switch: internetgw,360.0,0.0
Switch: edge2gw,360.0,0.0
Switch: internetedge,360.0,0.0
Switch: internetcore,360.0,0.0
internethost,360.0,0.0
edgeuser3,365.0,0.0
Switch: edge2edge1,365.0,0.0
Switch: edge2core,365.0,0.0
edgeuser1,365.0,3.588E-4
edgenode3,365.0,5.456E-4
edgenode1,365.0,5.884E-4
Switch: edgeedge1,365.0,3.588E-4
Switch: edgeedge2,365.0,9.6E-4
edgenode4,365.0,4.888E-4
edgeuser2,365.0,9.6E-4
Switch: edgecore,365.0,0.00186
Switch: edgeedge3,365.0,0.00154
edgenode2,365.0,6.488E-4
Switch: netcloudcore,365.0,6.0E-4
netcloudhost1,365.0,0.0
netcloudhost4,365.0,0.0
Switch: netcloudedge1,365.0,3.2E-4
Switch: netcloudedge2,365.0,3.6E-4
netcloudhost2,365.0,3.2E-4
netcloudhost3,365.0,3.6E-4
Switch: netcloudgw,365.0,6.0E-4
Switch: edgegw,365.0,0.00186
Switch: inter2,365.0,2.4E-4
Switch: internetgw,365.0,0.0
Switch: edge2gw,365.0,0.0
Switch: internetedge,365.0,0.0
Switch: internetcore,365.0,0.0
internethost,365.0,0.0
edgeuser3,370.0,0.0
Switch: edge2edge1,370.0,0.0
Switch: edge2core,370.0,0.0
edgeuser1,370.0,0.0019012
edgenode3,370.0,9.98E-4
edgenode1,370.0,0.0012856
Switch: edgeedge1,370.0,0.0019012
Switch: edgeedge2,370.0,0.0014532
edgenode4,370.0,0.00108
edgeuser2,370.0,0.0014532
Switch: edgecore,370.0,0.0034112
Switch: edgeedge3,370.0,0.002798
edgenode2,370.0,0.00128
Switch: netcloudcore,370.0,8.8E-4
netcloudhost1,370.0,0.0
netcloudhost4,370.0,0.0
Switch: netcloudedge1,370.0,6.4E-4
Switch: netcloudedge2,370.0,6.0E-4
netcloudhost2,370.0,6.4E-4
netcloudhost3,370.0,6.0E-4
Switch: netcloudgw,370.0,8.8E-4
Switch: edgegw,370.0,0.0034112
Switch: inter2,370.0,2.8E-4
Switch: internetgw,370.0,0.0
Switch: edge2gw,370.0,0.0
Switch: internetedge,370.0,0.0
Switch: internetcore,370.0,0.0
internethost,370.0,0.0
edgeuser3,375.0,0.0
Switch: edge2edge1,375.0,0.0
Switch: edge2core,375.0,0.0
edgeuser1,375.0,0.0013016
edgenode3,375.0,8.8E-4
edgenode1,375.0,0.00108
Switch: edgeedge1,375.0,0.0013016
Switch: edgeedge2,375.0,0.0011896
edgenode4,375.0,7.6E-4
edgeuser2,375.0,0.0011896
Switch: edgecore,375.0,0.002798
Switch: edgeedge3,375.0,0.00232
edgenode2,375.0,0.001
Switch: netcloudcore,375.0,7.6E-4
netcloudhost1,375.0,0.0
netcloudhost4,375.0,0.0
Switch: netcloudedge1,375.0,4.8E-4
Switch: netcloudedge2,375.0,4.8E-4
netcloudhost2,375.0,4.8E-4
netcloudhost3,375.0,4.8E-4
Switch: netcloudgw,375.0,7.6E-4
Switch: edgegw,375.0,0.002798
Switch: inter2,375.0,2.8E-4
Switch: internetgw,375.0,0.0
Switch: edge2gw,375.0,0.0
Switch: internetedge,375.0,0.0
Switch: internetcore,375.0,0.0
internethost,375.0,0.0
edgeuser3,380.0,0.0
Switch: edge2edge1,380.0,0.0
Switch: edge2core,380.0,0.0
edgeuser1,380.0,0.0010796
edgenode3,380.0,0.00104
edgenode1,380.0,0.0010464
Switch: edgeedge1,380.0,0.0010796
Switch: edgeedge2,380.0,0.0015552
edgenode4,380.0,8.4E-4
edgeuser2,380.0,0.0015552
Switch: edgecore,380.0,0.0031464
Switch: edgeedge3,380.0,0.0026064
edgenode2,380.0,0.00108
Switch: netcloudcore,380.0,0.001
netcloudhost1,380.0,0.0
netcloudhost4,380.0,0.0
Switch: netcloudedge1,380.0,5.6E-4
Switch: netcloudedge2,380.0,6.0E-4
netcloudhost2,380.0,5.6E-4
netcloudhost3,380.0,6.0E-4
Switch: netcloudgw,380.0,0.001
Switch: edgegw,380.0,0.0031464
Switch: inter2,380.0,4.0E-4
Switch: internetgw,380.0,0.0
Switch: edge2gw,380.0,0.0
Switch: internetedge,380.0,0.0
Switch: internetcore,380.0,0.0
internethost,380.0,0.0
edgeuser3,385.0,0.0
Switch: edge2edge1,385.0,0.0
Switch: edge2core,385.0,0.0
edgeuser1,385.0,0.00156
edgenode3,385.0,8.8E-4
edgenode1,385.0,0.00112
Switch: edgeedge1,385.0,0.00156
Switch: edgeedge2,385.0,0.0013204
edgenode4,385.0,9.996E-4
edgeuser2,385.0,0.0013204
Switch: edgecore,385.0,0.00312
Switch: edgeedge3,385.0,0.00256
edgenode2,385.0,0.0012
Switch: netcloudcore,385.0,8.0E-4
netcloudhost1,385.0,0.0
netcloudhost4,385.0,0.0
Switch: netcloudedge1,385.0,5.6E-4
Switch: netcloudedge2,385.0,5.6E-4
netcloudhost2,385.0,5.6E-4
netcloudhost3,385.0,5.6E-4
Switch: netcloudgw,385.0,8.0E-4
Switch: edgegw,385.0,0.00312
Switch: inter2,385.0,2.4E-4
Switch: internetgw,385.0,0.0
Switch: edge2gw,385.0,0.0
Switch: internetedge,385.0,0.0
Switch: internetcore,385.0,0.0
internethost,385.0,0.0
edgeuser3,390.0,0.0
Switch: edge2edge1,390.0,0.0
Switch: edge2core,390.0,0.0
edgeuser1,390.0,0.0011524
edgenode3,390.0,8.4E-4
edgenode1,390.0,0.0010224
Switch: edgeedge1,390.0,0.0011524
Switch: edgeedge2,390.0,0.0012904
edgenode4,390.0,8.4E-4
edgeuser2,390.0,0.0012904
Switch: edgecore,390.0,0.0028696
Switch: edgeedge3,390.0,0.0023496
edgenode2,390.0,9.896E-4
Switch: netcloudcore,390.0,8.4E-4
netcloudhost1,390.0,0.0
netcloudhost4,390.0,0.0
Switch: netcloudedge1,390.0,5.6E-4
Switch: netcloudedge2,390.0,5.2E-4
netcloudhost2,390.0,5.6E-4
netcloudhost3,390.0,5.2E-4
Switch: netcloudgw,390.0,8.4E-4
Switch: edgegw,390.0,0.0028696
Switch: inter2,390.0,3.2E-4
Switch: internetgw,390.0,0.0
Switch: edge2gw,390.0,0.0
Switch: internetedge,390.0,0.0
Switch: internetcore,390.0,0.0
internethost,390.0,0.0
edgeuser3,395.0,0.0
Switch: edge2edge1,395.0,0.0
Switch: edge2core,395.0,0.0
edgeuser1,395.0,0.0012
edgenode3,395.0,8.8E-4
edgenode1,395.0,0.0010212
Switch: edgeedge1,395.0,0.0012
Switch: edgeedge2,395.0,0.0013788
edgenode4,395.0,8.0E-4
edgeuser2,395.0,0.0013788
Switch: edgecore,395.0,0.0028288
Switch: edgeedge3,395.0,0.0023088
edgenode2,395.0,0.0010288
Switch: netcloudcore,395.0,7.82E-4
netcloudhost1,395.0,0.0
netcloudhost4,395.0,0.0
Switch: netcloudedge1,395.0,5.42E-4
Switch: netcloudedge2,395.0,5.2E-4
netcloudhost2,395.0,5.42E-4
netcloudhost3,395.0,5.2E-4
Switch: netcloudgw,395.0,7.82E-4
Switch: edgegw,395.0,0.0028288
Switch: inter2,395.0,2.62E-4
Switch: internetgw,395.0,0.0
Switch: edge2gw,395.0,0.0
Switch: internetedge,395.0,0.0
Switch: internetcore,395.0,0.0
internethost,395.0,0.0
edgeuser3,400.0,0.0
Switch: edge2edge1,400.0,0.0
Switch: edge2core,400.0,0.0
edgeuser1,400.0,0.001304
edgenode3,400.0,8.4E-4
edgenode1,400.0,0.00104
Switch: edgeedge1,400.0,0.001304
Switch: edgeedge2,400.0,0.0013444
edgenode4,400.0,8.8E-4
edgeuser2,400.0,0.0013444
Switch: edgecore,400.0,0.0029512
Switch: edgeedge3,400.0,0.0024028
edgenode2,400.0,0.0010828
Switch: netcloudcore,400.0,8.0E-4
netcloudhost1,400.0,0.0
netcloudhost4,400.0,0.0
Switch: netcloudedge1,400.0,4.8E-4
Switch: netcloudedge2,400.0,5.6E-4
netcloudhost2,400.0,4.8E-4
netcloudhost3,400.0,5.6E-4
Switch: netcloudgw,400.0,8.0E-4
Switch: edgegw,400.0,0.0029512
Switch: inter2,400.0,2.4E-4
Switch: internetgw,400.0,0.0
Switch: edge2gw,400.0,0.0
Switch: internetedge,400.0,0.0
Switch: internetcore,400.0,0.0
internethost,400.0,0.0
edgeuser3,405.0,0.0
Switch: edge2edge1,405.0,0.0
Switch: edge2core,405.0,0.0
edgeuser1,405.0,0.0013944
edgenode3,405.0,9.6E-4
edgenode1,405.0,0.00112
Switch: edgeedge1,405.0,0.0013944
Switch: edgeedge2,405.0,0.001274
edgenode4,405.0,8.516E-4
edgeuser2,405.0,0.001274
Switch: edgecore,405.0,0.0028784
Switch: edgeedge3,405.0,0.0023552
edgenode2,405.0,0.001
Switch: netcloudcore,405.0,7.6E-4
netcloudhost1,405.0,0.0
netcloudhost4,405.0,0.0
Switch: netcloudedge1,405.0,5.6E-4
Switch: netcloudedge2,405.0,5.2E-4
netcloudhost2,405.0,5.6E-4
netcloudhost3,405.0,5.2E-4
Switch: netcloudgw,405.0,7.6E-4
Switch: edgegw,405.0,0.0028784
Switch: inter2,405.0,2.4E-4
Switch: internetgw,405.0,0.0
Switch: edge2gw,405.0,0.0
Switch: internetedge,405.0,0.0
Switch: internetcore,405.0,0.0
internethost,405.0,0.0
edgeuser3,410.0,0.0
Switch: edge2edge1,410.0,0.0
Switch: edge2core,410.0,0.0
edgeuser1,410.0,0.001572
edgenode3,410.0,9.2E-4
edgenode1,410.0,0.00112
Switch: edgeedge1,410.0,0.001572
Switch: edgeedge2,410.0,0.00128
edgenode4,410.0,9.076E-4
edgeuser2,410.0,0.00128
Switch: edgecore,410.0,0.003028
Switch: edgeedge3,410.0,0.002468
edgenode2,410.0,0.00112
Switch: netcloudcore,410.0,8.0E-4
netcloudhost1,410.0,0.0
netcloudhost4,410.0,0.0
Switch: netcloudedge1,410.0,5.2E-4
Switch: netcloudedge2,410.0,5.2E-4
netcloudhost2,410.0,5.2E-4
netcloudhost3,410.0,5.2E-4
Switch: netcloudgw,410.0,8.0E-4
Switch: edgegw,410.0,0.003028
Switch: inter2,410.0,2.8E-4
Switch: internetgw,410.0,0.0
Switch: edge2gw,410.0,0.0
Switch: internetedge,410.0,0.0
Switch: internetcore,410.0,0.0
internethost,410.0,0.0
edgeuser3,415.0,0.0
Switch: edge2edge1,415.0,0.0
Switch: edge2core,415.0,0.0
edgeuser1,415.0,8.436E-4
edgenode3,415.0,9.6E-4
edgenode1,415.0,0.0010916
Switch: edgeedge1,415.0,8.436E-4
Switch: edgeedge2,415.0,0.0017448
edgenode4,415.0,8.0E-4
edgeuser2,415.0,0.0017448
Switch: edgecore,415.0,0.0031364
Switch: edgeedge3,415.0,0.0025524
edgenode2,415.0,0.0011216
Switch: netcloudcore,415.0,9.2E-4
netcloudhost1,415.0,0.0
netcloudhost4,415.0,0.0
Switch: netcloudedge1,415.0,5.6E-4
Switch: netcloudedge2,415.0,6.0E-4
netcloudhost2,415.0,5.6E-4
netcloudhost3,415.0,6.0E-4
Switch: netcloudgw,415.0,9.2E-4
Switch: edgegw,415.0,0.0031364
Switch: inter2,415.0,3.2E-4
Switch: internetgw,415.0,0.0
Switch: edge2gw,415.0,0.0
Switch: internetedge,415.0,0.0
Switch: internetcore,415.0,0.0
internethost,415.0,0.0
edgeuser3,420.0,0.0
Switch: edge2edge1,420.0,0.0
Switch: edge2core,420.0,0.0
edgeuser1,420.0,0.0018264
edgenode3,420.0,7.6E-4
edgenode1,420.0,0.00112
Switch: edgeedge1,420.0,0.0018264
Switch: edgeedge2,420.0,0.00128
edgenode4,420.0,8.512E-4
edgeuser2,420.0,0.00128
Switch: edgecore,420.0,0.00272
Switch: edgeedge3,420.0,0.00212
edgenode2,420.0,8.8E-4
Switch: netcloudcore,420.0,7.6E-4
netcloudhost1,420.0,0.0
netcloudhost4,420.0,0.0
Switch: netcloudedge1,420.0,5.6E-4
Switch: netcloudedge2,420.0,4.4E-4
netcloudhost2,420.0,5.6E-4
netcloudhost3,420.0,4.4E-4
Switch: netcloudgw,420.0,7.6E-4
Switch: edgegw,420.0,0.00272
Switch: inter2,420.0,3.2E-4
Switch: internetgw,420.0,0.0
Switch: edge2gw,420.0,0.0
Switch: internetedge,420.0,0.0
Switch: internetcore,420.0,0.0
internethost,420.0,0.0
edgeuser3,425.0,0.0
Switch: edge2edge1,425.0,0.0
Switch: edge2core,425.0,0.0
edgeuser1,425.0,0.00128
edgenode3,425.0,0.00112
edgenode1,425.0,0.0011964
Switch: edgeedge1,425.0,0.00128
Switch: edgeedge2,425.0,0.0013496
edgenode4,425.0,0.00108
edgeuser2,425.0,0.0013496
Switch: edgecore,425.0,0.003618
Switch: edgeedge3,425.0,0.00308
edgenode2,425.0,0.0014
Switch: netcloudcore,425.0,9.2E-4
netcloudhost1,425.0,0.0
netcloudhost4,425.0,0.0
Switch: netcloudedge1,425.0,6.0E-4
Switch: netcloudedge2,425.0,6.8E-4
netcloudhost2,425.0,6.0E-4
netcloudhost3,425.0,6.8E-4
Switch: netcloudgw,425.0,9.2E-4
Switch: edgegw,425.0,0.003618
Switch: inter2,425.0,2.4E-4
Switch: internetgw,425.0,0.0
Switch: edge2gw,425.0,0.0
Switch: internetedge,425.0,0.0
Switch: internetcore,425.0,0.0
internethost,425.0,0.0
edgeuser3,430.0,0.0
Switch: edge2edge1,430.0,0.0
Switch: edge2core,430.0,0.0
edgeuser1,430.0,0.001106
edgenode3,430.0,7.76E-4
edgenode1,430.0,8.664E-4
Switch: edgeedge1,430.0,0.001106
Switch: edgeedge2,430.0,0.0013316
edgenode4,430.0,7.504E-4
edgeuser2,430.0,0.0013316
Switch: edgecore,430.0,0.0023404
Switch: edgeedge3,430.0,0.0018864
edgenode2,430.0,8.8E-4
Switch: netcloudcore,430.0,7.2E-4
netcloudhost1,430.0,0.0
netcloudhost4,430.0,0.0
Switch: netcloudedge1,430.0,4.8E-4
Switch: netcloudedge2,430.0,4.4E-4
netcloudhost2,430.0,4.8E-4
netcloudhost3,430.0,4.4E-4
Switch: netcloudgw,430.0,7.2E-4
Switch: edgegw,430.0,0.0023404
Switch: inter2,430.0,2.8E-4
Switch: internetgw,430.0,0.0
Switch: edge2gw,430.0,0.0
Switch: internetedge,430.0,0.0
Switch: internetcore,430.0,0.0
internethost,430.0,0.0
edgeuser3,435.0,0.0
Switch: edge2edge1,435.0,0.0
Switch: edge2core,435.0,0.0
edgeuser1,435.0,0.001592
edgenode3,435.0,0.00104
edgenode1,435.0,0.0012
Switch: edgeedge1,435.0,0.001592
Switch: edgeedge2,435.0,0.0013576
edgenode4,435.0,9.2E-4
edgeuser2,435.0,0.0013576
Switch: edgecore,435.0,0.00356
Switch: edgeedge3,435.0,0.00296
edgenode2,435.0,0.00132
Switch: netcloudcore,435.0,0.00104
netcloudhost1,435.0,0.0
netcloudhost4,435.0,0.0
Switch: netcloudedge1,435.0,6.4E-4
Switch: netcloudedge2,435.0,6.4E-4
netcloudhost2,435.0,6.4E-4
netcloudhost3,435.0,6.4E-4
Switch: netcloudgw,435.0,0.00104
Switch: edgegw,435.0,0.00356
Switch: inter2,435.0,4.0E-4
Switch: internetgw,435.0,0.0
Switch: edge2gw,435.0,0.0
Switch: internetedge,435.0,0.0
Switch: internetcore,435.0,0.0
internethost,435.0,0.0
edgeuser3,440.0,0.0
Switch: edge2edge1,440.0,0.0
Switch: edge2core,440.0,0.0
edgeuser1,440.0,0.0016152
edgenode3,440.0,0.0010316
edgenode1,440.0,0.0012
Switch: edgeedge1,440.0,0.0016152
Switch: edgeedge2,440.0,0.00139
edgenode4,440.0,9.2E-4
edgeuser2,440.0,0.00139
Switch: edgecore,440.0,0.0033576
Switch: edgeedge3,440.0,0.0027576
edgenode2,440.0,0.0010776
Switch: netcloudcore,440.0,0.001
netcloudhost1,440.0,0.0
netcloudhost4,440.0,0.0
Switch: netcloudedge1,440.0,5.6E-4
Switch: netcloudedge2,440.0,6.0E-4
netcloudhost2,440.0,5.6E-4
netcloudhost3,440.0,6.0E-4
Switch: netcloudgw,440.0,0.001
Switch: edgegw,440.0,0.0033576
Switch: inter2,440.0,4.0E-4
Switch: internetgw,440.0,0.0
Switch: edge2gw,440.0,0.0
Switch: internetedge,440.0,0.0
Switch: internetcore,440.0,0.0
internethost,440.0,0.0
edgeuser3,445.0,0.0
Switch: edge2edge1,445.0,0.0
Switch: edge2core,445.0,0.0
edgeuser1,445.0,0.0012772
edgenode3,445.0,7.6E-4
edgenode1,445.0,9.54E-4
Switch: edgeedge1,445.0,0.0012772
Switch: edgeedge2,445.0,0.00108
edgenode4,445.0,6.8E-4
edgeuser2,445.0,0.00108
Switch: edgecore,445.0,0.00264
Switch: edgeedge3,445.0,0.00216
edgenode2,445.0,9.2E-4
Switch: netcloudcore,445.0,7.6E-4
netcloudhost1,445.0,0.0
netcloudhost4,445.0,0.0
Switch: netcloudedge1,445.0,4.4E-4
Switch: netcloudedge2,445.0,4.8E-4
netcloudhost2,445.0,4.4E-4
netcloudhost3,445.0,4.8E-4
Switch: netcloudgw,445.0,7.6E-4
Switch: edgegw,445.0,0.00264
Switch: inter2,445.0,2.8E-4
Switch: internetgw,445.0,0.0
Switch: edge2gw,445.0,0.0
Switch: internetedge,445.0,0.0
Switch: internetcore,445.0,0.0
internethost,445.0,0.0
edgeuser3,450.0,0.0
Switch: edge2edge1,450.0,0.0
Switch: edge2core,450.0,0.0
edgeuser1,450.0,0.0010676
edgenode3,450.0,0.00112
edgenode1,450.0,0.00124
Switch: edgeedge1,450.0,0.0010676
Switch: edgeedge2,450.0,0.0018416
edgenode4,450.0,9.2E-4
edgeuser2,450.0,0.0018416
Switch: edgecore,450.0,0.00352
Switch: edgeedge3,450.0,0.00292
edgenode2,450.0,0.00132
Switch: netcloudcore,450.0,0.001
netcloudhost1,450.0,0.0
netcloudhost4,450.0,0.0
Switch: netcloudedge1,450.0,6.4E-4
Switch: netcloudedge2,450.0,6.4E-4
netcloudhost2,450.0,6.4E-4
netcloudhost3,450.0,6.4E-4
Switch: netcloudgw,450.0,0.001
Switch: edgegw,450.0,0.00352
Switch: inter2,450.0,3.6E-4
Switch: internetgw,450.0,0.0
Switch: edge2gw,450.0,0.0
Switch: internetedge,450.0,0.0
Switch: internetcore,450.0,0.0
internethost,450.0,0.0
edgeuser3,455.0,0.0
Switch: edge2edge1,455.0,0.0
Switch: edge2core,455.0,0.0
edgeuser1,455.0,0.001752
edgenode3,455.0,9.2E-4
edgenode1,455.0,0.00124
Switch: edgeedge1,455.0,0.001752
Switch: edgeedge2,455.0,0.0012548
edgenode4,455.0,0.00116
edgeuser2,455.0,0.0012548
Switch: edgecore,455.0,0.0033584
Switch: edgeedge3,455.0,0.002792
edgenode2,455.0,0.001152
Switch: netcloudcore,455.0,0.001
netcloudhost1,455.0,0.0
netcloudhost4,455.0,0.0
Switch: netcloudedge1,455.0,6.4E-4
Switch: netcloudedge2,455.0,6.0E-4
netcloudhost2,455.0,6.4E-4
netcloudhost3,455.0,6.0E-4
Switch: netcloudgw,455.0,0.001
Switch: edgegw,455.0,0.0033584
Switch: inter2,455.0,4.0E-4
Switch: internetgw,455.0,0.0
Switch: edge2gw,455.0,0.0
Switch: internetedge,455.0,0.0
Switch: internetcore,455.0,0.0
internethost,455.0,0.0
edgeuser3,460.0,0.0
Switch: edge2edge1,460.0,0.0
Switch: edge2core,460.0,0.0
edgeuser1,460.0,0.0015152
edgenode3,460.0,8.604E-4
edgenode1,460.0,9.908E-4
Switch: edgeedge1,460.0,0.0015152
Switch: edgeedge2,460.0,9.52E-4
edgenode4,460.0,6.8E-4
edgeuser2,460.0,9.52E-4
Switch: edgecore,460.0,0.0027004
Switch: edgeedge3,460.0,0.0021804
edgenode2,460.0,0.001
Switch: netcloudcore,460.0,6.8E-4
netcloudhost1,460.0,0.0
netcloudhost4,460.0,0.0
Switch: netcloudedge1,460.0,4.8E-4
Switch: netcloudedge2,460.0,4.8E-4
netcloudhost2,460.0,4.8E-4
netcloudhost3,460.0,4.8E-4
Switch: netcloudgw,460.0,6.8E-4
Switch: edgegw,460.0,0.0027004
Switch: inter2,460.0,2.0E-4
Switch: internetgw,460.0,0.0
Switch: edge2gw,460.0,0.0
Switch: internetedge,460.0,0.0
Switch: internetcore,460.0,0.0
internethost,460.0,0.0
edgeuser3,465.0,0.0
Switch: edge2edge1,465.0,0.0
Switch: edge2core,465.0,0.0
edgeuser1,465.0,0.001598
edgenode3,465.0,9.484E-4
edgenode1,465.0,0.0012116
Switch: edgeedge1,465.0,0.001598
Switch: edgeedge2,465.0,0.001482
edgenode4,465.0,9.6E-4
edgeuser2,465.0,0.001482
Switch: edgecore,465.0,0.0032004
Switch: edgeedge3,465.0,0.0026
edgenode2,465.0,0.0012
Switch: netcloudcore,465.0,8.4E-4
netcloudhost1,465.0,0.0
netcloudhost4,465.0,0.0
Switch: netcloudedge1,465.0,6.0E-4
Switch: netcloudedge2,465.0,6.0E-4
netcloudhost2,465.0,6.0E-4
netcloudhost3,465.0,6.0E-4
Switch: netcloudgw,465.0,8.4E-4
Switch: edgegw,465.0,0.0032004
Switch: inter2,465.0,2.4E-4
Switch: internetgw,465.0,0.0
Switch: edge2gw,465.0,0.0
Switch: internetedge,465.0,0.0
Switch: internetcore,465.0,0.0
internethost,465.0,0.0
edgeuser3,470.0,0.0
Switch: edge2edge1,470.0,0.0
Switch: edge2core,470.0,0.0
edgeuser1,470.0,0.0014296
edgenode3,470.0,0.00108
edgenode1,470.0,0.00124
Switch: edgeedge1,470.0,0.0014296
Switch: edgeedge2,470.0,0.0017272
edgenode4,470.0,8.16E-4
edgeuser2,470.0,0.0017272
Switch: edgecore,470.0,0.0035752
Switch: edgeedge3,470.0,0.0029632
edgenode2,470.0,0.0012672
Switch: netcloudcore,470.0,0.00108
netcloudhost1,470.0,0.0
netcloudhost4,470.0,0.0
Switch: netcloudedge1,470.0,6.4E-4
Switch: netcloudedge2,470.0,6.4E-4
netcloudhost2,470.0,6.4E-4
netcloudhost3,470.0,6.4E-4
Switch: netcloudgw,470.0,0.00108
Switch: edgegw,470.0,0.0035752
Switch: inter2,470.0,4.4E-4
Switch: internetgw,470.0,0.0
Switch: edge2gw,470.0,0.0
Switch: internetedge,470.0,0.0
Switch: internetcore,470.0,0.0
internethost,470.0,0.0
edgeuser3,475.0,0.0
Switch: edge2edge1,475.0,0.0
Switch: edge2core,475.0,0.0
edgeuser1,475.0,0.0013928
edgenode3,475.0,9.38E-4
edgenode1,475.0,0.0010668
Switch: edgeedge1,475.0,0.0013928
Switch: edgeedge2,475.0,0.0012608
edgenode4,475.0,8.8E-4
edgeuser2,475.0,0.0012608
Switch: edgecore,475.0,0.0029684
Switch: edgeedge3,475.0,0.0024132
edgenode2,475.0,0.0011152
Switch: netcloudcore,475.0,8.0E-4
netcloudhost1,475.0,0.0
netcloudhost4,475.0,0.0
Switch: netcloudedge1,475.0,5.2E-4
Switch: netcloudedge2,475.0,5.2E-4
netcloudhost2,475.0,5.2E-4
netcloudhost3,475.0,5.2E-4
Switch: netcloudgw,475.0,8.0E-4
Switch: edgegw,475.0,0.0029684
Switch: inter2,475.0,2.8E-4
Switch: internetgw,475.0,0.0
Switch: edge2gw,475.0,0.0
Switch: internetedge,475.0,0.0
Switch: internetcore,475.0,0.0
internethost,475.0,0.0
edgeuser3,480.0,0.0
Switch: edge2edge1,480.0,0.0
Switch: edge2core,480.0,0.0
edgeuser1,480.0,0.0013628
edgenode3,480.0,8.948E-4
edgenode1,480.0,0.001106
Switch: edgeedge1,480.0,0.0013628
Switch: edgeedge2,480.0,0.0011036
edgenode4,480.0,7.956E-4
edgeuser2,480.0,0.0011036
Switch: edgecore,480.0,0.0029712
Switch: edgeedge3,480.0,0.0024912
edgenode2,480.0,0.0010548
Switch: netcloudcore,480.0,9.2E-4
netcloudhost1,480.0,0.0
netcloudhost4,480.0,0.0
Switch: netcloudedge1,480.0,5.6E-4
Switch: netcloudedge2,480.0,6.0E-4
netcloudhost2,480.0,5.6E-4
netcloudhost3,480.0,6.0E-4
Switch: netcloudgw,480.0,9.2E-4
Switch: edgegw,480.0,0.0029712
Switch: inter2,480.0,3.2E-4
Switch: internetgw,480.0,0.0
Switch: edge2gw,480.0,0.0
Switch: internetedge,480.0,0.0
Switch: internetcore,480.0,0.0
internethost,480.0,0.0
edgeuser3,485.0,0.0
Switch: edge2edge1,485.0,0.0
Switch: edge2core,485.0,0.0
edgeuser1,485.0,0.00152
edgenode3,485.0,8.4E-4
edgenode1,485.0,0.0012
Switch: edgeedge1,485.0,0.00152
Switch: edgeedge2,485.0,0.001476
edgenode4,485.0,8.8E-4
edgeuser2,485.0,0.001476
Switch: edgecore,485.0,0.0030004
Switch: edgeedge3,485.0,0.0024
edgenode2,485.0,0.001
Switch: netcloudcore,485.0,9.2E-4
netcloudhost1,485.0,0.0
netcloudhost4,485.0,0.0
Switch: netcloudedge1,485.0,6.0E-4
Switch: netcloudedge2,485.0,4.8E-4
netcloudhost2,485.0,6.0E-4
netcloudhost3,485.0,4.8E-4
Switch: netcloudgw,485.0,9.2E-4
Switch: edgegw,485.0,0.0030004
Switch: inter2,485.0,4.4E-4
Switch: internetgw,485.0,0.0
Switch: edge2gw,485.0,0.0
Switch: internetedge,485.0,0.0
Switch: internetcore,485.0,0.0
internethost,485.0,0.0
edgeuser3,490.0,0.0
Switch: edge2edge1,490.0,0.0
Switch: edge2core,490.0,0.0
edgeuser1,490.0,0.00136
edgenode3,490.0,8.4E-4
edgenode1,490.0,9.6E-4
Switch: edgeedge1,490.0,0.00136
Switch: edgeedge2,490.0,0.001172
edgenode4,490.0,8.4E-4
edgeuser2,490.0,0.001172
Switch: edgecore,490.0,0.00308
Switch: edgeedge3,490.0,0.00256
edgenode2,490.0,0.0012
Switch: netcloudcore,490.0,8.4E-4
netcloudhost1,490.0,0.0
netcloudhost4,490.0,0.0
Switch: netcloudedge1,490.0,5.2E-4
Switch: netcloudedge2,490.0,6.0E-4
netcloudhost2,490.0,5.2E-4
netcloudhost3,490.0,6.0E-4
Switch: netcloudgw,490.0,8.4E-4
Switch: edgegw,490.0,0.00308
Switch: inter2,490.0,2.4E-4
Switch: internetgw,490.0,0.0
Switch: edge2gw,490.0,0.0
Switch: internetedge,490.0,0.0
Switch: internetcore,490.0,0.0
internethost,490.0,0.0
edgeuser3,495.0,0.0
Switch: edge2edge1,495.0,0.0
Switch: edge2core,495.0,0.0
edgeuser1,495.0,0.0012504
edgenode3,495.0,8.188E-4
edgenode1,495.0,0.00104
Switch: edgeedge1,495.0,0.0012504
Switch: edgeedge2,495.0,0.0012888
edgenode4,495.0,8.272E-4
edgeuser2,495.0,0.0012888
Switch: edgecore,495.0,0.0027516
Switch: edgeedge3,495.0,0.0022588
edgenode2,495.0,0.001
Switch: netcloudcore,495.0,7.6E-4
netcloudhost1,495.0,0.0
netcloudhost4,495.0,0.0
Switch: netcloudedge1,495.0,5.2E-4
Switch: netcloudedge2,495.0,5.2E-4
netcloudhost2,495.0,5.2E-4
netcloudhost3,495.0,5.2E-4
Switch: netcloudgw,495.0,7.6E-4
Switch: edgegw,495.0,0.0027516
Switch: inter2,495.0,2.4E-4
Switch: internetgw,495.0,0.0
Switch: edge2gw,495.0,0.0
Switch: internetedge,495.0,0.0
Switch: internetcore,495.0,0.0
internethost,495.0,0.0
edgeuser3,500.0,0.0
Switch: edge2edge1,500.0,0.0
Switch: edge2core,500.0,0.0
edgeuser1,500.0,0.001398
edgenode3,500.0,8.776E-4
edgenode1,500.0,0.0011524
Switch: edgeedge1,500.0,0.001398
Switch: edgeedge2,500.0,0.0012648
edgenode4,500.0,9.6E-4
edgeuser2,500.0,0.0012648
Switch: edgecore,500.0,0.0031724
Switch: edgeedge3,500.0,0.0026564
edgenode2,500.0,0.0011864
Switch: netcloudcore,500.0,8.8E-4
netcloudhost1,500.0,0.0
netcloudhost4,500.0,0.0
Switch: netcloudedge1,500.0,5.6E-4
Switch: netcloudedge2,500.0,5.6E-4
netcloudhost2,500.0,5.6E-4
netcloudhost3,500.0,5.6E-4
Switch: netcloudgw,500.0,8.8E-4
Switch: edgegw,500.0,0.0031724
Switch: inter2,500.0,3.2E-4
Switch: internetgw,500.0,0.0
Switch: edge2gw,500.0,0.0
Switch: internetedge,500.0,0.0
Switch: internetcore,500.0,0.0
internethost,500.0,0.0
edgeuser3,505.0,0.0
Switch: edge2edge1,505.0,0.0
Switch: edge2core,505.0,0.0
edgeuser1,505.0,7.496E-4
edgenode3,505.0,7.6E-4
edgenode1,505.0,8.4E-4
Switch: edgeedge1,505.0,7.496E-4
Switch: edgeedge2,505.0,0.0014104
edgenode4,505.0,7.2E-4
edgeuser2,505.0,0.0014104
Switch: edgecore,505.0,0.0024504
Switch: edgeedge3,505.0,0.00196
edgenode2,505.0,8.8E-4
Switch: netcloudcore,505.0,7.2E-4
netcloudhost1,505.0,0.0
netcloudhost4,505.0,0.0
Switch: netcloudedge1,505.0,4.4E-4
Switch: netcloudedge2,505.0,4.8E-4
netcloudhost2,505.0,4.4E-4
netcloudhost3,505.0,4.8E-4
Switch: netcloudgw,505.0,7.2E-4
Switch: edgegw,505.0,0.0024504
Switch: inter2,505.0,2.4E-4
Switch: internetgw,505.0,0.0
Switch: edge2gw,505.0,0.0
Switch: internetedge,505.0,0.0
Switch: internetcore,505.0,0.0
internethost,505.0,0.0
edgeuser3,510.0,0.0
Switch: edge2edge1,510.0,0.0
Switch: edge2core,510.0,0.0
edgeuser1,510.0,0.0022116
edgenode3,510.0,8.076E-4
edgenode1,510.0,0.00132
Switch: edgeedge1,510.0,0.0022116
Switch: edgeedge2,510.0,0.001158
edgenode4,510.0,0.0011036
edgeuser2,510.0,0.001158
Switch: edgecore,510.0,0.0031372
Switch: edgeedge3,510.0,0.0024876
edgenode2,510.0,0.00104
Switch: netcloudcore,510.0,8.0E-4
netcloudhost1,510.0,0.0
netcloudhost4,510.0,0.0
Switch: netcloudedge1,510.0,6.4E-4
Switch: netcloudedge2,510.0,4.8E-4
netcloudhost2,510.0,6.4E-4
netcloudhost3,510.0,4.8E-4
Switch: netcloudgw,510.0,8.0E-4
Switch: edgegw,510.0,0.0031372
Switch: inter2,510.0,3.2E-4
Switch: internetgw,510.0,0.0
Switch: edge2gw,510.0,0.0
Switch: internetedge,510.0,0.0
Switch: internetcore,510.0,0.0
internethost,510.0,0.0
edgeuser3,515.0,0.0
Switch: edge2edge1,515.0,0.0
Switch: edge2core,515.0,0.0
edgeuser1,515.0,0.001486
edgenode3,515.0,8.8E-4
edgenode1,515.0,0.001
Switch: edgeedge1,515.0,0.001486
Switch: edgeedge2,515.0,9.212E-4
edgenode4,515.0,0.00112
edgeuser2,515.0,9.212E-4
Switch: edgecore,515.0,0.0030788
Switch: edgeedge3,515.0,0.0025988
edgenode2,515.0,0.0011988
Switch: netcloudcore,515.0,7.6E-4
netcloudhost1,515.0,0.0
netcloudhost4,515.0,0.0
Switch: netcloudedge1,515.0,5.2E-4
Switch: netcloudedge2,515.0,6.4E-4
netcloudhost2,515.0,5.2E-4
netcloudhost3,515.0,6.4E-4
Switch: netcloudgw,515.0,7.6E-4
Switch: edgegw,515.0,0.0030788
Switch: inter2,515.0,1.2E-4
Switch: internetgw,515.0,0.0
Switch: edge2gw,515.0,0.0
Switch: internetedge,515.0,0.0
Switch: internetcore,515.0,0.0
internethost,515.0,0.0
edgeuser3,520.0,0.0
Switch: edge2edge1,520.0,0.0
Switch: edge2core,520.0,0.0
edgeuser1,520.0,9.648E-4
edgenode3,520.0,6.8E-4
edgenode1,520.0,8.4E-4
Switch: edgeedge1,520.0,9.648E-4
Switch: edgeedge2,520.0,0.0011552
edgenode4,520.0,7.2E-4
edgeuser2,520.0,0.0011552
Switch: edgecore,520.0,0.00232
Switch: edgeedge3,520.0,0.00188
edgenode2,520.0,9.2E-4
Switch: netcloudcore,520.0,6.0E-4
netcloudhost1,520.0,0.0
netcloudhost4,520.0,0.0
Switch: netcloudedge1,520.0,4.4E-4
Switch: netcloudedge2,520.0,4.4E-4
netcloudhost2,520.0,4.4E-4
netcloudhost3,520.0,4.4E-4
Switch: netcloudgw,520.0,6.0E-4
Switch: edgegw,520.0,0.00232
Switch: inter2,520.0,1.6E-4
Switch: internetgw,520.0,0.0
Switch: edge2gw,520.0,0.0
Switch: internetedge,520.0,0.0
Switch: internetcore,520.0,0.0
internethost,520.0,0.0
edgeuser3,525.0,0.0
Switch: edge2edge1,525.0,0.0
Switch: edge2core,525.0,0.0
edgeuser1,525.0,0.0012172
edgenode3,525.0,9.6E-4
edgenode1,525.0,0.00112
Switch: edgeedge1,525.0,0.0012172
Switch: edgeedge2,525.0,0.0014628
edgenode4,525.0,6.8E-4
edgeuser2,525.0,0.0014628
Switch: edgecore,525.0,0.003
Switch: edgeedge3,525.0,0.00248
edgenode2,525.0,0.00108
Switch: netcloudcore,525.0,8.4E-4
netcloudhost1,525.0,0.0
netcloudhost4,525.0,0.0
Switch: netcloudedge1,525.0,5.2E-4
Switch: netcloudedge2,525.0,5.2E-4
netcloudhost2,525.0,5.2E-4
netcloudhost3,525.0,5.2E-4
Switch: netcloudgw,525.0,8.4E-4
Switch: edgegw,525.0,0.003
Switch: inter2,525.0,3.2E-4
Switch: internetgw,525.0,0.0
Switch: edge2gw,525.0,0.0
Switch: internetedge,525.0,0.0
Switch: internetcore,525.0,0.0
internethost,525.0,0.0
edgeuser3,530.0,0.0
Switch: edge2edge1,530.0,0.0
Switch: edge2core,530.0,0.0
edgeuser1,530.0,0.0011076
edgenode3,530.0,9.6E-4
edgenode1,530.0,9.748E-4
Switch: edgeedge1,530.0,0.0011076
Switch: edgeedge2,530.0,0.00132
edgenode4,530.0,8.4E-4
edgeuser2,530.0,0.00132
Switch: edgecore,530.0,0.002866
Switch: edgeedge3,530.0,0.002346
edgenode2,530.0,9.86E-4
Switch: netcloudcore,530.0,8.0E-4
netcloudhost1,530.0,0.0
netcloudhost4,530.0,0.0
Switch: netcloudedge1,530.0,5.2E-4
Switch: netcloudedge2,530.0,5.2E-4
netcloudhost2,530.0,5.2E-4
netcloudhost3,530.0,5.2E-4
Switch: netcloudgw,530.0,8.0E-4
Switch: edgegw,530.0,0.002866
Switch: inter2,530.0,2.8E-4
Switch: internetgw,530.0,0.0
Switch: edge2gw,530.0,0.0
Switch: internetedge,530.0,0.0
Switch: internetcore,530.0,0.0
internethost,530.0,0.0
edgeuser3,535.0,0.0
Switch: edge2edge1,535.0,0.0
Switch: edge2core,535.0,0.0
edgeuser1,535.0,3.256E-4
edgenode3,535.0,5.944E-4
edgenode1,535.0,7.2E-4
Switch: edgeedge1,535.0,3.256E-4
Switch: edgeedge2,535.0,0.00144
edgenode4,535.0,6.0E-4
edgeuser2,535.0,0.00144
Switch: edgecore,535.0,0.002
Switch: edgeedge3,535.0,0.00164
edgenode2,535.0,7.6E-4
Switch: netcloudcore,535.0,6.0E-4
netcloudhost1,535.0,0.0
netcloudhost4,535.0,0.0
Switch: netcloudedge1,535.0,3.6E-4
Switch: netcloudedge2,535.0,3.6E-4
netcloudhost2,535.0,3.6E-4
netcloudhost3,535.0,3.6E-4
Switch: netcloudgw,535.0,6.0E-4
Switch: edgegw,535.0,0.002
Switch: inter2,535.0,2.4E-4
Switch: internetgw,535.0,0.0
Switch: edge2gw,535.0,0.0
Switch: internetedge,535.0,0.0
Switch: internetcore,535.0,0.0
internethost,535.0,0.0
edgeuser3,540.0,0.0
Switch: edge2edge1,540.0,0.0
Switch: edge2core,540.0,0.0
edgeuser1,540.0,0.0010996
edgenode3,540.0,6.604E-4
edgenode1,540.0,9.2E-4
Switch: edgeedge1,540.0,0.0010996
Switch: edgeedge2,540.0,0.0011944
edgenode4,540.0,7.6E-4
edgeuser2,540.0,0.0011944
Switch: edgecore,540.0,0.00236
Switch: edgeedge3,540.0,0.00192
edgenode2,540.0,8.0E-4
Switch: netcloudcore,540.0,6.0E-4
netcloudhost1,540.0,0.0
netcloudhost4,540.0,0.0
Switch: netcloudedge1,540.0,4.4E-4
Switch: netcloudedge2,540.0,4.0E-4
netcloudhost2,540.0,4.4E-4
netcloudhost3,540.0,4.0E-4
Switch: netcloudgw,540.0,6.0E-4
Switch: edgegw,540.0,0.00236
Switch: inter2,540.0,2.0E-4
Switch: internetgw,540.0,0.0
Switch: edge2gw,540.0,0.0
Switch: internetedge,540.0,0.0
Switch: internetcore,540.0,0.0
internethost,540.0,0.0
edgeuser3,545.0,0.0
Switch: edge2edge1,545.0,0.0
Switch: edge2core,545.0,0.0
edgeuser1,545.0,0.0024328
edgenode3,545.0,0.00112
edgenode1,545.0,0.0014
Switch: edgeedge1,545.0,0.0024328
Switch: edgeedge2,545.0,0.0010892
edgenode4,545.0,0.00124
edgeuser2,545.0,0.0010892
Switch: edgecore,545.0,0.00408
Switch: edgeedge3,545.0,0.00336
edgenode2,545.0,0.00148
Switch: netcloudcore,545.0,0.00116
netcloudhost1,545.0,0.0
netcloudhost4,545.0,0.0
Switch: netcloudedge1,545.0,7.2E-4
Switch: netcloudedge2,545.0,7.6E-4
netcloudhost2,545.0,7.2E-4
netcloudhost3,545.0,7.6E-4
Switch: netcloudgw,545.0,0.00116
Switch: edgegw,545.0,0.00408
Switch: inter2,545.0,4.0E-4
Switch: internetgw,545.0,0.0
Switch: edge2gw,545.0,0.0
Switch: internetedge,545.0,0.0
Switch: internetcore,545.0,0.0
internethost,545.0,0.0
edgeuser3,550.0,0.0
Switch: edge2edge1,550.0,0.0
Switch: edge2core,550.0,0.0
edgeuser1,550.0,0.0013404
edgenode3,550.0,7.392E-4
edgenode1,550.0,9.996E-4
Switch: edgeedge1,550.0,0.0013404
Switch: edgeedge2,550.0,0.0011604
edgenode4,550.0,7.6E-4
edgeuser2,550.0,0.0011604
Switch: edgecore,550.0,0.0026596
Switch: edgeedge3,550.0,0.0021392
edgenode2,550.0,0.00104
Switch: netcloudcore,550.0,6.4E-4
netcloudhost1,550.0,0.0
netcloudhost4,550.0,0.0
Switch: netcloudedge1,550.0,4.8E-4
Switch: netcloudedge2,550.0,4.8E-4
netcloudhost2,550.0,4.8E-4
netcloudhost3,550.0,4.8E-4
Switch: netcloudgw,550.0,6.4E-4
Switch: edgegw,550.0,0.0026596
Switch: inter2,550.0,1.6E-4
Switch: internetgw,550.0,0.0
Switch: edge2gw,550.0,0.0
Switch: internetedge,550.0,0.0
Switch: internetcore,550.0,0.0
internethost,550.0,0.0
edgeuser3,555.0,0.0
Switch: edge2edge1,555.0,0.0
Switch: edge2core,555.0,0.0
edgeuser1,555.0,0.0010304
edgenode3,555.0,8.4E-4
edgenode1,555.0,9.6E-4
Switch: edgeedge1,555.0,0.0010304
Switch: edgeedge2,555.0,0.0012788
edgenode4,555.0,7.6E-4
edgeuser2,555.0,0.0012788
Switch: edgecore,555.0,0.0026308
Switch: edgeedge3,555.0,0.0021652
edgenode2,555.0,9.652E-4
Switch: netcloudcore,555.0,7.6E-4
netcloudhost1,555.0,0.0
netcloudhost4,555.0,0.0
Switch: netcloudedge1,555.0,5.2E-4
Switch: netcloudedge2,555.0,5.2E-4
netcloudhost2,555.0,5.2E-4
netcloudhost3,555.0,5.2E-4
Switch: netcloudgw,555.0,7.6E-4
Switch: edgegw,555.0,0.0026308
Switch: inter2,555.0,2.4E-4
Switch: internetgw,555.0,0.0
Switch: edge2gw,555.0,0.0
Switch: internetedge,555.0,0.0
Switch: internetcore,555.0,0.0
internethost,555.0,0.0
edgeuser3,560.0,0.0
Switch: edge2edge1,560.0,0.0
Switch: edge2core,560.0,0.0
edgeuser1,560.0,0.00112
edgenode3,560.0,8.796E-4
edgenode1,560.0,0.001064
Switch: edgeedge1,560.0,0.00112
Switch: edgeedge2,560.0,0.001414
edgenode4,560.0,7.992E-4
edgeuser2,560.0,0.001414
Switch: edgecore,560.0,0.0027728
Switch: edgeedge3,560.0,0.0022556
edgenode2,560.0,9.36E-4
Switch: netcloudcore,560.0,8.0E-4
netcloudhost1,560.0,0.0
netcloudhost4,560.0,0.0
Switch: netcloudedge1,560.0,4.8E-4
Switch: netcloudedge2,560.0,5.2E-4
netcloudhost2,560.0,4.8E-4
netcloudhost3,560.0,5.2E-4
Switch: netcloudgw,560.0,8.0E-4
Switch: edgegw,560.0,0.0027728
Switch: inter2,560.0,2.8E-4
Switch: internetgw,560.0,0.0
Switch: edge2gw,560.0,0.0
Switch: internetedge,560.0,0.0
Switch: internetcore,560.0,0.0
internethost,560.0,0.0
edgeuser3,565.0,0.0
Switch: edge2edge1,565.0,0.0
Switch: edge2core,565.0,0.0
edgeuser1,565.0,0.0013896
edgenode3,565.0,9.6E-4
edgenode1,565.0,0.0010636
Switch: edgeedge1,565.0,0.0013896
Switch: edgeedge2,565.0,0.0015068
edgenode4,565.0,9.436E-4
edgeuser2,565.0,0.0015068
Switch: edgecore,565.0,0.0032
Switch: edgeedge3,565.0,0.00264
edgenode2,565.0,0.00112
Switch: netcloudcore,565.0,9.2E-4
netcloudhost1,565.0,0.0
netcloudhost4,565.0,0.0
Switch: netcloudedge1,565.0,6.0E-4
Switch: netcloudedge2,565.0,5.6E-4
netcloudhost2,565.0,6.0E-4
netcloudhost3,565.0,5.6E-4
Switch: netcloudgw,565.0,9.2E-4
Switch: edgegw,565.0,0.0032
Switch: inter2,565.0,3.6E-4
Switch: internetgw,565.0,0.0
Switch: edge2gw,565.0,0.0
Switch: internetedge,565.0,0.0
Switch: internetcore,565.0,0.0
internethost,565.0,0.0
edgeuser3,570.0,0.0
Switch: edge2edge1,570.0,0.0
Switch: edge2core,570.0,0.0
edgeuser1,570.0,0.001074
edgenode3,570.0,7.2E-4
edgenode1,570.0,9.908E-4
Switch: edgeedge1,570.0,0.001074
Switch: edgeedge2,570.0,0.0012012
edgenode4,570.0,8.68E-4
edgeuser2,570.0,0.0012012
Switch: edgecore,570.0,0.0026116
Switch: edgeedge3,570.0,0.0021556
edgenode2,570.0,0.0010568
Switch: netcloudcore,570.0,6.8E-4
netcloudhost1,570.0,0.0
netcloudhost4,570.0,0.0
Switch: netcloudedge1,570.0,4.8E-4
Switch: netcloudedge2,570.0,5.2E-4
netcloudhost2,570.0,4.8E-4
netcloudhost3,570.0,5.2E-4
Switch: netcloudgw,570.0,6.8E-4
Switch: edgegw,570.0,0.0026116
Switch: inter2,570.0,1.6E-4
Switch: internetgw,570.0,0.0
Switch: edge2gw,570.0,0.0
Switch: internetedge,570.0,0.0
Switch: internetcore,570.0,0.0
internethost,570.0,0.0
edgeuser3,575.0,0.0
Switch: edge2edge1,575.0,0.0
Switch: edge2core,575.0,0.0
edgeuser1,575.0,0.0013152
edgenode3,575.0,7.2E-4
edgenode1,575.0,0.001
Switch: edgeedge1,575.0,0.0013152
Switch: edgeedge2,575.0,0.0013548
edgenode4,575.0,6.8E-4
edgeuser2,575.0,0.0013548
Switch: edgecore,575.0,0.0026752
Switch: edgeedge3,575.0,0.00212
edgenode2,575.0,9.2E-4
Switch: netcloudcore,575.0,7.6E-4
netcloudhost1,575.0,0.0
netcloudhost4,575.0,0.0
Switch: netcloudedge1,575.0,5.2E-4
Switch: netcloudedge2,575.0,4.8E-4
netcloudhost2,575.0,5.2E-4
netcloudhost3,575.0,4.8E-4
Switch: netcloudgw,575.0,7.6E-4
Switch: edgegw,575.0,0.0026752
Switch: inter2,575.0,2.8E-4
Switch: internetgw,575.0,0.0
Switch: edge2gw,575.0,0.0
Switch: internetedge,575.0,0.0
Switch: internetcore,575.0,0.0
internethost,575.0,0.0
edgeuser3,580.0,0.0
Switch: edge2edge1,580.0,0.0
Switch: edge2core,580.0,0.0
edgeuser1,580.0,0.00128
edgenode3,580.0,8.836E-4
edgenode1,580.0,0.0010156
Switch: edgeedge1,580.0,0.00128
Switch: edgeedge2,580.0,0.001012
edgenode4,580.0,8.8E-4
edgeuser2,580.0,0.001012
Switch: edgecore,580.0,0.0028836
Switch: edgeedge3,580.0,0.0024036
edgenode2,580.0,0.00108
Switch: netcloudcore,580.0,7.2E-4
netcloudhost1,580.0,0.0
netcloudhost4,580.0,0.0
Switch: netcloudedge1,580.0,4.8E-4
Switch: netcloudedge2,580.0,5.2E-4
netcloudhost2,580.0,4.8E-4
netcloudhost3,580.0,5.2E-4
Switch: netcloudgw,580.0,7.2E-4
Switch: edgegw,580.0,0.0028836
Switch: inter2,580.0,2.0E-4
Switch: internetgw,580.0,0.0
Switch: edge2gw,580.0,0.0
Switch: internetedge,580.0,0.0
Switch: internetcore,580.0,0.0
internethost,580.0,0.0
edgeuser3,585.0,0.0
Switch: edge2edge1,585.0,0.0
Switch: edge2core,585.0,0.0
edgeuser1,585.0,0.0013216
edgenode3,585.0,7.2E-4
edgenode1,585.0,9.6E-4
Switch: edgeedge1,585.0,0.0013216
Switch: edgeedge2,585.0,0.001184
edgenode4,585.0,8.0E-4
edgeuser2,585.0,0.001184
Switch: edgecore,585.0,0.00244
Switch: edgeedge3,585.0,0.001986
edgenode2,585.0,9.06E-4
Switch: netcloudcore,585.0,6.8E-4
netcloudhost1,585.0,0.0
netcloudhost4,585.0,0.0
Switch: netcloudedge1,585.0,5.2E-4
Switch: netcloudedge2,585.0,4.8E-4
netcloudhost2,585.0,5.2E-4
netcloudhost3,585.0,4.8E-4
Switch: netcloudgw,585.0,6.8E-4
Switch: edgegw,585.0,0.00244
Switch: inter2,585.0,2.0E-4
Switch: internetgw,585.0,0.0
Switch: edge2gw,585.0,0.0
Switch: internetedge,585.0,0.0
Switch: internetcore,585.0,0.0
internethost,585.0,0.0
edgeuser3,590.0,0.0
Switch: edge2edge1,590.0,0.0
Switch: edge2core,590.0,0.0
edgeuser1,590.0,0.001364
edgenode3,590.0,8.404E-4
edgenode1,590.0,0.00108
Switch: edgeedge1,590.0,0.001364
Switch: edgeedge2,590.0,0.0012144
edgenode4,590.0,8.4E-4
edgeuser2,590.0,0.0012144
Switch: edgecore,590.0,0.0029448
Switch: edgeedge3,590.0,0.0024404
edgenode2,590.0,0.00108
Switch: netcloudcore,590.0,7.2E-4
netcloudhost1,590.0,0.0
netcloudhost4,590.0,0.0
Switch: netcloudedge1,590.0,5.6E-4
Switch: netcloudedge2,590.0,5.2E-4
netcloudhost2,590.0,5.6E-4
netcloudhost3,590.0,5.2E-4
Switch: netcloudgw,590.0,7.2E-4
Switch: edgegw,590.0,0.0029448
Switch: inter2,590.0,2.0E-4
Switch: internetgw,590.0,0.0
Switch: edge2gw,590.0,0.0
Switch: internetedge,590.0,0.0
Switch: internetcore,590.0,0.0
internethost,590.0,0.0
edgeuser3,595.0,0.0
Switch: edge2edge1,595.0,0.0
Switch: edge2core,595.0,0.0
edgeuser1,595.0,0.001238
edgenode3,595.0,7.636E-4
edgenode1,595.0,9.6E-4
Switch: edgeedge1,595.0,0.001238
Switch: edgeedge2,595.0,0.00132
edgenode4,595.0,8.8E-4
edgeuser2,595.0,0.00132
Switch: edgecore,595.0,0.0027236
Switch: edgeedge3,595.0,0.0022036
edgenode2,595.0,0.00104
Switch: netcloudcore,595.0,8.0E-4
netcloudhost1,595.0,0.0
netcloudhost4,595.0,0.0
Switch: netcloudedge1,595.0,4.8E-4
Switch: netcloudedge2,595.0,5.2E-4
netcloudhost2,595.0,4.8E-4
netcloudhost3,595.0,5.2E-4
Switch: netcloudgw,595.0,8.0E-4
Switch: edgegw,595.0,0.0027236
Switch: inter2,595.0,2.8E-4
Switch: internetgw,595.0,0.0
Switch: edge2gw,595.0,0.0
Switch: internetedge,595.0,0.0
Switch: internetcore,595.0,0.0
internethost,595.0,0.0
edgeuser3,600.0,0.0
Switch: edge2edge1,600.0,0.0
Switch: edge2core,600.0,0.0
edgeuser1,600.0,0.0011012
edgenode3,600.0,8.4E-4
edgenode1,600.0,9.796E-4
Switch: edgeedge1,600.0,0.0011012
Switch: edgeedge2,600.0,0.0011992
edgenode4,600.0,7.2E-4
edgeuser2,600.0,0.0011992
Switch: edgecore,600.0,0.0026196
Switch: edgeedge3,600.0,0.0021796
edgenode2,600.0,9.2E-4
Switch: netcloudcore,600.0,6.8E-4
netcloudhost1,600.0,0.0
netcloudhost4,600.0,0.0
Switch: netcloudedge1,600.0,4.4E-4
Switch: netcloudedge2,600.0,4.4E-4
netcloudhost2,600.0,4.4E-4
netcloudhost3,600.0,4.4E-4
Switch: netcloudgw,600.0,6.8E-4
Switch: edgegw,600.0,0.0026196
Switch: inter2,600.0,2.4E-4
Switch: internetgw,600.0,0.0
Switch: edge2gw,600.0,0.0
Switch: internetedge,600.0,0.0
Switch: internetcore,600.0,0.0
internethost,600.0,0.0
edgeuser3,605.0,0.0
Switch: edge2edge1,605.0,0.0
Switch: edge2core,605.0,0.0
edgeuser1,605.0,2.4E-4
edgenode3,605.0,3.2E-4
edgenode1,605.0,2.4E-4
Switch: edgeedge1,605.0,2.4E-4
Switch: edgeedge2,605.0,2.8E-4
edgenode4,605.0,2.0E-4
edgeuser2,605.0,2.8E-4
Switch: edgecore,605.0,8.4E-4
Switch: edgeedge3,605.0,7.2E-4
edgenode2,605.0,2.8E-4
Switch: netcloudcore,605.0,3.2E-4
netcloudhost1,605.0,0.0
netcloudhost4,605.0,0.0
Switch: netcloudedge1,605.0,1.6E-4
Switch: netcloudedge2,605.0,2.0E-4
netcloudhost2,605.0,1.6E-4
netcloudhost3,605.0,2.0E-4
Switch: netcloudgw,605.0,3.2E-4
Switch: edgegw,605.0,8.4E-4
Switch: inter2,605.0,1.2E-4
Switch: internetgw,605.0,0.0
Switch: edge2gw,605.0,0.0
Switch: internetedge,605.0,0.0
Switch: internetcore,605.0,0.0
internethost,605.0,0.0
edgeuser1,610.0,0.0
edgenode3,610.0,0.0
edgenode1,610.0,0.0
Switch: edgeedge1,610.0,0.0
Switch: edgeedge2,610.0,0.0
edgenode4,610.0,0.0
edgeuser2,610.0,0.0
Switch: edgecore,610.0,0.0
Switch: edgeedge3,610.0,0.0
edgenode2,610.0,0.0
Switch: netcloudcore,610.0,0.0
netcloudhost1,610.0,0.0
netcloudhost4,610.0,0.0
Switch: netcloudedge1,610.0,0.0
Switch: netcloudedge2,610.0,0.0
netcloudhost2,610.0,0.0
netcloudhost3,610.0,0.0
Switch: netcloudgw,610.0,0.0
Switch: edgegw,610.0,0.0
Switch: inter2,610.0,0.0
Switch: internetgw,610.0,0.0
Switch: edge2gw,610.0,0.0
Switch: internetedge,610.0,0.0
Switch: internetcore,610.0,0.0
internethost,610.0,0.0
edgeuser1,615.0,0.0
edgenode3,615.0,0.0
edgenode1,615.0,0.0
Switch: edgeedge1,615.0,0.0
Switch: edgeedge2,615.0,0.0
edgenode4,615.0,0.0
edgeuser2,615.0,0.0
Switch: edgecore,615.0,0.0
Switch: edgeedge3,615.0,0.0
edgenode2,615.0,0.0
Switch: netcloudcore,615.0,0.0
netcloudhost1,615.0,0.0
netcloudhost4,615.0,0.0
Switch: netcloudedge1,615.0,0.0
Switch: netcloudedge2,615.0,0.0
netcloudhost2,615.0,0.0
netcloudhost3,615.0,0.0
Switch: netcloudgw,615.0,0.0
Switch: edgegw,615.0,0.0
Switch: inter2,615.0,0.0
Switch: internetgw,615.0,0.0
Switch: edge2gw,615.0,0.0
Switch: internetedge,615.0,0.0
Switch: internetcore,615.0,0.0
internethost,615.0,0.0
edgeuser1,620.0,0.0
edgenode3,620.0,0.0
edgenode1,620.0,0.0
Switch: edgeedge1,620.0,0.0
Switch: edgeedge2,620.0,0.0
edgenode4,620.0,0.0
edgeuser2,620.0,0.0
Switch: edgecore,620.0,0.0
Switch: edgeedge3,620.0,0.0
edgenode2,620.0,0.0
Switch: netcloudcore,620.0,0.0
netcloudhost1,620.0,0.0
netcloudhost4,620.0,0.0
Switch: netcloudedge1,620.0,0.0
Switch: netcloudedge2,620.0,0.0
netcloudhost2,620.0,0.0
netcloudhost3,620.0,0.0
Switch: netcloudgw,620.0,0.0
Switch: edgegw,620.0,0.0
Switch: inter2,620.0,0.0
Switch: internetgw,620.0,0.0
Switch: edge2gw,620.0,0.0
Switch: internetedge,620.0,0.0
Switch: internetcore,620.0,0.0
internethost,620.0,0.0
edgeuser1,625.0,0.0
edgenode3,625.0,0.0
edgenode1,625.0,0.0
Switch: edgeedge1,625.0,0.0
Switch: edgeedge2,625.0,0.0
edgenode4,625.0,0.0
edgeuser2,625.0,0.0
Switch: edgecore,625.0,0.0
Switch: edgeedge3,625.0,0.0
edgenode2,625.0,0.0
Switch: netcloudcore,625.0,0.0
netcloudhost1,625.0,0.0
netcloudhost4,625.0,0.0
Switch: netcloudedge1,625.0,0.0
Switch: netcloudedge2,625.0,0.0
netcloudhost2,625.0,0.0
netcloudhost3,625.0,0.0
Switch: netcloudgw,625.0,0.0
Switch: edgegw,625.0,0.0
Switch: inter2,625.0,0.0
Switch: internetgw,625.0,0.0
Switch: edge2gw,625.0,0.0
Switch: internetedge,625.0,0.0
Switch: internetcore,625.0,0.0
internethost,625.0,0.0
edgeuser1,630.0,0.0
edgenode3,630.0,0.0
edgenode1,630.0,0.0
Switch: edgeedge1,630.0,0.0
Switch: edgeedge2,630.0,0.0
edgenode4,630.0,0.0
edgeuser2,630.0,0.0
Switch: edgecore,630.0,0.0
Switch: edgeedge3,630.0,0.0
edgenode2,630.0,0.0
Switch: netcloudcore,630.0,0.0
netcloudhost1,630.0,0.0
netcloudhost4,630.0,0.0
Switch: netcloudedge1,630.0,0.0
Switch: netcloudedge2,630.0,0.0
netcloudhost2,630.0,0.0
netcloudhost3,630.0,0.0
Switch: netcloudgw,630.0,0.0
Switch: edgegw,630.0,0.0
Switch: inter2,630.0,0.0
Switch: internetgw,630.0,0.0
Switch: edge2gw,630.0,0.0
Switch: internetedge,630.0,0.0
Switch: internetcore,630.0,0.0
internethost,630.0,0.0
