Workload_ID,    App_ID,SubmitTime,Pr:StartTime,Pr:EndTime,Pr:CPUTime,   Pr:Size,Tr:StartTime,Tr:EndTime,Tr:NetworkTime,   Tr:Size,Tr:Channel,Pr:StartTime,Pr:EndTime,Pr:CPUTime,   Pr:Size,ResponseTime,
 0, 1, 0.109, 0.109, 0.119, 0.01, 1, 0.119, 0.85, 0.731, 1297, 0, 0.85, 0.864, 0.014, 28,     0.755,
 1, 1, 0.171, 0.171, 0.265, 0.094, 189, 0.265, 1.099, 0.834, 1246, 0, 1.099, 1.113, 0.014, 29,     0.943,
 2, 1, 0.218, 0.218, 0.304, 0.086, 164, 0.304, 1.358, 1.053, 1432, 0, 1.358, 2.611, 1.254, 2508,     2.394,
 3, 1, 0.703, 0.703, 0.713, 0.01, 18, 0.713, 2.631, 1.919, 1468, 0, 2.631, 2.654, 0.022, 45,     1.951,
 4, 1, 0.741, 0.741, 0.767, 0.026, 36, 0.767, 2.881, 2.114, 1997, 0, 2.881, 2.891, 0.01, 9,     2.150,
 7, 1, 0.935, 0.935, 0.965, 0.03, 43, 0.965, 3.64, 2.675, 1472, 0, 3.64, 3.651, 0.011, 22,     2.716,
 5, 1, 0.789, 0.789, 0.878, 0.089, 165, 0.878, 3.13, 2.252, 1200, 0, 3.13, 3.815, 0.685, 1371,     3.027,
 6, 1, 0.924, 0.924, 1.117, 0.193, 383, 1.117, 3.89, 2.773, 1748, 0, 3.89, 3.9, 0.01, 14,     2.976,
 9, 1, 1.107, 1.107, 1.157, 0.05, 71, 1.157, 4.141, 2.985, 1827, 0, 4.141, 4.151, 0.01, 17,     3.045,
 10, 1, 1.22, 1.22, 1.23, 0.01, 1, 1.23, 4.391, 3.161, 1654, 0, 4.391, 4.437, 0.046, 92,     3.217,
 8, 1, 1.088, 1.088, 1.298, 0.209, 404, 1.298, 4.64, 3.343, 1468, 0, 4.64, 4.825, 0.185, 370,     3.737,
 11, 1, 1.288, 1.288, 1.308, 0.02, 38, 1.308, 4.889, 3.582, 1508, 0, 4.889, 4.939, 0.05, 100,     3.652,
 12, 1, 1.311, 1.311, 1.338, 0.027, 37, 1.338, 5.152, 3.814, 1807, 0, 5.152, 5.193, 0.041, 82,     3.882,
 13, 1, 2.141, 2.141, 2.151, 0.01, 2, 2.151, 5.907, 3.756, 1599, 0, 5.907, 5.992, 0.085, 171,     3.851,
 14, 1, 2.171, 2.171, 2.232, 0.062, 127, 2.232, 6.92, 4.687, 1779, 0, 6.92, 6.93, 0.01, 12,     4.759,
 15, 1, 2.457, 2.457, 2.467, 0.01, 16, 2.467, 7.169, 4.702, 836, 0, 7.169, 7.185, 0.016, 33,     4.728,
 17, 1, 2.552, 2.552, 2.785, 0.233, 471, 2.785, 7.671, 4.886, 1301, 0, 7.671, 7.681, 0.01, 9,     5.129,
 19, 1, 2.618, 2.618, 3.029, 0.411, 8, 3.029, 8.681, 5.652, 1342, 0, 8.681, 8.725, 0.044, 88,     6.106,
 18, 1, 2.58, 2.58, 3.024, 0.444, 477, 3.024, 8.431, 5.407, 1487, 0, 8.431, 8.775, 0.345, 689,     6.196,
 20, 1, 2.931, 2.931, 3.038, 0.106, 1, 3.038, 8.928, 5.89, 1765, 0, 8.928, 8.983, 0.055, 110,     6.052,
 21, 1, 3.029, 3.029, 3.075, 0.046, 74, 3.075, 9.188, 6.114, 1389, 0, 9.188, 9.219, 0.031, 62,     6.190,
 16, 1, 2.486, 2.486, 3.201, 0.715, 1423, 3.201, 9.692, 6.491, 2333, 0, 9.692, 9.765, 0.072, 145,     7.279,
 22, 1, 3.102, 3.102, 3.359, 0.257, 515, 3.359, 9.942, 6.582, 1084, 0, 9.942, 10.182, 0.241, 482,     7.081,
 23, 1, 3.382, 3.382, 3.385, 0.004, 19, 3.385, 10.191, 6.806, 1232, 0, 10.191, 10.263, 0.072, 162,     6.882,
 24, 1, 3.449, 3.449, 3.804, 0.355, 697, 3.804, 11.477, 7.673, 1561, 0, 11.477, 11.649, 0.171, 343,     8.200,
 25, 1, 3.88, 3.88, 3.89, 0.01, 10, 3.89, 12.228, 8.338, 1175, 0, 12.228, 12.238, 0.01, 8,     8.358,
 26, 1, 3.93, 3.93, 3.977, 0.047, 80, 3.977, 12.477, 8.501, 1964, 0, 12.477, 12.503, 0.025, 51,     8.573,
 27, 1, 3.967, 3.967, 3.997, 0.03, 60, 3.997, 12.729, 8.733, 938, 0, 12.729, 12.77, 0.04, 81,     8.803,
 28, 1, 4.018, 4.018, 4.058, 0.04, 80, 4.058, 12.979, 8.922, 1485, 0, 12.979, 12.989, 0.01, 11,     8.972,
 30, 1, 4.269, 4.269, 4.279, 0.01, 11, 4.279, 13.496, 9.217, 1479, 0, 13.496, 13.506, 0.01, 13,     9.237,
 31, 1, 4.494, 4.494, 4.503, 0.01, 19, 4.503, 14.013, 9.51, 1887, 0, 14.013, 14.405, 0.392, 784,     9.912,
 29, 1, 4.257, 4.257, 4.668, 0.412, 792, 4.668, 14.512, 9.844, 1670, 0, 14.512, 14.551, 0.039, 78,    10.295,
 33, 1, 4.811, 4.811, 4.821, 0.01, 38, 4.821, 15.03, 10.209, 1721, 0, 15.03, 15.137, 0.107, 214,    10.326,
 32, 1, 4.565, 4.565, 4.693, 0.128, 257, 4.693, 14.762, 10.069, 1742, 0, 14.762, 15.79, 1.028, 2056,    11.225,
 34, 1, 5.071, 5.071, 5.102, 0.032, 81, 5.102, 16.31, 11.208, 1653, 0, 16.31, 16.534, 0.224, 448,    11.463,
 102, 1, 15.321, 15.321, 15.586, 0.265, 29, 15.586, 16.612, 1.026, 1341, 0, 16.612, 16.656, 0.044, 88,     1.335,
 35, 1, 5.258, 5.258, 5.416, 0.158, 313, 5.416, 17.059, 11.643, 1268, 0, 17.059, 17.118, 0.058, 117,    11.860,
 37, 1, 5.605, 5.605, 5.605, 0, 12, 5.605, 17.308, 11.703, 1736, 0, 17.308, 17.343, 0.035, 69,    11.738,
 49, 1, 7.293, 7.293, 7.323, 0.03, 36, 7.323, 17.363, 10.039, 1466, 0,TimeOut
 48, 1, 7.274, 7.274, 7.358, 0.084, 168, 7.358, 17.375, 10.017, 1208, 0,TimeOut
 107, 1, 15.727, 15.727, 16.145, 0.418, 11, 16.145, 17.628, 1.483, 1317, 0, 17.628, 17.638, 0.01, 18,     1.910,
 50, 1, 7.683, 7.683, 7.693, 0.01, 19, 7.693, 17.716, 10.023, 1096, 0,TimeOut
 93, 1, 14.543, 14.543, 16.283, 1.74, 3481, 16.283, 17.877, 1.594, 1200, 0, 17.877, 17.922, 0.044, 89,     3.379,
 39, 1, 5.777, 5.777, 5.793, 0.016, 31, 5.793, 18.065, 12.272, 1087, 0, 18.065, 18.075, 0.01, 17,    12.298,
 51, 1, 8.056, 8.056, 8.089, 0.033, 66, 8.089, 18.117, 10.028, 985, 0,TimeOut
 52, 1, 8.15, 8.15, 8.21, 0.059, 92, 8.21, 18.286, 10.076, 1743, 0,TimeOut
 54, 1, 8.255, 8.255, 8.278, 0.024, 47, 8.278, 18.323, 10.045, 1270, 0,TimeOut
 36, 1, 5.265, 5.265, 5.338, 0.074, 161, 5.338, 16.56, 11.222, 2063, 0, 16.56, 18.43, 1.87, 3741,    13.165,
 53, 1, 8.24, 8.24, 8.379, 0.139, 291, 8.379, 18.572, 10.193, 1626, 0,TimeOut
 56, 1, 8.697, 8.697, 8.697, 0, 14, 8.697, 18.773, 10.076, 1426, 0,TimeOut
 55, 1, 8.599, 8.599, 8.764, 0.165, 315, 8.764, 18.787, 10.023, 1525, 0,TimeOut
 57, 1, 8.754, 8.754, 8.774, 0.02, 28, 8.774, 18.808, 10.034, 1776, 0,TimeOut
 110, 1, 16.925, 16.925, 16.95, 0.024, 35, 16.95, 18.883, 1.933, 1021, 0, 18.883, 18.927, 0.044, 89,     2.002,
 58, 1, 8.888, 8.888, 8.933, 0.046, 91, 8.933, 18.962, 10.029, 1026, 0,TimeOut
 38, 1, 5.67, 5.67, 6.055, 0.386, 779, 6.055, 18.813, 12.758, 808, 0, 18.813, 19.023, 0.21, 420,    13.354,
 40, 1, 6.019, 6.019, 6.069, 0.05, 84, 6.069, 19.063, 12.994, 1504, 0, 19.063, 19.073, 0.01, 3,    13.054,
 112, 1, 17.692, 17.692, 17.702, 0.01, 6, 17.702, 19.146, 1.443, 1311, 0, 19.146, 19.156, 0.01, 3,     1.463,
 60, 1, 9.352, 9.352, 9.362, 0.01, 1, 9.362, 19.386, 10.024, 1467, 0,TimeOut
 114, 1, 17.808, 17.808, 17.836, 0.029, 48, 17.836, 19.398, 1.562, 1798, 0, 19.398, 19.411, 0.013, 26,     1.604,
 61, 1, 9.38, 9.38, 9.496, 0.116, 240, 9.496, 19.571, 10.075, 1622, 0,TimeOut
 41, 1, 6.177, 6.177, 6.38, 0.203, 407, 6.38, 19.567, 13.187, 1386, 0, 19.567, 19.577, 0.01, 5,    13.400,
 62, 1, 9.463, 9.463, 9.568, 0.104, 144, 9.568, 19.584, 10.016, 1486, 0,TimeOut
 63, 1, 9.479, 9.479, 9.582, 0.102, 11, 9.582, 19.606, 10.024, 1553, 0,TimeOut
 42, 1, 6.218, 6.218, 6.242, 0.024, 50, 6.242, 19.318, 13.076, 1434, 0, 19.318, 19.621, 0.303, 607,    13.403,
 116, 1, 17.91, 17.91, 17.92, 0.01, 16, 17.92, 19.649, 1.729, 1485, 0, 19.649, 19.835, 0.186, 369,     1.925,
 44, 1, 6.392, 6.392, 6.416, 0.024, 35, 6.416, 19.825, 13.408, 1666, 0, 19.825, 19.845, 0.02, 36,    13.453,
 65, 1, 9.585, 9.585, 10.038, 0.453, 138, 10.038, 20.058, 10.02, 1340, 0,TimeOut
 43, 1, 6.35, 6.35, 6.43, 0.08, 139, 6.43, 20.082, 13.652, 1318, 0, 20.082, 20.127, 0.044, 89,    13.776,
 118, 1, 18.093, 18.093, 18.103, 0.01, 10, 18.103, 19.915, 1.812, 1379, 0, 19.915, 20.147, 0.232, 440,     2.054,
 66, 1, 9.928, 9.928, 10.142, 0.215, 177, 10.142, 20.173, 10.03, 1643, 0,TimeOut
 67, 1, 10.396, 10.396, 10.445, 0.049, 97, 10.445, 20.469, 10.024, 1651, 0,TimeOut
 68, 1, 10.571, 10.571, 10.581, 0.01, 3, 10.581, 20.604, 10.023, 2161, 0,TimeOut
 69, 1, 10.599, 10.599, 10.654, 0.055, 118, 10.654, 20.684, 10.03, 1151, 0,TimeOut
 70, 1, 10.903, 10.903, 10.913, 0.01, 2, 10.913, 20.928, 10.015, 1456, 0,TimeOut
 71, 1, 10.919, 10.919, 10.947, 0.028, 35, 10.947, 20.973, 10.026, 1966, 0,TimeOut
 45, 1, 6.644, 6.644, 6.836, 0.192, 384, 6.836, 21.1, 14.265, 1525, 0, 21.1, 21.11, 0.01, 9,    14.467,
 72, 1, 11.128, 11.128, 11.161, 0.034, 32, 11.161, 21.185, 10.024, 1388, 0,TimeOut
 73, 1, 11.162, 11.162, 11.195, 0.034, 68, 11.195, 21.212, 10.016, 1427, 0,TimeOut
 123, 1, 19.147, 19.147, 19.167, 0.02, 29, 19.167, 21.181, 2.014, 1841, 0, 21.181, 21.222, 0.041, 81,     2.074,
 74, 1, 11.347, 11.347, 11.347, 0, 12, 11.347, 21.368, 10.021, 1216, 0,TimeOut
 75, 1, 11.362, 11.362, 11.362, 0, 7, 11.362, 21.39, 10.028, 1917, 0,TimeOut
 46, 1, 7.16, 7.16, 7.201, 0.04, 98, 7.201, 21.86, 14.659, 1350, 0, 21.86, 21.87, 0.01, 5,    14.710,
 76, 1, 12.057, 12.057, 12.089, 0.032, 45, 12.089, 22.117, 10.028, 1783, 0,TimeOut
 47, 1, 7.261, 7.261, 7.303, 0.042, 71, 7.303, 22.109, 14.806, 1694, 0, 22.109, 22.146, 0.037, 74,    14.885,
 119, 1, 18.808, 18.808, 18.853, 0.045, 90, 18.853, 22.359, 3.506, 1190, 0, 22.359, 22.382, 0.023, 46,     3.574,
 78, 1, 12.334, 12.334, 12.424, 0.09, 135, 12.424, 22.444, 10.021, 1755, 0,TimeOut
 79, 1, 12.438, 12.438, 12.464, 0.026, 54, 12.464, 22.537, 10.073, 1282, 0,TimeOut
 59, 1, 9.328, 9.328, 9.969, 0.64, 1252, 9.969, 22.86, 12.891, 1295, 0, 22.86, 22.956, 0.096, 206,    13.628,
 80, 1, 12.491, 12.491, 12.929, 0.438, 883, 12.929, 22.96, 10.03, 1205, 0,TimeOut
 81, 1, 12.882, 12.882, 12.943, 0.062, 25, 12.943, 22.96, 10.016, 1732, 0,TimeOut
 82, 1, 12.907, 12.907, 12.952, 0.045, 7, 12.952, 22.96, 10.007, 1352, 0,TimeOut
 132, 1, 20.664, 20.664, 20.704, 0.039, 45, 20.704, 22.957, 2.253, 1211, 0, 22.957, 22.989, 0.032, 66,     2.325,
 83, 1, 12.952, 12.952, 12.994, 0.041, 83, 12.994, 23.055, 10.061, 1364, 0,TimeOut
 84, 1, 13.047, 13.047, 13.057, 0.01, 3, 13.057, 23.127, 10.069, 1345, 0,TimeOut
 85, 1, 13.089, 13.089, 13.089, 0, 4, 13.089, 23.127, 10.037, 1672, 0,TimeOut
 86, 1, 13.133, 13.133, 13.222, 0.089, 179, 13.222, 23.255, 10.033, 1199, 0,TimeOut
 64, 1, 9.513, 9.513, 13.255, 3.742, 7347, 13.255, 23.357, 10.102, 1917, 0,TimeOut
 87, 1, 13.157, 13.157, 13.304, 0.146, 164, 13.304, 23.357, 10.053, 1181, 0,TimeOut
 88, 1, 13.33, 13.33, 13.375, 0.045, 90, 13.375, 23.396, 10.021, 1429, 0,TimeOut
 89, 1, 13.489, 13.489, 13.535, 0.046, 111, 13.535, 23.596, 10.061, 1592, 0,TimeOut
 90, 1, 13.503, 13.503, 13.549, 0.046, 71, 13.549, 23.596, 10.047, 1508, 0,TimeOut
 131, 1, 20.527, 20.527, 20.542, 0.015, 30, 20.542, 23.623, 3.081, 1184, 0, 23.623, 23.633, 0.01, 3,     3.106,
 77, 1, 12.188, 12.188, 12.356, 0.168, 344, 12.356, 23.881, 11.524, 1784, 0, 23.881, 23.891, 0.01, 13,    11.703,
 91, 1, 14.112, 14.112, 14.122, 0.01, 1, 14.122, 24.139, 10.017, 1626, 0,TimeOut
 136, 1, 20.883, 20.883, 20.914, 0.031, 62, 20.914, 24.129, 3.215, 1031, 0, 24.129, 24.145, 0.017, 33,     3.262,
 92, 1, 14.208, 14.208, 14.233, 0.025, 50, 14.233, 24.27, 10.037, 1276, 0,TimeOut
 155, 1, 23.616, 23.616, 23.626, 0.01, 18, 23.626, 24.362, 0.737, 1176, 0, 24.362, 24.376, 0.014, 27,     0.760,
 95, 1, 14.591, 14.591, 14.601, 0.01, 17, 14.601, 24.634, 10.033, 1187, 0,TimeOut
 140, 1, 21.237, 21.237, 21.307, 0.07, 6, 21.307, 24.636, 3.329, 1915, 0, 24.636, 24.665, 0.029, 57,     3.428,
 96, 1, 14.729, 14.729, 14.755, 0.026, 52, 14.755, 24.777, 10.022, 1419, 0,TimeOut
 97, 1, 14.891, 14.891, 14.916, 0.025, 42, 14.916, 24.968, 10.052, 1532, 0,TimeOut
 145, 1, 21.97, 21.97, 22.028, 0.058, 109, 22.028, 25.144, 3.116, 1689, 0, 25.144, 25.163, 0.02, 39,     3.193,
 142, 1, 21.599, 21.599, 21.609, 0.01, 11, 21.609, 24.895, 3.286, 1373, 0, 24.895, 25.208, 0.314, 628,     3.609,
 99, 1, 15.026, 15.026, 15.255, 0.229, 79, 15.255, 25.316, 10.061, 1498, 0,TimeOut
 100, 1, 15.048, 15.048, 15.374, 0.326, 239, 15.374, 25.399, 10.025, 2037, 0,TimeOut
 135, 1, 20.814, 20.814, 21.648, 0.834, 1676, 21.648, 25.245, 3.596, 1167, 0, 25.245, 25.484, 0.239, 478,     4.669,
 101, 1, 15.272, 15.272, 15.552, 0.28, 347, 15.552, 25.569, 10.017, 1866, 0,TimeOut
 150, 1, 22.297, 22.297, 22.307, 0.01, 9, 22.307, 25.652, 3.346, 1803, 0, 25.652, 25.69, 0.038, 75,     3.393,
 146, 1, 22.05, 22.05, 22.06, 0.01, 32, 22.06, 25.744, 3.684, 1231, 0, 25.744, 25.754, 0.01, 1,     3.704,
 94, 1, 14.569, 14.569, 14.579, 0.01, 14, 14.579, 25.901, 11.322, 1737, 0, 25.901, 25.911, 0.01, 9,    11.342,
 105, 1, 15.685, 15.685, 16.11, 0.425, 142, 16.11, 26.132, 10.022, 1276, 0,TimeOut
 106, 1, 15.701, 15.701, 16.135, 0.434, 39, 16.135, 26.16, 10.025, 1925, 0,TimeOut
 108, 1, 16.029, 16.029, 16.155, 0.126, 5, 16.155, 26.174, 10.019, 716, 0,TimeOut
 98, 1, 14.948, 14.948, 15.216, 0.268, 503, 15.216, 26.655, 11.439, 1621, 0, 26.655, 26.71, 0.055, 110,    11.762,
 173, 1, 26.059, 26.059, 26.069, 0.01, 10, 26.069, 26.806, 0.737, 1614, 0, 26.806, 26.82, 0.014, 28,     0.761,
 157, 1, 23.835, 23.835, 23.835, 0, 1, 23.835, 26.905, 3.069, 1347, 0, 26.905, 26.915, 0.01, 1,     3.079,
 109, 1, 16.913, 16.913, 16.936, 0.023, 43, 16.936, 26.95, 10.015, 1384, 0,TimeOut
 111, 1, 16.986, 16.986, 17.015, 0.029, 58, 17.015, 27.032, 10.017, 1069, 0,TimeOut
 177, 1, 26.416, 26.416, 26.728, 0.312, 591, 26.728, 27.441, 0.713, 1615, 0, 27.441, 27.493, 0.052, 105,     1.077,
 103, 1, 15.421, 15.421, 16.018, 0.597, 864, 16.018, 27.429, 11.411, 1648, 0, 27.429, 27.513, 0.084, 169,    12.093,
 158, 1, 23.844, 23.844, 23.848, 0.004, 24, 23.848, 27.536, 3.689, 1137, 0, 27.536, 27.58, 0.044, 69,     3.737,
 162, 1, 24.27, 24.27, 24.703, 0.433, 867, 24.703, 27.679, 2.975, 2051, 0, 27.679, 27.699, 0.02, 41,     3.429,
 104, 1, 15.488, 15.488, 16.039, 0.551, 25, 16.039, 27.928, 11.889, 1351, 0, 27.928, 27.986, 0.058, 116,    12.498,
 166, 1, 24.593, 24.593, 24.749, 0.156, 54, 24.749, 28.177, 3.428, 2189, 0, 28.177, 28.187, 0.01, 2,     3.594,
 148, 1, 22.15, 22.15, 22.272, 0.122, 245, 22.272, 27.273, 5.001, 1942, 0, 27.273, 28.303, 1.03, 2057,     6.152,
 169, 1, 25.625, 25.625, 25.635, 0.01, 4, 25.635, 28.427, 2.791, 1688, 0, 28.427, 28.529, 0.102, 204,     2.903,
 167, 1, 24.665, 24.665, 24.763, 0.098, 14, 24.763, 28.815, 4.052, 1066, 0, 28.815, 28.828, 0.013, 26,     4.163,
 153, 1, 23.382, 23.382, 23.52, 0.138, 261, 23.52, 28.556, 5.036, 1357, 0, 28.556, 29.381, 0.826, 1652,     5.999,
 175, 1, 26.193, 26.193, 26.242, 0.049, 99, 26.242, 29.434, 3.192, 1828, 0, 29.434, 29.464, 0.03, 61,     3.271,
 172, 1, 25.765, 25.765, 25.771, 0.006, 13, 25.771, 29.571, 3.8, 1190, 0, 29.571, 29.631, 0.061, 121,     3.866,
 170, 1, 25.706, 25.706, 25.765, 0.059, 116, 25.765, 28.935, 3.17, 1028, 0, 28.935, 29.714, 0.779, 1558,     4.008,
 127, 1, 19.87, 19.87, 19.882, 0.012, 42, 19.882, 29.905, 10.023, 1774, 0,TimeOut
 113, 1, 17.748, 17.748, 17.758, 0.01, 19, 17.758, 29.945, 12.187, 1423, 0, 29.945, 29.96, 0.015, 31,    12.212,
 128, 1, 19.953, 19.953, 20.014, 0.061, 92, 20.014, 30.084, 10.07, 1342, 0,TimeOut
 178, 1, 26.438, 26.438, 27.162, 0.724, 1429, 27.162, 30.194, 3.032, 1422, 0, 30.194, 30.254, 0.06, 120,     3.816,
 115, 1, 17.836, 17.836, 17.846, 0.01, 2, 17.846, 30.459, 12.612, 855, 0, 30.459, 30.469, 0.01, 6,    12.632,
 180, 1, 27.221, 27.221, 27.355, 0.134, 278, 27.355, 30.708, 3.353, 1511, 0, 30.708, 30.736, 0.028, 68,     3.515,
 137, 1, 20.941, 20.941, 20.941, 0, 1, 20.941, 30.961, 10.02, 1413, 0,TimeOut
 117, 1, 18.049, 18.049, 18.059, 0.01, 8, 18.059, 30.958, 12.898, 1726, 0, 30.958, 31, 0.043, 85,    12.951,
 130, 1, 20.478, 20.478, 20.478, 0, 9, 20.478, 31.007, 10.529, 1175, 0, 31.007, 31.022, 0.015, 44,    10.544,
 185, 1, 28.518, 28.518, 28.54, 0.023, 55, 28.54, 31.073, 2.533, 1311, 0, 31.073, 31.168, 0.095, 190,     2.651,
 121, 1, 18.885, 18.885, 18.919, 0.034, 53, 18.919, 31.222, 12.304, 1305, 0, 31.222, 31.316, 0.094, 188,    12.432,
 139, 1, 21.185, 21.185, 21.293, 0.108, 38, 21.293, 31.328, 10.035, 1414, 0,TimeOut
 188, 1, 28.799, 28.799, 29.131, 0.331, 653, 29.131, 31.336, 2.205, 2030, 0, 31.336, 31.347, 0.012, 23,     2.548,
 133, 1, 20.751, 20.751, 20.859, 0.109, 201, 20.859, 31.406, 10.546, 1649, 0, 31.406, 31.445, 0.04, 52,    10.694,
 182, 1, 27.651, 27.651, 27.727, 0.075, 151, 27.727, 31.488, 3.761, 1386, 0, 31.488, 31.844, 0.356, 713,     4.193,
 191, 1, 29.585, 29.585, 29.601, 0.015, 30, 29.601, 31.852, 2.252, 1002, 0, 31.852, 31.882, 0.029, 76,     2.296,
 120, 1, 18.861, 18.861, 19.057, 0.196, 399, 19.057, 31.994, 12.937, 1077, 0, 31.994, 32.006, 0.012, 24,    13.146,
 205, 1, 31.075, 31.075, 31.247, 0.172, 98, 31.247, 31.982, 0.736, 1163, 0, 31.982, 32.094, 0.112, 238,     1.020,
 160, 1, 23.957, 23.957, 23.967, 0.01, 16, 23.967, 29.064, 5.098, 1804, 0, 29.064, 32.155, 3.09, 6181,     8.198,
 122, 1, 18.962, 18.962, 19.157, 0.195, 376, 19.157, 32.254, 13.097, 1764, 0, 32.254, 32.326, 0.072, 145,    13.364,
 149, 1, 22.279, 22.279, 22.307, 0.027, 64, 22.307, 32.332, 10.026, 1832, 0,TimeOut
 198, 1, 30.451, 30.451, 30.507, 0.056, 85, 30.507, 32.367, 1.86, 1947, 0, 32.367, 32.441, 0.074, 147,     1.990,
 144, 1, 21.892, 21.892, 21.902, 0.01, 4, 21.902, 32.452, 10.55, 1661, 0, 32.452, 32.476, 0.023, 47,    10.584,
 201, 1, 30.742, 30.742, 31.001, 0.259, 480, 31.001, 32.616, 1.615, 979, 0, 32.616, 32.701, 0.085, 170,     1.959,
 184, 1, 28.196, 28.196, 28.343, 0.147, 294, 28.343, 32.504, 4.161, 1363, 0, 32.504, 32.766, 0.262, 525,     4.571,
 204, 1, 30.907, 30.907, 31.185, 0.278, 78, 31.185, 32.866, 1.681, 1307, 0, 32.866, 32.946, 0.08, 161,     2.039,
 141, 1, 21.499, 21.499, 21.525, 0.026, 52, 21.525, 32.043, 10.519, 1664, 0, 32.043, 33.175, 1.132, 2265,    11.677,
 186, 1, 28.624, 28.624, 28.773, 0.149, 265, 28.773, 33.266, 4.493, 992, 0, 33.266, 33.28, 0.014, 28,     4.656,
 152, 1, 22.831, 22.831, 22.841, 0.01, 26, 22.841, 33.266, 10.425, 1239, 0, 33.266, 33.305, 0.039, 79,    10.474,
 125, 1, 19.465, 19.465, 19.491, 0.026, 52, 19.491, 33.515, 14.024, 1895, 0, 33.515, 33.522, 0.007, 8,    14.057,
 156, 1, 23.819, 23.819, 23.834, 0.015, 29, 23.834, 33.66, 9.826, 2084, 0, 33.66, 33.748, 0.089, 177,     9.929,
 126, 1, 19.584, 19.584, 19.606, 0.022, 44, 19.606, 33.775, 14.169, 1781, 0, 33.775, 33.787, 0.011, 23,    14.203,
 212, 1, 32.191, 32.191, 32.486, 0.295, 65, 32.486, 33.88, 1.394, 1363, 0, 33.88, 33.911, 0.031, 61,     1.719,
 124, 1, 19.338, 19.338, 19.851, 0.513, 1018, 19.851, 34.274, 14.422, 1643, 0, 34.274, 34.274, 0, 17,    14.936,
 161, 1, 24.044, 24.044, 24.057, 0.014, 27, 24.057, 34.226, 10.168, 1967, 0, 34.226, 34.275, 0.049, 98,    10.231,
 190, 1, 29.522, 29.522, 29.532, 0.011, 23, 29.532, 34.536, 5.003, 1111, 0, 34.536, 34.615, 0.079, 158,     5.093,
 193, 1, 29.848, 29.848, 29.892, 0.044, 93, 29.892, 34.785, 4.894, 1327, 0, 34.785, 34.795, 0.01, 15,     4.947,
 163, 1, 24.382, 24.382, 24.395, 0.013, 46, 24.395, 34.48, 10.085, 1620, 0, 34.48, 34.979, 0.499, 998,    10.597,
 168, 1, 25.455, 25.455, 25.478, 0.023, 58, 25.478, 34.98, 9.502, 1125, 0, 34.98, 34.98, 0, 3,     9.525,
 129, 1, 20.21, 20.21, 20.269, 0.059, 119, 20.269, 35.053, 14.784, 1841, 0, 35.053, 35.066, 0.013, 26,    14.856,
 171, 1, 25.751, 25.751, 25.761, 0.01, 9, 25.761, 35.482, 9.721, 1321, 0, 35.482, 35.492, 0.01, 3,     9.741,
 165, 1, 24.462, 24.462, 24.717, 0.256, 21, 24.717, 34.731, 10.014, 1953, 0, 34.731, 35.502, 0.77, 1535,    11.040,
 134, 1, 20.791, 20.791, 20.801, 0.01, 16, 20.801, 35.567, 14.766, 1047, 0, 35.567, 35.58, 0.014, 27,    14.790,
 174, 1, 26.075, 26.075, 26.106, 0.032, 75, 26.106, 35.731, 9.624, 1203, 0, 35.731, 35.749, 0.019, 37,     9.674,
 200, 1, 30.67, 30.67, 30.717, 0.047, 79, 30.717, 35.816, 5.099, 1593, 0, 35.816, 35.826, 0.01, 2,     5.156,
 138, 1, 20.973, 20.973, 21.259, 0.286, 561, 21.259, 36.066, 14.807, 1775, 0, 36.066, 36.076, 0.01, 20,    15.103,
 203, 1, 30.857, 30.857, 31.129, 0.272, 21, 31.129, 36.316, 5.187, 1758, 0, 36.316, 36.325, 0.01, 11,     5.469,
 179, 1, 27.152, 27.152, 27.176, 0.024, 34, 27.176, 36.239, 9.064, 1349, 0, 36.239, 36.489, 0.249, 469,     9.337,
 143, 1, 21.811, 21.811, 21.821, 0.01, 17, 21.821, 36.583, 14.762, 1452, 0, 36.583, 36.593, 0.01, 13,    14.782,
 181, 1, 27.567, 27.567, 27.675, 0.108, 199, 27.675, 36.489, 8.814, 1592, 0, 36.489, 36.808, 0.32, 640,     9.241,
 176, 1, 26.311, 26.311, 26.321, 0.01, 20, 26.321, 35.98, 9.658, 1470, 0, 35.98, 36.846, 0.866, 1722,    10.535,
 207, 1, 31.589, 31.589, 31.599, 0.01, 27, 31.599, 36.836, 5.237, 1714, 0, 36.836, 36.87, 0.033, 67,     5.280,
 187, 1, 28.729, 28.729, 28.739, 0.01, 12, 28.739, 36.987, 8.249, 1984, 0, 36.987, 36.997, 0.01, 19,     8.269,
 147, 1, 22.087, 22.087, 22.233, 0.145, 269, 22.233, 37.335, 15.102, 1562, 0, 37.335, 37.349, 0.014, 29,    15.262,
 209, 1, 31.725, 31.725, 31.741, 0.016, 33, 31.741, 37.085, 5.344, 1635, 0, 37.085, 37.364, 0.279, 558,     5.639,
 189, 1, 29.322, 29.322, 29.521, 0.2, 402, 29.521, 37.495, 7.974, 1434, 0, 37.495, 37.523, 0.028, 56,     8.202,
 151, 1, 22.73, 22.73, 22.764, 0.034, 57, 22.764, 37.6, 14.836, 1600, 0, 37.6, 37.677, 0.077, 154,    14.947,
 218, 1, 32.678, 32.678, 37.053, 4.374, 99, 37.053, 37.943, 0.891, 1715, 0, 37.943, 37.953, 0.01, 9,     5.275,
 211, 1, 31.832, 31.832, 32.445, 0.614, 2, 32.445, 37.851, 5.406, 1545, 0, 37.851, 37.992, 0.14, 281,     6.160,
 192, 1, 29.614, 29.614, 29.624, 0.01, 5, 29.624, 37.993, 8.369, 1919, 0, 37.993, 38.16, 0.166, 336,     8.546,
 219, 1, 32.923, 32.923, 37.067, 4.144, 16, 37.067, 37.883, 0.817, 1674, 0, 37.883, 38.193, 0.31, 620,     5.270,
 223, 1, 33.653, 33.653, 37.437, 3.784, 12, 37.437, 38.197, 0.76, 1757, 0, 38.197, 38.207, 0.01, 16,     4.554,
 194, 1, 29.888, 29.888, 29.919, 0.031, 63, 29.919, 38.243, 8.324, 1529, 0, 38.243, 38.266, 0.023, 46,     8.378,
 220, 1, 33.312, 33.312, 37.185, 3.873, 216, 37.185, 38.106, 0.921, 1645, 0, 38.106, 38.312, 0.206, 415,     5.001,
 159, 1, 23.929, 23.929, 23.939, 0.01, 8, 23.939, 38.355, 14.416, 1718, 0, 38.355, 38.365, 0.01, 4,    14.436,
 154, 1, 23.401, 23.401, 23.506, 0.105, 186, 23.506, 38.105, 14.599, 1359, 0, 38.105, 38.412, 0.307, 614,    15.011,
 224, 1, 34.079, 34.079, 37.642, 3.563, 401, 37.642, 38.355, 0.712, 1261, 0, 38.355, 38.432, 0.077, 118,     4.353,
 183, 1, 27.999, 27.999, 28.095, 0.096, 192, 28.095, 36.738, 8.643, 1132, 0, 36.738, 38.461, 1.723, 3446,    10.462,
 195, 1, 30.125, 30.125, 30.125, 0, 4, 30.125, 38.492, 8.367, 1442, 0, 38.492, 38.53, 0.038, 76,     8.405,
 230, 1, 34.841, 34.841, 37.742, 2.901, 21, 37.742, 38.604, 0.862, 1567, 0, 38.604, 38.609, 0.005, 2,     3.767,
 226, 1, 34.145, 34.145, 37.678, 3.533, 25, 37.678, 38.609, 0.931, 1168, 0, 38.609, 38.634, 0.025, 29,     4.490,
 225, 1, 34.102, 34.102, 37.662, 3.56, 33, 37.662, 38.582, 0.919, 1774, 0, 38.582, 38.654, 0.072, 108,     4.552,
 214, 1, 32.295, 32.295, 33.5, 1.205, 5, 33.5, 38.604, 5.104, 1192, 0, 38.604, 38.674, 0.07, 117,     6.379,
 229, 1, 34.77, 34.77, 37.729, 2.959, 21, 37.729, 38.446, 0.717, 1280, 0, 38.446, 38.759, 0.313, 612,     3.989,
 199, 1, 30.51, 30.51, 30.542, 0.032, 72, 30.542, 38.749, 8.207, 1731, 0, 38.749, 38.769, 0.02, 29,     8.259,
 233, 1, 35.272, 35.272, 38.065, 2.793, 1, 38.065, 38.785, 0.72, 1701, 0, 38.785, 38.851, 0.066, 140,     3.579,
 164, 1, 24.389, 24.389, 24.968, 0.579, 1146, 24.968, 38.854, 13.887, 1931, 0, 38.854, 38.858, 0.004, 12,    14.470,
 236, 1, 35.548, 35.548, 38.318, 2.77, 40, 38.318, 39.035, 0.717, 1971, 0, 39.035, 39.045, 0.01, 1,     3.497,
 202, 1, 30.773, 30.773, 31.115, 0.342, 227, 31.115, 39.272, 8.157, 1371, 0, 39.272, 39.34, 0.068, 124,     8.567,
 239, 1, 35.764, 35.764, 38.508, 2.744, 20, 38.508, 39.292, 0.784, 1068, 0, 39.292, 39.367, 0.075, 150,     3.603,
 217, 1, 32.596, 32.596, 37.003, 4.408, 33, 37.003, 39.359, 2.356, 859, 0, 39.359, 39.44, 0.081, 166,     6.844,
 206, 1, 31.405, 31.405, 31.405, 0, 8, 31.405, 39.521, 8.116, 1237, 0, 39.521, 39.606, 0.085, 161,     8.201,
 221, 1, 33.405, 33.405, 37.431, 4.026, 462, 37.431, 39.608, 2.177, 1735, 0, 39.608, 39.637, 0.029, 29,     6.232,
 222, 1, 33.509, 33.509, 38.94, 5.431, 3096, 38.94, 39.662, 0.722, 1216, 0, 39.662, 39.722, 0.06, 130,     6.213,
 245, 1, 36.487, 36.487, 38.997, 2.51, 114, 38.997, 39.726, 0.729, 890, 0, 39.726, 39.746, 0.02, 48,     3.259,
 241, 1, 36.187, 36.187, 38.744, 2.557, 267, 38.744, 39.664, 0.92, 1553, 0, 39.664, 39.769, 0.105, 215,     3.583,
 208, 1, 31.698, 31.698, 31.717, 0.019, 51, 31.717, 39.77, 8.053, 1444, 0, 39.77, 39.791, 0.021, 44,     8.093,
 240, 1, 35.944, 35.944, 38.602, 2.658, 188, 38.602, 39.402, 0.8, 1786, 0, 39.402, 39.82, 0.418, 837,     3.876,
 246, 1, 36.535, 36.535, 39.011, 2.476, 9, 39.011, 39.948, 0.937, 1045, 0, 39.948, 40.02, 0.072, 145,     3.486,
 210, 1, 31.814, 31.814, 32.44, 0.627, 1254, 32.44, 40.022, 7.582, 1905, 0, 40.022, 40.032, 0.01, 6,     8.218,
 228, 1, 34.242, 34.242, 37.712, 3.47, 25, 37.712, 40.107, 2.395, 1288, 0, 40.107, 40.137, 0.03, 60,     5.895,
 196, 1, 30.177, 30.177, 33.486, 3.309, 6618, 33.486, 40.271, 6.785, 1516, 0, 40.271, 40.304, 0.032, 65,    10.126,
 247, 1, 36.659, 36.659, 39.079, 2.42, 120, 39.079, 40, 0.921, 1507, 0, 40, 40.408, 0.408, 816,     3.749,
 253, 1, 37.729, 37.729, 39.703, 1.973, 243, 39.703, 40.433, 0.731, 1342, 0, 40.433, 40.455, 0.022, 44,     2.726,
 252, 1, 37.678, 37.678, 39.57, 1.892, 25, 39.57, 40.433, 0.863, 1213, 0, 40.433, 40.473, 0.04, 92,     2.796,
 216, 1, 32.54, 32.54, 36.983, 4.443, 23, 36.983, 40.535, 3.552, 1530, 0, 40.535, 40.545, 0.01, 6,     8.005,
 254, 1, 37.786, 37.786, 39.715, 1.929, 3, 39.715, 40.635, 0.92, 1548, 0, 40.635, 40.679, 0.044, 87,     2.893,
 257, 1, 38.666, 38.666, 40.206, 1.541, 18, 40.206, 40.923, 0.716, 1713, 0, 40.923, 40.933, 0.01, 8,     2.267,
 213, 1, 32.221, 32.221, 37.389, 5.168, 9805, 37.389, 40.785, 3.395, 1322, 0, 40.785, 40.986, 0.201, 402,     8.765,
 227, 1, 34.177, 34.177, 37.692, 3.515, 22, 37.692, 41.034, 3.341, 1146, 0, 41.034, 41.073, 0.039, 50,     6.895,
 261, 1, 39.032, 39.032, 40.294, 1.262, 25, 40.294, 41.229, 0.934, 1249, 0, 41.229, 41.243, 0.014, 29,     2.211,
 265, 1, 39.651, 39.651, 40.504, 0.853, 11, 40.504, 41.231, 0.727, 1482, 0, 41.231, 41.251, 0.02, 44,     1.600,
 262, 1, 39.079, 39.079, 40.518, 1.438, 441, 40.518, 41.251, 0.733, 1205, 0, 41.251, 41.261, 0.01, 28,     2.182,
 231, 1, 34.871, 34.871, 37.908, 3.037, 296, 37.908, 41.293, 3.385, 872, 0, 41.293, 41.303, 0.01, 2,     6.432,
 258, 1, 38.72, 38.72, 40.446, 1.727, 480, 40.446, 41.366, 0.919, 1238, 0, 41.366, 41.385, 0.019, 50,     2.665,
 238, 1, 35.746, 35.746, 38.498, 2.752, 10, 38.498, 41.36, 2.861, 1811, 0, 41.36, 41.405, 0.045, 58,     5.658,
 260, 1, 38.765, 38.765, 40.274, 1.509, 45, 40.274, 41.207, 0.932, 1234, 0, 41.207, 41.466, 0.259, 512,     2.701,
 266, 1, 39.82, 39.82, 40.53, 0.71, 51, 40.53, 41.456, 0.925, 1504, 0, 41.456, 41.466, 0.01, 12,     1.645,
 259, 1, 38.734, 38.734, 40.24, 1.506, 7, 40.24, 40.976, 0.735, 1410, 0, 40.976, 41.476, 0.5, 987,     2.742,
 267, 1, 40.037, 40.037, 40.53, 0.493, 6, 40.53, 41.478, 0.947, 1562, 0, 41.478, 41.517, 0.039, 82,     1.479,
 234, 1, 35.35, 35.35, 38.075, 2.725, 12, 38.075, 41.551, 3.476, 1275, 0, 41.551, 41.573, 0.022, 44,     6.223,
 232, 1, 35.057, 35.057, 38.051, 2.995, 287, 38.051, 40.605, 2.554, 1701, 0, 40.605, 41.592, 0.987, 1974,     6.535,
 271, 1, 40.97, 40.97, 40.976, 0.006, 15, 40.976, 41.692, 0.716, 1067, 0, 41.692, 41.702, 0.01, 15,     0.732,
 197, 1, 30.204, 30.204, 30.204, 0, 3, 30.204, 35.318, 5.114, 1448, 0, 35.318, 41.751, 6.434, 12868,    11.547,
 237, 1, 35.632, 35.632, 38.484, 2.852, 305, 38.484, 41.812, 3.328, 1307, 0, 41.812, 41.822, 0.01, 7,     6.190,
 242, 1, 36.226, 36.226, 38.814, 2.588, 115, 38.814, 42.061, 3.247, 1227, 0, 42.061, 42.081, 0.02, 40,     5.855,
 275, 1, 41.263, 41.263, 41.263, 0, 5, 41.263, 41.982, 0.719, 1270, 0, 41.982, 42.136, 0.154, 308,     0.873,
 270, 1, 40.914, 40.914, 40.932, 0.018, 36, 40.932, 41.648, 0.716, 1927, 0, 41.648, 42.165, 0.517, 1034,     1.251,
 243, 1, 36.314, 36.314, 38.926, 2.612, 218, 38.926, 42.12, 3.194, 991, 0, 42.12, 42.185, 0.064, 98,     5.871,
 235, 1, 35.444, 35.444, 38.298, 2.854, 447, 38.298, 40.862, 2.563, 1832, 0, 40.862, 42.254, 1.392, 2785,     6.809,
 276, 1, 41.38, 41.38, 41.39, 0.01, 10, 41.39, 42.319, 0.929, 1842, 0, 42.319, 42.33, 0.011, 41,     0.950,
 248, 1, 36.775, 36.775, 39.093, 2.318, 28, 39.093, 42.31, 3.217, 1752, 0, 42.31, 42.343, 0.033, 66,     5.568,
 215, 1, 32.445, 32.445, 36.963, 4.518, 6927, 36.963, 42.375, 5.412, 1604, 0, 42.375, 42.405, 0.03, 60,     9.960,
 273, 1, 41.211, 41.211, 41.33, 0.119, 240, 41.33, 42.041, 0.711, 2134, 0, 42.041, 42.575, 0.533, 1058,     1.363,
 279, 1, 41.836, 41.836, 41.879, 0.043, 51, 41.879, 42.614, 0.734, 1492, 0, 42.614, 42.624, 0.01, 14,     0.787,
 250, 1, 37.437, 37.437, 39.505, 2.068, 783, 39.505, 42.565, 3.059, 1499, 0, 42.565, 42.634, 0.069, 135,     5.197,
 249, 1, 37.135, 37.135, 39.107, 1.972, 7, 39.107, 42.634, 3.526, 2014, 0, 42.634, 42.774, 0.141, 282,     5.639,
 244, 1, 36.33, 36.33, 39.906, 3.576, 1960, 39.906, 42.832, 2.926, 1988, 0, 42.832, 42.924, 0.091, 152,     6.593,
 251, 1, 37.604, 37.604, 39.556, 1.952, 102, 39.556, 42.884, 3.328, 1604, 0, 42.884, 42.991, 0.107, 214,     5.387,
 256, 1, 38.61, 38.61, 40.192, 1.583, 544, 40.192, 43.082, 2.89, 1723, 0, 43.082, 43.091, 0.009, 16,     4.481,
 283, 1, 42.353, 42.353, 42.407, 0.054, 109, 42.407, 43.129, 0.722, 1608, 0, 43.129, 43.139, 0.01, 4,     0.786,
 255, 1, 38.21, 38.21, 40.206, 1.996, 983, 40.206, 43.139, 2.933, 1323, 0, 43.139, 43.149, 0.01, 15,     4.939,
 263, 1, 39.507, 39.507, 40.466, 0.959, 12, 40.466, 43.331, 2.865, 1254, 0, 43.331, 43.341, 0.01, 15,     3.834,
 284, 1, 42.571, 42.571, 42.603, 0.032, 64, 42.603, 43.331, 0.728, 1227, 0, 43.331, 43.371, 0.04, 80,     0.800,
 264, 1, 39.572, 39.572, 40.493, 0.922, 40, 40.493, 43.401, 2.907, 1239, 0, 43.401, 43.411, 0.01, 4,     3.839,
 268, 1, 40.245, 40.245, 40.611, 0.365, 148, 40.611, 43.587, 2.976, 1575, 0, 43.587, 43.66, 0.073, 143,     3.415,
 272, 1, 41.013, 41.013, 41.038, 0.025, 57, 41.038, 43.836, 2.798, 1229, 0, 43.836, 43.854, 0.018, 36,     2.841,
 274, 1, 41.223, 41.223, 41.242, 0.019, 38, 41.242, 43.9, 2.658, 1849, 0, 43.9, 43.91, 0.011, 21,     2.687,
 269, 1, 40.733, 40.733, 40.755, 0.021, 46, 40.755, 43.65, 2.895, 1373, 0, 43.65, 43.961, 0.312, 624,     3.228,
 278, 1, 41.731, 41.731, 41.741, 0.01, 2, 41.741, 44.15, 2.408, 1327, 0, 44.15, 44.16, 0.01, 7,     2.428,
 289, 1, 43.078, 43.078, 43.205, 0.127, 118, 43.205, 44.126, 0.921, 1687, 0, 44.126, 44.17, 0.044, 88,     1.092,
 280, 1, 42.098, 42.098, 42.186, 0.087, 187, 42.186, 44.34, 2.155, 1247, 0, 44.34, 44.38, 0.04, 80,     2.282,
 287, 1, 43.023, 43.023, 43.107, 0.083, 139, 43.107, 43.824, 0.717, 1618, 0, 43.824, 44.432, 0.608, 1217,     1.408,
 282, 1, 42.192, 42.192, 42.192, 0, 9, 42.192, 44.404, 2.212, 1513, 0, 44.404, 44.455, 0.05, 101,     2.262,
 290, 1, 43.107, 43.107, 43.225, 0.118, 35, 43.225, 44.16, 0.935, 1059, 0, 44.16, 44.53, 0.371, 761,     1.424,
 285, 1, 42.628, 42.628, 42.638, 0.01, 5, 42.638, 44.598, 1.96, 1638, 0, 44.598, 44.617, 0.02, 39,     1.989,
 277, 1, 41.635, 41.635, 41.635, 0, 8, 41.635, 44.09, 2.454, 1102, 0, 44.09, 44.74, 0.65, 1300,     3.104,
 293, 1, 43.376, 43.376, 43.645, 0.269, 125, 43.645, 44.367, 0.722, 1910, 0, 44.367, 44.903, 0.536, 1073,     1.527,
 292, 1, 43.368, 43.368, 43.57, 0.202, 377, 43.57, 44.903, 1.332, 1494, 0, 44.903, 44.929, 0.026, 44,     1.560,
 291, 1, 43.346, 43.346, 43.382, 0.036, 73, 43.382, 44.847, 1.465, 1306, 0, 44.847, 45.035, 0.189, 378,     1.690,
 295, 1, 44.091, 44.091, 44.136, 0.044, 96, 44.136, 44.847, 0.711, 1761, 0, 44.847, 45.117, 0.271, 542,     1.026,
 296, 1, 44.136, 44.136, 44.136, 0, 9, 44.136, 44.847, 0.711, 1587, 0, 44.847, 45.233, 0.386, 736,     1.097,
 281, 1, 42.164, 42.164, 43.879, 1.715, 3433, 43.879, 45.096, 1.217, 1462, 0, 45.096, 45.233, 0.137, 243,     3.069,
 294, 1, 44.075, 44.075, 44.085, 0.01, 7, 44.085, 45.161, 1.076, 1498, 0, 45.161, 45.233, 0.072, 123,     1.158,
 298, 1, 44.493, 44.493, 44.504, 0.011, 21, 44.504, 45.361, 0.857, 1845, 0, 45.361, 45.371, 0.01, 30,     0.878,
 286, 1, 42.653, 42.653, 42.653, 0, 10, 42.653, 44.654, 2, 1320, 0, 44.654, 45.499, 0.846, 1692,     2.846,
 297, 1, 44.145, 44.145, 44.807, 0.661, 1323, 44.807, 45.541, 0.734, 1294, 0, 45.541, 45.633, 0.092, 184,     1.488,
 300, 1, 44.733, 44.733, 44.821, 0.087, 19, 44.821, 45.561, 0.74, 1415, 0, 45.561, 45.769, 0.208, 416,     1.036,
 302, 1, 44.821, 44.821, 45.088, 0.267, 364, 45.088, 45.823, 0.735, 1393, 0, 45.823, 45.833, 0.01, 13,     1.012,
 303, 1, 45.043, 45.043, 45.12, 0.077, 51, 45.12, 45.835, 0.715, 1793, 0, 45.835, 45.845, 0.01, 6,     0.802,
 301, 1, 44.764, 44.764, 44.906, 0.142, 156, 44.906, 45.62, 0.714, 1689, 0, 45.62, 46.025, 0.405, 810,     1.260,
 304, 1, 45.47, 45.47, 45.516, 0.046, 78, 45.516, 46.231, 0.714, 1692, 0, 46.231, 46.246, 0.016, 31,     0.776,
 305, 1, 45.489, 45.489, 45.569, 0.08, 105, 45.569, 46.291, 0.722, 1829, 0, 46.291, 46.345, 0.054, 116,     0.857,
 306, 1, 45.506, 45.506, 45.643, 0.136, 148, 45.643, 46.358, 0.715, 1367, 0, 46.358, 46.377, 0.02, 39,     0.871,
 307, 1, 45.731, 45.731, 45.781, 0.05, 87, 45.781, 46.51, 0.729, 984, 0, 46.51, 46.56, 0.05, 99,     0.829,
 308, 1, 45.771, 45.771, 45.791, 0.02, 20, 45.791, 46.51, 0.719, 2049, 0, 46.51, 46.614, 0.104, 208,     0.843,
 288, 1, 43.047, 43.047, 43.146, 0.098, 78, 43.146, 43.866, 0.72, 2064, 0, 43.866, 46.81, 2.944, 5889,     3.763,
 309, 1, 46.149, 46.149, 46.159, 0.01, 4, 46.159, 46.875, 0.716, 1031, 0, 46.875, 46.931, 0.056, 112,     0.782,
 310, 1, 46.173, 46.173, 46.288, 0.115, 231, 46.288, 47.019, 0.731, 1767, 0, 47.019, 47.029, 0.01, 16,     0.856,
 299, 1, 44.575, 44.575, 46.442, 1.867, 3729, 46.442, 47.157, 0.716, 1799, 0, 47.157, 47.167, 0.01, 1,     2.593,
 311, 1, 46.503, 46.503, 46.534, 0.031, 40, 46.534, 47.249, 0.715, 1730, 0, 47.249, 47.259, 0.01, 17,     0.756,
 312, 1, 47.204, 47.204, 47.214, 0.01, 4, 47.214, 47.937, 0.723, 1625, 0, 47.937, 47.977, 0.041, 82,     0.774,
 313, 1, 47.262, 47.262, 47.364, 0.102, 205, 47.364, 48.081, 0.716, 1079, 0, 48.081, 48.102, 0.022, 43,     0.840,
 314, 1, 47.352, 47.352, 47.392, 0.04, 65, 47.392, 48.107, 0.715, 1583, 0, 48.107, 48.117, 0.01, 21,     0.765,
 316, 1, 47.462, 47.462, 47.472, 0.01, 10, 47.472, 48.198, 0.726, 1336, 0, 48.198, 48.214, 0.016, 31,     0.752,
 317, 1, 47.63, 47.63, 47.64, 0.01, 12, 47.64, 48.356, 0.716, 1415, 0, 48.356, 48.407, 0.051, 103,     0.777,
 318, 1, 47.679, 47.679, 47.789, 0.109, 212, 47.789, 48.5, 0.712, 1436, 0, 48.5, 48.51, 0.01, 18,     0.831,
 315, 1, 47.382, 47.382, 47.809, 0.427, 861, 47.809, 48.536, 0.728, 1620, 0, 48.536, 48.556, 0.02, 23,     1.174,
 319, 1, 48.324, 48.324, 48.334, 0.01, 19, 48.334, 49.051, 0.716, 1678, 0, 49.051, 49.051, 0, 1,     0.726,
 320, 1, 48.533, 48.533, 48.63, 0.097, 194, 48.63, 49.36, 0.731, 1289, 0, 49.36, 49.566, 0.206, 411,     1.033,
 323, 1, 48.922, 48.922, 49.288, 0.366, 25, 49.288, 50.018, 0.73, 1446, 0, 50.018, 50.028, 0.01, 4,     1.106,
 324, 1, 48.962, 48.962, 49.302, 0.34, 20, 49.302, 50.018, 0.716, 1153, 0, 50.018, 50.03, 0.012, 21,     1.069,
 321, 1, 48.844, 48.844, 49.274, 0.43, 861, 49.274, 49.997, 0.723, 1089, 0, 49.997, 50.06, 0.062, 125,     1.216,
 325, 1, 49.022, 49.022, 49.316, 0.294, 26, 49.316, 50.258, 0.943, 1499, 0, 50.258, 50.28, 0.022, 40,     1.259,
 322, 1, 48.901, 48.901, 49.351, 0.449, 899, 49.351, 50.274, 0.923, 1725, 0, 50.274, 50.28, 0.007, 3,     1.379,
 326, 1, 49.156, 49.156, 49.568, 0.412, 504, 49.568, 50.299, 0.732, 1609, 0, 50.299, 50.34, 0.04, 91,     1.184,
 328, 1, 49.701, 49.701, 49.726, 0.025, 41, 49.726, 50.45, 0.724, 1406, 0, 50.45, 50.499, 0.049, 79,     0.798,
 329, 1, 49.726, 49.726, 49.756, 0.03, 60, 49.756, 50.676, 0.92, 1723, 0, 50.676, 50.689, 0.013, 26,     0.963,
 330, 1, 49.845, 49.845, 50.966, 1.121, 2208, 50.966, 51.691, 0.725, 1570, 0, 51.691, 51.711, 0.02, 41,     1.866,
 331, 1, 49.963, 49.963, 51, 1.037, 44, 51, 51.717, 0.717, 1899, 0, 51.717, 51.727, 0.01, 18,     1.764,
 332, 1, 50.017, 50.017, 51.032, 1.015, 64, 51.032, 51.763, 0.73, 1777, 0, 51.763, 51.836, 0.073, 147,     1.819,
 333, 1, 50.036, 50.036, 51.066, 1.03, 32, 51.066, 51.786, 0.72, 1346, 0, 51.786, 51.916, 0.13, 259,     1.880,
 335, 1, 50.318, 50.318, 51.226, 0.908, 152, 51.226, 51.944, 0.717, 1056, 0, 51.944, 51.969, 0.026, 51,     1.651,
 336, 1, 50.465, 50.465, 51.272, 0.807, 70, 51.272, 51.989, 0.717, 1511, 0, 51.989, 51.999, 0.01, 1,     1.534,
 337, 1, 50.536, 50.536, 51.296, 0.76, 48, 51.296, 52.012, 0.716, 1562, 0, 52.012, 52.038, 0.026, 52,     1.502,
 338, 1, 50.76, 50.76, 51.352, 0.593, 113, 51.352, 52.068, 0.716, 1483, 0, 52.068, 52.078, 0.01, 12,     1.319,
 334, 1, 50.163, 50.163, 51.15, 0.987, 168, 51.15, 52.082, 0.932, 1480, 0, 52.082, 52.092, 0.01, 11,     1.929,
 327, 1, 49.614, 49.614, 51.411, 1.797, 3594, 51.411, 52.34, 0.929, 1576, 0, 52.34, 52.387, 0.047, 95,     2.773,
 342, 1, 51.413, 51.413, 51.679, 0.265, 15, 51.679, 52.393, 0.714, 823, 0, 52.393, 52.436, 0.044, 99,     1.023,
 341, 1, 51.385, 51.385, 51.723, 0.338, 424, 51.723, 52.451, 0.728, 1334, 0, 52.451, 52.461, 0.01, 18,     1.076,
 339, 1, 51.202, 51.202, 51.659, 0.456, 613, 51.659, 52.589, 0.93, 1320, 0, 52.589, 52.599, 0.01, 20,     1.397,
 345, 1, 51.998, 51.998, 51.998, 0, 5, 51.998, 52.72, 0.722, 1787, 0, 52.72, 52.728, 0.008, 14,     0.730,
 344, 1, 51.989, 51.989, 51.998, 0.009, 8, 51.998, 52.72, 0.722, 1118, 0, 52.72, 52.748, 0.028, 40,     0.759,
 346, 1, 52.026, 52.026, 52.036, 0.01, 3, 52.036, 52.757, 0.721, 1617, 0, 52.757, 52.767, 0.01, 32,     0.741,
 348, 1, 52.098, 52.098, 52.108, 0.01, 6, 52.108, 52.97, 0.862, 1265, 0, 52.97, 52.98, 0.01, 4,     0.882,
 343, 1, 51.502, 51.502, 51.723, 0.221, 71, 51.723, 52.451, 0.728, 1484, 0, 52.451, 53.183, 0.732, 1452,     1.681,
 347, 1, 52.073, 52.073, 52.19, 0.117, 234, 52.19, 53.173, 0.983, 1533, 0, 53.173, 53.183, 0.01, 13,     1.110,
 349, 1, 52.449, 52.449, 52.489, 0.041, 69, 52.489, 53.199, 0.71, 1509, 0, 53.199, 53.254, 0.055, 122,     0.805,
 350, 1, 52.489, 52.489, 52.499, 0.01, 32, 52.499, 53.231, 0.732, 1294, 0, 53.231, 53.337, 0.105, 211,     0.847,
 351, 1, 52.762, 52.762, 52.801, 0.039, 78, 52.801, 53.523, 0.722, 1336, 0, 53.523, 53.541, 0.019, 37,     0.779,
 352, 1, 52.911, 52.911, 52.926, 0.016, 31, 52.926, 53.651, 0.725, 1034, 0, 53.651, 53.675, 0.024, 48,     0.764,
 357, 1, 53.31, 53.31, 53.31, 0, 5, 53.31, 54.027, 0.718, 1402, 0, 54.027, 54.105, 0.078, 127,     0.796,
 356, 1, 53.222, 53.222, 53.257, 0.035, 69, 53.257, 53.972, 0.716, 1544, 0, 53.972, 54.154, 0.182, 365,     0.932,
 354, 1, 53.14, 53.14, 53.441, 0.3, 602, 53.441, 54.155, 0.714, 1551, 0, 54.155, 54.167, 0.012, 25,     1.026,
 355, 1, 53.15, 53.15, 53.199, 0.049, 117, 53.199, 53.905, 0.707, 1545, 0, 53.905, 54.57, 0.665, 1340,     1.420,
 353, 1, 53.068, 53.068, 53.087, 0.02, 39, 53.087, 53.792, 0.704, 1817, 0, 53.792, 54.589, 0.797, 1595,     1.521,
 358, 1, 53.821, 53.821, 53.831, 0.01, 1, 53.831, 54.555, 0.724, 1744, 0, 54.555, 54.803, 0.248, 497,     0.982,
 359, 1, 54.106, 54.106, 54.138, 0.032, 46, 54.138, 54.85, 0.712, 1271, 0, 54.85, 54.903, 0.053, 105,     0.796,
 360, 1, 54.15, 54.15, 54.16, 0.01, 16, 54.16, 54.876, 0.716, 1122, 0, 54.876, 54.923, 0.046, 99,     0.773,
 340, 1, 51.272, 51.272, 51.502, 0.23, 182, 51.502, 52.42, 0.918, 1392, 0, 52.42, 55.171, 2.751, 5503,     3.899,
 361, 1, 54.165, 54.165, 54.486, 0.321, 652, 54.486, 55.202, 0.716, 1606, 0, 55.202, 55.236, 0.034, 68,     1.071,
 362, 1, 54.858, 54.858, 54.868, 0.01, 5, 54.868, 55.587, 0.718, 1917, 0, 55.587, 55.64, 0.053, 107,     0.782,
 363, 1, 54.941, 54.941, 55.018, 0.076, 153, 55.018, 55.734, 0.716, 1960, 0, 55.734, 55.752, 0.019, 37,     0.811,
 364, 1, 55.022, 55.022, 55.032, 0.01, 25, 55.032, 55.754, 0.722, 1439, 0, 55.754, 55.8, 0.046, 95,     0.778,
 365, 1, 55.142, 55.142, 55.152, 0.01, 25, 55.152, 55.868, 0.715, 1759, 0, 55.868, 55.889, 0.022, 43,     0.747,
 366, 1, 55.336, 55.336, 55.346, 0.01, 20, 55.346, 56.073, 0.727, 1081, 0, 56.073, 56.073, 0, 8,     0.737,
 367, 1, 55.65, 55.65, 55.683, 0.033, 66, 55.683, 56.399, 0.716, 1656, 0, 56.399, 56.409, 0.01, 6,     0.759,
 369, 1, 56.179, 56.179, 56.189, 0.01, 8, 56.189, 56.917, 0.728, 2167, 0, 56.917, 56.928, 0.011, 22,     0.749,
 368, 1, 56.065, 56.065, 56.28, 0.215, 430, 56.28, 57.012, 0.732, 1364, 0, 57.012, 57.151, 0.139, 278,     1.085,
 372, 1, 56.44, 56.44, 56.45, 0.01, 16, 56.45, 57.167, 0.717, 966, 0, 57.167, 57.184, 0.017, 35,     0.745,
 373, 1, 56.595, 56.595, 56.619, 0.024, 54, 56.619, 57.336, 0.716, 1095, 0, 57.336, 57.379, 0.044, 94,     0.784,
 371, 1, 56.359, 56.359, 56.369, 0.01, 4, 56.369, 57.086, 0.717, 1486, 0, 57.086, 57.39, 0.304, 604,     1.031,
 374, 1, 56.711, 56.711, 56.865, 0.154, 278, 56.865, 57.585, 0.721, 2028, 0, 57.585, 57.595, 0.01, 10,     0.884,
 376, 1, 57.038, 57.038, 57.07, 0.032, 76, 57.07, 57.796, 0.726, 1787, 0, 57.796, 57.814, 0.018, 36,     0.777,
 378, 1, 57.382, 57.382, 57.514, 0.133, 34, 57.514, 58.247, 0.733, 1350, 0, 58.247, 58.257, 0.01, 14,     0.875,
 375, 1, 57.015, 57.015, 57.49, 0.475, 950, 57.49, 58.209, 0.72, 1907, 0, 58.209, 58.29, 0.08, 161,     1.275,
 377, 1, 57.294, 57.294, 57.555, 0.262, 524, 57.555, 58.279, 0.724, 1622, 0, 58.279, 58.31, 0.03, 64,     1.016,
 380, 1, 57.493, 57.493, 57.581, 0.088, 43, 57.581, 58.458, 0.878, 1854, 0, 58.458, 58.502, 0.044, 87,     1.009,
 381, 1, 57.505, 57.505, 57.608, 0.104, 55, 57.608, 58.513, 0.905, 1443, 0, 58.513, 58.523, 0.01, 1,     1.018,
 382, 1, 57.724, 57.724, 57.756, 0.032, 41, 57.756, 58.528, 0.772, 842, 0, 58.528, 58.604, 0.075, 123,     0.879,
 370, 1, 56.343, 56.343, 56.414, 0.071, 125, 56.414, 57.136, 0.721, 1760, 0, 57.136, 58.701, 1.565, 3126,     2.357,
 383, 1, 57.955, 57.955, 57.968, 0.014, 27, 57.968, 58.691, 0.722, 1398, 0, 58.691, 58.721, 0.03, 48,     0.766,
 385, 1, 58.228, 58.228, 58.238, 0.01, 14, 58.238, 58.961, 0.723, 1657, 0, 58.961, 58.971, 0.01, 6,     0.743,
 386, 1, 58.303, 58.303, 58.336, 0.033, 67, 58.336, 59.051, 0.715, 1044, 0, 59.051, 59.063, 0.012, 24,     0.761,
 384, 1, 58.157, 58.157, 58.17, 0.013, 26, 58.17, 59.09, 0.92, 1438, 0, 59.09, 59.1, 0.01, 2,     0.943,
 387, 1, 59.01, 59.01, 59.02, 0.01, 4, 59.02, 59.735, 0.715, 1350, 0, 59.735, 59.745, 0.01, 5,     0.735,
 388, 1, 59.14, 59.14, 59.167, 0.027, 43, 59.167, 59.877, 0.71, 1186, 0, 59.877, 59.887, 0.01, 1,     0.747,
 389, 1, 59.157, 59.157, 59.187, 0.03, 24, 59.187, 59.899, 0.712, 2120, 0, 59.899, 59.95, 0.051, 103,     0.793,
 379, 1, 57.402, 57.402, 59.177, 1.775, 3324, 59.177, 59.935, 0.758, 1157, 0, 59.935, 60.023, 0.087, 175,     2.620,
 392, 1, 59.912, 59.912, 59.922, 0.01, 17, 59.922, 60.632, 0.71, 1466, 0, 60.632, 60.65, 0.018, 50,     0.738,
 393, 1, 59.952, 59.952, 59.989, 0.038, 75, 59.989, 60.707, 0.717, 1431, 0, 60.707, 60.805, 0.098, 196,     0.853,
 394, 1, 60.167, 60.167, 60.231, 0.064, 119, 60.231, 60.957, 0.726, 1270, 0, 60.957, 61.016, 0.059, 118,     0.850,
 395, 1, 60.185, 60.185, 60.348, 0.162, 234, 60.348, 61.068, 0.721, 941, 0, 61.068, 61.132, 0.064, 97,     0.947,
 391, 1, 59.892, 59.892, 60.443, 0.552, 1097, 60.443, 61.154, 0.711, 1211, 0, 61.154, 61.168, 0.014, 27,     1.276,
 397, 1, 60.466, 60.466, 60.507, 0.041, 67, 60.507, 61.218, 0.712, 1570, 0, 61.218, 61.228, 0.01, 5,     0.763,
 396, 1, 60.241, 60.241, 60.411, 0.171, 112, 60.411, 61.328, 0.917, 712, 0, 61.328, 61.338, 0.01, 23,     1.098,
 399, 1, 60.547, 60.547, 60.626, 0.079, 126, 60.626, 61.417, 0.791, 868, 0, 61.417, 61.527, 0.11, 234,     0.980,
 400, 1, 61.024, 61.024, 61.033, 0.009, 16, 61.033, 61.749, 0.716, 1645, 0, 61.749, 61.758, 0.009, 10,     0.734,
 401, 1, 61.048, 61.048, 61.071, 0.023, 44, 61.071, 61.807, 0.736, 1260, 0, 61.807, 61.904, 0.097, 194,     0.856,
 402, 1, 61.071, 61.071, 61.081, 0.01, 28, 61.081, 61.807, 0.726, 1332, 0, 61.807, 61.924, 0.117, 224,     0.853,
 403, 1, 61.13, 61.13, 61.142, 0.012, 29, 61.142, 61.859, 0.717, 1484, 0, 61.859, 61.982, 0.123, 246,     0.852,
 404, 1, 61.186, 61.186, 61.247, 0.06, 94, 61.247, 61.999, 0.752, 1429, 0, 61.999, 62.009, 0.01, 19,     0.822,
 398, 1, 60.519, 60.519, 60.684, 0.165, 302, 60.684, 61.468, 0.783, 1245, 0, 61.468, 62.019, 0.551, 1093,     1.499,
 390, 1, 59.208, 59.208, 59.397, 0.189, 378, 59.397, 60.109, 0.712, 804, 0, 60.109, 63.306, 3.197, 6395,     4.098,
 405, 1, 62.503, 62.503, 62.513, 0.01, 2, 62.513, 63.323, 0.809, 1601, 0, 63.323, 63.383, 0.06, 120,     0.879,
 407, 1, 62.649, 62.649, 62.691, 0.042, 73, 62.691, 63.406, 0.714, 1445, 0, 63.406, 63.443, 0.037, 64,     0.794,
 406, 1, 62.616, 62.616, 62.704, 0.088, 194, 62.704, 63.433, 0.729, 1484, 0, 63.433, 63.463, 0.03, 44,     0.847,
 409, 1, 62.952, 62.952, 62.962, 0.01, 1, 62.962, 63.693, 0.731, 1467, 0, 63.693, 63.703, 0.01, 7,     0.751,
 408, 1, 62.933, 62.933, 62.972, 0.039, 93, 62.972, 63.693, 0.721, 1105, 0, 63.693, 63.723, 0.03, 57,     0.790,
 411, 1, 63.166, 63.166, 63.192, 0.026, 47, 63.192, 63.923, 0.731, 2064, 0, 63.923, 64.048, 0.125, 251,     0.882,
 412, 1, 63.272, 63.272, 63.323, 0.051, 86, 63.323, 64.035, 0.712, 1255, 0, 64.035, 64.07, 0.035, 69,     0.798,
 414, 1, 63.349, 63.349, 63.387, 0.038, 57, 63.387, 64.119, 0.732, 1250, 0, 64.119, 64.181, 0.062, 105,     0.833,
 415, 1, 63.485, 63.485, 63.495, 0.01, 20, 63.495, 64.211, 0.716, 1988, 0, 64.211, 64.221, 0.01, 4,     0.736,
 413, 1, 63.313, 63.313, 63.358, 0.045, 55, 63.358, 64.279, 0.921, 1806, 0, 64.279, 64.33, 0.051, 102,     1.017,
 416, 1, 63.598, 63.598, 63.708, 0.11, 221, 63.708, 64.425, 0.717, 1577, 0, 64.425, 64.734, 0.309, 619,     1.136,
 410, 1, 63.062, 63.062, 63.42, 0.358, 717, 63.42, 64.151, 0.731, 1489, 0, 64.151, 64.859, 0.708, 1417,     1.797,
 417, 1, 64.142, 64.142, 64.17, 0.028, 57, 64.17, 64.901, 0.73, 1119, 0, 64.901, 65.155, 0.255, 510,     1.013,
 420, 1, 64.408, 64.408, 64.467, 0.059, 118, 64.467, 65.195, 0.728, 1303, 0, 65.195, 65.209, 0.013, 27,     0.801,
 418, 1, 64.324, 64.324, 64.334, 0.01, 1, 64.334, 65.05, 0.716, 1777, 0, 65.05, 65.255, 0.205, 411,     0.931,
 421, 1, 64.479, 64.479, 64.489, 0.01, 5, 64.489, 65.228, 0.739, 1461, 0, 65.228, 65.316, 0.088, 177,     0.837,
 419, 1, 64.371, 64.371, 64.418, 0.047, 76, 64.418, 65.13, 0.712, 1604, 0, 65.13, 65.39, 0.26, 529,     1.019,
 422, 1, 64.686, 64.686, 64.728, 0.042, 85, 64.728, 65.448, 0.72, 1514, 0, 65.448, 65.552, 0.104, 171,     0.866,
 423, 1, 64.772, 64.772, 64.967, 0.195, 379, 64.967, 65.677, 0.71, 1678, 0, 65.677, 65.702, 0.025, 31,     0.930,
 425, 1, 65.318, 65.318, 65.348, 0.031, 61, 65.348, 66.063, 0.714, 1763, 0, 66.063, 66.087, 0.024, 50,     0.769,
 428, 1, 65.46, 65.46, 65.531, 0.07, 14, 65.531, 66.266, 0.735, 1402, 0, 66.266, 66.276, 0.01, 19,     0.815,
 424, 1, 65.098, 65.098, 65.516, 0.419, 838, 65.516, 66.25, 0.734, 1264, 0, 66.25, 66.305, 0.055, 110,     1.207,
 426, 1, 65.397, 65.397, 65.407, 0.01, 9, 65.407, 66.134, 0.727, 1806, 0, 66.134, 66.474, 0.34, 680,     1.077,
 427, 1, 65.451, 65.451, 65.859, 0.408, 817, 65.859, 66.592, 0.733, 1424, 0, 66.592, 66.592, 0, 12,     1.141,
 429, 1, 65.756, 65.756, 65.766, 0.01, 7, 65.766, 66.487, 0.722, 1325, 0, 66.487, 66.748, 0.261, 523,     0.993,
 430, 1, 66.025, 66.025, 66.058, 0.033, 48, 66.058, 66.781, 0.723, 735, 0, 66.781, 66.921, 0.14, 265,     0.896,
 433, 1, 66.151, 66.151, 66.178, 0.027, 28, 66.178, 66.911, 0.733, 1747, 0, 66.911, 66.931, 0.02, 24,     0.780,
 431, 1, 66.048, 66.048, 66.164, 0.116, 233, 66.164, 66.879, 0.715, 1604, 0, 66.879, 66.941, 0.062, 119,     0.893,
 435, 1, 66.226, 66.226, 66.236, 0.01, 13, 66.236, 67.07, 0.834, 1689, 0, 67.07, 67.105, 0.034, 86,     0.879,
 434, 1, 66.159, 66.159, 66.192, 0.033, 6, 66.192, 67.03, 0.838, 1172, 0, 67.03, 67.117, 0.087, 175,     0.959,
 436, 1, 66.247, 66.247, 66.266, 0.019, 30, 66.266, 67.187, 0.921, 1032, 0, 67.187, 67.209, 0.022, 44,     0.962,
 432, 1, 66.134, 66.134, 66.256, 0.122, 242, 66.256, 67.173, 0.917, 1836, 0, 67.173, 67.229, 0.056, 91,     1.095,
 437, 1, 67.275, 67.275, 67.36, 0.085, 169, 67.36, 68.271, 0.911, 1547, 0, 68.271, 68.301, 0.029, 59,     1.026,
 439, 1, 67.543, 67.543, 67.553, 0.01, 3, 67.553, 68.271, 0.718, 1242, 0, 68.271, 68.312, 0.041, 82,     0.769,
 440, 1, 67.574, 67.574, 67.612, 0.038, 61, 67.612, 68.321, 0.71, 1853, 0, 68.321, 68.382, 0.061, 139,     0.808,
 438, 1, 67.288, 67.288, 67.37, 0.083, 166, 67.37, 68.321, 0.951, 1622, 0, 68.321, 68.416, 0.095, 190,     1.129,
 443, 1, 67.801, 67.801, 67.811, 0.01, 12, 67.811, 68.521, 0.71, 940, 0, 68.521, 68.531, 0.01, 5,     0.730,
 442, 1, 67.695, 67.695, 67.733, 0.037, 75, 67.733, 68.653, 0.92, 2052, 0, 68.653, 68.663, 0.01, 19,     0.967,
 444, 1, 67.832, 67.832, 67.989, 0.158, 317, 67.989, 68.719, 0.73, 1799, 0, 68.719, 68.729, 0.01, 17,     0.898,
 445, 1, 67.915, 67.915, 68.03, 0.115, 224, 68.03, 68.746, 0.716, 1195, 0, 68.746, 68.783, 0.037, 73,     0.867,
 441, 1, 67.602, 67.602, 67.644, 0.043, 85, 67.644, 68.565, 0.921, 1452, 0, 68.565, 68.973, 0.408, 816,     1.371,
 447, 1, 68.294, 68.294, 68.525, 0.232, 440, 68.525, 69.255, 0.73, 1676, 0, 69.255, 69.255, 0, 1,     0.962,
 448, 1, 68.362, 68.362, 68.556, 0.194, 62, 68.556, 69.271, 0.715, 1423, 0, 69.271, 69.292, 0.021, 27,     0.930,
 449, 1, 68.409, 68.409, 68.57, 0.161, 25, 68.57, 69.302, 0.732, 1543, 0, 69.302, 69.312, 0.01, 15,     0.903,
 450, 1, 68.533, 68.533, 68.584, 0.051, 27, 68.584, 69.533, 0.949, 1541, 0, 69.533, 69.563, 0.03, 60,     1.030,
 446, 1, 68.197, 68.197, 68.584, 0.387, 756, 68.584, 69.513, 0.929, 1940, 0, 69.513, 69.659, 0.145, 291,     1.462,
 451, 1, 68.907, 68.907, 68.98, 0.074, 125, 68.98, 69.696, 0.716, 1239, 0, 69.696, 69.782, 0.086, 172,     0.875,
 453, 1, 69.089, 69.089, 69.272, 0.183, 332, 69.272, 70.197, 0.924, 1580, 0, 70.197, 70.207, 0.01, 20,     1.118,
 452, 1, 68.999, 68.999, 69.03, 0.031, 51, 69.03, 69.757, 0.727, 2023, 0, 69.757, 70.335, 0.578, 1156,     1.335,
 454, 1, 69.468, 69.468, 69.496, 0.028, 58, 69.496, 70.406, 0.911, 1499, 0, 70.406, 70.416, 0.01, 9,     0.949,
 455, 1, 69.886, 69.886, 70.044, 0.158, 316, 70.044, 70.757, 0.714, 1570, 0, 70.757, 70.771, 0.013, 27,     0.885,
 459, 1, 70.313, 70.313, 70.335, 0.022, 48, 70.335, 71.057, 0.722, 1371, 0, 71.057, 71.067, 0.01, 18,     0.754,
 456, 1, 70.076, 70.076, 70.141, 0.065, 139, 70.141, 70.88, 0.739, 2081, 0, 70.88, 71.109, 0.229, 459,     1.033,
 460, 1, 70.345, 70.345, 70.433, 0.088, 176, 70.433, 71.267, 0.834, 1554, 0, 71.267, 71.307, 0.04, 80,     0.961,
 457, 1, 70.177, 70.177, 70.177, 0, 5, 70.177, 71.007, 0.83, 1171, 0, 71.007, 71.378, 0.372, 744,     1.202,
 458, 1, 70.221, 70.221, 70.231, 0.01, 8, 70.231, 71.396, 1.165, 1273, 0, 71.396, 71.406, 0.01, 2,     1.185,
 462, 1, 70.586, 70.586, 70.625, 0.038, 97, 70.625, 71.342, 0.717, 1319, 0, 71.342, 71.532, 0.19, 400,     0.946,
 463, 1, 70.641, 70.641, 70.691, 0.049, 104, 70.691, 71.408, 0.717, 1839, 0, 71.408, 71.657, 0.249, 502,     1.016,
 461, 1, 70.384, 70.384, 70.489, 0.105, 224, 70.489, 71.657, 1.168, 1397, 0, 71.657, 71.69, 0.032, 66,     1.306,
 465, 1, 71.243, 71.243, 71.248, 0.005, 13, 71.248, 71.97, 0.722, 1196, 0, 71.97, 71.997, 0.028, 55,     0.755,
 464, 1, 71.162, 71.162, 71.187, 0.025, 34, 71.187, 72.121, 0.935, 914, 0, 72.121, 72.2, 0.079, 158,     1.039,
 466, 1, 71.396, 71.396, 71.497, 0.1, 201, 71.497, 72.223, 0.726, 1578, 0, 72.223, 72.233, 0.01, 6,     0.836,
 468, 1, 71.503, 71.503, 71.503, 0, 10, 71.503, 72.243, 0.74, 1682, 0, 72.243, 72.268, 0.025, 51,     0.765,
 467, 1, 71.479, 71.479, 71.617, 0.138, 291, 71.617, 72.333, 0.716, 1602, 0, 72.333, 72.362, 0.029, 58,     0.883,
 471, 1, 71.909, 71.909, 71.948, 0.039, 79, 71.948, 72.664, 0.716, 1529, 0, 72.664, 72.674, 0.01, 20,     0.765,
 473, 1, 72.077, 72.077, 72.092, 0.015, 31, 72.092, 72.814, 0.723, 1695, 0, 72.814, 72.824, 0.01, 16,     0.748,
 470, 1, 71.738, 71.738, 71.767, 0.029, 76, 71.767, 73.078, 1.312, 2053, 0, 73.078, 73.088, 0.01, 14,     1.351,
 472, 1, 71.935, 71.935, 72.022, 0.087, 113, 72.022, 72.738, 0.716, 1029, 0, 72.738, 73.2, 0.462, 925,     1.265,
 469, 1, 71.713, 71.713, 72.379, 0.666, 1345, 72.379, 73.098, 0.719, 1270, 0, 73.098, 73.236, 0.138, 295,     1.523,
 477, 1, 72.487, 72.487, 72.517, 0.03, 31, 72.517, 73.448, 0.931, 1251, 0, 73.448, 73.463, 0.015, 30,     0.976,
 479, 1, 72.594, 72.594, 72.708, 0.114, 241, 72.708, 73.436, 0.728, 1611, 0, 73.436, 73.532, 0.096, 193,     0.938,
 475, 1, 72.352, 72.352, 72.393, 0.041, 4, 72.393, 73.558, 1.165, 1330, 0, 73.558, 73.576, 0.019, 37,     1.224,
 478, 1, 72.559, 72.559, 72.573, 0.014, 28, 72.573, 73.494, 0.92, 1324, 0, 73.494, 73.587, 0.094, 188,     1.028,
 476, 1, 72.444, 72.444, 72.472, 0.028, 55, 72.472, 73.662, 1.19, 1243, 0, 73.662, 73.737, 0.075, 151,     1.293,
 474, 1, 72.129, 72.129, 73.067, 0.938, 1876, 73.067, 73.795, 0.728, 1192, 0, 73.795, 73.817, 0.022, 30,     1.688,
 481, 1, 73.054, 73.054, 73.209, 0.156, 268, 73.209, 73.939, 0.73, 1543, 0, 73.939, 73.971, 0.031, 63,     0.917,
 482, 1, 73.181, 73.181, 73.223, 0.042, 9, 73.223, 74.069, 0.845, 1672, 0, 74.069, 74.152, 0.083, 161,     0.971,
 484, 1, 73.427, 73.427, 73.437, 0.01, 21, 73.437, 74.162, 0.725, 1130, 0, 74.162, 74.172, 0.01, 8,     0.745,
 483, 1, 73.268, 73.268, 73.304, 0.037, 83, 73.304, 74.255, 0.951, 1534, 0, 74.255, 74.265, 0.01, 19,     0.998,
 485, 1, 73.592, 73.592, 73.718, 0.127, 232, 73.718, 74.455, 0.737, 977, 0, 74.455, 74.514, 0.059, 136,     0.922,
 486, 1, 73.808, 73.808, 73.97, 0.163, 326, 73.97, 74.684, 0.714, 1761, 0, 74.684, 74.712, 0.028, 44,     0.904,
 480, 1, 72.861, 72.861, 74.332, 1.471, 2952, 74.332, 75.053, 0.721, 818, 0, 75.053, 75.224, 0.17, 341,     2.363,
 489, 1, 74.101, 74.101, 74.463, 0.362, 225, 74.463, 75.183, 0.72, 1084, 0, 75.183, 75.281, 0.098, 195,     1.180,
 488, 1, 74.036, 74.036, 74.346, 0.311, 15, 74.346, 75.303, 0.956, 1573, 0, 75.303, 75.319, 0.016, 32,     1.283,
 490, 1, 74.453, 74.453, 74.497, 0.044, 38, 74.497, 75.421, 0.924, 1459, 0, 75.421, 75.454, 0.034, 68,     1.002,
 491, 1, 74.826, 74.826, 74.942, 0.117, 225, 74.942, 75.863, 0.92, 593, 0, 75.863, 75.994, 0.132, 263,     1.168,
 492, 1, 74.942, 74.942, 75.533, 0.591, 1183, 75.533, 76.252, 0.719, 1155, 0, 76.252, 76.273, 0.021, 42,     1.331,
 493, 1, 75.013, 75.013, 75.564, 0.551, 61, 75.564, 76.284, 0.72, 1280, 0, 76.284, 76.294, 0.01, 21,     1.282,
 495, 1, 75.159, 75.159, 75.592, 0.433, 17, 75.592, 76.502, 0.91, 1079, 0, 76.502, 76.524, 0.022, 45,     1.365,
 496, 1, 75.618, 75.618, 75.79, 0.171, 331, 75.79, 76.534, 0.744, 1855, 0, 76.534, 76.534, 0, 12,     0.915,
 497, 1, 75.651, 75.651, 75.81, 0.159, 33, 75.81, 76.554, 0.744, 1035, 0, 76.554, 76.612, 0.059, 117,     0.962,
 498, 1, 75.811, 75.811, 75.84, 0.029, 36, 75.84, 76.766, 0.927, 2366, 0, 76.766, 76.8, 0.034, 68,     0.990,
 499, 1, 75.844, 75.844, 75.854, 0.01, 28, 75.854, 76.783, 0.93, 1220, 0, 76.783, 76.82, 0.037, 65,     0.976,
 494, 1, 75.106, 75.106, 75.578, 0.472, 2, 75.578, 76.3, 0.722, 1202, 0, 76.3, 76.996, 0.697, 1405,     1.891,
 501, 1, 76.1, 76.1, 76.387, 0.287, 580, 76.387, 77.114, 0.728, 1922, 0, 77.114, 77.351, 0.237, 475,     1.252,
 500, 1, 76.011, 76.011, 76.059, 0.047, 65, 76.059, 77.459, 1.4, 1132, 0, 77.459, 77.49, 0.031, 62,     1.479,
 502, 1, 76.146, 76.146, 77.614, 1.468, 2456, 77.614, 78.329, 0.714, 1638, 0, 78.329, 78.353, 0.024, 39,     2.206,
 503, 1, 76.269, 76.269, 77.628, 1.36, 3, 77.628, 78.353, 0.724, 1167, 0, 78.353, 78.382, 0.029, 74,     2.114,
 504, 1, 76.337, 76.337, 77.662, 1.325, 40, 77.662, 78.386, 0.723, 1234, 0, 78.386, 78.445, 0.059, 126,     2.108,
 505, 1, 76.705, 76.705, 77.676, 0.971, 9, 77.676, 78.578, 0.902, 2030, 0, 78.578, 78.601, 0.023, 26,     1.896,
 508, 1, 76.949, 76.949, 77.788, 0.838, 39, 77.788, 78.591, 0.803, 1766, 0, 78.591, 78.611, 0.02, 36,     1.661,
 506, 1, 76.742, 76.742, 77.73, 0.988, 73, 77.73, 78.603, 0.872, 532, 0, 78.603, 78.621, 0.018, 21,     1.878,
 507, 1, 76.778, 76.778, 77.764, 0.986, 43, 77.764, 78.654, 0.89, 959, 0, 78.654, 78.68, 0.026, 60,     1.902,
 509, 1, 77.031, 77.031, 77.808, 0.777, 21, 77.808, 78.827, 1.02, 1189, 0, 78.827, 78.85, 0.022, 37,     1.819,
 514, 1, 78.13, 78.13, 78.247, 0.117, 213, 78.247, 78.961, 0.715, 1212, 0, 78.961, 78.971, 0.01, 20,     0.841,
 511, 1, 77.306, 77.306, 77.828, 0.521, 3, 77.828, 79, 1.172, 1008, 0, 79, 79.02, 0.02, 27,     1.713,
 513, 1, 77.524, 77.524, 78.088, 0.564, 118, 78.088, 79.077, 0.989, 1618, 0, 79.077, 79.096, 0.019, 39,     1.572,
 515, 1, 78.555, 78.555, 78.687, 0.132, 265, 78.687, 79.418, 0.731, 1788, 0, 79.418, 79.519, 0.101, 202,     0.965,
 510, 1, 77.209, 77.209, 77.818, 0.609, 18, 77.818, 79.211, 1.393, 1036, 0, 79.211, 79.539, 0.328, 634,     2.330,
 516, 1, 78.858, 78.858, 78.942, 0.084, 136, 78.942, 79.656, 0.714, 1129, 0, 79.656, 79.678, 0.022, 44,     0.819,
 517, 1, 79.208, 79.208, 79.219, 0.011, 39, 79.219, 79.939, 0.72, 1052, 0, 79.939, 79.995, 0.056, 112,     0.787,
 518, 1, 79.367, 79.367, 79.401, 0.034, 56, 79.401, 80.134, 0.734, 1885, 0, 80.134, 80.144, 0.01, 16,     0.778,
 512, 1, 77.353, 77.353, 78.021, 0.668, 386, 78.021, 79.097, 1.076, 1582, 0, 79.097, 80.287, 1.191, 2383,     2.934,
 519, 1, 79.454, 79.454, 79.464, 0.01, 9, 79.464, 80.206, 0.742, 1642, 0, 80.206, 80.4, 0.195, 390,     0.946,
 487, 1, 73.96, 73.96, 79.698, 5.738, 11444, 79.698, 80.411, 0.713, 992, 0, 80.411, 80.426, 0.015, 30,     6.466,
 520, 1, 79.472, 79.472, 79.882, 0.409, 814, 79.882, 80.616, 0.734, 1699, 0, 80.616, 80.682, 0.066, 132,     1.210,
 523, 1, 80.355, 80.355, 80.395, 0.04, 56, 80.395, 81.127, 0.732, 738, 0, 81.127, 81.166, 0.039, 78,     0.811,
 524, 1, 80.631, 80.631, 80.641, 0.01, 16, 80.641, 81.357, 0.715, 1525, 0, 81.357, 81.384, 0.028, 55,     0.753,
 525, 1, 81.037, 81.037, 81.076, 0.04, 79, 81.076, 81.791, 0.715, 1967, 0, 81.791, 81.831, 0.04, 80,     0.794,
 527, 1, 81.212, 81.212, 81.238, 0.025, 34, 81.238, 81.952, 0.714, 1227, 0, 81.952, 82.01, 0.058, 116,     0.798,
 528, 1, 81.344, 81.344, 81.344, 0, 17, 81.344, 82.072, 0.728, 1692, 0, 82.072, 82.157, 0.085, 169,     0.813,
 526, 1, 81.123, 81.123, 81.208, 0.085, 165, 81.208, 82.04, 0.832, 1363, 0, 82.04, 82.381, 0.341, 682,     1.259,
 529, 1, 81.715, 81.715, 81.769, 0.055, 117, 81.769, 82.485, 0.716, 1654, 0, 82.485, 82.496, 0.01, 21,     0.781,
 530, 1, 81.927, 81.927, 82.076, 0.15, 310, 82.076, 82.793, 0.717, 1704, 0, 82.793, 82.838, 0.045, 74,     0.912,
 521, 1, 80.254, 80.254, 80.266, 0.012, 24, 80.266, 80.98, 0.714, 1203, 0, 80.98, 82.962, 1.982, 3981,     2.708,
 531, 1, 82.029, 82.029, 82.106, 0.077, 58, 82.106, 82.828, 0.722, 1867, 0, 82.828, 83.155, 0.327, 655,     1.126,
 532, 1, 82.313, 82.313, 82.389, 0.076, 140, 82.389, 83.1, 0.712, 1632, 0, 83.1, 83.216, 0.116, 232,     0.903,
 534, 1, 82.329, 82.329, 82.526, 0.198, 166, 82.526, 83.36, 0.834, 1564, 0, 83.36, 83.435, 0.075, 140,     1.106,
 535, 1, 82.643, 82.643, 82.687, 0.045, 57, 82.687, 83.425, 0.737, 1838, 0, 83.425, 83.455, 0.03, 53,     0.812,
 537, 1, 82.788, 82.788, 82.799, 0.011, 23, 82.799, 83.534, 0.734, 1574, 0, 83.534, 83.583, 0.049, 98,     0.795,
 536, 1, 82.766, 82.766, 82.776, 0.01, 6, 82.776, 83.554, 0.777, 1935, 0, 83.554, 83.603, 0.049, 74,     0.836,
 538, 1, 82.871, 82.871, 83.019, 0.149, 262, 83.019, 83.732, 0.712, 1295, 0, 83.732, 83.748, 0.016, 33,     0.878,
 539, 1, 82.964, 82.964, 83.031, 0.067, 6, 83.031, 83.781, 0.75, 1029, 0, 83.781, 83.86, 0.079, 157,     0.896,
 540, 1, 83.099, 83.099, 83.132, 0.033, 66, 83.132, 84.053, 0.921, 1601, 0, 84.053, 84.069, 0.016, 33,     0.971,
 533, 1, 82.32, 82.32, 82.443, 0.123, 88, 82.443, 83.162, 0.718, 1787, 0, 83.162, 84.339, 1.177, 2368,     2.019,
 522, 1, 80.316, 80.316, 84.07, 3.754, 7508, 84.07, 84.786, 0.716, 2065, 0, 84.786, 84.807, 0.021, 39,     4.491,
 542, 1, 83.52, 83.52, 84.084, 0.563, 19, 84.084, 84.818, 0.734, 1297, 0, 84.818, 84.913, 0.096, 188,     1.393,
 543, 1, 83.584, 83.584, 84.186, 0.602, 205, 84.186, 84.903, 0.717, 935, 0, 84.903, 84.943, 0.04, 80,     1.359,
 544, 1, 83.798, 83.798, 84.783, 0.985, 1182, 84.783, 85.498, 0.715, 1578, 0, 85.498, 85.538, 0.04, 79,     1.740,
 545, 1, 83.856, 83.856, 84.847, 0.991, 128, 84.847, 85.569, 0.722, 1383, 0, 85.569, 85.579, 0.01, 18,     1.723,
 547, 1, 83.919, 83.919, 84.915, 0.995, 29, 84.915, 85.644, 0.73, 1758, 0, 85.644, 85.681, 0.037, 74,     1.762,
 550, 1, 84.316, 84.316, 85.315, 0.999, 606, 85.315, 86.048, 0.732, 966, 0, 86.048, 86.14, 0.092, 185,     1.824,
 548, 1, 83.957, 83.957, 84.929, 0.972, 1, 84.929, 86.101, 1.172, 897, 0, 86.101, 86.156, 0.055, 96,     2.199,
 546, 1, 83.896, 83.896, 84.881, 0.984, 33, 84.881, 85.623, 0.743, 1766, 0, 85.623, 86.188, 0.565, 1130,     2.292,
 549, 1, 84.022, 84.022, 85.013, 0.991, 164, 85.013, 86.196, 1.183, 1297, 0, 86.196, 86.227, 0.031, 49,     2.205,
 552, 1, 84.56, 84.56, 85.545, 0.985, 58, 85.545, 86.356, 0.811, 1685, 0, 86.356, 86.376, 0.02, 52,     1.816,
 553, 1, 84.591, 84.591, 85.602, 1.011, 85, 85.602, 86.473, 0.871, 1802, 0, 86.473, 86.488, 0.014, 29,     1.896,
 555, 1, 84.796, 84.796, 85.65, 0.854, 46, 85.65, 86.452, 0.802, 1516, 0, 86.452, 86.531, 0.079, 158,     1.735,
 551, 1, 84.509, 84.509, 85.511, 1.002, 371, 85.511, 86.227, 0.716, 1365, 0, 86.227, 86.744, 0.518, 1035,     2.235,
 558, 1, 85.09, 85.09, 85.943, 0.853, 61, 85.943, 86.734, 0.792, 1346, 0, 86.734, 86.772, 0.038, 75,     1.682,
 557, 1, 85.081, 85.081, 85.912, 0.831, 30, 85.912, 86.829, 0.917, 1913, 0, 86.829, 86.839, 0.01, 3,     1.758,
 556, 1, 85.03, 85.03, 86.101, 1.071, 903, 86.101, 86.863, 0.762, 1773, 0, 86.863, 86.873, 0.01, 16,     1.843,
 554, 1, 84.753, 84.753, 85.616, 0.864, 19, 85.616, 86.605, 0.989, 816, 0, 86.605, 86.945, 0.339, 679,     2.192,
 562, 1, 85.335, 85.335, 86.221, 0.887, 83, 86.221, 86.991, 0.77, 1873, 0, 86.991, 87.001, 0.01, 1,     1.667,
 560, 1, 85.129, 85.129, 86.115, 0.986, 2, 86.115, 86.971, 0.856, 1722, 0, 86.971, 87.038, 0.067, 134,     1.909,
 564, 1, 86.211, 86.211, 86.232, 0.021, 2, 86.232, 87.112, 0.88, 1282, 0, 87.112, 87.127, 0.016, 31,     0.917,
 561, 1, 85.265, 85.265, 86.2, 0.935, 137, 86.2, 87.13, 0.93, 1435, 0, 87.13, 87.165, 0.034, 75,     1.899,
 563, 1, 85.463, 85.463, 86.303, 0.84, 207, 86.303, 87.232, 0.929, 1568, 0, 87.232, 87.242, 0.01, 2,     1.779,
 541, 1, 83.164, 83.164, 85.892, 2.728, 5436, 85.892, 87.295, 1.403, 1017, 0, 87.295, 87.398, 0.103, 206,     4.234,
 566, 1, 86.418, 86.418, 86.46, 0.042, 84, 86.46, 87.388, 0.928, 1001, 0, 87.388, 87.398, 0.01, 1,     0.980,
 569, 1, 86.939, 86.939, 86.966, 0.027, 54, 86.966, 87.68, 0.714, 1493, 0, 87.68, 87.69, 0.01, 24,     0.751,
 559, 1, 85.095, 85.095, 86.18, 1.085, 475, 86.18, 87.552, 1.372, 1613, 0, 87.552, 87.765, 0.213, 417,     2.670,
 567, 1, 86.677, 86.677, 86.979, 0.302, 605, 86.979, 87.755, 0.777, 963, 0, 87.755, 87.904, 0.149, 298,     1.228,
 570, 1, 87.192, 87.192, 87.22, 0.028, 46, 87.22, 87.93, 0.71, 1178, 0, 87.93, 88.012, 0.082, 168,     0.820,
 572, 1, 87.301, 87.301, 87.362, 0.061, 112, 87.362, 88.079, 0.716, 1750, 0, 88.079, 88.09, 0.011, 22,     0.788,
 573, 1, 87.362, 87.362, 87.372, 0.01, 6, 87.372, 88.179, 0.807, 1095, 0, 88.179, 88.2, 0.02, 41,     0.837,
 571, 1, 87.282, 87.282, 87.311, 0.03, 57, 87.311, 88.251, 0.94, 1369, 0, 88.251, 88.348, 0.097, 193,     1.066,
 575, 1, 87.908, 87.908, 87.971, 0.063, 126, 87.971, 88.794, 0.823, 1864, 0, 88.794, 88.824, 0.03, 60,     0.916,
 574, 1, 87.671, 87.671, 87.701, 0.029, 59, 87.701, 88.887, 1.186, 1031, 0, 88.887, 88.909, 0.022, 45,     1.238,
 565, 1, 86.286, 86.286, 86.315, 0.029, 54, 86.315, 87.046, 0.731, 1643, 0, 87.046, 88.964, 1.919, 3853,     2.678,
 576, 1, 88.143, 88.143, 88.196, 0.053, 106, 88.196, 89.113, 0.918, 1744, 0, 89.113, 89.123, 0.01, 11,     0.981,
 577, 1, 88.31, 88.31, 88.32, 0.01, 9, 88.32, 89.24, 0.92, 885, 0, 89.24, 89.255, 0.015, 30,     0.945,
 568, 1, 86.717, 86.717, 86.791, 0.074, 149, 86.791, 87.506, 0.715, 1408, 0, 87.506, 89.31, 1.804, 3609,     2.593,
 579, 1, 88.684, 88.684, 88.697, 0.013, 27, 88.697, 89.414, 0.716, 1665, 0, 89.414, 89.449, 0.035, 71,     0.765,
 582, 1, 88.862, 88.862, 88.888, 0.026, 27, 88.888, 89.601, 0.713, 1591, 0, 89.601, 89.615, 0.014, 28,     0.753,
 584, 1, 89.028, 89.028, 89.038, 0.01, 11, 89.038, 89.754, 0.716, 1086, 0, 89.754, 89.764, 0.01, 15,     0.736,
 583, 1, 88.895, 88.895, 89.001, 0.106, 228, 89.001, 89.726, 0.725, 1672, 0, 89.726, 89.774, 0.048, 97,     0.879,
 581, 1, 88.848, 88.848, 88.895, 0.047, 81, 88.895, 89.817, 0.922, 1613, 0, 89.817, 89.853, 0.037, 73,     1.005,
 586, 1, 89.22, 89.22, 89.251, 0.031, 54, 89.251, 89.987, 0.736, 2400, 0, 89.987, 90.025, 0.038, 62,     0.805,
 585, 1, 89.117, 89.117, 89.237, 0.121, 254, 89.237, 89.954, 0.716, 1635, 0, 89.954, 90.155, 0.202, 404,     1.039,
 587, 1, 89.285, 89.285, 89.324, 0.039, 78, 89.324, 90.283, 0.959, 1959, 0, 90.283, 90.294, 0.01, 21,     1.009,
 580, 1, 88.827, 88.827, 88.858, 0.031, 56, 88.858, 90.212, 1.354, 1241, 0, 90.212, 90.441, 0.229, 458,     1.614,
 588, 1, 89.408, 89.408, 89.418, 0.01, 21, 89.418, 90.462, 1.044, 1454, 0, 90.462, 90.472, 0.01, 10,     1.064,
 578, 1, 88.626, 88.626, 88.729, 0.104, 208, 88.729, 90.015, 1.286, 1890, 0, 90.015, 90.482, 0.467, 922,     1.856,
 591, 1, 89.665, 89.665, 89.746, 0.081, 162, 89.746, 90.533, 0.787, 1523, 0, 90.533, 90.63, 0.097, 199,     0.965,
 589, 1, 89.465, 89.465, 89.485, 0.02, 44, 89.485, 90.67, 1.185, 1520, 0, 90.67, 90.68, 0.01, 5,     1.215,
 593, 1, 90.272, 90.272, 90.382, 0.11, 222, 90.382, 91.098, 0.716, 1716, 0, 91.098, 91.12, 0.023, 46,     0.849,
 595, 1, 90.534, 90.534, 90.547, 0.013, 28, 90.547, 91.347, 0.8, 1947, 0, 91.347, 91.357, 0.01, 2,     0.823,
 592, 1, 90.067, 90.067, 90.124, 0.057, 91, 90.124, 91.024, 0.9, 1544, 0, 91.024, 91.474, 0.451, 902,     1.408,
 594, 1, 90.479, 90.479, 90.489, 0.01, 18, 90.489, 91.532, 1.043, 1718, 0, 91.532, 91.542, 0.01, 3,     1.063,
 597, 1, 90.888, 90.888, 90.918, 0.03, 57, 90.918, 91.639, 0.721, 1705, 0, 91.639, 91.659, 0.02, 40,     0.771,
 599, 1, 91.01, 91.01, 91.052, 0.042, 50, 91.052, 92.017, 0.965, 1304, 0, 92.017, 92.042, 0.025, 51,     1.033,
 596, 1, 90.868, 90.868, 90.898, 0.03, 53, 90.898, 91.761, 0.864, 1242, 0, 91.761, 92.344, 0.583, 1167,     1.477,
 600, 1, 91.476, 91.476, 91.506, 0.03, 60, 91.506, 92.236, 0.729, 1896, 0, 92.236, 92.682, 0.446, 893,     1.206,
 590, 1, 89.471, 89.471, 89.621, 0.15, 312, 89.621, 90.335, 0.714, 1260, 0, 90.335, 92.782, 2.448, 4896,     3.311,
 603, 1, 92.135, 92.135, 92.206, 0.071, 4, 92.206, 93.012, 0.806, 1700, 0, 93.012, 93.022, 0.01, 1,     0.887,
 602, 1, 92.123, 92.123, 92.192, 0.069, 139, 92.192, 93.045, 0.853, 1525, 0, 93.045, 93.055, 0.01, 14,     0.932,
 601, 1, 91.86, 91.86, 93.409, 1.55, 3100, 93.409, 94.123, 0.714, 1734, 0, 94.123, 94.17, 0.047, 84,     2.310,
 605, 1, 92.364, 92.364, 93.445, 1.081, 71, 93.445, 94.16, 0.715, 1508, 0, 94.16, 94.232, 0.072, 131,     1.868,
 608, 1, 92.784, 92.784, 93.825, 1.041, 18, 93.825, 94.547, 0.722, 1961, 0, 94.547, 94.624, 0.077, 154,     1.840,
 607, 1, 92.707, 92.707, 93.811, 1.104, 163, 93.811, 94.519, 0.708, 2022, 0, 94.519, 94.671, 0.151, 310,     1.964,
 606, 1, 92.513, 92.513, 93.714, 1.201, 508, 93.714, 94.46, 0.746, 1209, 0, 94.46, 94.7, 0.24, 480,     2.187,
 610, 1, 93.169, 93.169, 93.853, 0.684, 15, 93.853, 94.656, 0.803, 1879, 0, 94.656, 94.72, 0.064, 113,     1.551,
 609, 1, 93.046, 93.046, 93.839, 0.793, 5, 93.839, 94.71, 0.871, 1212, 0, 94.71, 94.72, 0.01, 3,     1.674,
 611, 1, 93.207, 93.207, 93.939, 0.732, 149, 93.939, 94.942, 1.003, 1603, 0, 94.942, 94.952, 0.01, 11,     1.746,
 612, 1, 93.445, 93.445, 94.264, 0.819, 651, 94.264, 94.992, 0.727, 1252, 0, 94.992, 95.01, 0.019, 38,     1.565,
 613, 1, 93.623, 93.623, 94.278, 0.655, 11, 94.278, 95.012, 0.733, 1397, 0, 95.012, 95.022, 0.01, 6,     1.398,
 614, 1, 93.725, 93.725, 94.321, 0.597, 59, 94.321, 95.037, 0.716, 1094, 0, 95.037, 95.047, 0.01, 6,     1.323,
 604, 1, 92.339, 92.339, 94.37, 2.031, 4063, 94.37, 95.241, 0.871, 1793, 0, 95.241, 95.274, 0.033, 53,     2.935,
 617, 1, 94.252, 94.252, 94.632, 0.381, 26, 94.632, 95.349, 0.717, 1178, 0, 95.349, 95.371, 0.022, 43,     1.119,
 620, 1, 94.622, 94.622, 94.951, 0.329, 482, 94.951, 95.689, 0.738, 1274, 0, 95.689, 95.699, 0.01, 8,     1.077,
 619, 1, 94.43, 94.43, 94.711, 0.28, 68, 94.711, 95.667, 0.957, 1639, 0, 95.667, 95.725, 0.058, 117,     1.295,
 615, 1, 93.969, 93.969, 94.62, 0.65, 597, 94.62, 95.797, 1.178, 1477, 0, 95.797, 95.807, 0.01, 3,     1.838,
 618, 1, 94.395, 94.395, 94.677, 0.281, 89, 94.677, 95.596, 0.92, 1737, 0, 95.596, 95.857, 0.26, 521,     1.461,
 598, 1, 90.905, 90.905, 90.905, 0, 9, 90.905, 91.781, 0.876, 1123, 0, 91.781, 95.919, 4.138, 8276,     5.014,
 616, 1, 94.161, 94.161, 95.209, 1.048, 1679, 95.209, 95.926, 0.717, 1562, 0, 95.926, 95.94, 0.014, 44,     1.779,
 624, 1, 95.084, 95.084, 95.219, 0.135, 4, 95.219, 95.942, 0.723, 1525, 0, 95.942, 95.976, 0.033, 71,     0.891,
 626, 1, 95.209, 95.209, 95.335, 0.126, 16, 95.335, 96.066, 0.731, 1986, 0, 96.066, 96.081, 0.014, 29,     0.872,
 625, 1, 95.164, 95.164, 95.321, 0.157, 173, 95.321, 96.046, 0.725, 1711, 0, 96.046, 96.099, 0.053, 106,     0.936,
 627, 1, 95.391, 95.391, 95.412, 0.022, 59, 95.412, 96.187, 0.775, 1420, 0, 96.187, 96.197, 0.01, 14,     0.807,
 621, 1, 94.659, 94.659, 94.978, 0.319, 54, 94.978, 96.296, 1.317, 1783, 0, 96.296, 96.307, 0.011, 23,     1.648,
 622, 1, 94.716, 94.716, 95.094, 0.378, 233, 95.094, 96.316, 1.221, 1188, 0, 96.316, 96.434, 0.118, 248,     1.717,
 629, 1, 95.719, 95.719, 95.764, 0.046, 99, 95.764, 96.545, 0.78, 1861, 0, 96.545, 96.62, 0.075, 150,     0.901,
 628, 1, 95.66, 95.66, 95.701, 0.041, 85, 95.701, 96.424, 0.723, 1591, 0, 96.424, 96.63, 0.206, 413,     0.970,
 630, 1, 95.996, 95.996, 95.996, 0, 1, 95.996, 96.729, 0.732, 2037, 0, 96.729, 96.739, 0.01, 8,     0.742,
 631, 1, 96.271, 96.271, 96.323, 0.052, 103, 96.323, 97.036, 0.713, 1546, 0, 97.036, 97.082, 0.046, 93,     0.811,
 633, 1, 96.516, 96.516, 96.64, 0.124, 5, 96.64, 97.366, 0.726, 1874, 0, 97.366, 97.379, 0.013, 27,     0.863,
 632, 1, 96.337, 96.337, 96.626, 0.289, 580, 96.626, 97.354, 0.728, 1518, 0, 97.354, 97.599, 0.245, 491,     1.262,
 635, 1, 96.779, 96.779, 96.852, 0.072, 128, 96.852, 97.603, 0.752, 2078, 0, 97.603, 97.631, 0.028, 64,     0.852,
 636, 1, 96.827, 96.827, 96.895, 0.068, 87, 96.895, 97.615, 0.72, 1697, 0, 97.615, 97.81, 0.196, 392,     0.984,
 637, 1, 97.081, 97.081, 97.113, 0.032, 43, 97.113, 97.845, 0.732, 1723, 0, 97.845, 97.855, 0.01, 9,     0.774,
 639, 1, 97.337, 97.337, 97.384, 0.046, 93, 97.384, 98.106, 0.722, 1289, 0, 98.106, 98.106, 0, 8,     0.769,
 640, 1, 97.384, 97.384, 97.394, 0.01, 17, 97.394, 98.126, 0.732, 1544, 0, 98.126, 98.163, 0.037, 74,     0.779,
 641, 1, 97.726, 97.726, 97.739, 0.013, 27, 97.739, 98.471, 0.732, 1639, 0, 98.471, 98.514, 0.043, 84,     0.789,
 642, 1, 97.74, 97.74, 97.764, 0.023, 50, 97.764, 98.491, 0.727, 1382, 0, 98.491, 98.545, 0.054, 108,     0.805,
 643, 1, 97.816, 97.816, 97.938, 0.122, 229, 97.938, 98.652, 0.713, 1288, 0, 98.652, 98.673, 0.021, 42,     0.857,
 644, 1, 97.864, 97.864, 97.968, 0.105, 56, 97.968, 98.721, 0.752, 1672, 0, 98.721, 98.774, 0.054, 99,     0.911,
 638, 1, 97.325, 97.325, 97.335, 0.01, 20, 97.335, 98.741, 1.405, 1516, 0, 98.741, 98.836, 0.095, 191,     1.510,
 634, 1, 96.745, 96.745, 96.767, 0.022, 47, 96.767, 97.482, 0.715, 1571, 0, 97.482, 98.882, 1.4, 2800,     2.137,
 645, 1, 97.928, 97.928, 98.411, 0.482, 868, 98.411, 99.141, 0.73, 963, 0, 99.141, 99.175, 0.034, 69,     1.246,
 647, 1, 98.643, 98.643, 98.654, 0.011, 22, 98.654, 99.37, 0.716, 1505, 0, 99.37, 99.38, 0.01, 3,     0.737,
 646, 1, 98.086, 98.086, 98.431, 0.345, 21, 98.431, 99.161, 0.73, 1210, 0, 99.161, 99.47, 0.309, 619,     1.384,
 648, 1, 98.658, 98.658, 98.693, 0.035, 78, 98.693, 99.42, 0.728, 1371, 0, 99.42, 99.531, 0.11, 214,     0.873,
 649, 1, 98.844, 98.844, 98.854, 0.01, 17, 98.854, 99.586, 0.732, 1422, 0, 99.586, 99.598, 0.013, 25,     0.754,
 650, 1, 98.948, 98.948, 98.988, 0.04, 53, 98.988, 99.712, 0.724, 1089, 0, 99.712, 99.747, 0.035, 70,     0.799,
 651, 1, 99.006, 99.006, 99.006, 0, 1, 99.006, 99.734, 0.728, 1439, 0, 99.734, 99.791, 0.057, 114,     0.785,
 653, 1, 99.162, 99.162, 99.842, 0.679, 1221, 99.842, 100.555, 0.714, 1507, 0, 100.555, 100.614, 0.059, 114,     1.451,
 654, 1, 99.184, 99.184, 99.869, 0.685, 55, 99.869, 100.604, 0.735, 1736, 0, 100.604, 100.636, 0.032, 65,     1.452,
 655, 1, 99.291, 99.291, 99.987, 0.696, 237, 99.987, 100.702, 0.714, 1908, 0, 100.702, 100.766, 0.064, 149,     1.475,
 652, 1, 99.088, 99.088, 99.232, 0.143, 275, 99.232, 99.945, 0.714, 1405, 0, 99.945, 100.868, 0.923, 1846,     1.780,
 656, 1, 99.372, 99.372, 100, 0.628, 25, 100, 100.901, 0.901, 1844, 0, 100.901, 101.07, 0.169, 339,     1.698,
 659, 1, 100.039, 100.039, 100.185, 0.147, 65, 100.185, 100.953, 0.768, 1496, 0, 100.953, 101.135, 0.182, 364,     1.097,
 660, 1, 100.082, 100.082, 100.263, 0.182, 120, 100.263, 101.155, 0.892, 1195, 0, 101.155, 101.165, 0.01, 12,     1.083,
 661, 1, 100.482, 100.482, 100.584, 0.101, 213, 100.584, 101.299, 0.716, 1171, 0, 101.299, 101.309, 0.01, 7,     0.827,
 663, 1, 100.619, 100.619, 100.688, 0.07, 154, 100.688, 101.404, 0.716, 1746, 0, 101.404, 101.42, 0.016, 31,     0.801,
 662, 1, 100.539, 100.539, 100.598, 0.059, 13, 100.598, 101.323, 0.726, 1616, 0, 101.323, 101.453, 0.129, 267,     0.913,
 657, 1, 99.772, 99.772, 100.139, 0.367, 279, 100.139, 101.549, 1.41, 1360, 0, 101.549, 101.659, 0.11, 221,     1.887,
 658, 1, 99.974, 99.974, 100.153, 0.179, 17, 100.153, 101.581, 1.428, 1547, 0, 101.581, 101.797, 0.216, 420,     1.823,
 666, 1, 101.266, 101.266, 101.266, 0, 1, 101.266, 102.053, 0.787, 1810, 0, 102.053, 102.063, 0.01, 3,     0.797,
 665, 1, 101.187, 101.187, 101.197, 0.01, 19, 101.197, 101.936, 0.739, 1391, 0, 101.936, 102.126, 0.191, 381,     0.939,
 667, 1, 101.33, 101.33, 101.34, 0.01, 14, 101.34, 102.185, 0.845, 2222, 0, 102.185, 102.249, 0.064, 128,     0.919,
 669, 1, 101.516, 101.516, 101.557, 0.041, 72, 101.557, 102.3, 0.743, 1639, 0, 102.3, 102.372, 0.072, 144,     0.855,
 623, 1, 94.975, 94.975, 101.607, 6.633, 13001, 101.607, 102.436, 0.829, 1885, 0, 102.436, 102.474, 0.038, 93,     7.500,
 668, 1, 101.367, 101.367, 101.377, 0.01, 1, 101.377, 102.11, 0.733, 1566, 0, 102.11, 102.637, 0.527, 1055,     1.270,
 670, 1, 101.65, 101.65, 101.681, 0.031, 61, 101.681, 102.609, 0.929, 1255, 0, 102.609, 102.651, 0.041, 69,     1.001,
 671, 1, 102.01, 102.01, 102.02, 0.01, 13, 102.02, 102.741, 0.721, 1942, 0, 102.741, 102.751, 0.01, 11,     0.741,
 672, 1, 102.072, 102.072, 102.072, 0, 13, 102.072, 102.791, 0.719, 1912, 0, 102.791, 102.872, 0.082, 163,     0.800,
 673, 1, 102.129, 102.129, 102.181, 0.052, 98, 102.181, 102.918, 0.737, 1318, 0, 102.918, 102.935, 0.016, 33,     0.805,
 674, 1, 102.14, 102.14, 102.181, 0.041, 75, 102.181, 102.918, 0.737, 1229, 0, 102.918, 102.955, 0.037, 53,     0.814,
 675, 1, 102.222, 102.222, 102.244, 0.021, 25, 102.244, 102.997, 0.753, 1531, 0, 102.997, 103.067, 0.071, 142,     0.845,
 676, 1, 102.266, 102.266, 102.276, 0.01, 24, 102.276, 103.041, 0.764, 1212, 0, 103.041, 103.143, 0.102, 205,     0.877,
 679, 1, 102.37, 102.37, 102.386, 0.016, 35, 102.386, 103.168, 0.782, 1457, 0, 103.168, 103.205, 0.037, 74,     0.835,
 680, 1, 102.421, 102.421, 102.5, 0.078, 171, 102.5, 103.29, 0.791, 1356, 0, 103.29, 103.452, 0.162, 297,     1.031,
 678, 1, 102.325, 102.325, 102.325, 0, 5, 102.325, 103.168, 0.843, 1494, 0, 103.168, 103.537, 0.369, 738,     1.212,
 677, 1, 102.293, 102.293, 102.412, 0.119, 247, 102.412, 103.583, 1.171, 1724, 0, 103.583, 103.593, 0.01, 7,     1.300,
 682, 1, 103.055, 103.055, 103.107, 0.052, 116, 103.107, 103.833, 0.726, 1572, 0, 103.833, 103.854, 0.021, 42,     0.798,
 681, 1, 103.016, 103.016, 103.159, 0.143, 298, 103.159, 103.874, 0.715, 1216, 0, 103.874, 103.884, 0.01, 17,     0.868,
 683, 1, 103.809, 103.809, 103.82, 0.011, 22, 103.82, 104.535, 0.714, 1633, 0, 104.535, 104.546, 0.011, 23,     0.737,
 684, 1, 103.939, 103.939, 103.989, 0.05, 109, 103.989, 104.733, 0.744, 1406, 0, 104.733, 104.733, 0, 6,     0.794,
 686, 1, 104.14, 104.14, 104.166, 0.026, 63, 104.166, 104.882, 0.716, 981, 0, 104.882, 104.892, 0.01, 1,     0.752,
 685, 1, 104.077, 104.077, 104.243, 0.166, 326, 104.243, 104.982, 0.739, 1447, 0, 104.982, 105.194, 0.212, 425,     1.118,
 688, 1, 104.53, 104.53, 104.671, 0.141, 283, 104.671, 105.554, 0.883, 1952, 0, 105.554, 105.565, 0.011, 22,     1.035,
 687, 1, 104.233, 104.233, 104.857, 0.624, 1248, 104.857, 105.79, 0.933, 1646, 0, 105.79, 105.825, 0.035, 71,     1.593,
 690, 1, 104.864, 104.864, 104.932, 0.068, 118, 104.932, 105.853, 0.921, 1610, 0, 105.853, 105.858, 0.005, 1,     0.993,
 689, 1, 104.574, 104.574, 104.685, 0.112, 7, 104.685, 105.858, 1.172, 1139, 0, 105.858, 105.873, 0.015, 40,     1.299,
 692, 1, 105.264, 105.264, 105.288, 0.024, 48, 105.288, 106.087, 0.798, 1489, 0, 106.087, 106.113, 0.026, 44,     0.849,
 694, 1, 105.454, 105.454, 105.534, 0.08, 160, 105.534, 106.257, 0.723, 1374, 0, 106.257, 106.267, 0.01, 6,     0.813,
 691, 1, 105.215, 105.215, 105.302, 0.087, 187, 105.302, 106.193, 0.891, 1582, 0, 106.193, 106.331, 0.138, 277,     1.116,
 695, 1, 105.856, 105.856, 105.856, 0, 12, 105.856, 106.584, 0.729, 1390, 0, 106.584, 106.644, 0.06, 120,     0.789,
 693, 1, 105.379, 105.379, 105.707, 0.328, 632, 105.707, 106.552, 0.845, 1656, 0, 106.552, 106.656, 0.104, 211,     1.277,
 696, 1, 105.977, 105.977, 106.005, 0.029, 21, 106.005, 106.718, 0.713, 1115, 0, 106.718, 106.771, 0.053, 106,     0.794,
 697, 1, 106.044, 106.044, 106.111, 0.067, 104, 106.111, 106.833, 0.722, 1701, 0, 106.833, 106.843, 0.01, 7,     0.799,
 698, 1, 106.112, 106.112, 106.122, 0.01, 2, 106.122, 106.975, 0.854, 1630, 0, 106.975, 107.05, 0.075, 150,     0.938,
 700, 1, 106.484, 106.484, 106.624, 0.14, 286, 106.624, 107.338, 0.715, 1768, 0, 107.338, 107.348, 0.01, 17,     0.864,
 701, 1, 106.561, 106.561, 106.614, 0.052, 103, 106.614, 107.326, 0.713, 1255, 0, 107.326, 107.418, 0.091, 171,     0.856,
 699, 1, 106.461, 106.461, 106.494, 0.033, 48, 106.494, 107.407, 0.913, 1521, 0, 107.407, 107.456, 0.048, 96,     0.994,
 703, 1, 106.632, 106.632, 106.754, 0.122, 234, 106.754, 107.471, 0.716, 1600, 0, 107.471, 107.739, 0.269, 538,     1.107,
 704, 1, 106.757, 106.757, 106.813, 0.056, 118, 106.813, 107.575, 0.763, 1108, 0, 107.575, 107.749, 0.174, 348,     0.993,
 705, 1, 107.062, 107.062, 107.072, 0.01, 20, 107.072, 107.795, 0.723, 972, 0, 107.795, 107.815, 0.02, 51,     0.753,
 702, 1, 106.604, 106.604, 106.632, 0.029, 22, 106.632, 107.805, 1.173, 1863, 0, 107.805, 107.815, 0.01, 20,     1.212,
 706, 1, 107.112, 107.112, 107.263, 0.15, 300, 107.263, 108.055, 0.793, 1426, 0, 108.055, 108.099, 0.043, 87,     0.986,
 664, 1, 100.64, 100.64, 100.736, 0.096, 96, 100.736, 101.497, 0.761, 1762, 0, 101.497, 108.231, 6.733, 13467,     7.591,
 708, 1, 107.432, 107.432, 107.488, 0.056, 93, 107.488, 108.205, 0.716, 1790, 0, 108.205, 108.251, 0.046, 56,     0.818,
 710, 1, 107.751, 107.751, 107.794, 0.043, 87, 107.794, 108.521, 0.726, 1202, 0, 108.521, 108.678, 0.157, 314,     0.927,
 711, 1, 107.77, 107.77, 107.984, 0.214, 348, 107.984, 108.703, 0.719, 1556, 0, 108.703, 108.789, 0.086, 176,     1.019,
 712, 1, 108.055, 108.055, 108.266, 0.211, 431, 108.266, 108.982, 0.716, 1719, 0, 108.982, 108.992, 0.01, 21,     0.937,
 713, 1, 108.308, 108.308, 108.414, 0.106, 194, 108.414, 109.143, 0.73, 1633, 0, 109.143, 109.153, 0.01, 1,     0.846,
 714, 1, 108.34, 108.34, 108.428, 0.088, 14, 108.428, 109.244, 0.817, 1600, 0, 109.244, 109.295, 0.05, 101,     0.955,
 709, 1, 107.705, 107.705, 108.922, 1.218, 2406, 108.922, 109.636, 0.714, 1668, 0, 109.636, 109.718, 0.081, 163,     2.013,
 717, 1, 109.013, 109.013, 109.013, 0, 12, 109.013, 109.745, 0.731, 1377, 0, 109.745, 109.778, 0.033, 66,     0.764,
 719, 1, 109.116, 109.116, 109.145, 0.029, 28, 109.145, 109.864, 0.719, 1113, 0, 109.864, 109.874, 0.01, 10,     0.757,
 718, 1, 109.078, 109.078, 109.126, 0.049, 96, 109.126, 109.904, 0.777, 1696, 0, 109.904, 109.936, 0.032, 64,     0.858,
 720, 1, 109.145, 109.145, 109.146, 0.001, 3, 109.146, 109.97, 0.824, 1179, 0, 109.97, 110.037, 0.067, 134,     0.892,
 707, 1, 107.284, 107.284, 107.294, 0.01, 17, 107.294, 108.025, 0.731, 1885, 0, 108.025, 110.23, 2.204, 4409,     2.945,
 721, 1, 109.444, 109.444, 109.518, 0.074, 131, 109.518, 110.257, 0.739, 1713, 0, 110.257, 110.312, 0.056, 106,     0.868,
 722, 1, 109.47, 109.47, 109.532, 0.062, 7, 109.532, 110.497, 0.966, 1554, 0, 110.497, 110.525, 0.028, 55,     1.055,
 716, 1, 108.822, 108.822, 108.971, 0.149, 98, 108.971, 109.705, 0.733, 1792, 0, 109.705, 110.737, 1.032, 2065,     1.915,
 724, 1, 110.158, 110.158, 110.199, 0.04, 81, 110.199, 110.934, 0.736, 1201, 0, 110.934, 110.934, 0, 14,     0.776,
 723, 1, 110.056, 110.056, 110.074, 0.017, 46, 110.074, 110.915, 0.842, 1814, 0, 110.915, 110.945, 0.03, 58,     0.889,
 725, 1, 110.199, 110.199, 110.246, 0.048, 79, 110.246, 110.989, 0.743, 1073, 0, 110.989, 111.048, 0.059, 118,     0.850,
 726, 1, 110.423, 110.423, 110.433, 0.01, 1, 110.433, 111.184, 0.752, 1163, 0, 111.184, 111.194, 0.01, 1,     0.772,
 727, 1, 110.652, 110.652, 110.849, 0.197, 396, 110.849, 111.578, 0.729, 1227, 0, 111.578, 111.588, 0.01, 18,     0.936,
 729, 1, 110.736, 110.736, 110.894, 0.158, 50, 110.894, 111.631, 0.737, 1634, 0, 111.631, 111.648, 0.016, 33,     0.912,
 728, 1, 110.694, 110.694, 110.869, 0.176, 34, 110.869, 111.807, 0.938, 1373, 0, 111.807, 111.837, 0.03, 47,     1.144,
 730, 1, 110.969, 110.969, 111.146, 0.178, 338, 111.146, 111.876, 0.73, 1571, 0, 111.876, 111.957, 0.081, 161,     0.988,
 732, 1, 111.229, 111.229, 111.29, 0.061, 122, 111.29, 112.022, 0.732, 2038, 0, 112.022, 112.046, 0.024, 48,     0.817,
 733, 1, 111.317, 111.317, 111.43, 0.113, 227, 111.43, 112.163, 0.733, 1629, 0, 112.163, 112.173, 0.01, 2,     0.856,
 731, 1, 111.151, 111.151, 111.16, 0.01, 28, 111.16, 112.057, 0.897, 1807, 0, 112.057, 112.183, 0.126, 247,     1.032,
 734, 1, 111.345, 111.345, 111.455, 0.11, 236, 111.455, 112.321, 0.866, 1645, 0, 112.321, 112.377, 0.056, 112,     1.032,
 715, 1, 108.432, 108.432, 111.24, 2.808, 5626, 111.24, 112.413, 1.172, 946, 0, 112.413, 112.441, 0.028, 57,     4.009,
 735, 1, 111.716, 111.716, 111.742, 0.026, 52, 111.742, 112.459, 0.717, 1422, 0, 112.459, 112.47, 0.011, 22,     0.754,
 737, 1, 112.034, 112.034, 112.046, 0.011, 28, 112.046, 112.762, 0.717, 1883, 0, 112.762, 112.774, 0.012, 24,     0.740,
 739, 1, 112.269, 112.269, 112.496, 0.228, 13, 112.496, 113.219, 0.723, 1449, 0, 113.219, 113.23, 0.01, 10,     0.961,
 738, 1, 112.261, 112.261, 112.482, 0.221, 446, 112.482, 113.199, 0.717, 1380, 0, 113.199, 113.244, 0.044, 89,     0.983,
 740, 1, 112.306, 112.306, 112.602, 0.296, 211, 112.602, 113.331, 0.729, 1220, 0, 113.331, 113.344, 0.013, 27,     1.038,
 741, 1, 112.689, 112.689, 112.699, 0.01, 8, 112.699, 113.465, 0.767, 1545, 0, 113.465, 113.475, 0.01, 9,     0.787,
 742, 1, 112.743, 112.743, 112.766, 0.023, 46, 112.766, 113.498, 0.732, 1743, 0, 113.498, 113.508, 0.01, 7,     0.765,
 736, 1, 111.91, 111.91, 112.795, 0.884, 1769, 112.795, 113.729, 0.935, 1583, 0, 113.729, 113.834, 0.105, 209,     1.923,
 743, 1, 112.993, 112.993, 113.023, 0.03, 40, 113.023, 113.943, 0.92, 1665, 0, 113.943, 113.974, 0.031, 62,     0.981,
 746, 1, 113.214, 113.214, 113.373, 0.159, 338, 113.373, 114.092, 0.719, 1368, 0, 114.092, 114.114, 0.022, 44,     0.900,
 747, 1, 113.241, 113.241, 113.407, 0.166, 30, 113.407, 114.141, 0.734, 1784, 0, 114.141, 114.151, 0.01, 11,     0.910,
 748, 1, 113.273, 113.273, 113.454, 0.181, 86, 113.454, 114.178, 0.723, 1216, 0, 114.178, 114.22, 0.042, 85,     0.947,
 744, 1, 113.023, 113.023, 113.495, 0.472, 906, 113.495, 114.352, 0.857, 1329, 0, 114.352, 114.66, 0.308, 616,     1.637,
 749, 1, 113.75, 113.75, 113.76, 0.01, 10, 113.76, 114.676, 0.916, 1334, 0, 114.676, 114.75, 0.074, 110,     1.000,
 745, 1, 113.145, 113.145, 113.204, 0.059, 119, 113.204, 114.427, 1.223, 1689, 0, 114.427, 114.867, 0.44, 866,     1.722,
 752, 1, 114.163, 114.163, 114.173, 0.01, 1, 114.173, 114.877, 0.703, 1236, 0, 114.877, 115.06, 0.184, 334,     0.897,
 750, 1, 114.021, 114.021, 114.045, 0.023, 47, 114.045, 114.94, 0.895, 1095, 0, 114.94, 115.08, 0.141, 276,     1.059,
 753, 1, 114.332, 114.332, 114.356, 0.024, 49, 114.356, 115.106, 0.75, 1157, 0, 115.106, 115.116, 0.01, 16,     0.784,
 755, 1, 114.393, 114.393, 114.393, 0, 1, 114.393, 115.368, 0.975, 1096, 0, 115.368, 115.393, 0.024, 54,     0.999,
 754, 1, 114.361, 114.361, 114.376, 0.015, 28, 114.376, 115.383, 1.006, 2013, 0, 115.383, 115.393, 0.01, 7,     1.032,
 756, 1, 114.42, 114.42, 114.455, 0.034, 37, 114.455, 115.459, 1.004, 1789, 0, 115.459, 115.57, 0.112, 223,     1.150,
 751, 1, 114.139, 114.139, 114.361, 0.222, 445, 114.361, 115.189, 0.828, 1266, 0, 115.189, 115.677, 0.487, 975,     1.538,
 757, 1, 115.081, 115.081, 115.093, 0.012, 24, 115.093, 115.808, 0.715, 876, 0, 115.808, 115.838, 0.029, 59,     0.757,
 759, 1, 115.345, 115.345, 115.376, 0.031, 63, 115.376, 116.092, 0.716, 2043, 0, 116.092, 116.347, 0.256, 476,     1.003,
 758, 1, 115.198, 115.198, 115.699, 0.501, 1003, 115.699, 116.42, 0.721, 1958, 0, 116.42, 116.5, 0.08, 160,     1.302,
 761, 1, 115.732, 115.732, 115.77, 0.038, 93, 115.77, 116.502, 0.732, 1486, 0, 116.502, 116.611, 0.109, 224,     0.879,
 762, 1, 115.957, 115.957, 115.957, 0, 3, 115.957, 116.681, 0.724, 1632, 0, 116.681, 116.702, 0.021, 42,     0.745,
 760, 1, 115.724, 115.724, 115.732, 0.008, 4, 115.732, 116.657, 0.925, 1236, 0, 116.657, 116.767, 0.11, 221,     1.043,
 763, 1, 116.085, 116.085, 116.095, 0.01, 14, 116.095, 116.906, 0.811, 1338, 0, 116.906, 116.925, 0.019, 39,     0.841,
 766, 1, 116.374, 116.374, 116.511, 0.137, 251, 116.511, 117.226, 0.715, 1144, 0, 117.226, 117.268, 0.043, 85,     0.894,
 764, 1, 116.17, 116.17, 116.17, 0, 10, 116.17, 116.996, 0.826, 1360, 0, 116.996, 117.711, 0.715, 1430,     1.541,
 767, 1, 116.479, 116.479, 116.543, 0.064, 102, 116.543, 117.715, 1.173, 1497, 0, 117.715, 117.762, 0.046, 103,     1.283,
 765, 1, 116.289, 116.289, 116.299, 0.01, 14, 116.299, 117.014, 0.715, 1166, 0, 117.014, 117.833, 0.819, 1639,     1.544,
 769, 1, 117.106, 117.106, 117.122, 0.016, 32, 117.122, 117.839, 0.716, 1935, 0, 117.839, 117.849, 0.01, 18,     0.742,
 768, 1, 116.974, 116.974, 117.053, 0.079, 150, 117.053, 117.773, 0.72, 1416, 0, 117.773, 117.983, 0.21, 420,     1.009,
 770, 1, 117.307, 117.307, 117.324, 0.017, 34, 117.324, 118.053, 0.729, 2203, 0, 118.053, 118.063, 0.01, 1,     0.756,
 771, 1, 117.376, 117.376, 117.415, 0.04, 59, 117.415, 118.13, 0.714, 1367, 0, 118.13, 118.148, 0.019, 37,     0.773,
 772, 1, 117.433, 117.433, 117.532, 0.1, 198, 117.532, 118.248, 0.716, 1551, 0, 118.248, 118.324, 0.076, 148,     0.891,
 773, 1, 117.602, 117.602, 117.602, 0, 8, 117.602, 118.314, 0.712, 1779, 0, 118.314, 118.324, 0.01, 7,     0.722,
 776, 1, 117.87, 117.87, 117.926, 0.056, 8, 117.926, 118.658, 0.732, 1317, 0, 118.658, 118.755, 0.097, 193,     0.885,
 775, 1, 117.84, 117.84, 117.94, 0.1, 175, 117.94, 118.658, 0.718, 1570, 0, 118.658, 118.875, 0.217, 434,     1.036,
 779, 1, 118.156, 118.156, 118.292, 0.136, 273, 118.292, 119.022, 0.73, 1710, 0, 119.022, 119.031, 0.009, 18,     0.874,
 777, 1, 118.038, 118.038, 118.048, 0.01, 10, 118.048, 119.133, 1.084, 1800, 0, 119.133, 119.148, 0.016, 31,     1.110,
 781, 1, 118.209, 118.209, 118.469, 0.259, 519, 118.469, 119.183, 0.714, 1164, 0, 119.183, 119.238, 0.055, 111,     1.029,
 780, 1, 118.179, 118.179, 118.188, 0.009, 6, 118.188, 119.36, 1.172, 1342, 0, 119.36, 119.37, 0.01, 16,     1.191,
 778, 1, 118.059, 118.059, 118.178, 0.12, 239, 118.178, 119.095, 0.917, 1890, 0, 119.095, 119.461, 0.367, 734,     1.403,
 782, 1, 118.86, 118.86, 118.87, 0.01, 1, 118.87, 119.6, 0.731, 1207, 0, 119.6, 119.644, 0.043, 100,     0.784,
 783, 1, 118.882, 118.882, 118.892, 0.01, 1, 118.892, 119.61, 0.719, 1815, 0, 119.61, 119.788, 0.178, 369,     0.906,
 784, 1, 118.945, 118.945, 118.955, 0.01, 13, 118.955, 119.85, 0.895, 709, 0, 119.85, 119.875, 0.025, 50,     0.930,
 774, 1, 117.801, 117.801, 117.912, 0.111, 223, 117.912, 118.626, 0.714, 1290, 0, 118.626, 119.932, 1.305, 2611,     2.131,
 785, 1, 119.022, 119.022, 119.032, 0.01, 19, 119.032, 119.763, 0.731, 1455, 0, 119.763, 120.005, 0.242, 485,     0.983,
 786, 1, 119.349, 119.349, 119.359, 0.01, 1, 119.359, 120.115, 0.756, 1726, 0, 120.115, 120.135, 0.02, 21,     0.786,
 788, 1, 119.675, 119.675, 119.744, 0.069, 123, 119.744, 120.493, 0.749, 1237, 0, 120.493, 120.52, 0.027, 54,     0.845,
 789, 1, 119.734, 119.734, 120.012, 0.278, 570, 120.012, 120.738, 0.726, 950, 0, 120.738, 120.748, 0.01, 5,     1.014,
 787, 1, 119.472, 119.472, 119.482, 0.01, 3, 119.482, 120.229, 0.746, 2081, 0, 120.229, 120.861, 0.633, 1246,     1.389,
 790, 1, 120.203, 120.203, 120.252, 0.049, 98, 120.252, 120.967, 0.716, 2071, 0, 120.967, 120.977, 0.01, 1,     0.775,
 791, 1, 120.43, 120.43, 120.526, 0.097, 177, 120.526, 121.268, 0.742, 1586, 0, 121.268, 121.276, 0.008, 14,     0.847,
 793, 1, 120.805, 120.805, 120.82, 0.015, 30, 120.82, 121.547, 0.728, 1858, 0, 121.547, 121.561, 0.013, 27,     0.756,
 794, 1, 120.851, 120.851, 120.883, 0.032, 50, 120.883, 121.598, 0.715, 1707, 0, 121.598, 121.619, 0.021, 42,     0.768,
 792, 1, 120.702, 120.702, 120.918, 0.216, 432, 120.918, 121.634, 0.716, 1536, 0, 121.634, 121.651, 0.017, 34,     0.949,
 795, 1, 120.992, 120.992, 121.002, 0.01, 13, 121.002, 121.717, 0.715, 1473, 0, 121.717, 121.736, 0.019, 37,     0.744,
 796, 1, 121.088, 121.088, 121.098, 0.01, 16, 121.098, 121.827, 0.729, 1405, 0, 121.827, 121.837, 0.01, 5,     0.749,
 799, 1, 122.051, 122.051, 122.143, 0.092, 176, 122.143, 122.864, 0.721, 1320, 0, 122.864, 122.882, 0.019, 37,     0.832,
 798, 1, 121.984, 121.984, 122.048, 0.064, 112, 122.048, 122.775, 0.727, 1070, 0, 122.775, 122.902, 0.127, 232,     0.919,
 797, 1, 121.266, 121.266, 122.428, 1.162, 2304, 122.428, 123.148, 0.72, 786, 0, 123.148, 123.177, 0.029, 59,     1.912,
 803, 1, 122.25, 122.25, 122.5, 0.25, 145, 122.5, 123.216, 0.716, 1559, 0, 123.216, 123.251, 0.035, 53,     1.001,
 800, 1, 122.118, 122.118, 122.183, 0.064, 75, 122.183, 122.966, 0.783, 1531, 0, 122.966, 123.351, 0.385, 788,     1.233,
 805, 1, 122.667, 122.667, 122.677, 0.01, 2, 122.677, 123.416, 0.738, 1002, 0, 123.416, 123.446, 0.03, 38,     0.778,
 802, 1, 122.235, 122.235, 122.534, 0.299, 346, 122.534, 123.454, 0.92, 1598, 0, 123.454, 123.47, 0.016, 50,     1.235,
 801, 1, 122.133, 122.133, 122.347, 0.214, 329, 122.347, 123.063, 0.716, 1278, 0, 123.063, 123.482, 0.419, 838,     1.349,
 806, 1, 122.751, 122.751, 122.897, 0.146, 295, 122.897, 123.665, 0.768, 1170, 0, 123.665, 123.676, 0.011, 22,     0.925,
 804, 1, 122.428, 122.428, 122.514, 0.086, 15, 122.514, 123.679, 1.165, 1250, 0, 123.679, 123.689, 0.01, 17,     1.261,
 808, 1, 123.13, 123.13, 123.141, 0.01, 21, 123.141, 123.857, 0.716, 1312, 0, 123.857, 123.902, 0.045, 64,     0.771,
 809, 1, 123.164, 123.164, 123.175, 0.011, 40, 123.175, 123.915, 0.74, 1542, 0, 123.915, 123.925, 0.01, 20,     0.761,
 807, 1, 123.034, 123.034, 123.044, 0.01, 5, 123.044, 123.761, 0.717, 1589, 0, 123.761, 124.09, 0.329, 659,     1.056,
 810, 1, 123.301, 123.301, 123.325, 0.024, 48, 123.325, 124.053, 0.728, 1414, 0, 124.053, 124.138, 0.084, 169,     0.837,
 812, 1, 123.812, 123.812, 123.823, 0.01, 11, 123.823, 124.756, 0.933, 1486, 0, 124.756, 124.809, 0.053, 107,     0.997,
 811, 1, 123.776, 123.776, 123.798, 0.022, 44, 123.798, 125.05, 1.251, 1750, 0, 125.05, 125.069, 0.019, 38,     1.292,
 813, 1, 124.09, 124.09, 124.435, 0.346, 691, 124.435, 125.172, 0.737, 1893, 0, 125.172, 125.205, 0.033, 44,     1.116,
 817, 1, 124.591, 124.591, 124.617, 0.027, 5, 124.617, 125.344, 0.726, 1275, 0, 125.344, 125.354, 0.01, 11,     0.763,
 815, 1, 124.524, 124.524, 124.605, 0.081, 163, 124.605, 125.334, 0.729, 1695, 0, 125.334, 125.364, 0.03, 56,     0.840,
 819, 1, 124.729, 124.729, 124.796, 0.067, 109, 124.796, 125.509, 0.712, 1551, 0, 125.509, 125.519, 0.01, 2,     0.790,
 816, 1, 124.584, 124.584, 124.671, 0.087, 140, 124.671, 125.603, 0.932, 1167, 0, 125.603, 125.638, 0.034, 59,     1.053,
 818, 1, 124.617, 124.617, 124.873, 0.256, 482, 124.873, 125.769, 0.896, 1013, 0, 125.769, 125.879, 0.11, 221,     1.262,
 820, 1, 124.968, 124.968, 124.984, 0.016, 48, 124.984, 125.7, 0.715, 1759, 0, 125.7, 126.097, 0.397, 795,     1.129,
 814, 1, 124.45, 124.45, 124.551, 0.102, 195, 124.551, 125.27, 0.718, 1212, 0, 125.27, 126.117, 0.848, 1659,     1.668,
 821, 1, 125.875, 125.875, 125.899, 0.024, 55, 125.899, 126.645, 0.747, 1399, 0, 126.645, 126.685, 0.04, 80,     0.810,
 822, 1, 125.917, 125.917, 125.948, 0.031, 71, 125.948, 126.84, 0.893, 1316, 0, 126.84, 126.85, 0.01, 4,     0.934,
 823, 1, 125.969, 125.969, 125.979, 0.01, 1, 125.979, 126.914, 0.934, 1347, 0, 126.914, 126.924, 0.01, 21,     0.955,
 825, 1, 126.23, 126.23, 126.24, 0.01, 16, 126.24, 126.955, 0.714, 1675, 0, 126.955, 126.97, 0.016, 31,     0.740,
 824, 1, 126.143, 126.143, 126.143, 0, 4, 126.143, 127.09, 0.947, 1427, 0, 127.09, 127.139, 0.049, 103,     0.995,
 826, 1, 126.281, 126.281, 126.309, 0.028, 55, 126.309, 127.044, 0.735, 1492, 0, 127.044, 127.218, 0.174, 349,     0.937,
 827, 1, 126.379, 126.379, 126.379, 0, 4, 126.379, 127.163, 0.784, 1550, 0, 127.163, 127.322, 0.159, 315,     0.943,
 828, 1, 126.383, 126.383, 126.414, 0.031, 68, 126.414, 127.34, 0.926, 2183, 0, 127.34, 127.34, 0, 1,     0.957,
 830, 1, 126.555, 126.555, 126.823, 0.268, 503, 126.823, 127.595, 0.772, 1880, 0, 127.595, 127.649, 0.054, 108,     1.094,
 834, 1, 127.025, 127.025, 127.036, 0.01, 21, 127.036, 127.755, 0.719, 1766, 0, 127.755, 127.786, 0.031, 62,     0.760,
 829, 1, 126.404, 126.404, 126.789, 0.385, 770, 126.789, 127.505, 0.716, 1036, 0, 127.505, 127.807, 0.302, 604,     1.403,
 835, 1, 127.123, 127.123, 127.123, 0, 1, 127.123, 127.844, 0.721, 1407, 0, 127.844, 127.863, 0.019, 38,     0.740,
 831, 1, 126.617, 126.617, 126.886, 0.269, 194, 126.886, 127.615, 0.729, 1496, 0, 127.615, 127.927, 0.313, 626,     1.311,
 832, 1, 126.842, 126.842, 126.849, 0.007, 23, 126.849, 127.564, 0.715, 1848, 0, 127.564, 127.96, 0.396, 792,     1.118,
 833, 1, 126.929, 126.929, 126.942, 0.013, 39, 126.942, 127.908, 0.967, 1348, 0, 127.908, 128.367, 0.459, 918,     1.438,
 836, 1, 127.434, 127.434, 127.555, 0.122, 246, 127.555, 128.265, 0.71, 1344, 0, 128.265, 128.42, 0.155, 311,     0.987,
 838, 1, 127.657, 127.657, 127.668, 0.01, 12, 127.668, 128.402, 0.735, 1349, 0, 128.402, 128.441, 0.038, 77,     0.783,
 839, 1, 127.855, 127.855, 127.866, 0.011, 23, 127.866, 128.691, 0.825, 1621, 0, 128.691, 128.749, 0.058, 106,     0.895,
 841, 1, 128.09, 128.09, 128.19, 0.1, 145, 128.19, 128.922, 0.732, 1554, 0, 128.922, 128.932, 0.01, 1,     0.842,
 840, 1, 128.049, 128.049, 128.108, 0.059, 119, 128.108, 128.828, 0.72, 1558, 0, 128.828, 128.992, 0.164, 329,     0.943,
 842, 1, 128.226, 128.226, 128.248, 0.022, 44, 128.248, 128.964, 0.716, 1468, 0, 128.964, 128.992, 0.028, 57,     0.767,
 843, 1, 128.273, 128.273, 128.304, 0.031, 40, 128.304, 129.029, 0.725, 1383, 0, 129.029, 129.042, 0.012, 25,     0.769,
 844, 1, 128.304, 128.304, 128.363, 0.059, 118, 128.363, 129.114, 0.751, 1507, 0, 129.114, 129.13, 0.016, 42,     0.826,
 845, 1, 128.392, 128.392, 128.424, 0.032, 54, 128.424, 129.166, 0.742, 1335, 0, 129.166, 129.177, 0.011, 22,     0.785,
 846, 1, 128.601, 128.601, 129.973, 1.372, 2715, 129.973, 130.684, 0.711, 1589, 0, 130.684, 130.746, 0.062, 125,     2.145,
 849, 1, 128.903, 128.903, 131.323, 2.419, 12, 131.323, 132.055, 0.732, 1742, 0, 132.055, 132.065, 0.01, 3,     3.162,
 850, 1, 129.011, 129.011, 131.337, 2.326, 16, 131.337, 132.055, 0.718, 1410, 0, 132.055, 132.065, 0.01, 6,     3.054,
 848, 1, 128.748, 128.748, 131.309, 2.56, 89, 131.309, 132.024, 0.716, 1314, 0, 132.024, 132.075, 0.051, 97,     3.327,
 847, 1, 128.701, 128.701, 131.256, 2.556, 2530, 131.256, 132.044, 0.788, 1500, 0, 132.044, 132.075, 0.031, 55,     3.374,
 852, 1, 129.116, 129.116, 131.399, 2.283, 105, 131.399, 132.295, 0.896, 1802, 0, 132.295, 132.31, 0.015, 47,     3.194,
 851, 1, 129.068, 129.068, 131.347, 2.279, 19, 131.347, 132.403, 1.056, 1607, 0, 132.403, 132.465, 0.062, 125,     3.398,
 837, 1, 127.545, 127.545, 133.011, 5.466, 10931, 133.011, 133.724, 0.713, 1287, 0, 133.724, 133.811, 0.087, 175,     6.266,
 856, 1, 129.539, 129.539, 133.07, 3.531, 3, 133.07, 133.791, 0.721, 1713, 0, 133.791, 133.834, 0.043, 86,     4.295,
 855, 1, 129.529, 129.529, 133.056, 3.527, 25, 133.056, 133.777, 0.721, 1834, 0, 133.777, 133.854, 0.076, 149,     4.325,
 859, 1, 130.119, 130.119, 133.178, 3.059, 4, 133.178, 133.974, 0.796, 1216, 0, 133.974, 133.987, 0.013, 27,     3.869,
 854, 1, 129.311, 129.311, 133.042, 3.731, 62, 133.042, 133.757, 0.715, 1951, 0, 133.757, 134.048, 0.291, 582,     4.737,
 861, 1, 130.54, 130.54, 133.265, 2.726, 56, 133.265, 134.036, 0.771, 1398, 0, 134.036, 134.072, 0.036, 73,     3.533,
 862, 1, 130.698, 130.698, 133.355, 2.657, 179, 133.355, 134.124, 0.769, 1709, 0, 134.124, 134.147, 0.023, 46,     3.449,
 858, 1, 130.063, 130.063, 133.171, 3.108, 134, 133.171, 134.126, 0.955, 1792, 0, 134.126, 134.187, 0.061, 127,     4.124,
 860, 1, 130.292, 130.292, 133.23, 2.939, 92, 133.23, 134.271, 1.041, 1540, 0, 134.271, 134.296, 0.025, 39,     4.004,
 863, 1, 130.797, 130.797, 133.389, 2.591, 31, 133.389, 134.224, 0.835, 1943, 0, 134.224, 134.306, 0.082, 147,     3.509,
 865, 1, 130.968, 130.968, 133.471, 2.503, 43, 133.471, 134.286, 0.815, 1508, 0, 134.286, 134.326, 0.04, 71,     3.358,
 857, 1, 129.568, 129.568, 133.104, 3.536, 48, 133.104, 134.024, 0.92, 1858, 0, 134.024, 134.473, 0.449, 903,     4.906,
 868, 1, 131.711, 131.711, 133.57, 1.859, 65, 133.57, 134.474, 0.904, 1201, 0, 134.474, 134.531, 0.057, 102,     2.820,
 864, 1, 130.95, 130.95, 133.437, 2.488, 63, 133.437, 134.521, 1.084, 1540, 0, 134.521, 134.541, 0.02, 37,     3.591,
 867, 1, 131.668, 131.668, 133.536, 1.868, 84, 133.536, 134.523, 0.987, 1934, 0, 134.523, 134.551, 0.028, 48,     2.883,
 870, 1, 131.821, 131.821, 133.747, 1.926, 64, 133.747, 134.521, 0.774, 1166, 0, 134.521, 134.571, 0.05, 85,     2.750,
 866, 1, 131.537, 131.537, 133.493, 1.956, 33, 133.493, 134.771, 1.278, 1474, 0, 134.771, 134.773, 0.002, 2,     3.236,
 874, 1, 132.539, 132.539, 133.809, 1.27, 15, 133.809, 134.791, 0.982, 1150, 0, 134.791, 134.814, 0.024, 47,     2.275,
 869, 1, 131.753, 131.753, 133.733, 1.98, 316, 133.733, 134.541, 0.808, 981, 0, 134.541, 134.854, 0.313, 591,     3.101,
 853, 1, 129.199, 129.199, 133.705, 4.506, 4591, 133.705, 134.771, 1.066, 1496, 0, 134.771, 134.854, 0.083, 136,     5.655,
 876, 1, 132.6, 132.6, 134.03, 1.43, 376, 134.03, 135.023, 0.993, 1592, 0, 135.023, 135.033, 0.01, 18,     2.433,
 873, 1, 132.449, 132.449, 133.795, 1.346, 28, 133.795, 135.033, 1.239, 1583, 0, 135.033, 135.064, 0.031, 64,     2.615,
 875, 1, 132.574, 132.574, 133.839, 1.265, 35, 133.839, 135.088, 1.25, 996, 0, 135.088, 135.104, 0.016, 32,     2.531,
 872, 1, 132.299, 132.299, 133.781, 1.482, 50, 133.781, 134.724, 0.943, 1400, 0, 134.724, 136.02, 1.296, 2592,     3.721,
 878, 1, 133.155, 133.155, 136.129, 2.974, 16, 136.129, 136.859, 0.73, 1893, 0, 136.859, 136.879, 0.02, 39,     3.724,
 879, 1, 133.178, 133.178, 136.149, 2.971, 26, 136.149, 136.869, 0.72, 1082, 0, 136.869, 136.879, 0.01, 11,     3.701,
 880, 1, 133.2, 133.2, 136.333, 3.133, 369, 136.333, 137.064, 0.731, 1365, 0, 137.064, 137.083, 0.019, 39,     3.883,
 871, 1, 132.186, 132.186, 136.119, 3.933, 4760, 136.119, 137.118, 0.999, 1301, 0, 137.118, 137.16, 0.042, 84,     4.973,
 882, 1, 133.265, 133.265, 136.422, 3.157, 23, 136.422, 137.138, 0.716, 1436, 0, 137.138, 137.18, 0.042, 63,     3.915,
 883, 1, 134.979, 134.979, 136.504, 1.525, 165, 136.504, 137.367, 0.863, 1656, 0, 137.367, 137.377, 0.01, 1,     2.398,
 877, 1, 132.847, 132.847, 136.518, 3.671, 4954, 136.518, 137.328, 0.81, 1647, 0, 137.328, 137.409, 0.081, 162,     4.562,
 886, 1, 135.296, 135.296, 136.658, 1.361, 238, 136.658, 137.439, 0.781, 1394, 0, 137.439, 137.449, 0.01, 19,     2.153,
 888, 1, 135.879, 135.879, 136.713, 0.834, 42, 136.713, 137.597, 0.883, 1788, 0, 137.597, 137.615, 0.018, 37,     1.736,
 881, 1, 133.244, 133.244, 136.405, 3.161, 135, 136.405, 137.597, 1.191, 1875, 0, 137.597, 137.659, 0.062, 125,     4.415,
 887, 1, 135.654, 135.654, 136.679, 1.026, 43, 136.679, 137.631, 0.951, 1818, 0, 137.631, 137.698, 0.068, 118,     2.044,
 891, 1, 136.243, 136.243, 136.789, 0.546, 27, 136.789, 137.688, 0.899, 1470, 0, 137.688, 137.828, 0.14, 254,     1.586,
 893, 1, 136.422, 136.422, 137.034, 0.612, 16, 137.034, 137.846, 0.812, 1515, 0, 137.846, 137.873, 0.027, 54,     1.451,
 892, 1, 136.395, 136.395, 137.02, 0.625, 463, 137.02, 137.88, 0.86, 1562, 0, 137.88, 137.89, 0.01, 23,     1.494,
 885, 1, 135.153, 135.153, 136.532, 1.38, 16, 136.532, 137.339, 0.807, 1652, 0, 137.339, 137.91, 0.571, 1107,     2.757,
 889, 1, 135.916, 135.916, 136.739, 0.823, 48, 136.739, 137.968, 1.228, 1715, 0, 137.968, 137.978, 0.01, 19,     2.061,
 890, 1, 136.109, 136.109, 136.775, 0.666, 71, 136.775, 137.948, 1.173, 1970, 0, 137.948, 138.053, 0.105, 227,     1.944,
 896, 1, 137.143, 137.143, 137.165, 0.022, 57, 137.165, 137.94, 0.775, 1190, 0, 137.94, 138.087, 0.147, 295,     0.944,
 898, 1, 137.239, 137.239, 137.356, 0.117, 91, 137.356, 138.103, 0.747, 1817, 0, 138.103, 138.143, 0.041, 81,     0.905,
 897, 1, 137.208, 137.208, 137.295, 0.087, 140, 137.295, 138.129, 0.834, 961, 0, 138.129, 138.163, 0.034, 61,     0.955,
 899, 1, 137.415, 137.415, 137.464, 0.048, 65, 137.464, 138.189, 0.725, 1203, 0, 138.189, 138.198, 0.009, 1,     0.783,
 895, 1, 136.986, 136.986, 137.087, 0.101, 11, 137.087, 138.198, 1.111, 1777, 0, 138.198, 138.399, 0.201, 421,     1.413,
 894, 1, 136.88, 136.88, 137.068, 0.188, 29, 137.068, 138.466, 1.398, 1029, 0, 138.466, 138.5, 0.034, 68,     1.620,
 884, 1, 135.149, 135.149, 138.469, 3.321, 3922, 138.469, 139.184, 0.715, 870, 0, 139.184, 139.234, 0.05, 100,     4.085,
 901, 1, 137.628, 137.628, 138.503, 0.875, 52, 138.503, 139.22, 0.717, 1515, 0, 139.22, 139.278, 0.059, 117,     1.650,
 902, 1, 137.779, 137.779, 138.815, 1.035, 589, 138.815, 139.537, 0.722, 1635, 0, 139.537, 139.562, 0.025, 51,     1.783,
 904, 1, 138.086, 138.086, 139.036, 0.95, 2, 139.036, 139.751, 0.715, 1642, 0, 139.751, 139.774, 0.024, 32,     1.688,
 905, 1, 138.097, 138.097, 139.046, 0.949, 12, 139.046, 139.764, 0.718, 1524, 0, 139.764, 139.774, 0.01, 1,     1.678,
 903, 1, 138.03, 138.03, 139.022, 0.992, 415, 139.022, 139.751, 0.729, 1591, 0, 139.751, 139.784, 0.034, 58,     1.755,
 908, 1, 138.532, 138.532, 139.117, 0.585, 24, 139.117, 139.948, 0.832, 1644, 0, 139.948, 139.958, 0.01, 8,     1.426,
 909, 1, 138.761, 138.761, 139.131, 0.369, 6, 139.131, 140.005, 0.874, 1130, 0, 140.005, 140.032, 0.027, 55,     1.271,
 906, 1, 138.319, 138.319, 139.094, 0.775, 59, 139.094, 140.017, 0.923, 1666, 0, 140.017, 140.052, 0.035, 37,     1.733,
 907, 1, 138.459, 138.459, 139.105, 0.646, 7, 139.105, 140.017, 0.912, 1205, 0, 140.017, 140.117, 0.1, 201,     1.658,
 910, 1, 138.96, 138.96, 139.524, 0.563, 786, 139.524, 140.254, 0.73, 1875, 0, 140.254, 140.264, 0.01, 4,     1.303,
 911, 1, 139.07, 139.07, 140.471, 1.402, 1883, 140.471, 141.198, 0.726, 1364, 0, 141.198, 141.226, 0.028, 56,     2.156,
 912, 1, 139.105, 139.105, 140.559, 1.454, 176, 140.559, 141.28, 0.721, 1248, 0, 141.28, 141.332, 0.052, 104,     2.227,
 913, 1, 139.168, 139.168, 140.573, 1.405, 7, 140.573, 141.401, 0.828, 1795, 0, 141.401, 141.488, 0.088, 175,     2.320,
 914, 1, 139.381, 139.381, 140.599, 1.218, 38, 140.599, 141.497, 0.898, 1251, 0, 141.497, 141.497, 0, 8,     2.116,
 915, 1, 139.571, 139.571, 140.609, 1.038, 19, 140.609, 141.537, 0.927, 1252, 0, 141.537, 141.643, 0.107, 214,     2.072,
 919, 1, 140.269, 140.269, 140.841, 0.572, 113, 140.841, 141.747, 0.906, 1714, 0, 141.747, 141.774, 0.027, 54,     1.504,
 918, 1, 139.956, 139.956, 140.78, 0.824, 38, 140.78, 141.805, 1.025, 1784, 0, 141.805, 141.815, 0.01, 6,     1.859,
 921, 1, 140.504, 140.504, 141.212, 0.708, 376, 141.212, 141.996, 0.784, 1693, 0, 141.996, 142.015, 0.019, 39,     1.512,
 917, 1, 139.937, 139.937, 140.755, 0.818, 81, 140.755, 141.996, 1.241, 1973, 0, 141.996, 142.045, 0.049, 90,     2.108,
 920, 1, 140.447, 140.447, 141.012, 0.564, 327, 141.012, 142.035, 1.023, 1717, 0, 142.035, 142.117, 0.082, 165,     1.670,
 922, 1, 140.599, 140.599, 141.702, 1.103, 981, 141.702, 142.427, 0.725, 1603, 0, 142.427, 142.667, 0.24, 480,     2.067,
 923, 1, 140.77, 140.77, 142.273, 1.503, 1142, 142.273, 143.003, 0.731, 1075, 0, 143.003, 143.088, 0.085, 170,     2.318,
 925, 1, 141.315, 141.315, 142.384, 1.069, 156, 142.384, 143.253, 0.869, 998, 0, 143.253, 143.263, 0.01, 17,     1.948,
 900, 1, 137.464, 137.464, 142.549, 5.086, 10172, 142.549, 143.264, 0.715, 1437, 0, 143.264, 143.274, 0.01, 10,     5.811,
 926, 1, 141.324, 141.324, 142.563, 1.239, 349, 142.563, 143.296, 0.733, 1635, 0, 143.296, 143.319, 0.023, 45,     1.995,
 927, 1, 141.494, 141.494, 142.59, 1.095, 81, 142.59, 143.353, 0.764, 1516, 0, 143.353, 143.409, 0.056, 112,     1.915,
 924, 1, 141.084, 141.084, 142.306, 1.222, 30, 142.306, 143.104, 0.797, 1786, 0, 143.104, 143.428, 0.324, 648,     2.344,
 928, 1, 141.577, 141.577, 142.614, 1.037, 96, 142.614, 143.511, 0.897, 1416, 0, 143.511, 143.521, 0.01, 1,     1.944,
 930, 1, 141.629, 141.629, 142.648, 1.019, 47, 142.648, 143.531, 0.883, 1049, 0, 143.531, 143.587, 0.056, 112,     1.958,
 932, 1, 142.186, 142.186, 142.838, 0.652, 160, 142.838, 143.756, 0.918, 1337, 0, 143.756, 143.769, 0.013, 27,     1.583,
 929, 1, 141.585, 141.585, 142.742, 1.157, 306, 142.742, 143.938, 1.196, 1507, 0, 143.938, 143.948, 0.01, 1,     2.363,
 933, 1, 142.341, 142.341, 143.256, 0.916, 812, 143.256, 143.972, 0.716, 1229, 0, 143.972, 144.033, 0.061, 123,     1.693,
 931, 1, 142.087, 142.087, 143.29, 1.203, 1269, 143.29, 144.016, 0.726, 956, 0, 144.016, 144.167, 0.151, 288,     2.080,
 935, 1, 142.916, 142.916, 143.304, 0.388, 4, 143.304, 144.179, 0.875, 1528, 0, 144.179, 144.189, 0.01, 16,     1.273,
 936, 1, 143.405, 143.405, 143.499, 0.094, 163, 143.499, 144.222, 0.723, 1449, 0, 144.222, 144.262, 0.041, 81,     0.857,
 937, 1, 143.453, 143.453, 143.663, 0.21, 328, 143.663, 144.383, 0.72, 2056, 0, 144.383, 144.393, 0.01, 3,     0.940,
 938, 1, 143.499, 143.499, 143.697, 0.198, 61, 143.697, 144.429, 0.732, 1243, 0, 144.429, 144.439, 0.01, 19,     0.940,
 939, 1, 143.697, 143.697, 143.882, 0.185, 338, 143.882, 144.601, 0.719, 915, 0, 144.601, 144.612, 0.011, 21,     0.915,
 941, 1, 143.882, 143.882, 143.951, 0.069, 9, 143.951, 144.678, 0.728, 1419, 0, 144.678, 144.691, 0.013, 26,     0.809,
 934, 1, 142.415, 142.415, 143.938, 1.523, 1339, 143.938, 144.665, 0.726, 1332, 0, 144.665, 144.719, 0.054, 109,     2.304,
 940, 1, 143.763, 143.763, 143.938, 0.175, 79, 143.938, 144.665, 0.726, 1851, 0, 144.665, 144.768, 0.104, 208,     1.005,
 942, 1, 144.276, 144.276, 144.286, 0.01, 12, 144.286, 145, 0.714, 1986, 0, 145, 145.015, 0.014, 30,     0.739,
 943, 1, 144.349, 144.349, 144.41, 0.06, 121, 144.41, 145.282, 0.872, 1165, 0, 145.282, 145.306, 0.024, 55,     0.957,
 944, 1, 144.372, 144.372, 144.386, 0.014, 28, 144.386, 145.206, 0.82, 1570, 0, 145.206, 145.422, 0.217, 434,     1.051,
 945, 1, 144.705, 144.705, 144.73, 0.026, 26, 144.73, 145.455, 0.724, 1595, 0, 145.455, 145.542, 0.088, 175,     0.837,
 946, 1, 144.738, 144.738, 144.779, 0.042, 69, 144.779, 145.516, 0.736, 1611, 0, 145.516, 145.562, 0.046, 56,     0.824,
 947, 1, 145.055, 145.055, 145.065, 0.01, 4, 145.065, 145.776, 0.711, 1241, 0, 145.776, 146.142, 0.366, 733,     1.087,
 950, 1, 145.472, 145.472, 145.482, 0.01, 7, 145.482, 146.198, 0.716, 1332, 0, 146.198, 146.407, 0.21, 420,     0.935,
 949, 1, 145.357, 145.357, 145.707, 0.35, 689, 145.707, 146.429, 0.721, 1590, 0, 146.429, 146.439, 0.01, 2,     1.081,
 951, 1, 145.892, 145.892, 145.91, 0.018, 35, 145.91, 146.628, 0.718, 1142, 0, 146.628, 146.815, 0.187, 374,     0.923,
 952, 1, 146.134, 146.134, 146.164, 0.03, 64, 146.164, 146.878, 0.714, 1028, 0, 146.878, 146.911, 0.033, 36,     0.777,
 953, 1, 146.19, 146.19, 146.212, 0.022, 49, 146.212, 146.925, 0.713, 2189, 0, 146.925, 146.964, 0.038, 77,     0.774,
 954, 1, 146.277, 146.277, 146.306, 0.029, 51, 146.306, 147.05, 0.744, 1213, 0, 147.05, 147.172, 0.122, 244,     0.895,
 955, 1, 146.469, 146.469, 146.558, 0.089, 179, 146.558, 147.28, 0.721, 1093, 0, 147.28, 147.485, 0.205, 411,     1.016,
 957, 1, 146.715, 146.715, 146.729, 0.013, 27, 146.729, 147.444, 0.716, 1783, 0, 147.444, 147.519, 0.075, 149,     0.804,
 958, 1, 147.06, 147.06, 147.077, 0.017, 37, 147.077, 147.808, 0.731, 833, 0, 147.808, 147.862, 0.054, 109,     0.802,
 959, 1, 147.108, 147.108, 147.148, 0.04, 80, 147.148, 147.876, 0.728, 884, 0, 147.876, 147.895, 0.019, 38,     0.787,
 960, 1, 147.16, 147.16, 147.289, 0.129, 257, 147.289, 148.005, 0.716, 1757, 0, 148.005, 148.04, 0.035, 70,     0.879,
 961, 1, 147.414, 147.414, 147.553, 0.138, 277, 147.553, 148.284, 0.732, 1231, 0, 148.284, 148.309, 0.024, 49,     0.895,
 962, 1, 147.476, 147.476, 147.601, 0.125, 96, 147.601, 148.316, 0.715, 1285, 0, 148.316, 148.37, 0.054, 123,     0.895,
 916, 1, 139.886, 139.886, 140.715, 0.829, 175, 140.715, 141.65, 0.935, 1145, 0, 141.65, 148.423, 6.773, 13557,     8.537,
 963, 1, 147.894, 147.894, 147.915, 0.021, 42, 147.915, 148.645, 0.731, 1206, 0, 148.645, 148.705, 0.06, 126,     0.811,
 964, 1, 148.098, 148.098, 148.109, 0.012, 23, 148.109, 148.823, 0.714, 911, 0, 148.823, 148.843, 0.02, 41,     0.746,
 966, 1, 148.189, 148.189, 148.208, 0.02, 40, 148.208, 148.927, 0.719, 1570, 0, 148.927, 148.949, 0.022, 39,     0.761,
 965, 1, 148.17, 148.17, 148.222, 0.053, 88, 148.222, 148.939, 0.717, 1449, 0, 148.939, 149.017, 0.078, 149,     0.848,
 948, 1, 145.176, 145.176, 145.176, 0, 7, 145.176, 145.892, 0.716, 2269, 0, 145.892, 149.076, 3.184, 6369,     3.900,
 956, 1, 146.498, 146.498, 147.711, 1.213, 2426, 147.711, 148.449, 0.739, 1983, 0, 148.449, 149.116, 0.667, 1295,     2.618,
 967, 1, 148.393, 148.393, 148.436, 0.044, 82, 148.436, 149.155, 0.719, 2046, 0, 149.155, 149.165, 0.01, 14,     0.773,
 968, 1, 148.617, 148.617, 148.641, 0.024, 51, 148.641, 149.364, 0.722, 1609, 0, 149.364, 149.374, 0.011, 21,     0.757,
 969, 1, 148.78, 148.78, 148.886, 0.106, 213, 148.886, 149.618, 0.732, 1078, 0, 149.618, 149.628, 0.01, 12,     0.848,
 971, 1, 149.293, 149.293, 149.315, 0.021, 27, 149.315, 150.126, 0.812, 1558, 0, 150.126, 150.151, 0.024, 49,     0.857,
 972, 1, 149.305, 149.305, 149.339, 0.034, 69, 149.339, 150.164, 0.825, 1128, 0, 150.164, 150.243, 0.079, 158,     0.938,
 974, 1, 149.582, 149.582, 149.608, 0.027, 33, 149.608, 150.325, 0.717, 1531, 0, 150.325, 150.338, 0.012, 25,     0.756,
 973, 1, 149.565, 149.565, 149.622, 0.057, 115, 149.622, 150.369, 0.747, 1747, 0, 150.369, 150.414, 0.044, 89,     0.849,
 975, 1, 149.654, 149.654, 149.853, 0.199, 363, 149.853, 150.593, 0.74, 1579, 0, 150.593, 150.615, 0.022, 33,     0.961,
 976, 1, 149.707, 149.707, 149.853, 0.146, 255, 149.853, 150.593, 0.74, 1291, 0, 150.593, 150.615, 0.022, 41,     0.909,
 970, 1, 149.163, 149.163, 149.163, 0, 10, 149.163, 149.895, 0.732, 1461, 0, 149.895, 150.671, 0.775, 1568,     1.507,
 978, 1, 150.053, 150.053, 150.063, 0.01, 14, 150.063, 150.856, 0.792, 1683, 0, 150.856, 150.866, 0.01, 6,     0.812,
 979, 1, 150.081, 150.081, 150.161, 0.081, 168, 150.161, 150.878, 0.716, 1946, 0, 150.878, 150.887, 0.01, 17,     0.807,
 977, 1, 150.049, 150.049, 150.084, 0.035, 71, 150.084, 150.801, 0.717, 1797, 0, 150.801, 150.927, 0.126, 253,     0.878,
 980, 1, 150.108, 150.108, 150.147, 0.039, 78, 150.147, 150.866, 0.718, 1497, 0, 150.866, 150.983, 0.118, 236,     0.875,
 981, 1, 150.364, 150.364, 150.401, 0.036, 57, 150.401, 151.115, 0.714, 1710, 0, 151.115, 151.305, 0.19, 380,     0.940,
 982, 1, 150.98, 150.98, 150.99, 0.01, 2, 150.99, 151.704, 0.714, 1588, 0, 151.704, 151.714, 0.01, 2,     0.734,
 983, 1, 151.058, 151.058, 151.069, 0.012, 23, 151.069, 151.784, 0.715, 1402, 0, 151.784, 151.794, 0.01, 11,     0.736,
 984, 1, 151.108, 151.108, 151.229, 0.121, 217, 151.229, 151.967, 0.738, 1808, 0, 151.967, 152.06, 0.093, 163,     0.952,
 987, 1, 151.602, 151.602, 151.612, 0.01, 14, 151.612, 152.333, 0.721, 1488, 0, 152.333, 152.343, 0.01, 1,     0.741,
 988, 1, 151.682, 151.682, 151.692, 0.01, 11, 151.692, 152.42, 0.728, 2142, 0, 152.42, 152.43, 0.01, 7,     0.748,
 989, 1, 151.813, 151.813, 151.813, 0, 16, 151.813, 152.526, 0.713, 1697, 0, 152.526, 152.536, 0.01, 12,     0.723,
 986, 1, 151.4, 151.4, 151.745, 0.344, 673, 151.745, 152.459, 0.714, 1668, 0, 152.459, 152.576, 0.118, 235,     1.176,
 985, 1, 151.356, 151.356, 151.396, 0.04, 49, 151.396, 152.113, 0.717, 1594, 0, 152.113, 152.876, 0.764, 1528,     1.520,
 990, 1, 151.856, 151.856, 151.889, 0.034, 67, 151.889, 152.844, 0.955, 1271, 0, 152.844, 153.187, 0.343, 687,     1.331,
 992, 1, 152.638, 152.638, 152.647, 0.01, 26, 152.647, 153.428, 0.78, 1899, 0, 153.428, 153.438, 0.01, 20,     0.800,
 991, 1, 152.613, 152.613, 152.638, 0.024, 46, 152.638, 153.48, 0.842, 1318, 0, 153.48, 153.496, 0.016, 31,     0.882,
 994, 1, 152.94, 152.94, 152.989, 0.049, 104, 152.989, 153.709, 0.72, 1530, 0, 153.709, 153.728, 0.018, 44,     0.788,
 995, 1, 152.999, 152.999, 153.009, 0.01, 8, 153.009, 153.75, 0.741, 1377, 0, 153.75, 153.79, 0.04, 64,     0.791,
 997, 1, 153.133, 153.133, 153.154, 0.021, 48, 153.154, 153.959, 0.805, 1536, 0, 153.959, 153.983, 0.024, 48,     0.850,
 996, 1, 153.106, 153.106, 153.116, 0.01, 5, 153.116, 154.031, 0.915, 1174, 0, 154.031, 154.052, 0.022, 43,     0.946,
 998, 1, 153.415, 153.415, 153.444, 0.029, 57, 153.444, 154.157, 0.714, 1482, 0, 154.157, 154.194, 0.036, 52,     0.779,
 999, 1, 153.471, 153.471, 153.549, 0.078, 125, 153.549, 154.28, 0.731, 2211, 0, 154.28, 154.323, 0.043, 86,     0.853,
 993, 1, 152.873, 152.873, 153.219, 0.346, 671, 153.219, 154.405, 1.186, 1453, 0, 154.405, 154.427, 0.022, 45,     1.554,
 1001, 1, 153.809, 153.809, 153.837, 0.028, 39, 153.837, 154.553, 0.716, 1137, 0, 154.553, 154.778, 0.225, 443,     0.969,
 1002, 1, 153.873, 153.873, 153.882, 0.01, 17, 153.882, 154.665, 0.782, 1322, 0, 154.665, 154.778, 0.113, 222,     0.905,
 1003, 1, 153.964, 153.964, 153.985, 0.02, 55, 153.985, 154.768, 0.783, 1065, 0, 154.768, 154.837, 0.069, 138,     0.873,
 1005, 1, 154.144, 154.144, 154.722, 0.579, 1137, 154.722, 155.441, 0.719, 1120, 0, 155.441, 155.536, 0.095, 191,     1.393,
 1008, 1, 154.568, 154.568, 154.708, 0.14, 17, 154.708, 155.441, 0.733, 1557, 0, 155.441, 155.556, 0.115, 219,     0.988,
 1006, 1, 154.209, 154.209, 154.68, 0.472, 140, 154.68, 155.615, 0.935, 1390, 0, 155.615, 155.63, 0.014, 29,     1.421,
 1000, 1, 153.784, 153.784, 153.803, 0.019, 51, 153.803, 154.519, 0.716, 1661, 0, 154.519, 155.839, 1.321, 2624,     2.055,
 1004, 1, 154.037, 154.037, 154.6, 0.563, 1128, 154.6, 155.78, 1.181, 1711, 0, 155.78, 156, 0.22, 440,     1.963,
 1011, 1, 155.231, 155.231, 155.244, 0.013, 27, 155.244, 155.977, 0.732, 1213, 0, 155.977, 156.02, 0.043, 79,     0.789,
 1007, 1, 154.538, 154.538, 154.694, 0.156, 18, 154.694, 155.411, 0.717, 1057, 0, 155.411, 156.03, 0.619, 1227,     1.491,
 1010, 1, 155.112, 155.112, 155.301, 0.189, 354, 155.301, 156.161, 0.859, 1808, 0, 156.161, 156.184, 0.023, 46,     1.072,
 1012, 1, 155.529, 155.529, 155.539, 0.01, 11, 155.539, 156.268, 0.729, 1613, 0, 156.268, 156.289, 0.021, 50,     0.760,
 1009, 1, 154.59, 154.59, 154.756, 0.167, 71, 154.756, 156.279, 1.523, 980, 0, 156.279, 156.444, 0.165, 330,     1.854,
 1013, 1, 155.645, 155.645, 155.751, 0.106, 212, 155.751, 156.474, 0.723, 1850, 0, 156.474, 156.497, 0.024, 47,     0.852,
 1015, 1, 155.716, 155.716, 155.777, 0.061, 49, 155.777, 156.511, 0.734, 985, 0, 156.511, 156.521, 0.01, 10,     0.805,
 1014, 1, 155.691, 155.691, 155.972, 0.281, 562, 155.972, 156.684, 0.712, 1486, 0, 156.684, 156.694, 0.01, 11,     1.003,
 1017, 1, 155.962, 155.962, 156.038, 0.076, 129, 156.038, 156.773, 0.735, 1470, 0, 156.773, 156.783, 0.01, 6,     0.822,
 1016, 1, 155.947, 155.947, 156.027, 0.08, 157, 156.027, 156.753, 0.726, 1403, 0, 156.753, 156.798, 0.044, 89,     0.851,
 1020, 1, 156.215, 156.215, 156.258, 0.043, 75, 156.258, 157.023, 0.765, 1238, 0, 157.023, 157.023, 0, 4,     0.808,
 1019, 1, 156.173, 156.173, 156.184, 0.011, 21, 156.184, 157.003, 0.819, 2014, 0, 157.003, 157.035, 0.032, 73,     0.861,
 1018, 1, 156.054, 156.054, 156.106, 0.053, 109, 156.106, 156.933, 0.827, 2072, 0, 156.933, 157.109, 0.176, 352,     1.055,
 1021, 1, 156.383, 156.383, 156.498, 0.116, 232, 156.498, 157.252, 0.753, 1736, 0, 157.252, 157.263, 0.011, 32,     0.880,
 1022, 1, 156.477, 156.477, 156.487, 0.009, 21, 156.487, 157.227, 0.74, 1495, 0, 157.227, 157.283, 0.056, 82,     0.805,
 1024, 1, 156.605, 156.605, 156.619, 0.013, 27, 156.619, 157.335, 0.716, 1555, 0, 157.335, 157.374, 0.039, 78,     0.769,
 1023, 1, 156.588, 156.588, 156.712, 0.124, 215, 156.712, 157.501, 0.789, 1777, 0, 157.501, 157.516, 0.015, 30,     0.928,
 1025, 1, 156.915, 156.915, 156.927, 0.012, 23, 156.927, 157.847, 0.92, 1895, 0, 157.847, 157.862, 0.014, 29,     0.946,
 1028, 1, 157.194, 157.194, 157.21, 0.017, 33, 157.21, 157.931, 0.721, 1306, 0, 157.931, 157.945, 0.014, 29,     0.752,
 1026, 1, 157.018, 157.018, 157.05, 0.031, 79, 157.05, 157.987, 0.937, 1306, 0, 157.987, 158.057, 0.07, 139,     1.038,
 1027, 1, 157.122, 157.122, 157.68, 0.557, 1115, 157.68, 158.41, 0.73, 1880, 0, 158.41, 158.42, 0.01, 15,     1.298,
 1030, 1, 157.787, 157.787, 157.787, 0, 2, 157.787, 158.516, 0.729, 1265, 0, 158.516, 158.526, 0.01, 5,     0.739,
 1029, 1, 157.706, 157.706, 157.753, 0.047, 107, 157.753, 158.486, 0.733, 1862, 0, 158.486, 158.574, 0.088, 177,     0.868,
 1031, 1, 157.864, 157.864, 157.874, 0.01, 10, 157.874, 158.669, 0.795, 2257, 0, 158.669, 158.722, 0.053, 106,     0.857,
 1032, 1, 157.993, 157.993, 158.038, 0.045, 73, 158.038, 158.756, 0.717, 1393, 0, 158.756, 158.796, 0.04, 84,     0.803,
 1034, 1, 158.138, 158.138, 158.155, 0.017, 34, 158.155, 158.871, 0.716, 1712, 0, 158.871, 158.937, 0.067, 133,     0.799,
 1033, 1, 158.101, 158.101, 158.231, 0.13, 270, 158.231, 158.966, 0.735, 1660, 0, 158.966, 158.997, 0.031, 51,     0.896,
 1035, 1, 158.294, 158.294, 158.304, 0.01, 32, 158.304, 159.12, 0.816, 1237, 0, 159.12, 159.153, 0.033, 53,     0.859,
 1037, 1, 158.424, 158.424, 158.439, 0.016, 26, 158.439, 159.255, 0.816, 1629, 0, 159.255, 159.255, 0, 10,     0.831,
 1036, 1, 158.343, 158.343, 158.439, 0.096, 193, 158.439, 159.215, 0.776, 1161, 0, 159.215, 159.269, 0.053, 107,     0.926,
 1040, 1, 158.99, 158.99, 159.001, 0.011, 22, 159.001, 159.733, 0.732, 1549, 0, 159.733, 159.743, 0.01, 6,     0.753,
 1041, 1, 159.03, 159.03, 159.069, 0.038, 77, 159.069, 159.784, 0.715, 1586, 0, 159.784, 159.842, 0.058, 116,     0.811,
 1039, 1, 158.472, 158.472, 158.491, 0.018, 55, 158.491, 159.411, 0.92, 1638, 0, 159.411, 159.877, 0.466, 932,     1.405,
 1042, 1, 159.119, 159.119, 159.387, 0.267, 527, 159.387, 160.097, 0.71, 1093, 0, 160.097, 160.118, 0.021, 42,     0.998,
 1046, 1, 159.392, 159.392, 159.478, 0.086, 2, 159.478, 160.194, 0.716, 2007, 0, 160.194, 160.211, 0.017, 34,     0.819,
 1044, 1, 159.227, 159.227, 159.424, 0.197, 75, 159.424, 160.14, 0.717, 1264, 0, 160.14, 160.241, 0.1, 201,     1.014,
 1043, 1, 159.212, 159.212, 159.468, 0.256, 513, 159.468, 160.194, 0.726, 1042, 0, 160.194, 160.474, 0.281, 562,     1.262,
 1049, 1, 159.778, 159.778, 159.787, 0.01, 4, 159.787, 160.497, 0.709, 1740, 0, 160.497, 160.532, 0.035, 45,     0.755,
 1048, 1, 159.631, 159.631, 159.787, 0.156, 321, 159.787, 160.497, 0.709, 1808, 0, 160.497, 160.544, 0.047, 93,     0.913,
 1047, 1, 159.478, 159.478, 159.627, 0.149, 299, 159.627, 160.544, 0.917, 1871, 0, 160.544, 160.602, 0.059, 117,     1.125,
 1038, 1, 158.44, 158.44, 158.45, 0.01, 16, 158.45, 159.638, 1.188, 1540, 0, 159.638, 160.865, 1.228, 2456,     2.425,
 1050, 1, 160.147, 160.147, 160.156, 0.009, 12, 160.156, 160.886, 0.73, 1841, 0, 160.886, 160.896, 0.01, 7,     0.749,
 1051, 1, 160.417, 160.417, 160.513, 0.096, 193, 160.513, 161.232, 0.719, 2021, 0, 161.232, 161.245, 0.013, 26,     0.828,
 1045, 1, 159.297, 159.297, 159.512, 0.215, 176, 159.512, 160.432, 0.92, 1629, 0, 160.432, 161.672, 1.24, 2469,     2.375,
 1053, 1, 160.911, 160.911, 160.946, 0.035, 81, 160.946, 161.662, 0.716, 1319, 0, 161.662, 161.672, 0.01, 20,     0.761,
 1052, 1, 160.679, 160.679, 160.805, 0.126, 252, 160.805, 161.674, 0.869, 1675, 0, 161.674, 161.682, 0.008, 8,     1.002,
 1055, 1, 161.175, 161.175, 161.184, 0.009, 11, 161.184, 161.911, 0.727, 1827, 0, 161.911, 161.911, 0, 5,     0.736,
 1054, 1, 161.141, 161.141, 161.151, 0.01, 16, 161.151, 161.931, 0.78, 1531, 0, 161.931, 161.974, 0.043, 86,     0.833,
 1056, 1, 161.205, 161.205, 161.29, 0.085, 184, 161.29, 162.006, 0.716, 1803, 0, 162.006, 162.037, 0.031, 62,     0.832,
 1058, 1, 161.523, 161.523, 161.523, 0, 6, 161.523, 162.255, 0.732, 1206, 0, 162.255, 162.265, 0.01, 8,     0.742,
 1060, 1, 161.572, 161.572, 161.69, 0.118, 205, 161.69, 162.415, 0.725, 1487, 0, 162.415, 162.578, 0.163, 314,     1.006,
 1059, 1, 161.549, 161.549, 161.559, 0.01, 6, 161.559, 162.48, 0.92, 1874, 0, 162.48, 162.588, 0.109, 205,     1.039,
 1061, 1, 161.583, 161.583, 161.857, 0.275, 315, 161.857, 162.579, 0.722, 948, 0, 162.579, 162.598, 0.019, 29,     1.016,
 1057, 1, 161.426, 161.426, 161.928, 0.502, 1016, 161.928, 162.645, 0.717, 2021, 0, 162.645, 162.655, 0.01, 7,     1.229,
 1062, 1, 161.601, 161.601, 161.962, 0.361, 182, 161.962, 162.782, 0.82, 1693, 0, 162.782, 162.792, 0.01, 9,     1.191,
 1065, 1, 162.077, 162.077, 162.123, 0.047, 81, 162.123, 162.869, 0.746, 1224, 0, 162.869, 162.893, 0.024, 47,     0.816,
 1063, 1, 162.004, 162.004, 162.014, 0.01, 31, 162.014, 162.829, 0.815, 1285, 0, 162.829, 162.905, 0.076, 146,     0.901,
 1064, 1, 162.043, 162.043, 162.055, 0.012, 24, 162.055, 162.895, 0.84, 2047, 0, 162.895, 162.905, 0.01, 18,     0.862,
 1066, 1, 162.123, 162.123, 162.312, 0.189, 394, 162.312, 163.032, 0.719, 833, 0, 163.032, 163.042, 0.01, 9,     0.918,
 1070, 1, 162.191, 162.191, 162.718, 0.527, 71, 162.718, 163.649, 0.932, 1064, 0, 163.649, 163.655, 0.006, 22,     1.464,
 1071, 1, 162.234, 162.234, 162.765, 0.53, 94, 162.765, 163.621, 0.857, 1945, 0, 163.621, 163.701, 0.079, 159,     1.466,
 1073, 1, 163.119, 163.119, 163.131, 0.012, 24, 163.131, 163.853, 0.722, 1126, 0, 163.853, 163.863, 0.01, 10,     0.744,
 1068, 1, 162.137, 162.137, 162.928, 0.791, 1229, 162.928, 163.852, 0.924, 1379, 0, 163.852, 163.912, 0.06, 121,     1.775,
 1069, 1, 162.175, 162.175, 162.682, 0.507, 11, 162.682, 163.399, 0.717, 1490, 0, 163.399, 164.002, 0.603, 1207,     1.827,
 1075, 1, 163.465, 163.465, 163.56, 0.095, 200, 163.56, 164.276, 0.716, 1475, 0, 164.276, 164.286, 0.01, 8,     0.821,
 1067, 1, 162.129, 162.129, 162.668, 0.539, 1074, 162.668, 163.399, 0.731, 1379, 0, 163.399, 164.3, 0.901, 1803,     2.172,
 1072, 1, 162.281, 162.281, 162.918, 0.637, 289, 162.918, 164.276, 1.357, 1188, 0, 164.276, 164.3, 0.025, 36,     2.019,
 1077, 1, 163.612, 163.612, 163.638, 0.026, 52, 163.638, 164.403, 0.766, 1381, 0, 164.403, 164.413, 0.01, 15,     0.802,
 1074, 1, 163.383, 163.383, 163.482, 0.099, 191, 163.482, 164.183, 0.7, 1688, 0, 164.183, 164.535, 0.353, 705,     1.152,
 1078, 1, 163.73, 163.73, 163.763, 0.034, 68, 163.763, 164.492, 0.729, 1414, 0, 164.492, 164.535, 0.043, 84,     0.806,
 1079, 1, 163.959, 163.959, 164.183, 0.225, 450, 164.183, 164.913, 0.729, 1336, 0, 164.913, 164.923, 0.01, 2,     0.964,
 1076, 1, 163.484, 163.484, 164.217, 0.733, 1436, 164.217, 164.933, 0.715, 1629, 0, 164.933, 164.964, 0.032, 44,     1.480,
 1083, 1, 164.254, 164.254, 164.284, 0.03, 35, 164.284, 165.016, 0.731, 1358, 0, 165.016, 165.066, 0.05, 100,     0.811,
 1082, 1, 164.104, 164.104, 164.264, 0.16, 55, 164.264, 165.182, 0.918, 1590, 0, 165.182, 165.227, 0.044, 89,     1.123,
 1081, 1, 164.052, 164.052, 164.284, 0.233, 121, 164.284, 165.204, 0.92, 1608, 0, 165.204, 165.267, 0.063, 110,     1.216,
 1085, 1, 164.639, 164.639, 164.658, 0.018, 37, 164.658, 165.386, 0.729, 1620, 0, 165.386, 165.405, 0.018, 37,     0.766,
 1080, 1, 164.004, 164.004, 164.217, 0.213, 53, 164.217, 165.386, 1.169, 1188, 0, 165.386, 165.529, 0.143, 286,     1.525,
 1084, 1, 164.385, 164.385, 164.531, 0.147, 294, 164.531, 165.257, 0.726, 1807, 0, 165.257, 165.606, 0.349, 698,     1.222,
 1088, 1, 164.82, 164.82, 164.853, 0.034, 67, 164.853, 165.773, 0.92, 1592, 0, 165.773, 165.84, 0.067, 134,     1.021,
 1090, 1, 165.094, 165.094, 165.43, 0.337, 654, 165.43, 166.143, 0.712, 1563, 0, 166.143, 166.153, 0.01, 11,     1.059,
 1087, 1, 164.729, 164.729, 164.755, 0.026, 59, 164.755, 166.163, 1.408, 1378, 0, 166.163, 166.3, 0.137, 246,     1.571,
 1089, 1, 165.02, 165.02, 165.104, 0.084, 162, 165.104, 165.815, 0.712, 971, 0, 165.815, 166.409, 0.594, 1181,     1.390,
 1091, 1, 165.74, 165.74, 165.836, 0.096, 192, 165.836, 166.552, 0.716, 1742, 0, 166.552, 166.562, 0.01, 11,     0.822,
 1092, 1, 165.777, 165.777, 165.863, 0.086, 54, 165.863, 166.567, 0.704, 1429, 0, 166.567, 166.567, 0, 1,     0.790,
 1095, 1, 166.29, 166.29, 169.546, 3.255, 30, 169.546, 170.277, 0.732, 1841, 0, 170.277, 170.305, 0.028, 56,     4.015,
 1096, 1, 166.495, 166.495, 169.597, 3.102, 103, 169.597, 170.32, 0.723, 1385, 0, 170.32, 170.33, 0.01, 2,     3.835,
 1094, 1, 165.957, 165.957, 169.512, 3.555, 1, 169.512, 170.261, 0.749, 1553, 0, 170.261, 170.367, 0.106, 212,     4.410,
 1098, 1, 166.678, 166.678, 169.684, 3.006, 57, 169.684, 170.462, 0.777, 1267, 0, 170.462, 170.472, 0.01, 13,     3.793,
 1093, 1, 165.839, 165.839, 169.498, 3.659, 7271, 169.498, 170.212, 0.714, 2178, 0, 170.212, 170.574, 0.362, 725,     4.735,
 1100, 1, 167.027, 167.027, 169.858, 2.831, 6, 169.858, 170.582, 0.724, 1986, 0, 170.582, 170.582, 0, 5,     3.555,
 1101, 1, 167.848, 167.848, 169.872, 2.024, 4, 169.872, 170.621, 0.75, 1802, 0, 170.621, 170.627, 0.006, 16,     2.780,
 1097, 1, 166.651, 166.651, 169.65, 2.999, 107, 169.65, 170.617, 0.967, 1803, 0, 170.617, 170.637, 0.02, 27,     3.986,
 1102, 1, 167.887, 167.887, 170.036, 2.149, 329, 170.036, 170.757, 0.721, 1416, 0, 170.757, 170.767, 0.01, 12,     2.881,
 1099, 1, 166.93, 166.93, 169.847, 2.917, 326, 169.847, 170.777, 0.93, 1285, 0, 170.777, 170.821, 0.043, 87,     3.891,
 1104, 1, 168.045, 168.045, 170.161, 2.115, 6, 170.161, 170.881, 0.72, 479, 0, 170.881, 170.901, 0.02, 39,     2.856,
 1103, 1, 167.913, 167.913, 170.161, 2.248, 230, 170.161, 170.895, 0.734, 1687, 0, 170.895, 170.95, 0.055, 119,     3.037,
 1105, 1, 168.306, 168.306, 170.195, 1.889, 69, 170.195, 171.007, 0.812, 1377, 0, 171.007, 171.017, 0.01, 15,     2.710,
 1086, 1, 164.678, 164.678, 170.148, 5.47, 10953, 170.148, 171.03, 0.882, 1512, 0, 171.03, 171.054, 0.024, 49,     6.376,
 1111, 1, 169.568, 169.568, 170.39, 0.823, 65, 170.39, 171.256, 0.865, 1731, 0, 171.256, 171.266, 0.01, 11,     1.698,
 1107, 1, 168.786, 168.786, 170.241, 1.455, 49, 170.241, 171.144, 0.903, 1383, 0, 171.144, 171.276, 0.132, 270,     2.490,
 1110, 1, 169.192, 169.192, 170.356, 1.165, 106, 170.356, 171.287, 0.93, 1847, 0, 171.287, 171.307, 0.02, 43,     2.116,
 1106, 1, 168.459, 168.459, 170.209, 1.75, 17, 170.209, 171.286, 1.077, 1435, 0, 171.286, 171.349, 0.064, 128,     2.891,
 1109, 1, 169.121, 169.121, 170.304, 1.182, 74, 170.304, 171.385, 1.081, 1138, 0, 171.385, 171.441, 0.056, 113,     2.320,
 1113, 1, 169.912, 169.912, 170.503, 0.591, 185, 170.503, 171.393, 0.89, 1321, 0, 171.393, 171.515, 0.122, 256,     1.603,
 1116, 1, 170.088, 170.088, 170.61, 0.522, 71, 170.61, 171.505, 0.895, 1122, 0, 171.505, 171.515, 0.01, 2,     1.427,
 1112, 1, 169.848, 169.848, 170.41, 0.563, 25, 170.41, 171.536, 1.125, 1217, 0, 171.536, 171.546, 0.01, 14,     1.698,
 1108, 1, 169.069, 169.069, 170.61, 1.541, 722, 170.61, 171.537, 0.927, 1915, 0, 171.537, 171.566, 0.029, 45,     2.497,
 1117, 1, 170.161, 170.161, 170.267, 0.106, 192, 170.267, 171.448, 1.181, 1856, 0, 171.448, 171.582, 0.135, 284,     1.422,
 1120, 1, 170.374, 170.374, 170.654, 0.28, 1, 170.654, 171.643, 0.989, 1100, 0, 171.643, 171.708, 0.065, 138,     1.334,
 1119, 1, 170.326, 170.326, 170.679, 0.353, 118, 170.679, 171.755, 1.075, 972, 0, 171.755, 171.775, 0.02, 40,     1.449,
 1118, 1, 170.267, 170.267, 170.64, 0.373, 31, 170.64, 171.786, 1.146, 1437, 0, 171.786, 171.796, 0.01, 7,     1.528,
 1121, 1, 170.413, 170.413, 170.693, 0.28, 77, 170.693, 172.041, 1.348, 1627, 0, 172.041, 172.051, 0.01, 18,     1.638,
 1115, 1, 170.069, 170.069, 170.562, 0.493, 91, 170.562, 171.635, 1.073, 1334, 0, 171.635, 172.256, 0.622, 1244,     2.187,
 1122, 1, 171.562, 171.562, 171.576, 0.014, 29, 171.576, 172.29, 0.714, 1736, 0, 172.29, 172.326, 0.036, 72,     0.764,
 1124, 1, 171.636, 171.636, 171.642, 0.006, 11, 171.642, 172.358, 0.716, 1374, 0, 172.358, 172.398, 0.04, 81,     0.763,
 1125, 1, 171.642, 171.642, 171.734, 0.092, 197, 171.734, 172.46, 0.726, 969, 0, 172.46, 172.475, 0.015, 30,     0.833,
 1123, 1, 171.615, 171.615, 171.625, 0.01, 12, 171.625, 172.344, 0.719, 1595, 0, 172.344, 172.495, 0.151, 272,     0.880,
 1126, 1, 171.752, 171.752, 171.752, 0, 2, 171.752, 172.672, 0.92, 1512, 0, 172.672, 172.672, 0, 3,     0.920,
 1114, 1, 170.044, 170.044, 170.516, 0.472, 2, 170.516, 171.698, 1.181, 2028, 0, 171.698, 172.868, 1.171, 2332,     2.824,
 1127, 1, 171.896, 171.896, 171.959, 0.063, 115, 171.959, 172.879, 0.92, 1826, 0, 172.879, 172.891, 0.012, 26,     0.995,
 1130, 1, 172.049, 172.049, 172.079, 0.03, 60, 172.079, 172.818, 0.739, 997, 0, 172.818, 172.911, 0.093, 155,     0.862,
 1129, 1, 171.977, 171.977, 172.103, 0.125, 242, 172.103, 172.858, 0.755, 2539, 0, 172.858, 172.911, 0.053, 71,     0.933,
 1131, 1, 172.084, 172.084, 172.219, 0.135, 258, 172.219, 172.943, 0.724, 1239, 0, 172.943, 172.957, 0.014, 28,     0.873,
 1128, 1, 171.964, 171.964, 171.973, 0.009, 21, 171.973, 172.694, 0.721, 1441, 0, 172.694, 173.071, 0.377, 755,     1.107,
 1135, 1, 172.443, 172.443, 172.453, 0.01, 5, 172.453, 173.173, 0.72, 1365, 0, 173.173, 173.183, 0.01, 4,     0.740,
 1132, 1, 172.317, 172.317, 172.402, 0.085, 189, 172.402, 173.126, 0.724, 2062, 0, 173.126, 173.193, 0.067, 144,     0.876,
 1134, 1, 172.437, 172.437, 172.463, 0.025, 59, 172.463, 173.325, 0.863, 1589, 0, 173.325, 173.335, 0.01, 11,     0.898,
 1136, 1, 172.492, 172.492, 172.597, 0.106, 225, 172.597, 173.584, 0.987, 1196, 0, 173.584, 173.656, 0.072, 134,     1.164,
 1137, 1, 173.039, 173.039, 173.099, 0.06, 119, 173.099, 173.835, 0.737, 1599, 0, 173.835, 173.882, 0.047, 94,     0.843,
 1139, 1, 173.239, 173.239, 173.259, 0.02, 40, 173.259, 173.977, 0.718, 1298, 0, 173.977, 174.016, 0.039, 77,     0.777,
 1133, 1, 172.412, 172.412, 172.43, 0.018, 35, 172.43, 173.147, 0.717, 1463, 0, 173.147, 174.148, 1.001, 2002,     1.736,
 1141, 1, 173.375, 173.375, 173.385, 0.01, 13, 173.385, 174.226, 0.842, 1114, 0, 174.226, 174.236, 0.01, 13,     0.862,
 1140, 1, 173.293, 173.293, 173.304, 0.011, 22, 173.304, 174.338, 1.034, 2049, 0, 174.338, 174.404, 0.065, 131,     1.111,
 1143, 1, 173.82, 173.82, 173.83, 0.01, 8, 173.83, 174.588, 0.757, 1501, 0, 174.588, 174.601, 0.013, 27,     0.781,
 1138, 1, 173.173, 173.173, 173.404, 0.231, 458, 173.404, 174.588, 1.183, 1115, 0, 174.588, 174.623, 0.035, 70,     1.450,
 1144, 1, 174.077, 174.077, 174.087, 0.01, 9, 174.087, 174.799, 0.712, 1846, 0, 174.799, 174.809, 0.01, 1,     0.732,
 1145, 1, 174.221, 174.221, 174.231, 0.01, 1, 174.231, 174.947, 0.716, 1461, 0, 174.947, 175.02, 0.073, 115,     0.799,
 1146, 1, 174.358, 174.358, 174.389, 0.031, 62, 174.389, 175.117, 0.727, 1347, 0, 175.117, 175.153, 0.036, 45,     0.794,
 1149, 1, 174.825, 174.825, 174.905, 0.08, 5, 174.905, 175.618, 0.713, 1727, 0, 175.618, 175.638, 0.02, 40,     0.813,
 1148, 1, 174.717, 174.717, 174.895, 0.179, 68, 174.895, 175.618, 0.723, 2057, 0, 175.618, 175.65, 0.032, 64,     0.933,
 1150, 1, 174.895, 174.895, 174.925, 0.03, 37, 174.925, 175.65, 0.725, 1363, 0, 175.65, 175.796, 0.145, 291,     0.900,
 1147, 1, 174.617, 174.617, 174.851, 0.234, 470, 174.851, 175.564, 0.713, 1417, 0, 175.564, 175.887, 0.323, 646,     1.270,
 1151, 1, 175.433, 175.433, 175.478, 0.045, 90, 175.478, 176.201, 0.723, 1079, 0, 176.201, 176.239, 0.038, 77,     0.806,
 1142, 1, 173.8, 173.8, 175.346, 1.547, 3094, 175.346, 176.266, 0.92, 1331, 0, 176.266, 176.276, 0.01, 15,     2.477,
 1152, 1, 175.459, 175.459, 175.56, 0.1, 201, 175.56, 176.298, 0.739, 1115, 0, 176.298, 176.324, 0.025, 51,     0.865,
 1156, 1, 175.763, 175.763, 175.836, 0.072, 145, 175.836, 176.564, 0.728, 1666, 0, 176.564, 176.574, 0.01, 13,     0.810,
 1155, 1, 175.673, 175.673, 175.693, 0.02, 22, 175.693, 176.45, 0.757, 1471, 0, 176.45, 176.671, 0.221, 442,     0.998,
 1154, 1, 175.594, 175.594, 175.64, 0.045, 77, 175.64, 176.896, 1.256, 1920, 0, 176.896, 176.906, 0.01, 1,     1.312,
 1153, 1, 175.486, 175.486, 175.512, 0.025, 33, 175.512, 176.244, 0.732, 1806, 0, 176.244, 176.931, 0.688, 1385,     1.445,
 1157, 1, 176.211, 176.211, 176.242, 0.03, 65, 176.242, 176.97, 0.728, 1755, 0, 176.97, 176.987, 0.017, 34,     0.776,
 1158, 1, 176.293, 176.293, 176.303, 0.01, 4, 176.303, 177.014, 0.712, 939, 0, 177.014, 177.097, 0.083, 166,     0.804,
 1159, 1, 176.591, 176.591, 176.641, 0.05, 115, 176.641, 177.363, 0.722, 1693, 0, 177.363, 177.373, 0.01, 14,     0.782,
 1161, 1, 176.971, 176.971, 176.971, 0, 3, 176.971, 177.861, 0.89, 934, 0, 177.861, 177.871, 0.01, 11,     0.900,
 1163, 1, 177.212, 177.212, 177.222, 0.01, 1, 177.222, 177.955, 0.733, 1118, 0, 177.955, 177.965, 0.01, 1,     0.753,
 1165, 1, 177.278, 177.278, 177.293, 0.015, 30, 177.293, 178.111, 0.817, 1785, 0, 178.111, 178.128, 0.018, 35,     0.850,
 1160, 1, 176.814, 176.814, 176.848, 0.034, 68, 176.848, 177.563, 0.715, 1273, 0, 177.563, 178.182, 0.619, 1238,     1.368,
 1166, 1, 177.587, 177.587, 177.596, 0.01, 14, 177.596, 178.32, 0.724, 1585, 0, 178.32, 178.392, 0.072, 144,     0.806,
 1164, 1, 177.223, 177.223, 177.704, 0.481, 960, 177.704, 178.416, 0.712, 1700, 0, 178.416, 178.464, 0.048, 96,     1.241,
 1169, 1, 177.802, 177.802, 177.844, 0.041, 63, 177.844, 178.57, 0.727, 1266, 0, 178.57, 178.619, 0.048, 97,     0.817,
 1168, 1, 177.767, 177.767, 178.019, 0.252, 504, 178.019, 178.74, 0.721, 1197, 0, 178.74, 178.75, 0.01, 3,     0.983,
 1170, 1, 178.032, 178.032, 178.057, 0.025, 27, 178.057, 178.78, 0.722, 1291, 0, 178.78, 178.82, 0.041, 81,     0.788,
 1171, 1, 178.121, 178.121, 178.132, 0.011, 22, 178.132, 178.851, 0.718, 1363, 0, 178.851, 178.877, 0.026, 52,     0.755,
 1172, 1, 178.254, 178.254, 178.263, 0.01, 22, 178.263, 178.98, 0.716, 1635, 0, 178.98, 179.038, 0.058, 116,     0.784,
 1174, 1, 178.41, 178.41, 178.559, 0.148, 285, 178.559, 179.274, 0.715, 969, 0, 179.274, 179.401, 0.127, 242,     0.990,
 1173, 1, 178.332, 178.332, 178.36, 0.027, 44, 178.36, 179.523, 1.164, 1380, 0, 179.523, 179.523, 0, 8,     1.191,
 1175, 1, 178.854, 178.854, 178.883, 0.029, 57, 178.883, 179.617, 0.734, 1571, 0, 179.617, 179.684, 0.067, 134,     0.829,
 1162, 1, 177.16, 177.16, 177.173, 0.013, 26, 177.173, 177.886, 0.714, 1732, 0, 177.886, 179.864, 1.977, 3955,     2.704,
 1176, 1, 178.999, 178.999, 179.063, 0.064, 127, 179.063, 179.871, 0.808, 1699, 0, 179.871, 179.888, 0.017, 33,     0.888,
 1177, 1, 179.036, 179.036, 179.053, 0.017, 41, 179.053, 179.763, 0.71, 1736, 0, 179.763, 179.94, 0.176, 353,     0.904,
 1178, 1, 179.064, 179.064, 179.096, 0.031, 66, 179.096, 179.871, 0.775, 1356, 0, 179.871, 180.02, 0.149, 277,     0.956,
 1179, 1, 179.134, 179.134, 179.158, 0.024, 49, 179.158, 180.032, 0.874, 2002, 0, 180.032, 180.042, 0.01, 4,     0.908,
 1180, 1, 179.218, 179.218, 179.404, 0.186, 372, 179.404, 180.12, 0.716, 1601, 0, 180.12, 180.133, 0.012, 25,     0.915,
 1181, 1, 179.472, 179.472, 179.482, 0.01, 13, 179.482, 180.225, 0.743, 1320, 0, 180.225, 180.285, 0.06, 119,     0.813,
 1184, 1, 179.728, 179.728, 179.758, 0.031, 45, 179.758, 180.491, 0.733, 1320, 0, 180.491, 180.526, 0.035, 69,     0.798,
 1182, 1, 179.602, 179.602, 179.728, 0.125, 250, 179.728, 180.451, 0.724, 1346, 0, 180.451, 180.618, 0.167, 334,     1.016,
 1185, 1, 180.015, 180.015, 180.024, 0.009, 27, 180.024, 180.741, 0.717, 1479, 0, 180.741, 180.751, 0.011, 24,     0.737,
 1187, 1, 180.144, 180.144, 180.165, 0.02, 41, 180.165, 180.99, 0.826, 1508, 0, 180.99, 181.018, 0.028, 56,     0.874,
 1167, 1, 177.694, 177.694, 177.812, 0.118, 218, 177.812, 178.55, 0.738, 1602, 0, 178.55, 181.146, 2.595, 5191,     3.451,
 1189, 1, 180.572, 180.572, 180.65, 0.078, 138, 180.65, 181.364, 0.714, 1958, 0, 181.364, 181.427, 0.064, 127,     0.856,
 1191, 1, 180.708, 180.708, 180.736, 0.028, 63, 180.736, 181.622, 0.886, 1543, 0, 181.622, 181.633, 0.011, 21,     0.925,
 1186, 1, 180.028, 180.028, 180.038, 0.01, 28, 180.038, 180.753, 0.715, 1962, 0, 180.753, 181.772, 1.019, 2041,     1.744,
 1190, 1, 180.64, 180.64, 180.702, 0.062, 104, 180.702, 181.438, 0.736, 1502, 0, 181.438, 181.804, 0.366, 732,     1.164,
 1193, 1, 181.174, 181.174, 181.174, 0, 1, 181.174, 181.902, 0.729, 1908, 0, 181.902, 181.914, 0.012, 24,     0.740,
 1183, 1, 179.621, 179.621, 179.682, 0.06, 128, 179.682, 180.432, 0.75, 1661, 0, 180.432, 182.105, 1.674, 3348,     2.484,
 1192, 1, 180.898, 180.898, 180.932, 0.034, 68, 180.932, 182.169, 1.238, 1619, 0, 182.169, 182.234, 0.065, 130,     1.337,
 1194, 1, 181.484, 181.484, 181.577, 0.093, 185, 181.577, 182.303, 0.726, 1643, 0, 182.303, 182.638, 0.335, 670,     1.154,
 1188, 1, 180.529, 180.529, 180.736, 0.207, 387, 180.736, 181.464, 0.728, 1626, 0, 181.464, 182.652, 1.187, 2358,     2.123,
 1195, 1, 181.803, 181.803, 181.894, 0.091, 186, 181.894, 182.608, 0.714, 1301, 0, 182.608, 182.652, 0.043, 67,     0.849,
 1196, 1, 181.82, 181.82, 181.836, 0.017, 33, 181.836, 182.555, 0.719, 1224, 0, 182.555, 182.672, 0.116, 215,     0.852,
 1197, 1, 181.869, 181.869, 181.984, 0.115, 230, 181.984, 182.699, 0.715, 1106, 0, 182.699, 182.709, 0.01, 4,     0.840,
 1198, 1, 182.222, 182.222, 182.222, 0, 2, 182.222, 182.932, 0.71, 1321, 0, 182.932, 182.945, 0.013, 26,     0.723,
 1199, 1, 182.921, 182.921, 182.931, 0.01, 7, 182.931, 183.659, 0.728, 1559, 0, 183.659, 183.716, 0.057, 114,     0.795,
 1200, 1, 182.956, 182.956, 182.984, 0.028, 55, 182.984, 183.758, 0.774, 1562, 0, 183.758, 183.785, 0.028, 55,     0.829,
 1202, 1, 183.075, 183.075, 183.133, 0.058, 123, 183.133, 183.85, 0.717, 1412, 0, 183.85, 183.868, 0.018, 36,     0.793,
 1203, 1, 183.162, 183.162, 183.172, 0.01, 16, 183.172, 183.888, 0.716, 1128, 0, 183.888, 183.936, 0.048, 97,     0.774,
 1205, 1, 183.229, 183.229, 183.271, 0.042, 46, 183.271, 184.005, 0.734, 1623, 0, 184.005, 184.114, 0.11, 220,     0.886,
 1206, 1, 183.309, 183.309, 183.317, 0.008, 22, 183.317, 184.099, 0.782, 1551, 0, 184.099, 184.152, 0.053, 88,     0.843,
 1204, 1, 183.195, 183.195, 183.195, 0, 7, 183.195, 184.142, 0.947, 1363, 0, 184.142, 184.201, 0.059, 119,     1.007,
 1201, 1, 182.992, 182.992, 183.317, 0.324, 667, 183.317, 184.28, 0.963, 1464, 0, 184.28, 184.29, 0.01, 17,     1.297,
 1207, 1, 183.893, 183.893, 183.903, 0.011, 24, 183.903, 184.631, 0.728, 1501, 0, 184.631, 184.642, 0.011, 22,     0.749,
 1208, 1, 183.987, 183.987, 183.997, 0.01, 10, 183.997, 184.713, 0.716, 1403, 0, 184.713, 184.783, 0.07, 140,     0.796,
 1209, 1, 184.04, 184.04, 184.064, 0.024, 51, 184.064, 184.784, 0.72, 1389, 0, 184.784, 184.828, 0.043, 90,     0.788,
 1211, 1, 184.297, 184.297, 184.297, 0, 8, 184.297, 185.026, 0.729, 1510, 0, 185.026, 185.057, 0.031, 63,     0.760,
 1212, 1, 184.533, 184.533, 184.543, 0.01, 16, 184.543, 185.255, 0.712, 1506, 0, 185.255, 185.274, 0.019, 39,     0.741,
 1210, 1, 184.052, 184.052, 184.523, 0.471, 935, 184.523, 185.44, 0.917, 2327, 0, 185.44, 185.457, 0.018, 35,     1.406,
 1213, 1, 184.816, 184.816, 184.836, 0.019, 39, 184.836, 185.55, 0.714, 1270, 0, 185.55, 185.56, 0.01, 15,     0.744,
 1214, 1, 184.945, 184.945, 184.957, 0.012, 25, 184.957, 185.684, 0.727, 1523, 0, 185.684, 185.709, 0.024, 49,     0.764,
 1215, 1, 185.062, 185.062, 185.105, 0.043, 90, 185.105, 185.819, 0.715, 1208, 0, 185.819, 185.879, 0.06, 119,     0.817,
 1216, 1, 185.19, 185.19, 185.2, 0.01, 28, 185.2, 185.914, 0.715, 1620, 0, 185.914, 185.954, 0.04, 79,     0.764,
 1217, 1, 185.283, 185.283, 185.295, 0.012, 24, 185.295, 186.011, 0.716, 1614, 0, 186.011, 186.184, 0.173, 346,     0.901,
 1219, 1, 185.823, 185.823, 185.833, 0.01, 19, 185.833, 186.566, 0.733, 1427, 0, 186.566, 186.605, 0.04, 79,     0.782,
 1220, 1, 185.851, 185.851, 185.861, 0.01, 14, 185.861, 186.577, 0.715, 1249, 0, 186.577, 186.652, 0.076, 151,     0.801,
 1218, 1, 185.716, 185.716, 185.726, 0.01, 14, 185.726, 186.442, 0.715, 1516, 0, 186.442, 186.858, 0.417, 834,     1.142,
 1221, 1, 186.445, 186.445, 186.457, 0.012, 25, 186.457, 187.197, 0.74, 1827, 0, 187.197, 187.232, 0.035, 42,     0.787,
 1222, 1, 186.545, 186.545, 186.559, 0.014, 29, 186.559, 187.275, 0.716, 1523, 0, 187.275, 187.285, 0.01, 18,     0.741,
 1223, 1, 186.618, 186.618, 186.628, 0.01, 3, 186.628, 187.345, 0.717, 1432, 0, 187.345, 187.355, 0.01, 20,     0.737,
 1224, 1, 186.662, 186.662, 186.716, 0.054, 98, 186.716, 187.428, 0.712, 1423, 0, 187.428, 187.438, 0.01, 16,     0.776,
 1226, 1, 186.753, 186.753, 186.785, 0.032, 64, 186.785, 187.705, 0.92, 1764, 0, 187.705, 187.72, 0.016, 31,     0.967,
 1227, 1, 186.825, 186.825, 186.835, 0.01, 20, 186.835, 187.761, 0.926, 1416, 0, 187.761, 187.772, 0.011, 23,     0.947,
 1229, 1, 187.387, 187.387, 187.405, 0.018, 22, 187.405, 188.114, 0.709, 1737, 0, 188.114, 188.133, 0.018, 37,     0.746,
 1228, 1, 187.044, 187.044, 187.425, 0.381, 767, 187.425, 188.137, 0.712, 1548, 0, 188.137, 188.17, 0.033, 75,     1.127,
 1225, 1, 186.706, 186.706, 186.865, 0.159, 314, 186.865, 187.577, 0.713, 1433, 0, 187.577, 188.28, 0.703, 1407,     1.574,
 1230, 1, 187.618, 187.618, 187.795, 0.178, 363, 187.795, 188.517, 0.722, 1166, 0, 188.517, 188.577, 0.06, 108,     0.959,
 1231, 1, 187.91, 187.91, 187.92, 0.01, 15, 187.92, 188.65, 0.73, 1798, 0, 188.65, 188.661, 0.012, 23,     0.751,
 1233, 1, 188.233, 188.233, 188.245, 0.012, 39, 188.245, 188.961, 0.716, 1564, 0, 188.961, 188.971, 0.01, 9,     0.738,
 1232, 1, 188.147, 188.147, 188.212, 0.065, 134, 188.212, 188.926, 0.714, 1373, 0, 188.926, 188.992, 0.066, 132,     0.846,
 1234, 1, 188.364, 188.364, 188.376, 0.012, 24, 188.376, 189.103, 0.728, 2031, 0, 189.103, 189.209, 0.106, 211,     0.845,
 1235, 1, 188.573, 188.573, 188.623, 0.049, 100, 188.623, 189.348, 0.726, 1830, 0, 189.348, 189.358, 0.01, 19,     0.785,
 1236, 1, 188.766, 188.766, 188.776, 0.01, 18, 188.776, 189.491, 0.715, 1570, 0, 189.491, 189.509, 0.018, 55,     0.743,
 1238, 1, 188.792, 188.792, 188.792, 0, 1, 188.792, 189.511, 0.718, 1213, 0, 189.511, 189.521, 0.01, 5,     0.728,
 1239, 1, 188.808, 188.808, 188.808, 0, 3, 188.808, 189.534, 0.727, 1621, 0, 189.534, 189.694, 0.16, 319,     0.886,
 1241, 1, 189.025, 189.025, 189.053, 0.029, 66, 189.053, 189.771, 0.717, 1330, 0, 189.771, 189.771, 0, 2,     0.746,
 1237, 1, 188.781, 188.781, 188.874, 0.094, 197, 188.874, 189.695, 0.82, 763, 0, 189.695, 189.986, 0.291, 585,     1.205,
 1246, 1, 189.41, 189.41, 189.464, 0.054, 106, 189.464, 190.175, 0.712, 1365, 0, 190.175, 190.194, 0.018, 37,     0.784,
 1242, 1, 189.236, 189.236, 189.324, 0.089, 150, 189.324, 190.052, 0.727, 1432, 0, 190.052, 190.294, 0.242, 484,     1.058,
 1245, 1, 189.359, 189.359, 189.401, 0.042, 84, 189.401, 190.32, 0.918, 1578, 0, 190.32, 190.33, 0.01, 8,     0.970,
 1244, 1, 189.332, 189.332, 189.43, 0.097, 211, 189.43, 190.35, 0.92, 1757, 0, 190.35, 190.365, 0.015, 30,     1.033,
 1247, 1, 189.827, 189.827, 189.837, 0.01, 10, 189.837, 190.551, 0.714, 1682, 0, 190.551, 190.561, 0.01, 6,     0.734,
 1243, 1, 189.293, 189.293, 189.324, 0.031, 36, 189.324, 190.49, 1.166, 1379, 0, 190.49, 190.652, 0.161, 323,     1.358,
 1240, 1, 188.837, 188.837, 188.862, 0.026, 35, 188.862, 189.794, 0.932, 1241, 0, 189.794, 190.779, 0.985, 1970,     1.942,
 1248, 1, 190.14, 190.14, 190.364, 0.224, 432, 190.364, 191.084, 0.72, 2376, 0, 191.084, 191.288, 0.205, 410,     1.148,
 1249, 1, 190.752, 190.752, 190.763, 0.011, 37, 190.763, 191.512, 0.749, 1239, 0, 191.512, 191.522, 0.01, 10,     0.770,
 1252, 1, 190.909, 190.909, 190.919, 0.01, 20, 190.919, 191.702, 0.783, 1432, 0, 191.702, 191.712, 0.01, 8,     0.803,
 1251, 1, 190.839, 190.839, 190.853, 0.014, 21, 190.853, 191.762, 0.909, 1639, 0, 191.762, 191.782, 0.02, 40,     0.943,
 1250, 1, 190.771, 190.771, 191.082, 0.311, 604, 191.082, 192.015, 0.933, 1805, 0, 192.015, 192.074, 0.058, 117,     1.303,
 1254, 1, 191.653, 191.653, 191.717, 0.064, 129, 191.717, 192.469, 0.752, 1438, 0, 192.469, 192.481, 0.012, 24,     0.828,
 1253, 1, 191.637, 191.637, 191.663, 0.026, 52, 191.663, 192.456, 0.793, 1377, 0, 192.456, 192.517, 0.061, 122,     0.880,
 1256, 1, 191.764, 191.764, 191.774, 0.01, 4, 191.774, 192.499, 0.725, 1651, 0, 192.499, 192.569, 0.07, 140,     0.805,
 1257, 1, 191.943, 191.943, 191.978, 0.035, 58, 191.978, 192.694, 0.715, 1131, 0, 192.694, 192.726, 0.032, 65,     0.783,
 1258, 1, 192.021, 192.021, 192.032, 0.012, 23, 192.032, 192.752, 0.72, 1676, 0, 192.752, 192.806, 0.054, 93,     0.785,
 1255, 1, 191.703, 191.703, 191.876, 0.173, 347, 191.876, 192.796, 0.92, 988, 0, 192.796, 192.896, 0.1, 200,     1.193,
 1259, 1, 192.347, 192.347, 192.361, 0.013, 27, 192.361, 193.084, 0.724, 1392, 0, 193.084, 193.095, 0.011, 21,     0.748,
 1261, 1, 192.526, 192.526, 192.526, 0, 10, 192.526, 193.445, 0.919, 1371, 0, 193.445, 193.551, 0.106, 212,     1.025,
 1260, 1, 192.501, 192.501, 192.511, 0.01, 13, 192.511, 193.683, 1.172, 1175, 0, 193.683, 193.775, 0.092, 184,     1.274,
 1264, 1, 192.941, 192.941, 192.951, 0.01, 1, 192.951, 193.673, 0.722, 1352, 0, 193.673, 193.795, 0.122, 219,     0.854,
 1262, 1, 192.756, 192.756, 192.829, 0.073, 146, 192.829, 193.758, 0.928, 1933, 0, 193.758, 193.795, 0.037, 70,     1.039,
 1266, 1, 193.052, 193.052, 193.07, 0.018, 37, 193.07, 193.804, 0.734, 1524, 0, 193.804, 194.014, 0.209, 437,     0.962,
 1265, 1, 192.968, 192.968, 193.027, 0.059, 124, 193.027, 193.741, 0.714, 1462, 0, 193.741, 194.034, 0.292, 550,     1.066,
 1271, 1, 193.412, 193.412, 193.422, 0.01, 16, 193.422, 194.158, 0.735, 1296, 0, 194.158, 194.182, 0.024, 49,     0.770,
 1270, 1, 193.341, 193.341, 193.384, 0.044, 33, 193.384, 194.103, 0.719, 1299, 0, 194.103, 194.202, 0.099, 199,     0.862,
 1272, 1, 193.567, 193.567, 193.64, 0.073, 136, 193.64, 194.354, 0.714, 1558, 0, 194.354, 194.451, 0.097, 194,     0.884,
 1267, 1, 193.155, 193.155, 193.221, 0.066, 133, 193.221, 194.387, 1.166, 806, 0, 194.387, 194.473, 0.085, 171,     1.318,
 1269, 1, 193.245, 193.245, 193.356, 0.111, 58, 193.356, 194.29, 0.934, 1895, 0, 194.29, 194.583, 0.293, 586,     1.338,
 1268, 1, 193.198, 193.198, 193.327, 0.129, 213, 193.327, 194.245, 0.918, 1462, 0, 194.245, 195.183, 0.937, 1875,     1.984,
 1274, 1, 194.23, 194.23, 194.254, 0.024, 47, 194.254, 195.172, 0.918, 2005, 0, 195.172, 195.203, 0.031, 62,     0.973,
 1275, 1, 194.304, 194.304, 194.314, 0.01, 14, 194.314, 195.235, 0.92, 1540, 0, 195.235, 195.266, 0.031, 62,     0.961,
 1273, 1, 194.103, 194.103, 194.113, 0.01, 14, 194.113, 195.297, 1.184, 1523, 0, 195.297, 195.436, 0.139, 278,     1.333,
 1276, 1, 194.697, 194.697, 194.707, 0.01, 10, 194.707, 195.453, 0.746, 1604, 0, 195.453, 195.543, 0.09, 181,     0.846,
 1277, 1, 194.741, 194.741, 194.78, 0.039, 79, 194.78, 195.484, 0.704, 1810, 0, 195.484, 195.648, 0.164, 329,     0.907,
 1278, 1, 194.753, 194.753, 194.905, 0.153, 251, 194.905, 195.638, 0.732, 1467, 0, 195.638, 195.675, 0.037, 74,     0.922,
 1281, 1, 195.043, 195.043, 195.212, 0.169, 78, 195.212, 195.926, 0.715, 1715, 0, 195.926, 195.936, 0.01, 3,     0.893,
 1280, 1, 195.017, 195.017, 195.157, 0.141, 24, 195.157, 195.905, 0.748, 1269, 0, 195.905, 196.027, 0.121, 243,     1.010,
 1279, 1, 194.84, 194.84, 195.143, 0.303, 461, 195.143, 195.857, 0.713, 1171, 0, 195.857, 196.069, 0.212, 424,     1.229,
 1285, 1, 195.943, 195.943, 195.977, 0.035, 69, 195.977, 196.706, 0.728, 1556, 0, 196.706, 196.758, 0.052, 105,     0.815,
 1284, 1, 195.536, 195.536, 195.849, 0.312, 55, 195.849, 196.769, 0.92, 1546, 0, 196.769, 196.779, 0.01, 15,     1.243,
 1283, 1, 195.367, 195.367, 195.821, 0.455, 910, 195.821, 196.74, 0.919, 1463, 0, 196.74, 196.868, 0.128, 257,     1.502,
 1286, 1, 196.129, 196.129, 196.269, 0.139, 279, 196.269, 196.991, 0.723, 1619, 0, 196.991, 197.011, 0.02, 40,     0.882,
 1287, 1, 196.305, 196.305, 196.315, 0.01, 17, 196.315, 197.043, 0.728, 1357, 0, 197.043, 197.102, 0.059, 117,     0.797,
 1282, 1, 195.056, 195.056, 195.224, 0.168, 2, 195.224, 196.396, 1.172, 1195, 0, 196.396, 197.298, 0.902, 1805,     2.242,
 1289, 1, 196.501, 196.501, 196.527, 0.026, 69, 196.527, 197.251, 0.724, 1624, 0, 197.251, 197.318, 0.067, 95,     0.817,
 1290, 1, 196.72, 196.72, 196.737, 0.017, 33, 196.737, 197.453, 0.717, 2070, 0, 197.453, 197.473, 0.02, 40,     0.753,
 1288, 1, 196.394, 196.394, 196.405, 0.011, 41, 196.405, 197.578, 1.173, 1860, 0, 197.578, 197.594, 0.016, 32,     1.200,
 1291, 1, 197.125, 197.125, 197.202, 0.077, 155, 197.202, 197.92, 0.718, 1564, 0, 197.92, 198.085, 0.165, 331,     0.960,
 1293, 1, 197.404, 197.404, 197.517, 0.113, 226, 197.517, 198.244, 0.727, 1736, 0, 198.244, 198.262, 0.018, 36,     0.857,
 1294, 1, 197.447, 197.447, 197.551, 0.104, 33, 197.551, 198.268, 0.717, 1443, 0, 198.268, 198.348, 0.08, 173,     0.901,
 1292, 1, 197.152, 197.152, 197.268, 0.116, 103, 197.268, 197.983, 0.715, 1387, 0, 197.983, 198.641, 0.658, 1317,     1.489,
 1295, 1, 197.785, 197.785, 197.861, 0.076, 168, 197.861, 198.576, 0.715, 1391, 0, 198.576, 198.662, 0.086, 168,     0.877,
 1296, 1, 197.851, 197.851, 197.937, 0.086, 152, 197.937, 198.652, 0.715, 1639, 0, 198.652, 198.823, 0.171, 311,     0.972,
 1297, 1, 198.062, 198.062, 198.162, 0.1, 177, 198.162, 198.877, 0.715, 1923, 0, 198.877, 198.887, 0.01, 15,     0.825,
 1298, 1, 198.431, 198.431, 198.441, 0.01, 18, 198.441, 199.157, 0.716, 1629, 0, 199.157, 199.203, 0.046, 92,     0.772,
 1301, 1, 198.766, 198.766, 198.936, 0.171, 229, 198.936, 199.647, 0.71, 1412, 0, 199.647, 199.647, 0, 7,     0.881,
 1299, 1, 198.694, 198.694, 198.703, 0.01, 7, 198.703, 199.643, 0.939, 1696, 0, 199.643, 199.728, 0.085, 171,     1.035,
 1302, 1, 198.825, 198.825, 198.947, 0.122, 17, 198.947, 199.679, 0.732, 1089, 0, 199.679, 199.799, 0.12, 240,     0.974,
 1305, 1, 199.067, 199.067, 199.326, 0.258, 180, 199.326, 200.042, 0.717, 1487, 0, 200.042, 200.052, 0.01, 16,     0.985,
 1304, 1, 199.021, 199.021, 199.236, 0.215, 437, 199.236, 199.971, 0.736, 1556, 0, 199.971, 200.156, 0.184, 351,     1.135,
 1303, 1, 198.858, 198.858, 199.007, 0.149, 121, 199.007, 200.197, 1.19, 1626, 0, 200.197, 200.281, 0.084, 169,     1.423,
 1306, 1, 199.118, 199.118, 199.484, 0.366, 318, 199.484, 200.217, 0.732, 1943, 0, 200.217, 200.36, 0.143, 287,     1.242,
 1300, 1, 198.731, 198.731, 198.804, 0.073, 146, 198.804, 199.52, 0.716, 1436, 0, 199.52, 200.857, 1.337, 2675,     2.126,
 1308, 1, 200.161, 200.161, 200.306, 0.146, 17, 200.306, 201.137, 0.831, 1434, 0, 201.137, 201.154, 0.017, 33,     0.993,
 1307, 1, 200.078, 200.078, 200.292, 0.215, 430, 200.292, 201.117, 0.825, 1346, 0, 201.117, 201.197, 0.079, 159,     1.119,
 1309, 1, 200.315, 200.315, 200.346, 0.031, 79, 200.346, 201.185, 0.84, 1648, 0, 201.185, 201.217, 0.031, 39,     0.902,
 1310, 1, 200.667, 200.667, 200.723, 0.056, 131, 200.723, 201.9, 1.178, 1096, 0, 201.9, 201.924, 0.024, 47,     1.257,
 1314, 1, 200.85, 200.85, 201.155, 0.304, 154, 201.155, 201.952, 0.797, 1540, 0, 201.952, 202.038, 0.085, 168,     1.187,
 1312, 1, 200.751, 200.751, 200.839, 0.089, 166, 200.839, 202.168, 1.328, 1219, 0, 202.168, 202.265, 0.097, 175,     1.514,
 1313, 1, 200.817, 200.817, 201.073, 0.256, 468, 201.073, 202.255, 1.181, 1166, 0, 202.255, 202.265, 0.01, 12,     1.447,
 1315, 1, 201.125, 201.125, 201.169, 0.044, 9, 201.169, 202.295, 1.126, 1186, 0, 202.295, 202.325, 0.03, 46,     1.200,
 1316, 1, 201.478, 201.478, 201.511, 0.033, 66, 201.511, 202.417, 0.906, 1627, 0, 202.417, 202.533, 0.116, 232,     1.055,
 1318, 1, 201.69, 201.69, 201.825, 0.135, 270, 201.825, 202.567, 0.742, 1295, 0, 202.567, 202.577, 0.01, 2,     0.886,
 1317, 1, 201.519, 201.519, 201.519, 0, 13, 201.519, 202.758, 1.239, 1710, 0, 202.758, 202.804, 0.046, 92,     1.285,
 1319, 1, 201.784, 201.784, 201.907, 0.122, 126, 201.907, 202.83, 0.923, 1289, 0, 202.83, 202.885, 0.055, 111,     1.101,
 1322, 1, 202.196, 202.196, 202.212, 0.017, 33, 202.212, 202.928, 0.715, 1591, 0, 202.928, 202.938, 0.01, 14,     0.742,
 1263, 1, 192.834, 192.834, 201.887, 9.053, 18115, 201.887, 203.066, 1.179, 943, 0, 203.066, 203.092, 0.025, 51,    10.258,
 1321, 1, 202.117, 202.117, 202.127, 0.01, 15, 202.127, 203.008, 0.88, 1252, 0, 203.008, 203.186, 0.178, 357,     1.068,
 1324, 1, 202.507, 202.507, 202.517, 0.01, 7, 202.517, 203.258, 0.741, 1686, 0, 203.258, 203.277, 0.019, 38,     0.770,
 1320, 1, 202.074, 202.074, 202.074, 0, 10, 202.074, 202.788, 0.714, 1628, 0, 202.788, 203.403, 0.615, 1230,     1.328,
 1323, 1, 202.445, 202.445, 202.639, 0.195, 396, 202.639, 203.37, 0.73, 1791, 0, 203.37, 203.471, 0.102, 204,     1.027,
 1311, 1, 200.711, 200.711, 200.751, 0.039, 56, 200.751, 201.739, 0.989, 1526, 0, 201.739, 203.578, 1.839, 3671,     2.867,
 1325, 1, 203.358, 203.358, 203.549, 0.191, 382, 203.549, 204.262, 0.713, 1693, 0, 204.262, 204.315, 0.054, 107,     0.958,
 1326, 1, 203.708, 203.708, 203.718, 0.01, 20, 203.718, 204.443, 0.725, 1672, 0, 204.443, 204.464, 0.021, 25,     0.756,
 1327, 1, 203.724, 203.724, 203.732, 0.008, 26, 203.732, 204.454, 0.722, 996, 0, 204.454, 204.484, 0.03, 59,     0.760,
 1328, 1, 203.857, 203.857, 203.883, 0.025, 51, 203.883, 204.598, 0.715, 1013, 0, 204.598, 204.659, 0.061, 123,     0.802,
 1329, 1, 204.522, 204.522, 204.539, 0.017, 33, 204.539, 205.252, 0.713, 1434, 0, 205.252, 205.267, 0.015, 30,     0.745,
 1331, 1, 204.588, 204.588, 204.598, 0.01, 14, 204.598, 205.314, 0.716, 1134, 0, 205.314, 205.342, 0.028, 48,     0.754,
 1330, 1, 204.541, 204.541, 204.844, 0.303, 583, 204.844, 205.575, 0.732, 1440, 0, 205.575, 205.599, 0.024, 48,     1.059,
 1333, 1, 204.664, 204.664, 204.903, 0.238, 92, 204.903, 205.619, 0.717, 1643, 0, 205.619, 205.631, 0.012, 24,     0.967,
 1334, 1, 204.697, 204.697, 204.929, 0.232, 52, 204.929, 205.643, 0.715, 955, 0, 205.643, 205.654, 0.011, 21,     0.957,
 1335, 1, 205.053, 205.053, 205.129, 0.076, 142, 205.129, 205.86, 0.731, 1652, 0, 205.86, 205.912, 0.052, 79,     0.860,
 1332, 1, 204.655, 204.655, 204.979, 0.324, 649, 204.979, 205.71, 0.732, 1423, 0, 205.71, 206.266, 0.556, 1112,     1.611,
 1338, 1, 205.61, 205.61, 205.61, 0, 7, 205.61, 206.328, 0.718, 1398, 0, 206.328, 206.338, 0.01, 10,     0.728,
 1337, 1, 205.275, 205.275, 205.458, 0.183, 367, 205.458, 206.182, 0.724, 1575, 0, 206.182, 206.354, 0.173, 346,     1.080,
 1339, 1, 205.66, 205.66, 205.69, 0.03, 60, 205.69, 206.431, 0.74, 1995, 0, 206.431, 206.594, 0.164, 311,     0.934,
 1341, 1, 205.84, 205.84, 205.865, 0.024, 55, 205.865, 206.604, 0.74, 1615, 0, 206.604, 206.614, 0.01, 1,     0.774,
 1340, 1, 205.786, 205.786, 205.799, 0.013, 35, 205.799, 206.584, 0.785, 1651, 0, 206.584, 206.863, 0.279, 558,     1.077,
 1336, 1, 205.247, 205.247, 206.24, 0.993, 1987, 206.24, 206.967, 0.727, 1681, 0, 206.967, 206.999, 0.032, 50,     1.752,
 1342, 1, 205.965, 205.965, 206.252, 0.287, 564, 206.252, 206.979, 0.727, 2115, 0, 206.979, 207.03, 0.051, 103,     1.066,
 1344, 1, 206.165, 206.165, 206.278, 0.113, 53, 206.278, 207.194, 0.916, 2104, 0, 207.194, 207.207, 0.013, 26,     1.042,
 1343, 1, 205.975, 205.975, 206.329, 0.354, 179, 206.329, 207.228, 0.899, 1477, 0, 207.228, 207.238, 0.01, 8,     1.263,
 1345, 1, 206.266, 206.266, 206.292, 0.026, 8, 206.292, 207.228, 0.936, 1332, 0, 207.228, 207.238, 0.01, 19,     0.972,
 1348, 1, 206.445, 206.445, 206.502, 0.057, 90, 206.502, 207.416, 0.914, 1048, 0, 207.416, 207.426, 0.01, 2,     0.981,
 1349, 1, 206.672, 206.672, 206.672, 0, 7, 206.672, 207.453, 0.781, 1830, 0, 207.453, 207.465, 0.012, 42,     0.793,
 1347, 1, 206.43, 206.43, 206.522, 0.092, 152, 206.522, 207.444, 0.922, 1718, 0, 207.444, 207.485, 0.041, 56,     1.055,
 1350, 1, 206.755, 206.755, 206.765, 0.01, 1, 206.765, 207.495, 0.73, 1692, 0, 207.495, 207.515, 0.02, 40,     0.760,
 1346, 1, 206.335, 206.335, 206.383, 0.048, 69, 206.383, 207.746, 1.362, 2055, 0, 207.746, 207.778, 0.032, 64,     1.442,
 1351, 1, 206.817, 206.817, 206.827, 0.01, 15, 206.827, 207.746, 0.918, 1759, 0, 207.746, 208.132, 0.386, 773,     1.315,
 1353, 1, 207.049, 207.049, 207.049, 0, 5, 207.049, 207.995, 0.946, 1599, 0, 207.995, 208.132, 0.137, 274,     1.083,
 1352, 1, 207.016, 207.016, 207.043, 0.028, 35, 207.043, 208.22, 1.177, 1597, 0, 208.22, 208.256, 0.036, 71,     1.240,
 1354, 1, 207.146, 207.146, 207.212, 0.066, 133, 207.212, 208.47, 1.257, 2074, 0, 208.47, 208.563, 0.093, 197,     1.417,
 1355, 1, 207.425, 207.425, 207.435, 0.01, 14, 207.435, 208.733, 1.298, 983, 0, 208.733, 208.755, 0.022, 46,     1.330,
 1357, 1, 207.72, 207.72, 207.73, 0.01, 30, 207.73, 208.79, 1.06, 1407, 0, 208.79, 208.826, 0.036, 72,     1.106,
 1356, 1, 207.659, 207.659, 207.684, 0.025, 33, 207.684, 209.257, 1.572, 1577, 0, 209.257, 209.272, 0.016, 31,     1.613,
 1359, 1, 208.152, 208.152, 208.229, 0.077, 152, 208.229, 209.511, 1.282, 2136, 0, 209.511, 209.551, 0.04, 81,     1.399,
 1358, 1, 207.848, 207.848, 207.888, 0.04, 89, 207.888, 209.602, 1.714, 2200, 0, 209.602, 209.642, 0.04, 80,     1.794,
 1360, 1, 208.215, 208.215, 208.229, 0.013, 26, 208.229, 209.539, 1.31, 1151, 0, 209.539, 209.66, 0.122, 232,     1.445,
 1361, 1, 208.375, 208.375, 208.429, 0.054, 92, 208.429, 209.76, 1.331, 1444, 0, 209.76, 209.77, 0.01, 16,     1.394,
 1363, 1, 208.502, 208.502, 208.502, 0, 1, 208.502, 209.788, 1.286, 1151, 0, 209.788, 209.849, 0.061, 123,     1.347,
 1362, 1, 208.43, 208.43, 208.651, 0.221, 444, 208.651, 209.868, 1.217, 1567, 0, 209.868, 209.878, 0.01, 8,     1.448,
 1364, 1, 208.923, 208.923, 208.923, 0, 12, 208.923, 210.009, 1.086, 922, 0, 210.009, 210.083, 0.073, 147,     1.159,
 1367, 1, 209.118, 209.118, 209.128, 0.01, 20, 209.128, 210.009, 0.881, 1849, 0, 210.009, 210.14, 0.131, 269,     1.022,
 1366, 1, 209.048, 209.048, 209.058, 0.01, 7, 209.058, 210.379, 1.321, 1309, 0, 210.379, 210.393, 0.014, 28,     1.345,
 1365, 1, 208.996, 208.996, 209.035, 0.039, 53, 209.035, 210.301, 1.266, 1274, 0, 210.301, 210.47, 0.169, 328,     1.474,
 1369, 1, 209.684, 209.684, 209.816, 0.132, 226, 209.816, 210.53, 0.714, 1185, 0, 210.53, 210.555, 0.024, 49,     0.871,
 1370, 1, 209.711, 209.711, 209.83, 0.119, 13, 209.83, 210.562, 0.732, 1196, 0, 210.562, 210.572, 0.01, 30,     0.861,
 1371, 1, 210.096, 210.096, 210.191, 0.095, 173, 210.191, 210.911, 0.72, 993, 0, 210.911, 210.971, 0.06, 114,     0.875,
 1372, 1, 210.407, 210.407, 210.41, 0.003, 21, 210.41, 211.164, 0.753, 856, 0, 211.164, 211.184, 0.02, 41,     0.777,
 1373, 1, 210.456, 210.456, 210.63, 0.173, 332, 210.63, 211.343, 0.713, 1553, 0, 211.343, 211.343, 0, 9,     0.886,
 1375, 1, 210.64, 210.64, 210.69, 0.05, 69, 210.69, 211.403, 0.713, 1785, 0, 211.403, 211.437, 0.034, 63,     0.796,
 1374, 1, 210.583, 210.583, 210.65, 0.067, 26, 210.65, 211.459, 0.809, 1467, 0, 211.459, 211.484, 0.025, 50,     0.901,
 1378, 1, 211.167, 211.167, 211.185, 0.018, 46, 211.185, 211.928, 0.744, 1730, 0, 211.928, 211.956, 0.028, 55,     0.789,
 1377, 1, 210.858, 210.858, 210.943, 0.084, 164, 210.943, 211.846, 0.903, 1763, 0, 211.846, 212.056, 0.21, 433,     1.198,
 1376, 1, 210.698, 210.698, 210.71, 0.012, 21, 210.71, 211.542, 0.832, 2184, 0, 211.542, 212.159, 0.617, 1227,     1.460,
 1382, 1, 211.537, 211.537, 211.556, 0.018, 41, 211.556, 212.278, 0.722, 1617, 0, 212.278, 212.293, 0.015, 30,     0.755,
 1381, 1, 211.433, 211.433, 211.475, 0.042, 94, 211.475, 212.223, 0.748, 1477, 0, 212.223, 212.359, 0.136, 265,     0.926,
 1380, 1, 211.306, 211.306, 211.416, 0.11, 56, 211.416, 212.149, 0.733, 1393, 0, 212.149, 212.579, 0.43, 861,     1.273,
 1384, 1, 211.772, 211.772, 211.982, 0.211, 218, 211.982, 212.698, 0.715, 1568, 0, 212.698, 212.736, 0.038, 77,     0.965,
 1386, 1, 211.968, 211.968, 212.023, 0.054, 53, 212.023, 212.747, 0.724, 1532, 0, 212.747, 212.757, 0.01, 7,     0.789,
 1385, 1, 211.898, 211.898, 211.996, 0.099, 14, 211.996, 212.747, 0.751, 1681, 0, 212.747, 212.867, 0.12, 241,     0.970,
 1383, 1, 211.675, 211.675, 211.874, 0.198, 397, 211.874, 212.805, 0.932, 1327, 0, 212.805, 212.93, 0.125, 249,     1.255,
 1387, 1, 212.139, 212.139, 212.149, 0.01, 12, 212.149, 212.961, 0.812, 1678, 0, 212.961, 212.971, 0.01, 13,     0.832,
 1368, 1, 209.191, 209.191, 211.382, 2.191, 4383, 211.382, 212.095, 0.713, 1048, 0, 212.095, 213.048, 0.953, 1907,     3.858,
 1389, 1, 212.238, 212.238, 212.762, 0.524, 265, 212.762, 213.497, 0.735, 1350, 0, 213.497, 213.508, 0.011, 21,     1.270,
 1388, 1, 212.216, 212.216, 212.63, 0.414, 844, 212.63, 213.353, 0.723, 1608, 0, 213.353, 213.53, 0.178, 356,     1.314,
 1391, 1, 212.557, 212.557, 212.83, 0.273, 34, 212.83, 213.553, 0.723, 1345, 0, 213.553, 213.581, 0.028, 56,     1.024,
 1390, 1, 212.267, 212.267, 212.796, 0.529, 43, 212.796, 213.681, 0.885, 1342, 0, 213.681, 213.71, 0.03, 59,     1.444,
 1393, 1, 212.62, 212.62, 213.312, 0.692, 9, 213.312, 214.048, 0.736, 1377, 0, 214.048, 214.065, 0.017, 34,     1.445,
 1392, 1, 212.579, 212.579, 213.298, 0.719, 936, 213.298, 214.012, 0.714, 1314, 0, 214.012, 214.268, 0.256, 503,     1.689,
 1394, 1, 213.41, 213.41, 213.42, 0.01, 4, 213.42, 214.261, 0.841, 1612, 0, 214.261, 214.342, 0.081, 163,     0.932,
 1397, 1, 213.61, 213.61, 213.729, 0.119, 20, 213.729, 214.496, 0.768, 1282, 0, 214.496, 214.528, 0.032, 53,     0.918,
 1396, 1, 213.546, 213.546, 213.719, 0.173, 346, 213.719, 214.592, 0.873, 1319, 0, 214.592, 214.607, 0.015, 30,     1.061,
 1398, 1, 213.655, 213.655, 213.74, 0.085, 11, 213.74, 214.7, 0.96, 1337, 0, 214.7, 214.73, 0.03, 75,     1.075,
 1395, 1, 213.537, 213.537, 213.546, 0.009, 5, 213.546, 214.53, 0.984, 1674, 0, 214.53, 214.749, 0.219, 443,     1.212,
 1400, 1, 214.18, 214.18, 214.636, 0.455, 29, 214.636, 215.354, 0.718, 1113, 0, 215.354, 215.382, 0.028, 56,     1.202,
 1399, 1, 213.73, 213.73, 214.616, 0.886, 1742, 214.616, 215.463, 0.848, 1237, 0, 215.463, 215.487, 0.024, 47,     1.757,
 1402, 1, 214.454, 214.454, 214.707, 0.253, 63, 214.707, 215.439, 0.732, 1800, 0, 215.439, 215.497, 0.058, 117,     1.044,
 1401, 1, 214.297, 214.297, 214.676, 0.379, 65, 214.676, 215.511, 0.836, 2058, 0, 215.511, 215.515, 0.004, 1,     1.218,
 1404, 1, 214.583, 214.583, 214.802, 0.219, 94, 214.802, 215.612, 0.81, 1224, 0, 215.612, 215.622, 0.01, 3,     1.039,
 1406, 1, 214.627, 214.627, 214.849, 0.222, 2, 214.849, 215.689, 0.84, 937, 0, 215.689, 215.699, 0.01, 15,     1.071,
 1405, 1, 214.606, 214.606, 214.836, 0.231, 68, 214.836, 215.76, 0.924, 1486, 0, 215.76, 215.765, 0.005, 7,     1.159,
 1403, 1, 214.539, 214.539, 214.755, 0.217, 64, 214.755, 215.712, 0.957, 1362, 0, 215.712, 215.933, 0.221, 437,     1.395,
 1408, 1, 215.059, 215.059, 215.069, 0.01, 10, 215.069, 216.01, 0.94, 1424, 0, 216.01, 216.02, 0.01, 13,     0.960,
 1409, 1, 215.212, 215.212, 215.388, 0.175, 351, 215.388, 216.121, 0.733, 1635, 0, 216.121, 216.168, 0.047, 94,     0.955,
 1407, 1, 215.034, 215.034, 215.049, 0.015, 30, 215.049, 216.133, 1.083, 1368, 0, 216.133, 216.188, 0.055, 89,     1.153,
 1411, 1, 215.612, 215.612, 215.619, 0.007, 24, 215.619, 216.376, 0.757, 967, 0, 216.376, 216.394, 0.018, 36,     0.782,
 1412, 1, 215.695, 215.695, 215.705, 0.01, 17, 215.705, 216.422, 0.716, 1764, 0, 216.422, 216.432, 0.01, 4,     0.736,
 1410, 1, 215.545, 215.545, 215.593, 0.048, 96, 215.593, 216.326, 0.733, 1441, 0, 216.326, 216.465, 0.14, 280,     0.920,
 1413, 1, 215.719, 215.719, 215.729, 0.01, 6, 215.729, 216.454, 0.725, 1817, 0, 216.454, 216.635, 0.181, 377,     0.916,
 1379, 1, 211.232, 211.232, 214.949, 3.717, 7430, 214.949, 215.97, 1.02, 1470, 0, 215.97, 216.777, 0.807, 1615,     5.545,
 1415, 1, 216.126, 216.126, 216.155, 0.029, 42, 216.155, 216.887, 0.732, 1250, 0, 216.887, 216.917, 0.03, 49,     0.791,
 1414, 1, 216.053, 216.053, 216.145, 0.091, 189, 216.145, 216.855, 0.71, 1668, 0, 216.855, 216.956, 0.101, 203,     0.903,
 1416, 1, 216.145, 216.145, 216.155, 0.01, 1, 216.155, 217.056, 0.901, 1027, 0, 217.056, 217.086, 0.03, 49,     0.941,
 1417, 1, 216.885, 216.885, 216.944, 0.06, 119, 216.944, 217.659, 0.715, 1660, 0, 217.659, 217.708, 0.048, 97,     0.823,
 1420, 1, 217.144, 217.144, 217.169, 0.025, 43, 217.169, 217.884, 0.715, 1357, 0, 217.884, 217.952, 0.068, 136,     0.808,
 1418, 1, 216.979, 216.979, 216.989, 0.01, 6, 216.989, 217.73, 0.741, 2140, 0, 217.73, 217.986, 0.255, 511,     1.006,
 1419, 1, 217.09, 217.09, 217.246, 0.156, 312, 217.246, 217.96, 0.714, 1653, 0, 217.96, 218.006, 0.045, 86,     0.915,
 1422, 1, 217.202, 217.202, 217.289, 0.087, 87, 217.289, 218.028, 0.739, 896, 0, 218.028, 218.089, 0.061, 122,     0.887,
 1421, 1, 217.171, 217.171, 217.319, 0.148, 281, 217.319, 218.141, 0.822, 1670, 0, 218.141, 218.169, 0.028, 55,     0.998,
 1424, 1, 217.565, 217.565, 217.578, 0.013, 27, 217.578, 218.307, 0.729, 1602, 0, 218.307, 218.698, 0.391, 798,     1.133,
 1426, 1, 217.919, 217.919, 217.962, 0.042, 103, 217.962, 218.677, 0.715, 1606, 0, 218.677, 218.746, 0.069, 139,     0.827,
 1427, 1, 218.228, 218.228, 218.25, 0.022, 48, 218.25, 218.964, 0.714, 1788, 0, 218.964, 218.974, 0.01, 12,     0.746,
 1425, 1, 217.87, 217.87, 217.88, 0.01, 17, 217.88, 218.601, 0.721, 1584, 0, 218.601, 219.049, 0.448, 896,     1.179,
 1428, 1, 218.274, 218.274, 218.35, 0.076, 153, 218.35, 219.08, 0.73, 1232, 0, 219.08, 219.09, 0.01, 1,     0.816,
 1429, 1, 218.361, 218.361, 218.389, 0.029, 57, 218.389, 219.165, 0.776, 1197, 0, 219.165, 219.355, 0.19, 382,     0.995,
 1430, 1, 218.877, 218.877, 218.887, 0.01, 20, 218.887, 219.603, 0.716, 1645, 0, 219.603, 219.647, 0.044, 88,     0.770,
 1431, 1, 218.91, 218.91, 219.021, 0.11, 240, 219.021, 219.746, 0.725, 1035, 0, 219.746, 219.756, 0.01, 18,     0.845,
 1432, 1, 219.278, 219.278, 219.332, 0.054, 108, 219.332, 220.053, 0.721, 1133, 0, 220.053, 220.063, 0.01, 10,     0.785,
 1433, 1, 219.422, 219.422, 219.793, 0.371, 743, 219.793, 220.538, 0.745, 1690, 0, 220.538, 220.572, 0.034, 68,     1.150,
 1435, 1, 219.516, 219.516, 219.812, 0.296, 30, 219.812, 220.538, 0.725, 1155, 0, 220.538, 220.592, 0.054, 84,     1.076,
 1436, 1, 219.546, 219.546, 219.888, 0.342, 152, 219.888, 220.792, 0.904, 1817, 0, 220.792, 220.802, 0.01, 2,     1.256,
 1437, 1, 219.569, 219.569, 219.902, 0.333, 15, 219.902, 220.767, 0.865, 2194, 0, 220.767, 220.812, 0.046, 73,     1.243,
 1440, 1, 220.07, 220.07, 220.079, 0.01, 27, 220.079, 220.812, 0.733, 1281, 0, 220.812, 220.832, 0.02, 40,     0.763,
 1438, 1, 219.601, 219.601, 219.976, 0.376, 128, 219.976, 220.895, 0.918, 1190, 0, 220.895, 220.908, 0.013, 26,     1.307,
 1439, 1, 219.812, 219.812, 220.049, 0.237, 214, 220.049, 220.983, 0.934, 771, 0, 220.983, 220.993, 0.01, 16,     1.181,
 1442, 1, 220.277, 220.277, 220.327, 0.05, 102, 220.327, 221.053, 0.726, 1688, 0, 221.053, 221.063, 0.01, 2,     0.786,
 1443, 1, 220.354, 220.354, 220.364, 0.01, 13, 220.364, 221.113, 0.749, 1496, 0, 221.113, 221.123, 0.01, 20,     0.769,
 1434, 1, 219.439, 219.439, 219.927, 0.489, 978, 219.927, 221.113, 1.186, 1129, 0, 221.113, 221.151, 0.038, 76,     1.713,
 1445, 1, 220.633, 220.633, 220.758, 0.125, 251, 220.758, 221.475, 0.716, 1126, 0, 221.475, 221.485, 0.01, 10,     0.852,
 1441, 1, 220.257, 220.257, 220.643, 0.386, 756, 220.643, 221.559, 0.916, 1148, 0, 221.559, 221.569, 0.01, 10,     1.312,
 1444, 1, 220.438, 220.438, 220.476, 0.038, 76, 220.476, 221.649, 1.173, 1497, 0, 221.649, 221.663, 0.014, 29,     1.225,
 1447, 1, 221.174, 221.174, 221.254, 0.08, 139, 221.254, 221.967, 0.714, 1384, 0, 221.967, 221.99, 0.023, 45,     0.816,
 1446, 1, 221.046, 221.046, 221.267, 0.22, 441, 221.267, 221.999, 0.732, 1524, 0, 221.999, 222.066, 0.066, 152,     1.019,
 1423, 1, 217.406, 217.406, 218.306, 0.9, 1800, 218.306, 219.028, 0.722, 1557, 0, 219.028, 222.139, 3.111, 6235,     4.733,
 1448, 1, 221.498, 221.498, 221.553, 0.055, 100, 221.553, 222.281, 0.728, 1952, 0, 222.281, 222.291, 0.01, 18,     0.792,
 1449, 1, 221.543, 221.543, 221.584, 0.041, 83, 221.584, 222.311, 0.726, 1301, 0, 222.311, 222.327, 0.017, 33,     0.784,
 1450, 1, 221.618, 221.618, 221.618, 0, 8, 221.618, 222.337, 0.719, 1002, 0, 222.337, 222.437, 0.101, 221,     0.819,
 1452, 1, 221.816, 221.816, 221.864, 0.049, 99, 221.864, 222.586, 0.722, 1863, 0, 222.586, 222.648, 0.062, 124,     0.832,
 1451, 1, 221.745, 221.745, 221.864, 0.119, 217, 221.864, 222.586, 0.722, 1578, 0, 222.586, 222.772, 0.186, 372,     1.027,
 1454, 1, 222.086, 222.086, 222.121, 0.036, 72, 222.121, 222.848, 0.726, 1260, 0, 222.848, 222.867, 0.019, 39,     0.781,
 1455, 1, 222.272, 222.272, 222.304, 0.032, 64, 222.304, 223.026, 0.722, 1296, 0, 223.026, 223.043, 0.017, 34,     0.771,
 1453, 1, 221.894, 221.894, 222.516, 0.622, 1232, 222.516, 223.227, 0.711, 1644, 0, 223.227, 223.237, 0.01, 12,     1.343,
 1456, 1, 222.506, 222.506, 222.516, 0.01, 10, 222.516, 223.227, 0.711, 1708, 0, 223.227, 223.448, 0.221, 443,     0.943,
 1457, 1, 222.711, 222.711, 222.747, 0.035, 71, 222.747, 223.456, 0.71, 1135, 0, 223.456, 223.456, 0, 3,     0.745,
 1458, 1, 222.912, 222.912, 222.946, 0.034, 59, 222.946, 223.658, 0.712, 977, 0, 223.658, 223.674, 0.016, 31,     0.762,
 1459, 1, 222.936, 222.936, 222.966, 0.03, 46, 222.966, 223.678, 0.712, 1729, 0, 223.678, 223.705, 0.027, 62,     0.769,
 1460, 1, 223.067, 223.067, 223.067, 0, 1, 223.067, 223.795, 0.728, 1501, 0, 223.795, 223.825, 0.03, 59,     0.757,
 1461, 1, 223.129, 223.129, 223.138, 0.01, 6, 223.138, 224.065, 0.926, 1364, 0, 224.065, 224.065, 0, 16,     0.936,
 1462, 1, 223.906, 223.906, 223.935, 0.029, 73, 223.935, 224.648, 0.714, 1631, 0, 224.648, 224.669, 0.021, 42,     0.763,
 1464, 1, 224.028, 224.028, 224.04, 0.012, 23, 224.04, 224.768, 0.728, 1377, 0, 224.768, 224.783, 0.015, 30,     0.755,
 1463, 1, 223.949, 223.949, 223.959, 0.01, 8, 223.959, 224.679, 0.719, 1606, 0, 224.679, 224.839, 0.161, 327,     0.890,
 1465, 1, 224.108, 224.108, 224.211, 0.103, 218, 224.211, 224.929, 0.717, 1874, 0, 224.929, 225.012, 0.083, 166,     0.903,
 1466, 1, 224.227, 224.227, 224.38, 0.154, 311, 224.38, 225.129, 0.748, 1192, 0, 225.129, 225.177, 0.048, 97,     0.950,
 1467, 1, 224.266, 224.266, 224.266, 0, 1, 224.266, 225.178, 0.912, 1412, 0, 225.178, 225.226, 0.048, 79,     0.960,
 1469, 1, 224.481, 224.481, 224.481, 0, 8, 224.481, 225.216, 0.735, 1139, 0, 225.216, 225.246, 0.03, 53,     0.765,
 1468, 1, 224.321, 224.321, 224.356, 0.035, 70, 224.356, 225.072, 0.715, 1654, 0, 225.072, 225.354, 0.282, 537,     1.033,
 1470, 1, 224.703, 224.703, 224.715, 0.012, 24, 224.715, 225.427, 0.712, 1658, 0, 225.427, 225.441, 0.014, 29,     0.739,
 1472, 1, 225.028, 225.028, 225.043, 0.016, 31, 225.043, 225.764, 0.721, 1473, 0, 225.764, 225.837, 0.073, 147,     0.810,
 1473, 1, 225.066, 225.066, 225.16, 0.094, 206, 225.16, 225.876, 0.716, 1460, 0, 225.876, 226.092, 0.216, 432,     1.026,
 1471, 1, 224.727, 224.727, 224.745, 0.018, 35, 224.745, 225.478, 0.733, 1184, 0, 225.478, 226.112, 0.634, 1235,     1.384,
 1474, 1, 225.324, 225.324, 225.341, 0.017, 33, 225.341, 226.056, 0.716, 2061, 0, 226.056, 226.112, 0.055, 73,     0.788,
 1475, 1, 225.67, 225.67, 225.68, 0.01, 7, 225.68, 226.431, 0.751, 1356, 0, 226.431, 226.468, 0.037, 77,     0.798,
 1476, 1, 225.735, 225.735, 225.842, 0.108, 216, 225.842, 226.574, 0.732, 1656, 0, 226.574, 226.635, 0.06, 121,     0.900,
 1478, 1, 226.034, 226.034, 226.044, 0.01, 13, 226.044, 226.774, 0.729, 1005, 0, 226.774, 226.795, 0.021, 42,     0.760,
 1479, 1, 226.183, 226.183, 226.361, 0.179, 335, 226.361, 227.078, 0.717, 1657, 0, 227.078, 227.143, 0.065, 126,     0.961,
 1482, 1, 226.394, 226.394, 226.407, 0.013, 26, 226.407, 227.315, 0.908, 1767, 0, 227.315, 227.326, 0.011, 22,     0.932,
 1480, 1, 226.2, 226.2, 226.2, 0, 13, 226.2, 227.386, 1.186, 1625, 0, 227.386, 227.416, 0.03, 43,     1.216,
 1483, 1, 226.861, 226.861, 226.871, 0.01, 18, 226.871, 227.596, 0.725, 1637, 0, 227.596, 227.611, 0.015, 30,     0.750,
 1481, 1, 226.279, 226.279, 226.618, 0.339, 678, 226.618, 227.347, 0.728, 1299, 0, 227.347, 227.728, 0.381, 763,     1.448,
 1485, 1, 226.952, 226.952, 226.988, 0.036, 73, 226.988, 227.714, 0.726, 789, 0, 227.714, 227.774, 0.06, 120,     0.822,
 1484, 1, 226.933, 226.933, 227.094, 0.161, 302, 227.094, 227.807, 0.713, 1879, 0, 227.807, 227.872, 0.065, 131,     0.940,
 1487, 1, 227.214, 227.214, 227.214, 0, 1, 227.214, 227.93, 0.716, 747, 0, 227.93, 228.003, 0.073, 146,     0.789,
 1488, 1, 227.379, 227.379, 227.461, 0.082, 159, 227.461, 228.18, 0.719, 1204, 0, 228.18, 228.198, 0.018, 36,     0.819,
 1489, 1, 227.423, 227.423, 227.52, 0.096, 195, 227.52, 228.24, 0.72, 1652, 0, 228.24, 228.255, 0.016, 31,     0.832,
 1486, 1, 227.125, 227.125, 227.375, 0.25, 476, 227.375, 228.108, 0.733, 1259, 0, 228.108, 228.491, 0.383, 770,     1.366,
 1491, 1, 227.779, 227.779, 227.789, 0.01, 17, 227.789, 228.526, 0.737, 714, 0, 228.526, 228.583, 0.057, 118,     0.804,
 1493, 1, 228.127, 228.127, 228.137, 0.01, 20, 228.137, 228.853, 0.716, 1650, 0, 228.853, 228.873, 0.02, 31,     0.746,
 1490, 1, 227.526, 227.526, 227.526, 0, 10, 227.526, 228.873, 1.347, 1660, 0, 228.873, 228.873, 0, 4,     1.347,
 1494, 1, 228.167, 228.167, 228.233, 0.066, 121, 228.233, 229.007, 0.774, 1801, 0, 229.007, 229.048, 0.041, 54,     0.881,
 1492, 1, 227.999, 227.999, 228.285, 0.286, 568, 228.285, 229.111, 0.826, 1725, 0, 229.111, 229.186, 0.074, 119,     1.187,
 1496, 1, 228.711, 228.711, 228.721, 0.01, 12, 228.721, 229.434, 0.713, 1703, 0, 229.434, 229.449, 0.015, 30,     0.738,
 1495, 1, 228.561, 228.561, 228.632, 0.071, 133, 228.632, 229.354, 0.722, 1110, 0, 229.354, 229.489, 0.135, 270,     0.928,
 1499, 1, 228.901, 228.901, 228.973, 0.073, 44, 228.973, 229.696, 0.723, 1422, 0, 229.696, 229.717, 0.021, 42,     0.816,
 1497, 1, 228.87, 228.87, 228.944, 0.073, 135, 228.944, 229.669, 0.726, 1297, 0, 229.669, 229.774, 0.105, 210,     0.904,
 1501, 1, 229.025, 229.025, 229.099, 0.075, 62, 229.099, 229.816, 0.717, 1930, 0, 229.816, 229.826, 0.01, 17,     0.801,
 1500, 1, 229.016, 229.016, 229.068, 0.052, 105, 229.068, 229.888, 0.82, 1196, 0, 229.888, 229.922, 0.033, 44,     0.906,
 1498, 1, 228.896, 228.896, 229.267, 0.371, 754, 229.267, 229.986, 0.719, 2037, 0, 229.986, 230.157, 0.171, 341,     1.261,
 1502, 1, 229.338, 229.338, 229.499, 0.161, 284, 229.499, 230.215, 0.716, 1306, 0, 230.215, 230.319, 0.103, 207,     0.981,
 1503, 1, 229.79, 229.79, 229.816, 0.026, 53, 229.816, 230.533, 0.716, 1552, 0, 230.533, 230.656, 0.123, 247,     0.866,
 1505, 1, 229.952, 229.952, 229.999, 0.047, 94, 229.999, 230.715, 0.717, 1614, 0, 230.715, 230.725, 0.01, 2,     0.773,
 1504, 1, 229.88, 229.88, 229.892, 0.012, 28, 229.892, 230.609, 0.717, 1664, 0, 230.609, 230.753, 0.145, 290,     0.873,
 1507, 1, 230.345, 230.345, 230.355, 0.01, 1, 230.355, 231.068, 0.713, 1585, 0, 231.068, 231.078, 0.01, 1,     0.733,
 1506, 1, 230.295, 230.295, 230.381, 0.086, 154, 230.381, 231.093, 0.712, 1587, 0, 231.093, 231.374, 0.281, 563,     1.079,
 1509, 1, 230.792, 230.792, 230.802, 0.01, 3, 230.802, 231.517, 0.714, 1649, 0, 231.517, 231.53, 0.013, 29,     0.737,
 1508, 1, 230.381, 230.381, 230.391, 0.01, 3, 230.391, 231.567, 1.176, 2189, 0, 231.567, 231.577, 0.01, 6,     1.196,
 1512, 1, 231.102, 231.102, 231.112, 0.01, 18, 231.112, 231.837, 0.725, 1558, 0, 231.837, 231.847, 0.01, 12,     0.745,
 1510, 1, 230.829, 230.829, 230.839, 0.01, 23, 230.839, 231.567, 0.728, 1935, 0, 231.567, 231.906, 0.339, 649,     1.077,
 1511, 1, 231.039, 231.039, 231.083, 0.044, 88, 231.083, 231.797, 0.714, 1492, 0, 231.797, 231.926, 0.129, 229,     0.887,
 1514, 1, 231.668, 231.668, 231.691, 0.023, 46, 231.691, 232.407, 0.716, 1157, 0, 232.407, 232.417, 0.01, 12,     0.749,
 1513, 1, 231.64, 231.64, 231.644, 0.004, 22, 231.644, 232.358, 0.714, 2044, 0, 232.358, 232.43, 0.072, 148,     0.791,
 1516, 1, 231.813, 231.813, 231.868, 0.055, 101, 231.868, 232.756, 0.888, 2056, 0, 232.756, 232.766, 0.01, 15,     0.953,
 1515, 1, 231.723, 231.723, 232.216, 0.493, 992, 232.216, 232.932, 0.716, 1613, 0, 232.932, 233.002, 0.07, 141,     1.279,
 1517, 1, 232.195, 232.195, 232.27, 0.075, 111, 232.27, 232.986, 0.716, 1682, 0, 232.986, 233.035, 0.049, 99,     0.840,
 1518, 1, 232.551, 232.551, 232.691, 0.14, 258, 232.691, 233.407, 0.716, 1382, 0, 233.407, 233.443, 0.036, 72,     0.892,
 1520, 1, 232.624, 232.624, 232.705, 0.081, 17, 232.705, 233.452, 0.747, 1735, 0, 233.452, 233.535, 0.084, 185,     0.911,
 1522, 1, 232.66, 232.66, 232.733, 0.072, 7, 232.733, 233.627, 0.894, 1448, 0, 233.627, 233.637, 0.01, 14,     0.976,
 1521, 1, 232.647, 232.647, 232.719, 0.071, 3, 232.719, 233.657, 0.938, 1583, 0, 233.657, 233.964, 0.307, 614,     1.316,
 1524, 1, 233.52, 233.52, 233.536, 0.016, 31, 233.536, 234.25, 0.714, 1220, 0, 234.25, 234.301, 0.052, 122,     0.781,
 1525, 1, 233.601, 233.601, 233.611, 0.01, 8, 233.611, 234.323, 0.713, 1548, 0, 234.323, 234.411, 0.087, 139,     0.810,
 1527, 1, 233.712, 233.712, 233.833, 0.12, 238, 233.833, 234.542, 0.71, 1709, 0, 234.542, 234.554, 0.012, 24,     0.842,
 1526, 1, 233.658, 233.658, 233.674, 0.016, 31, 233.674, 234.503, 0.83, 1389, 0, 234.503, 234.572, 0.069, 104,     0.914,
 1519, 1, 232.589, 232.589, 233.725, 1.136, 2273, 233.725, 234.572, 0.848, 1801, 0, 234.572, 234.589, 0.017, 33,     2.000,
 1523, 1, 233.125, 233.125, 233.191, 0.065, 131, 233.191, 234.604, 1.414, 1349, 0, 234.604, 234.614, 0.01, 14,     1.489,
 1530, 1, 234.048, 234.048, 234.124, 0.075, 163, 234.124, 234.854, 0.73, 1532, 0, 234.854, 234.864, 0.01, 12,     0.815,
 1528, 1, 233.841, 233.841, 233.98, 0.139, 295, 233.98, 234.854, 0.874, 1422, 0, 234.854, 234.981, 0.127, 255,     1.140,
 1531, 1, 234.072, 234.072, 234.224, 0.152, 201, 234.224, 234.938, 0.714, 1216, 0, 234.938, 235.02, 0.082, 130,     0.948,
 1532, 1, 234.099, 234.099, 234.248, 0.15, 49, 234.248, 235.066, 0.817, 1129, 0, 235.066, 235.128, 0.062, 124,     1.029,
 1534, 1, 234.46, 234.46, 234.489, 0.029, 61, 234.489, 235.221, 0.733, 1598, 0, 235.221, 235.231, 0.01, 1,     0.772,
 1535, 1, 234.506, 234.506, 234.519, 0.013, 33, 234.519, 235.241, 0.722, 2432, 0, 235.241, 235.251, 0.01, 6,     0.746,
 1536, 1, 234.748, 234.748, 234.763, 0.015, 36, 234.763, 235.481, 0.718, 1807, 0, 235.481, 235.546, 0.065, 121,     0.798,
 1533, 1, 234.109, 234.109, 234.282, 0.173, 63, 234.282, 235.648, 1.365, 1422, 0, 235.648, 235.756, 0.108, 216,     1.646,
 1477, 1, 225.97, 225.97, 225.985, 0.016, 31, 225.985, 226.713, 0.728, 998, 0, 226.713, 235.962, 9.249, 18499,     9.993,
 1537, 1, 235.222, 235.222, 235.26, 0.038, 58, 235.26, 235.974, 0.714, 1919, 0, 235.974, 236.005, 0.031, 47,     0.784,
 1529, 1, 233.875, 233.875, 235.328, 1.453, 2911, 235.328, 236.044, 0.716, 1305, 0, 236.044, 236.528, 0.484, 969,     2.654,
 1538, 1, 235.483, 235.483, 235.936, 0.453, 924, 235.936, 236.659, 0.723, 1638, 0, 236.659, 236.715, 0.056, 105,     1.232,
 1540, 1, 235.644, 235.644, 235.987, 0.343, 91, 235.987, 236.695, 0.708, 1411, 0, 236.695, 236.715, 0.02, 26,     1.071,
 1542, 1, 235.953, 235.953, 236.107, 0.154, 30, 236.107, 236.878, 0.771, 1271, 0, 236.878, 236.888, 0.01, 17,     0.935,
 1543, 1, 235.977, 235.977, 236.127, 0.15, 32, 236.127, 236.918, 0.791, 1684, 0, 236.918, 236.94, 0.021, 43,     0.963,
 1541, 1, 235.856, 235.856, 236.073, 0.217, 135, 236.073, 236.789, 0.716, 1746, 0, 236.789, 236.996, 0.208, 396,     1.140,
 1545, 1, 236.148, 236.148, 236.219, 0.07, 103, 236.219, 237.043, 0.824, 1404, 0, 237.043, 237.053, 0.01, 10,     0.905,
 1544, 1, 236.118, 236.118, 236.167, 0.05, 73, 236.167, 236.986, 0.819, 2073, 0, 236.986, 237.139, 0.153, 307,     1.022,
 1547, 1, 236.309, 236.309, 236.458, 0.149, 292, 236.458, 237.178, 0.72, 1396, 0, 237.178, 237.319, 0.141, 283,     1.010,
 1546, 1, 236.205, 236.205, 236.233, 0.027, 4, 236.233, 237.411, 1.178, 1966, 0, 237.411, 237.522, 0.112, 223,     1.317,
 1551, 1, 236.968, 236.968, 238.148, 1.181, 94, 238.148, 238.874, 0.725, 1829, 0, 238.874, 238.894, 0.02, 40,     1.926,
 1548, 1, 236.489, 236.489, 238.062, 1.572, 3139, 238.062, 238.915, 0.853, 1398, 0, 238.915, 238.925, 0.01, 12,     2.435,
 1549, 1, 236.573, 236.573, 238.072, 1.498, 8, 238.072, 238.874, 0.802, 1864, 0, 238.874, 238.935, 0.061, 107,     2.362,
 1554, 1, 237.641, 237.641, 238.207, 0.566, 20, 238.207, 239.123, 0.916, 2028, 0, 239.123, 239.133, 0.01, 17,     1.492,
 1553, 1, 237.579, 237.579, 238.197, 0.618, 27, 238.197, 239.177, 0.98, 1299, 0, 239.177, 239.28, 0.102, 205,     1.701,
 1550, 1, 236.942, 236.942, 238.102, 1.159, 57, 238.102, 238.937, 0.836, 1386, 0, 238.937, 239.43, 0.493, 971,     2.488,
 1555, 1, 237.74, 237.74, 238.767, 1.027, 1120, 238.767, 239.482, 0.715, 1534, 0, 239.482, 239.492, 0.01, 15,     1.752,
 1552, 1, 237.156, 237.156, 238.174, 1.019, 52, 238.174, 239.484, 1.31, 1714, 0, 239.484, 239.517, 0.033, 70,     2.362,
 1556, 1, 237.949, 237.949, 238.801, 0.852, 29, 238.801, 239.622, 0.821, 2383, 0, 239.622, 239.633, 0.011, 22,     1.684,
 1557, 1, 237.981, 237.981, 238.869, 0.887, 136, 238.869, 239.683, 0.814, 1814, 0, 239.683, 239.72, 0.037, 75,     1.739,
 1558, 1, 238.052, 238.052, 238.902, 0.851, 31, 238.902, 239.74, 0.838, 1058, 0, 239.74, 239.8, 0.06, 132,     1.749,
 1559, 1, 238.073, 238.073, 239.093, 1.021, 347, 239.093, 239.871, 0.778, 1464, 0, 239.871, 239.881, 0.01, 17,     1.808,
 1560, 1, 238.138, 238.138, 239.333, 1.195, 480, 239.333, 240.182, 0.849, 1678, 0, 240.182, 240.214, 0.031, 63,     2.076,
 1564, 1, 238.924, 238.924, 239.485, 0.561, 209, 239.485, 240.224, 0.739, 1693, 0, 240.224, 240.271, 0.047, 94,     1.347,
 1562, 1, 238.675, 238.675, 239.367, 0.692, 13, 239.367, 240.288, 0.921, 1299, 0, 240.288, 240.354, 0.066, 132,     1.679,
 1565, 1, 238.996, 238.996, 239.499, 0.503, 11, 239.499, 240.224, 0.725, 1289, 0, 240.224, 240.391, 0.167, 335,     1.395,
 1566, 1, 239.062, 239.062, 239.513, 0.451, 1, 239.513, 240.432, 0.918, 1806, 0, 240.432, 240.442, 0.01, 7,     1.380,
 1561, 1, 238.602, 238.602, 239.347, 0.745, 9, 239.347, 240.51, 1.163, 1660, 0, 240.51, 240.555, 0.045, 90,     1.953,
 1568, 1, 239.224, 239.224, 239.609, 0.385, 1, 239.609, 240.537, 0.928, 1441, 0, 240.537, 240.64, 0.102, 219,     1.415,
 1571, 1, 239.619, 239.619, 239.836, 0.217, 88, 239.836, 240.56, 0.724, 1578, 0, 240.56, 240.663, 0.103, 216,     1.044,
 1569, 1, 239.277, 239.277, 239.758, 0.482, 278, 239.758, 240.679, 0.92, 1394, 0, 240.679, 240.689, 0.01, 5,     1.412,
 1570, 1, 239.577, 239.577, 239.792, 0.215, 34, 239.792, 240.53, 0.738, 1328, 0, 240.53, 240.699, 0.168, 322,     1.122,
 1563, 1, 238.801, 238.801, 239.381, 0.58, 6, 239.381, 240.316, 0.935, 1185, 0, 240.316, 240.905, 0.589, 1179,     2.104,
 1567, 1, 239.158, 239.158, 239.589, 0.432, 153, 239.589, 240.76, 1.17, 1855, 0, 240.76, 241.243, 0.483, 966,     2.085,
 1574, 1, 240.706, 240.706, 240.726, 0.02, 40, 240.726, 241.452, 0.726, 1179, 0, 241.452, 241.529, 0.076, 153,     0.822,
 1575, 1, 240.795, 240.795, 240.819, 0.024, 48, 240.819, 241.538, 0.719, 1992, 0, 241.538, 241.568, 0.03, 78,     0.773,
 1573, 1, 240.082, 240.082, 240.309, 0.227, 181, 240.309, 241.02, 0.711, 2019, 0, 241.02, 241.612, 0.592, 1184,     1.529,
 1572, 1, 239.919, 239.919, 240.217, 0.298, 597, 240.217, 240.931, 0.714, 1367, 0, 240.931, 241.711, 0.78, 1560,     1.792,
 1577, 1, 241.025, 241.025, 241.064, 0.039, 63, 241.064, 241.787, 0.723, 1823, 0, 241.787, 241.804, 0.017, 34,     0.779,
 1578, 1, 241.086, 241.086, 241.107, 0.022, 54, 241.107, 241.823, 0.716, 1818, 0, 241.823, 241.833, 0.01, 9,     0.747,
 1580, 1, 241.15, 241.15, 241.236, 0.086, 31, 241.236, 241.959, 0.723, 1232, 0, 241.959, 242.012, 0.053, 107,     0.862,
 1576, 1, 240.965, 240.965, 240.975, 0.01, 12, 240.975, 241.902, 0.927, 1011, 0, 241.902, 242.025, 0.123, 256,     1.060,
 1581, 1, 241.195, 241.195, 241.382, 0.187, 291, 241.382, 242.114, 0.733, 1187, 0, 242.114, 242.161, 0.047, 92,     0.966,
 1579, 1, 241.107, 241.107, 241.211, 0.104, 208, 241.211, 242.151, 0.94, 1411, 0, 242.151, 242.171, 0.02, 21,     1.064,
 1582, 1, 241.226, 241.226, 241.628, 0.402, 493, 241.628, 242.344, 0.716, 1552, 0, 242.344, 242.361, 0.017, 38,     1.135,
 1583, 1, 241.787, 241.787, 242.064, 0.277, 555, 242.064, 242.78, 0.716, 1483, 0, 242.78, 242.796, 0.016, 31,     1.009,
 1539, 1, 235.501, 235.501, 241.972, 6.47, 12939, 241.972, 242.681, 0.709, 1589, 0, 242.681, 242.964, 0.283, 566,     7.462,
 1587, 1, 242.38, 242.38, 242.393, 0.013, 37, 242.393, 243.109, 0.716, 1445, 0, 243.109, 243.119, 0.01, 4,     0.739,
 1584, 1, 241.962, 241.962, 242.078, 0.116, 193, 242.078, 242.806, 0.728, 1741, 0, 242.806, 243.289, 0.483, 967,     1.327,
 1589, 1, 242.551, 242.551, 242.581, 0.03, 31, 242.581, 243.358, 0.778, 1676, 0, 243.358, 243.368, 0.01, 10,     0.817,
 1588, 1, 242.542, 242.542, 242.551, 0.009, 21, 242.551, 243.358, 0.807, 1568, 0, 243.358, 243.427, 0.069, 138,     0.885,
 1590, 1, 242.687, 242.687, 242.752, 0.065, 131, 242.752, 243.473, 0.72, 1603, 0, 243.473, 243.526, 0.054, 107,     0.839,
 1591, 1, 242.758, 242.758, 242.818, 0.06, 113, 242.818, 243.55, 0.732, 914, 0, 243.55, 243.574, 0.024, 48,     0.816,
 1586, 1, 242.298, 242.298, 243.063, 0.765, 1512, 243.063, 243.788, 0.724, 1128, 0, 243.788, 243.798, 0.01, 5,     1.500,
 1592, 1, 242.965, 242.965, 242.975, 0.01, 19, 242.975, 243.909, 0.934, 875, 0, 243.909, 243.933, 0.024, 47,     0.967,
 1593, 1, 243.173, 243.173, 243.173, 0, 5, 243.173, 243.889, 0.716, 1753, 0, 243.889, 243.947, 0.057, 115,     0.774,
 1594, 1, 243.222, 243.222, 243.232, 0.01, 15, 243.232, 243.982, 0.751, 986, 0, 243.982, 244.005, 0.023, 46,     0.784,
 1596, 1, 243.477, 243.477, 243.491, 0.014, 28, 243.491, 244.205, 0.715, 1132, 0, 244.205, 244.215, 0.01, 3,     0.739,
 1595, 1, 243.422, 243.422, 243.516, 0.095, 189, 243.516, 244.232, 0.716, 973, 0, 244.232, 244.456, 0.224, 448,     1.035,
 1598, 1, 244.048, 244.048, 244.062, 0.014, 35, 244.062, 244.778, 0.716, 1773, 0, 244.778, 244.788, 0.01, 8,     0.740,
 1599, 1, 244.38, 244.38, 244.39, 0.01, 20, 244.39, 245.108, 0.718, 1870, 0, 245.108, 245.219, 0.111, 223,     0.839,
 1597, 1, 243.721, 243.721, 244.63, 0.909, 1804, 244.63, 245.35, 0.721, 1565, 0, 245.35, 245.367, 0.017, 33,     1.646,
 1601, 1, 244.499, 244.499, 244.557, 0.058, 88, 244.557, 245.288, 0.731, 1639, 0, 245.288, 245.387, 0.099, 169,     0.888,
 1600, 1, 244.449, 244.449, 244.483, 0.035, 69, 244.483, 245.204, 0.72, 1052, 0, 245.204, 245.532, 0.328, 657,     1.083,
 1604, 1, 244.993, 244.993, 245.003, 0.01, 2, 245.003, 245.715, 0.712, 1730, 0, 245.715, 245.725, 0.01, 1,     0.732,
 1603, 1, 244.909, 244.909, 244.983, 0.074, 115, 244.983, 245.693, 0.71, 1572, 0, 245.693, 245.749, 0.056, 121,     0.841,
 1605, 1, 245.075, 245.075, 245.097, 0.022, 61, 245.097, 245.894, 0.797, 1685, 0, 245.894, 245.904, 0.01, 15,     0.829,
 1606, 1, 245.258, 245.258, 245.329, 0.071, 142, 245.329, 246.052, 0.723, 1521, 0, 246.052, 246.083, 0.03, 61,     0.824,
 1608, 1, 245.436, 245.436, 245.524, 0.089, 139, 245.524, 246.24, 0.716, 1986, 0, 246.24, 246.314, 0.074, 136,     0.879,
 1610, 1, 245.559, 245.559, 245.578, 0.019, 28, 245.578, 246.324, 0.746, 1817, 0, 246.324, 246.334, 0.01, 9,     0.775,
 1609, 1, 245.538, 245.538, 245.548, 0.01, 13, 245.548, 246.304, 0.756, 1488, 0, 246.304, 246.344, 0.04, 62,     0.806,
 1607, 1, 245.345, 245.345, 245.355, 0.01, 18, 245.355, 246.072, 0.717, 1991, 0, 246.072, 246.56, 0.488, 977,     1.216,
 1611, 1, 246.156, 246.156, 246.166, 0.01, 4, 246.166, 246.889, 0.723, 1633, 0, 246.889, 246.894, 0.005, 4,     0.738,
 1613, 1, 246.251, 246.251, 246.251, 0, 4, 246.251, 247.139, 0.888, 1550, 0, 247.139, 247.149, 0.01, 16,     0.898,
 1602, 1, 244.867, 244.867, 246.251, 1.384, 2766, 246.251, 247.087, 0.836, 1698, 0, 247.087, 247.169, 0.082, 155,     2.302,
 1614, 1, 246.276, 246.276, 246.368, 0.091, 200, 246.368, 247.201, 0.833, 1729, 0, 247.201, 247.211, 0.01, 20,     0.935,
 1612, 1, 246.218, 246.218, 246.228, 0.01, 13, 246.228, 246.951, 0.723, 1335, 0, 246.951, 247.314, 0.363, 739,     1.097,
 1615, 1, 246.398, 246.398, 246.414, 0.016, 50, 246.414, 247.341, 0.927, 1614, 0, 247.341, 247.351, 0.01, 1,     0.953,
 1617, 1, 246.762, 246.762, 246.772, 0.01, 1, 246.772, 247.484, 0.712, 1409, 0, 247.484, 247.614, 0.131, 262,     0.853,
 1618, 1, 247.007, 247.007, 247.1, 0.093, 151, 247.1, 247.814, 0.714, 1206, 0, 247.814, 247.96, 0.145, 291,     0.952,
 1620, 1, 247.06, 247.06, 247.16, 0.099, 119, 247.16, 247.892, 0.732, 1936, 0, 247.892, 248.018, 0.126, 253,     0.958,
 1619, 1, 247.035, 247.035, 247.281, 0.246, 494, 247.281, 248.213, 0.933, 1303, 0, 248.213, 248.213, 0, 6,     1.178,
 1623, 1, 247.441, 247.441, 247.472, 0.031, 69, 247.472, 248.204, 0.732, 1331, 0, 248.204, 248.265, 0.061, 122,     0.824,
 1622, 1, 247.343, 247.343, 247.448, 0.105, 204, 247.448, 248.173, 0.725, 1933, 0, 248.173, 248.337, 0.164, 328,     0.994,
 1616, 1, 246.601, 246.601, 246.611, 0.01, 11, 246.611, 247.341, 0.731, 1539, 0, 247.341, 248.389, 1.048, 2097,     1.789,
 1621, 1, 247.248, 247.248, 247.268, 0.02, 51, 247.268, 248.44, 1.172, 1720, 0, 248.44, 248.463, 0.024, 47,     1.216,
 1625, 1, 247.689, 247.689, 247.754, 0.066, 143, 247.754, 248.484, 0.729, 2231, 0, 248.484, 248.494, 0.01, 13,     0.805,
 1626, 1, 247.776, 247.776, 247.853, 0.077, 169, 247.853, 248.585, 0.732, 1115, 0, 248.585, 248.62, 0.035, 70,     0.844,
 1627, 1, 248.067, 248.067, 248.17, 0.102, 215, 248.17, 248.874, 0.705, 2010, 0, 248.874, 248.92, 0.046, 91,     0.853,
 1630, 1, 248.241, 248.241, 248.422, 0.18, 380, 248.422, 249.156, 0.734, 1787, 0, 249.156, 249.185, 0.029, 58,     0.943,
 1628, 1, 248.105, 248.105, 248.268, 0.164, 328, 248.268, 249.187, 0.918, 1672, 0, 249.187, 249.214, 0.027, 58,     1.109,
 1585, 1, 242.098, 242.098, 242.121, 0.023, 58, 242.121, 242.884, 0.763, 1525, 0, 242.884, 249.236, 6.352, 12705,     7.137,
 1629, 1, 248.211, 248.211, 248.232, 0.02, 41, 248.232, 249.079, 0.847, 1644, 0, 249.079, 249.276, 0.198, 403,     1.065,
 1631, 1, 248.588, 248.588, 248.608, 0.02, 54, 248.608, 249.338, 0.73, 2091, 0, 249.338, 249.36, 0.022, 43,     0.772,
 1632, 1, 248.756, 248.756, 248.766, 0.01, 9, 248.766, 249.482, 0.716, 1654, 0, 249.482, 249.502, 0.019, 39,     0.746,
 1633, 1, 248.838, 248.838, 249.083, 0.245, 491, 249.083, 249.797, 0.714, 1593, 0, 249.797, 249.832, 0.035, 70,     0.995,
 1634, 1, 249.484, 249.484, 249.514, 0.03, 59, 249.514, 250.231, 0.717, 1191, 0, 250.231, 250.241, 0.01, 2,     0.756,
 1635, 1, 249.529, 249.529, 249.683, 0.155, 311, 249.683, 250.414, 0.731, 1321, 0, 250.414, 250.429, 0.015, 30,     0.901,
 1638, 1, 249.892, 249.892, 249.936, 0.044, 52, 249.936, 250.664, 0.727, 873, 0, 250.664, 250.674, 0.01, 19,     0.781,
 1636, 1, 249.806, 249.806, 249.905, 0.1, 204, 249.905, 250.624, 0.718, 1455, 0, 250.624, 250.696, 0.073, 146,     0.891,
 1637, 1, 249.858, 249.858, 250.022, 0.164, 329, 250.022, 250.744, 0.723, 1695, 0, 250.744, 250.806, 0.061, 123,     0.948,
 1640, 1, 249.977, 249.977, 250.147, 0.171, 252, 250.147, 250.863, 0.716, 1764, 0, 250.863, 250.937, 0.074, 148,     0.960,
 1624, 1, 247.474, 247.474, 247.588, 0.114, 232, 247.588, 248.303, 0.715, 1167, 0, 248.303, 251.187, 2.884, 5768,     3.713,
 1641, 1, 250.008, 250.008, 250.403, 0.395, 497, 250.403, 251.113, 0.71, 1712, 0, 251.113, 251.312, 0.2, 400,     1.305,
 1639, 1, 249.926, 249.926, 250.789, 0.863, 1706, 250.789, 251.505, 0.716, 1108, 0, 251.505, 251.518, 0.013, 26,     1.591,
 1643, 1, 250.331, 250.331, 250.803, 0.472, 13, 250.803, 251.588, 0.785, 1222, 0, 251.588, 251.676, 0.088, 176,     1.345,
 1644, 1, 250.436, 250.436, 250.837, 0.401, 31, 250.837, 251.754, 0.917, 1381, 0, 251.754, 251.935, 0.181, 363,     1.499,
 1642, 1, 250.072, 250.072, 251.392, 1.32, 1980, 251.392, 252.107, 0.715, 1600, 0, 252.107, 252.127, 0.019, 33,     2.055,
 1646, 1, 250.616, 250.616, 251.422, 0.806, 40, 251.422, 252.137, 0.716, 1253, 0, 252.137, 252.147, 0.01, 11,     1.532,
 1647, 1, 251.053, 251.053, 251.583, 0.53, 318, 251.583, 252.299, 0.716, 826, 0, 252.299, 252.311, 0.012, 25,     1.259,
 1645, 1, 250.591, 250.591, 251.569, 0.978, 1430, 251.569, 252.299, 0.73, 1609, 0, 252.299, 252.539, 0.24, 481,     1.948,
 1654, 1, 251.587, 251.587, 251.587, 0, 6, 251.587, 252.521, 0.935, 2028, 0, 252.521, 252.548, 0.026, 40,     0.961,
 1652, 1, 251.489, 251.489, 251.617, 0.128, 14, 251.617, 252.548, 0.931, 1511, 0, 252.548, 252.548, 0, 18,     1.059,
 1650, 1, 251.285, 251.285, 251.607, 0.322, 34, 251.607, 252.483, 0.876, 1623, 0, 252.483, 252.578, 0.095, 191,     1.293,
 1649, 1, 251.246, 251.246, 251.597, 0.351, 14, 251.597, 252.357, 0.76, 1569, 0, 252.357, 252.672, 0.316, 632,     1.426,
 1648, 1, 251.096, 251.096, 251.583, 0.487, 15, 251.583, 252.497, 0.915, 1333, 0, 252.497, 252.889, 0.391, 783,     1.793,
 1651, 1, 251.433, 251.433, 251.804, 0.372, 413, 251.804, 252.747, 0.943, 1394, 0, 252.747, 253.061, 0.314, 628,     1.628,
 1657, 1, 252.737, 252.737, 252.747, 0.01, 1, 252.747, 253.469, 0.721, 1207, 0, 253.469, 253.479, 0.01, 17,     0.741,
 1655, 1, 251.64, 251.64, 252.623, 0.983, 1972, 252.623, 253.363, 0.741, 1258, 0, 253.363, 253.512, 0.148, 297,     1.871,
 1658, 1, 252.784, 252.784, 252.794, 0.01, 10, 252.794, 253.521, 0.727, 1753, 0, 253.521, 253.521, 0, 18,     0.737,
 1659, 1, 252.822, 252.822, 252.833, 0.011, 21, 252.833, 253.557, 0.724, 1408, 0, 253.557, 253.597, 0.041, 81,     0.775,
 1656, 1, 252.72, 252.72, 253.036, 0.315, 621, 253.036, 253.779, 0.743, 1745, 0, 253.779, 253.801, 0.022, 40,     1.080,
 1663, 1, 253.036, 253.036, 253.061, 0.025, 50, 253.061, 253.791, 0.73, 1530, 0, 253.791, 253.801, 0.01, 2,     0.765,
 1664, 1, 253.072, 253.072, 253.088, 0.016, 32, 253.088, 253.806, 0.718, 1095, 0, 253.806, 253.892, 0.085, 183,     0.819,
 1660, 1, 252.958, 252.958, 252.968, 0.01, 14, 252.968, 253.898, 0.93, 1008, 0, 253.898, 253.898, 0, 1,     0.940,
 1661, 1, 252.964, 252.964, 252.998, 0.034, 61, 252.998, 253.916, 0.918, 1258, 0, 253.916, 253.931, 0.015, 30,     0.967,
 1665, 1, 253.125, 253.125, 253.29, 0.164, 325, 253.29, 254.029, 0.739, 1571, 0, 254.029, 254.039, 0.01, 18,     0.913,
 1667, 1, 253.213, 253.213, 253.304, 0.09, 14, 253.304, 254.049, 0.745, 1276, 0, 254.049, 254.059, 0.01, 14,     0.845,
 1666, 1, 253.21, 253.21, 253.316, 0.106, 70, 253.316, 254.069, 0.753, 1554, 0, 254.069, 254.083, 0.014, 29,     0.873,
 1669, 1, 254.018, 254.018, 254.028, 0.01, 26, 254.028, 254.739, 0.712, 1309, 0, 254.739, 254.75, 0.011, 22,     0.733,
 1668, 1, 254.011, 254.011, 254.072, 0.061, 118, 254.072, 254.784, 0.712, 1317, 0, 254.784, 254.794, 0.01, 20,     0.783,
 1670, 1, 254.052, 254.052, 254.062, 0.01, 4, 254.062, 254.784, 0.722, 1264, 0, 254.784, 254.794, 0.01, 11,     0.742,
 1672, 1, 254.556, 254.556, 254.588, 0.032, 38, 254.588, 255.315, 0.726, 1372, 0, 255.315, 255.349, 0.034, 68,     0.792,
 1673, 1, 254.818, 254.818, 254.828, 0.01, 14, 254.828, 255.563, 0.734, 1432, 0, 255.563, 255.573, 0.01, 18,     0.754,
 1662, 1, 253.003, 253.003, 253.28, 0.276, 541, 253.28, 253.992, 0.712, 1712, 0, 253.992, 255.596, 1.605, 3210,     2.593,
 1674, 1, 254.944, 254.944, 254.954, 0.01, 9, 254.954, 255.67, 0.717, 1544, 0, 255.67, 255.68, 0.01, 11,     0.737,
 1671, 1, 254.477, 254.477, 254.983, 0.506, 1013, 254.983, 255.7, 0.718, 1647, 0, 255.7, 255.761, 0.06, 121,     1.284,
 1676, 1, 255.134, 255.134, 255.144, 0.01, 16, 255.144, 255.859, 0.716, 1731, 0, 255.859, 255.889, 0.03, 60,     0.756,
 1675, 1, 255.076, 255.076, 255.088, 0.012, 29, 255.088, 256.009, 0.921, 1569, 0, 256.009, 256.117, 0.108, 217,     1.041,
 1677, 1, 255.345, 255.345, 255.369, 0.024, 49, 255.369, 256.083, 0.713, 1176, 0, 256.083, 256.174, 0.091, 182,     0.829,
 1678, 1, 255.44, 255.44, 255.45, 0.01, 15, 255.45, 256.162, 0.712, 1331, 0, 256.162, 256.197, 0.035, 70,     0.757,
 1681, 1, 255.661, 255.661, 255.757, 0.096, 196, 255.757, 256.669, 0.912, 1514, 0, 256.669, 256.702, 0.033, 66,     1.041,
 1679, 1, 255.475, 255.475, 255.553, 0.077, 167, 255.553, 256.723, 1.171, 654, 0, 256.723, 256.736, 0.012, 25,     1.261,
 1682, 1, 255.786, 255.786, 256.048, 0.262, 525, 256.048, 256.758, 0.71, 1465, 0, 256.758, 256.77, 0.012, 23,     0.984,
 1684, 1, 256.143, 256.143, 256.153, 0.01, 8, 256.153, 256.875, 0.722, 1599, 0, 256.875, 256.885, 0.01, 4,     0.742,
 1683, 1, 256.038, 256.038, 256.143, 0.105, 162, 256.143, 256.855, 0.712, 1285, 0, 256.855, 257, 0.144, 287,     0.962,
 1685, 1, 256.18, 256.18, 256.19, 0.01, 1, 256.19, 256.99, 0.799, 1694, 0, 256.99, 257.056, 0.066, 132,     0.875,
 1680, 1, 255.593, 255.593, 256.955, 1.363, 2711, 256.955, 257.679, 0.723, 1287, 0, 257.679, 257.689, 0.01, 8,     2.096,
 1687, 1, 256.955, 256.955, 257.015, 0.06, 107, 257.015, 257.898, 0.883, 1677, 0, 257.898, 257.908, 0.01, 1,     0.953,
 1686, 1, 256.729, 256.729, 256.985, 0.256, 513, 256.985, 257.928, 0.943, 1410, 0, 257.928, 257.938, 0.01, 15,     1.209,
 1688, 1, 256.995, 256.995, 257.005, 0.01, 12, 257.005, 257.918, 0.913, 967, 0, 257.918, 258.032, 0.113, 227,     1.036,
 1690, 1, 257.03, 257.03, 257.057, 0.026, 63, 257.057, 258.084, 1.027, 1593, 0, 258.084, 258.094, 0.01, 9,     1.064,
 1689, 1, 257.016, 257.016, 257.148, 0.132, 265, 257.148, 257.928, 0.78, 1631, 0, 257.928, 258.218, 0.29, 580,     1.202,
 1692, 1, 257.177, 257.177, 257.338, 0.16, 322, 257.338, 258.187, 0.849, 1419, 0, 258.187, 258.282, 0.095, 190,     1.104,
 1691, 1, 257.091, 257.091, 257.195, 0.104, 199, 257.195, 258.559, 1.364, 1673, 0, 258.559, 258.686, 0.127, 255,     1.595,
 1653, 1, 251.514, 251.514, 251.627, 0.113, 4, 251.627, 252.948, 1.321, 1447, 0, 252.948, 258.889, 5.942, 11884,     7.375,
 1693, 1, 258.078, 258.078, 258.124, 0.046, 93, 258.124, 259.209, 1.085, 1032, 0, 259.209, 259.244, 0.035, 46,     1.166,
 1696, 1, 258.289, 258.289, 258.304, 0.014, 33, 258.304, 259.458, 1.155, 1291, 0, 259.458, 259.484, 0.026, 52,     1.195,
 1695, 1, 258.201, 258.201, 258.222, 0.021, 42, 258.222, 259.571, 1.349, 1915, 0, 259.571, 259.737, 0.166, 333,     1.536,
 1700, 1, 258.793, 258.793, 258.812, 0.019, 46, 258.812, 259.82, 1.008, 1249, 0, 259.82, 259.864, 0.044, 88,     1.070,
 1698, 1, 258.605, 258.605, 258.614, 0.009, 28, 258.614, 259.82, 1.206, 1587, 0, 259.82, 259.884, 0.064, 127,     1.279,
 1697, 1, 258.547, 258.547, 258.564, 0.017, 26, 258.564, 259.957, 1.394, 1308, 0, 259.957, 259.971, 0.014, 27,     1.424,
 1699, 1, 258.74, 258.74, 258.779, 0.039, 78, 258.779, 260.072, 1.293, 1398, 0, 260.072, 260.137, 0.065, 130,     1.397,
 1694, 1, 258.091, 258.091, 258.637, 0.545, 1084, 258.637, 260.219, 1.583, 1526, 0, 260.219, 260.229, 0.01, 1,     2.138,
 1701, 1, 259.06, 259.06, 259.07, 0.01, 7, 259.07, 260.471, 1.4, 1502, 0, 260.471, 260.501, 0.03, 42,     1.440,
 1702, 1, 259.155, 259.155, 259.17, 0.015, 30, 259.17, 260.582, 1.412, 1951, 0, 260.582, 260.592, 0.01, 17,     1.437,
 1703, 1, 259.19, 259.19, 259.19, 0, 9, 259.19, 260.582, 1.393, 1241, 0, 260.582, 260.673, 0.091, 184,     1.484,
 1704, 1, 259.341, 259.341, 259.366, 0.026, 51, 259.366, 260.72, 1.354, 1212, 0, 260.72, 260.738, 0.017, 35,     1.397,
 1705, 1, 259.619, 259.619, 259.641, 0.022, 64, 259.641, 260.978, 1.337, 1814, 0, 260.978, 260.99, 0.012, 29,     1.371,
 1707, 1, 259.71, 259.71, 259.736, 0.026, 51, 259.736, 260.835, 1.099, 1531, 0, 260.835, 261.002, 0.167, 334,     1.292,
 1706, 1, 259.682, 259.682, 259.692, 0.01, 3, 259.692, 261.084, 1.392, 1281, 0, 261.084, 261.111, 0.027, 54,     1.429,
 1708, 1, 260.189, 260.189, 260.198, 0.009, 17, 260.198, 261.228, 1.03, 1313, 0, 261.228, 261.286, 0.058, 116,     1.097,
 1711, 1, 260.488, 260.488, 260.517, 0.03, 63, 260.517, 261.334, 0.817, 1413, 0, 261.334, 261.403, 0.069, 115,     0.916,
 1709, 1, 260.297, 260.297, 260.307, 0.01, 16, 260.307, 261.485, 1.178, 1474, 0, 261.485, 261.512, 0.027, 55,     1.215,
 1710, 1, 260.461, 260.461, 260.504, 0.043, 86, 260.504, 261.735, 1.231, 1513, 0, 261.735, 261.745, 0.01, 17,     1.284,
 1712, 1, 260.678, 260.678, 260.688, 0.01, 2, 260.688, 261.832, 1.144, 1790, 0, 261.832, 261.842, 0.01, 7,     1.164,
 1713, 1, 260.812, 260.812, 260.882, 0.07, 139, 260.882, 261.974, 1.092, 1866, 0, 261.974, 261.995, 0.022, 38,     1.183,
 1715, 1, 261.259, 261.259, 261.443, 0.185, 331, 261.443, 262.235, 0.792, 1533, 0, 262.235, 262.245, 0.01, 38,     0.986,
 1714, 1, 261.104, 261.104, 261.581, 0.477, 946, 261.581, 262.359, 0.778, 1818, 0, 262.359, 262.411, 0.052, 104,     1.307,
 1716, 1, 261.323, 261.323, 261.581, 0.258, 269, 261.581, 262.484, 0.903, 1215, 0, 262.484, 262.494, 0.01, 16,     1.171,
 1717, 1, 261.669, 261.669, 261.699, 0.03, 63, 261.699, 262.608, 0.91, 1808, 0, 262.608, 262.631, 0.022, 45,     0.962,
 1718, 1, 262.094, 262.094, 262.383, 0.289, 587, 262.383, 263.102, 0.719, 1908, 0, 263.102, 263.112, 0.01, 4,     1.018,
 1719, 1, 262.351, 262.351, 262.608, 0.257, 514, 262.608, 263.332, 0.724, 1642, 0, 263.332, 263.346, 0.014, 27,     0.994,
 1722, 1, 262.662, 262.662, 262.662, 0, 1, 262.662, 263.549, 0.887, 1130, 0, 263.549, 263.577, 0.028, 56,     0.915,
 1720, 1, 262.5, 262.5, 262.653, 0.153, 320, 262.653, 263.372, 0.719, 1925, 0, 263.372, 263.595, 0.223, 456,     1.096,
 1723, 1, 262.791, 262.791, 262.801, 0.01, 19, 262.801, 263.581, 0.78, 1848, 0, 263.581, 263.618, 0.036, 81,     0.826,
 1721, 1, 262.544, 262.544, 262.851, 0.307, 474, 262.851, 263.621, 0.77, 1810, 0, 263.621, 263.631, 0.01, 20,     1.087,
 1724, 1, 263.216, 263.216, 263.226, 0.01, 10, 263.226, 263.952, 0.726, 1351, 0, 263.952, 264.312, 0.359, 719,     1.096,
 1726, 1, 263.466, 263.466, 263.502, 0.035, 71, 263.502, 264.234, 0.732, 1675, 0, 264.234, 264.549, 0.315, 631,     1.083,
 1729, 1, 264.06, 264.06, 264.18, 0.12, 25, 264.18, 264.889, 0.708, 1268, 0, 264.889, 264.889, 0, 9,     0.828,
 1728, 1, 263.62, 263.62, 264.166, 0.546, 613, 264.166, 264.883, 0.717, 2222, 0, 264.883, 265.039, 0.156, 296,     1.419,
 1727, 1, 263.486, 263.486, 264.472, 0.986, 1941, 264.472, 265.203, 0.731, 972, 0, 265.203, 265.274, 0.071, 143,     1.788,
 1732, 1, 264.524, 264.524, 264.534, 0.01, 11, 264.534, 265.251, 0.717, 1626, 0, 265.251, 265.296, 0.046, 91,     0.772,
 1733, 1, 264.604, 264.604, 264.658, 0.054, 106, 264.658, 265.382, 0.724, 1316, 0, 265.382, 265.48, 0.098, 196,     0.876,
 1735, 1, 264.86, 264.86, 264.87, 0.01, 11, 264.87, 265.599, 0.729, 1574, 0, 265.599, 265.609, 0.01, 2,     0.749,
 1725, 1, 263.45, 263.45, 263.86, 0.41, 820, 263.86, 264.612, 0.752, 1602, 0, 264.612, 265.735, 1.123, 2246,     2.284,
 1737, 1, 265.082, 265.082, 265.114, 0.032, 27, 265.114, 265.828, 0.714, 1117, 0, 265.828, 265.86, 0.032, 62,     0.778,
 1736, 1, 264.934, 264.934, 265.114, 0.18, 345, 265.114, 265.828, 0.714, 1272, 0, 265.828, 265.983, 0.155, 310,     1.049,
 1734, 1, 264.658, 264.658, 264.685, 0.027, 32, 264.685, 266.077, 1.392, 2253, 0, 266.077, 266.113, 0.036, 68,     1.455,
 1739, 1, 265.186, 265.186, 265.261, 0.075, 161, 265.261, 265.99, 0.729, 1544, 0, 265.99, 266.222, 0.232, 479,     1.036,
 1740, 1, 265.347, 265.347, 265.437, 0.089, 172, 265.437, 266.152, 0.715, 1575, 0, 266.152, 266.288, 0.136, 272,     0.941,
 1741, 1, 265.386, 265.386, 265.451, 0.065, 8, 265.451, 266.327, 0.876, 1347, 0, 266.327, 266.337, 0.01, 17,     0.951,
 1731, 1, 264.341, 264.341, 264.383, 0.042, 104, 264.383, 265.131, 0.748, 1650, 0, 265.131, 266.475, 1.344, 2689,     2.134,
 1738, 1, 265.153, 265.153, 265.52, 0.368, 736, 265.52, 266.683, 1.163, 2342, 0, 266.683, 266.693, 0.01, 5,     1.540,
 1730, 1, 264.142, 264.142, 264.192, 0.051, 13, 264.192, 264.926, 0.733, 1612, 0, 264.926, 266.924, 1.998, 3992,     2.782,
 1745, 1, 266.369, 266.369, 266.4, 0.031, 62, 266.4, 267.116, 0.716, 1638, 0, 267.116, 267.126, 0.01, 11,     0.757,
 1743, 1, 266.13, 266.13, 266.142, 0.012, 24, 266.142, 267.046, 0.904, 1786, 0, 267.046, 267.136, 0.09, 161,     1.006,
 1746, 1, 266.462, 266.462, 266.472, 0.01, 10, 266.472, 267.295, 0.823, 1415, 0, 267.295, 267.314, 0.019, 38,     0.852,
 1748, 1, 266.716, 266.716, 266.751, 0.035, 70, 266.751, 267.473, 0.722, 1689, 0, 267.473, 267.493, 0.02, 40,     0.777,
 1747, 1, 266.648, 266.648, 266.677, 0.029, 60, 266.677, 267.395, 0.718, 1884, 0, 267.395, 267.539, 0.145, 290,     0.892,
 1749, 1, 266.899, 266.899, 266.899, 0, 7, 266.899, 267.609, 0.71, 1909, 0, 267.609, 267.642, 0.033, 84,     0.743,
 1751, 1, 267.01, 267.01, 267.164, 0.153, 33, 267.164, 267.888, 0.724, 1935, 0, 267.888, 267.91, 0.022, 43,     0.899,
 1750, 1, 266.979, 266.979, 267.208, 0.229, 462, 267.208, 267.925, 0.717, 1417, 0, 267.925, 268.001, 0.076, 127,     1.022,
 1744, 1, 266.21, 266.21, 267.145, 0.935, 1870, 267.145, 267.878, 0.733, 1655, 0, 267.878, 268.138, 0.26, 513,     1.928,
 1753, 1, 267.127, 267.127, 267.317, 0.19, 218, 267.317, 268.182, 0.865, 1920, 0, 268.182, 268.192, 0.01, 10,     1.065,
 1752, 1, 267.107, 267.107, 267.222, 0.115, 112, 267.222, 268.128, 0.906, 1443, 0, 268.128, 268.283, 0.155, 311,     1.176,
 1755, 1, 267.637, 267.637, 267.647, 0.01, 14, 267.647, 268.431, 0.784, 1490, 0, 268.431, 268.445, 0.014, 27,     0.808,
 1754, 1, 267.164, 267.164, 267.232, 0.069, 18, 267.232, 268.463, 1.231, 1775, 0, 268.463, 268.526, 0.063, 88,     1.362,
 1756, 1, 268.103, 268.103, 268.242, 0.139, 254, 268.242, 268.96, 0.718, 1435, 0, 268.96, 269.187, 0.226, 467,     1.084,
 1757, 1, 268.504, 268.504, 268.514, 0.01, 8, 268.514, 269.229, 0.716, 1415, 0, 269.229, 269.239, 0.01, 13,     0.736,
 1759, 1, 268.709, 268.709, 268.719, 0.01, 11, 268.719, 269.478, 0.759, 1224, 0, 269.478, 269.501, 0.023, 51,     0.792,
 1758, 1, 268.582, 268.582, 268.582, 0, 7, 268.582, 269.554, 0.972, 1326, 0, 269.554, 269.623, 0.069, 139,     1.041,
 1760, 1, 268.914, 268.914, 269.081, 0.167, 334, 269.081, 269.803, 0.722, 1856, 0, 269.803, 269.813, 0.01, 5,     0.899,
 1762, 1, 269.182, 269.182, 269.192, 0.01, 3, 269.192, 269.932, 0.74, 1930, 0, 269.932, 269.955, 0.023, 46,     0.773,
 1763, 1, 269.247, 269.247, 269.247, 0, 15, 269.247, 269.964, 0.718, 1893, 0, 269.964, 269.964, 0, 6,     0.718,
 1742, 1, 265.405, 265.405, 265.465, 0.06, 15, 265.465, 266.244, 0.779, 1910, 0, 266.244, 270.098, 3.854, 7709,     4.693,
 1761, 1, 269.091, 269.091, 269.155, 0.064, 128, 269.155, 270.003, 0.848, 1154, 0, 270.003, 270.118, 0.115, 218,     1.027,
 1766, 1, 269.348, 269.348, 269.358, 0.01, 23, 269.358, 270.182, 0.824, 1946, 0, 270.182, 270.236, 0.053, 107,     0.887,
 1767, 1, 269.54, 269.54, 269.614, 0.075, 122, 269.614, 270.331, 0.717, 1240, 0, 270.331, 270.383, 0.052, 104,     0.843,
 1768, 1, 269.621, 269.621, 269.639, 0.019, 32, 269.639, 270.351, 0.712, 1476, 0, 270.351, 270.403, 0.052, 83,     0.783,
 1765, 1, 269.307, 269.307, 269.341, 0.034, 77, 269.341, 270.52, 1.178, 1548, 0, 270.52, 270.611, 0.091, 166,     1.304,
 1764, 1, 269.295, 269.295, 269.303, 0.008, 17, 269.303, 270.601, 1.298, 1484, 0, 270.601, 270.611, 0.01, 18,     1.316,
 1769, 1, 270.065, 270.065, 270.065, 0, 1, 270.065, 270.85, 0.785, 1163, 0, 270.85, 270.899, 0.048, 97,     0.834,
 1770, 1, 270.129, 270.129, 270.129, 0, 15, 270.129, 271.009, 0.88, 1325, 0, 271.009, 271.078, 0.07, 139,     0.949,
 1771, 1, 270.226, 270.226, 270.249, 0.022, 49, 270.249, 271.1, 0.851, 1961, 0, 271.1, 271.188, 0.089, 177,     0.962,
 1772, 1, 270.309, 270.309, 270.326, 0.017, 33, 270.326, 271.268, 0.942, 1701, 0, 271.268, 271.29, 0.022, 44,     0.980,
 1773, 1, 270.429, 270.429, 270.439, 0.01, 29, 270.439, 271.258, 0.819, 1486, 0, 271.258, 271.708, 0.45, 901,     1.279,
 1774, 1, 270.474, 270.474, 270.652, 0.178, 368, 270.652, 271.517, 0.865, 1375, 0, 271.517, 271.772, 0.254, 509,     1.297,
 1776, 1, 270.733, 270.733, 270.744, 0.011, 22, 270.744, 271.602, 0.858, 1301, 0, 271.602, 271.917, 0.315, 631,     1.185,
 1777, 1, 271.041, 271.041, 271.052, 0.011, 31, 271.052, 271.941, 0.889, 1375, 0, 271.941, 271.966, 0.025, 50,     0.925,
 1775, 1, 270.706, 270.706, 270.832, 0.125, 251, 270.832, 271.783, 0.951, 1572, 0, 271.783, 272.024, 0.241, 483,     1.317,
 1778, 1, 271.127, 271.127, 271.127, 0, 1, 271.127, 272.047, 0.92, 1071, 0, 272.047, 272.062, 0.014, 29,     0.934,
 1779, 1, 271.183, 271.183, 271.276, 0.093, 196, 271.276, 271.992, 0.716, 1434, 0, 271.992, 272.082, 0.089, 146,     0.899,
 1781, 1, 271.991, 271.991, 272.018, 0.027, 55, 272.018, 272.761, 0.743, 1459, 0, 272.761, 272.806, 0.045, 100,     0.815,
 1782, 1, 272.217, 272.217, 272.217, 0, 4, 272.217, 273.019, 0.802, 1428, 0, 273.019, 273.124, 0.105, 210,     0.907,
 1780, 1, 271.917, 271.917, 272.045, 0.127, 238, 272.045, 273.19, 1.146, 1380, 0, 273.19, 273.225, 0.034, 69,     1.308,
 1783, 1, 272.268, 272.268, 272.298, 0.03, 47, 272.298, 273.269, 0.971, 1720, 0, 273.269, 273.279, 0.01, 5,     1.011,
 1788, 1, 272.532, 272.532, 272.611, 0.079, 7, 272.611, 273.326, 0.714, 2002, 0, 273.326, 273.372, 0.046, 93,     0.840,
 1784, 1, 272.275, 272.275, 272.275, 0, 1, 272.275, 273.456, 1.181, 1470, 0, 273.456, 273.489, 0.034, 67,     1.214,
 1787, 1, 272.49, 272.49, 272.597, 0.107, 215, 272.597, 273.498, 0.901, 1705, 0, 273.498, 273.508, 0.01, 37,     1.018,
 1785, 1, 272.335, 272.335, 272.345, 0.01, 7, 272.345, 273.71, 1.365, 1733, 0, 273.71, 273.72, 0.01, 17,     1.385,
 1790, 1, 272.644, 272.644, 272.666, 0.022, 46, 272.666, 273.752, 1.087, 1538, 0, 273.752, 273.784, 0.031, 48,     1.140,
 1786, 1, 272.442, 272.442, 272.623, 0.18, 366, 272.623, 273.795, 1.172, 1114, 0, 273.795, 273.831, 0.036, 71,     1.388,
 1789, 1, 272.623, 272.623, 272.633, 0.01, 13, 272.633, 273.959, 1.326, 1312, 0, 273.959, 273.969, 0.01, 12,     1.346,
 1791, 1, 273.219, 273.219, 273.229, 0.01, 13, 273.229, 274.044, 0.815, 1236, 0, 274.044, 274.069, 0.024, 54,     0.849,
 1794, 1, 273.466, 273.466, 273.479, 0.012, 8, 273.479, 274.209, 0.73, 1130, 0, 274.209, 274.226, 0.018, 40,     0.760,
 1795, 1, 273.502, 273.502, 273.512, 0.01, 18, 273.512, 274.248, 0.737, 1236, 0, 274.248, 274.259, 0.01, 21,     0.757,
 1793, 1, 273.459, 273.459, 273.466, 0.007, 9, 273.466, 274.293, 0.827, 1387, 0, 274.293, 274.32, 0.027, 54,     0.862,
 1796, 1, 273.531, 273.531, 273.554, 0.024, 64, 273.554, 274.401, 0.847, 898, 0, 274.401, 274.486, 0.086, 172,     0.956,
 1792, 1, 273.425, 273.425, 273.718, 0.293, 562, 273.718, 274.458, 0.74, 751, 0, 274.458, 274.542, 0.084, 168,     1.117,
 1797, 1, 273.544, 273.544, 273.631, 0.087, 141, 273.631, 274.549, 0.918, 1346, 0, 274.549, 274.697, 0.148, 309,     1.153,
 1799, 1, 273.974, 273.974, 274.028, 0.054, 122, 274.028, 274.799, 0.77, 1940, 0, 274.799, 274.809, 0.01, 13,     0.834,
 1798, 1, 273.663, 273.663, 273.744, 0.081, 168, 273.744, 274.907, 1.163, 1393, 0, 274.907, 274.963, 0.056, 112,     1.300,
 1800, 1, 274.174, 274.174, 274.217, 0.043, 87, 274.217, 274.977, 0.759, 1317, 0, 274.977, 275.02, 0.043, 56,     0.846,
 1801, 1, 274.288, 274.288, 274.298, 0.01, 13, 274.298, 275.048, 0.75, 779, 0, 275.048, 275.091, 0.043, 87,     0.803,
 1802, 1, 274.33, 274.33, 274.34, 0.01, 14, 274.34, 275.226, 0.886, 1734, 0, 275.226, 275.24, 0.014, 27,     0.909,
 1803, 1, 274.393, 274.393, 274.427, 0.034, 55, 274.427, 275.419, 0.992, 1413, 0, 275.419, 275.456, 0.037, 74,     1.063,
 1805, 1, 275.033, 275.033, 275.092, 0.059, 111, 275.092, 275.82, 0.728, 1680, 0, 275.82, 275.82, 0, 3,     0.788,
 1808, 1, 275.514, 275.514, 275.524, 0.01, 15, 275.524, 276.27, 0.747, 932, 0, 276.27, 276.318, 0.048, 97,     0.805,
 1807, 1, 275.462, 275.462, 275.472, 0.01, 1, 275.472, 276.209, 0.737, 1745, 0, 276.209, 276.362, 0.153, 307,     0.900,
 1811, 1, 275.68, 275.68, 275.7, 0.02, 21, 275.7, 276.438, 0.738, 1798, 0, 276.438, 276.448, 0.01, 7,     0.768,
 1809, 1, 275.559, 275.559, 275.632, 0.073, 124, 275.632, 276.458, 0.826, 1216, 0, 276.458, 276.575, 0.117, 234,     1.016,
 1810, 1, 275.637, 275.637, 275.69, 0.053, 107, 275.69, 276.519, 0.829, 1380, 0, 276.519, 276.595, 0.076, 140,     0.957,
 1812, 1, 275.725, 275.725, 275.779, 0.054, 108, 275.779, 276.721, 0.942, 1936, 0, 276.721, 276.762, 0.041, 82,     1.037,
 1806, 1, 275.225, 275.225, 275.28, 0.055, 109, 275.28, 276.019, 0.739, 1514, 0, 276.019, 276.934, 0.915, 1831,     1.709,
 1813, 1, 276.06, 276.06, 276.165, 0.106, 208, 276.165, 276.875, 0.709, 1178, 0, 276.875, 276.95, 0.076, 132,     0.891,
 1814, 1, 276.155, 276.155, 276.384, 0.229, 449, 276.384, 277.096, 0.712, 1513, 0, 277.096, 277.129, 0.033, 66,     0.974,
 1815, 1, 276.416, 276.416, 276.426, 0.01, 15, 276.426, 277.153, 0.727, 1392, 0, 277.153, 277.22, 0.067, 134,     0.804,
 1817, 1, 276.542, 276.542, 276.563, 0.022, 49, 276.563, 277.35, 0.786, 1507, 0, 277.35, 277.36, 0.01, 5,     0.818,
 1818, 1, 276.652, 276.652, 276.662, 0.01, 7, 276.662, 277.403, 0.74, 1314, 0, 277.403, 277.413, 0.01, 7,     0.760,
 1816, 1, 276.489, 276.489, 276.504, 0.014, 48, 276.504, 277.449, 0.945, 2024, 0, 277.449, 277.492, 0.043, 86,     1.002,
 1819, 1, 276.675, 276.675, 276.758, 0.082, 165, 276.758, 277.705, 0.948, 1615, 0, 277.705, 277.715, 0.01, 13,     1.040,
 1820, 1, 276.971, 276.971, 277.022, 0.05, 101, 277.022, 277.745, 0.724, 1678, 0, 277.745, 277.745, 0, 9,     0.774,
 1822, 1, 277.123, 277.123, 277.133, 0.01, 10, 277.133, 277.848, 0.715, 1054, 0, 277.848, 277.858, 0.01, 18,     0.735,
 1821, 1, 277.048, 277.048, 277.162, 0.113, 202, 277.162, 277.954, 0.793, 1520, 0, 277.954, 277.964, 0.01, 1,     0.916,
 1824, 1, 277.236, 277.236, 277.265, 0.029, 58, 277.265, 278.097, 0.833, 1771, 0, 278.097, 278.216, 0.119, 238,     0.981,
 1825, 1, 277.39, 277.39, 277.408, 0.017, 46, 277.408, 278.244, 0.836, 1314, 0, 278.244, 278.254, 0.01, 4,     0.863,
 1823, 1, 277.215, 277.215, 277.236, 0.021, 30, 277.236, 277.994, 0.759, 1062, 0, 277.994, 278.271, 0.277, 554,     1.056,
 1826, 1, 277.493, 277.493, 277.544, 0.051, 116, 277.544, 278.501, 0.957, 1745, 0, 278.501, 278.733, 0.231, 460,     1.240,
 1828, 1, 278.196, 278.196, 278.519, 0.324, 655, 278.519, 279.236, 0.716, 1192, 0, 279.236, 279.435, 0.199, 398,     1.239,
 1827, 1, 278.051, 278.051, 278.842, 0.792, 1545, 278.842, 279.581, 0.739, 1527, 0, 279.581, 279.591, 0.01, 9,     1.541,
 1830, 1, 278.392, 278.392, 278.856, 0.465, 13, 278.856, 279.695, 0.839, 1431, 0, 279.695, 279.752, 0.057, 113,     1.360,
 1832, 1, 278.788, 278.788, 278.884, 0.096, 1, 278.884, 279.778, 0.894, 1819, 0, 279.778, 279.792, 0.014, 27,     1.003,
 1831, 1, 278.503, 278.503, 278.87, 0.367, 26, 278.87, 279.83, 0.96, 1623, 0, 279.83, 279.85, 0.019, 39,     1.346,
 1833, 1, 278.913, 278.913, 279.065, 0.151, 303, 279.065, 279.778, 0.714, 1431, 0, 279.778, 279.982, 0.204, 389,     1.069,
 1834, 1, 279.063, 279.063, 279.089, 0.025, 30, 279.089, 279.956, 0.868, 1537, 0, 279.956, 279.982, 0.026, 44,     0.919,
 1836, 1, 279.176, 279.176, 279.235, 0.06, 129, 279.235, 280.027, 0.792, 1793, 0, 280.027, 280.057, 0.03, 60,     0.882,
 1835, 1, 279.108, 279.108, 279.157, 0.049, 110, 279.157, 280.079, 0.922, 1493, 0, 280.079, 280.113, 0.033, 30,     1.005,
 1837, 1, 279.212, 279.212, 279.262, 0.05, 29, 279.262, 280.22, 0.958, 918, 0, 280.22, 280.247, 0.027, 54,     1.035,
 1838, 1, 279.46, 279.46, 279.511, 0.051, 96, 279.511, 280.277, 0.766, 1257, 0, 280.277, 280.297, 0.02, 37,     0.837,
 1829, 1, 278.23, 278.23, 279.47, 1.24, 1893, 279.47, 280.329, 0.859, 1447, 0, 280.329, 280.505, 0.176, 353,     2.275,
 1839, 1, 279.511, 279.511, 279.735, 0.224, 418, 279.735, 280.578, 0.843, 1439, 0, 280.578, 280.588, 0.01, 21,     1.077,
 1840, 1, 280.26, 280.26, 280.27, 0.01, 18, 280.27, 280.992, 0.722, 1088, 0, 280.992, 281.001, 0.009, 11,     0.741,
 1841, 1, 280.358, 280.358, 280.37, 0.012, 25, 280.37, 281.085, 0.715, 1442, 0, 281.085, 281.214, 0.13, 259,     0.857,
 1842, 1, 280.51, 280.51, 280.525, 0.015, 30, 280.525, 281.252, 0.727, 1329, 0, 281.252, 281.267, 0.015, 31,     0.757,
 1843, 1, 280.571, 280.571, 280.594, 0.023, 42, 280.594, 281.319, 0.725, 1827, 0, 281.319, 281.377, 0.058, 115,     0.806,
 1844, 1, 280.674, 280.674, 280.728, 0.055, 109, 280.728, 281.44, 0.712, 1462, 0, 281.44, 281.45, 0.01, 1,     0.776,
 1845, 1, 280.775, 280.775, 280.785, 0.01, 5, 280.785, 281.568, 0.783, 1246, 0, 281.568, 281.673, 0.104, 209,     0.898,
 1846, 1, 281.031, 281.031, 281.041, 0.01, 15, 281.041, 281.754, 0.713, 1990, 0, 281.754, 281.764, 0.01, 1,     0.733,
 1847, 1, 281.111, 281.111, 281.131, 0.019, 39, 281.131, 281.865, 0.734, 1580, 0, 281.865, 281.941, 0.075, 153,     0.829,
 1804, 1, 274.462, 274.462, 274.503, 0.041, 81, 274.503, 275.297, 0.794, 1008, 0, 275.297, 282.398, 7.101, 14202,     7.935,
 1848, 1, 281.303, 281.303, 281.77, 0.466, 896, 281.77, 282.489, 0.719, 1562, 0, 282.489, 282.514, 0.026, 37,     1.211,
 1850, 1, 281.681, 281.681, 281.784, 0.103, 79, 281.784, 282.504, 0.721, 1581, 0, 282.504, 282.556, 0.051, 103,     0.875,
 1851, 1, 281.83, 281.83, 281.837, 0.008, 18, 281.837, 282.718, 0.881, 1545, 0, 282.718, 282.738, 0.019, 39,     0.908,
 1849, 1, 281.671, 281.671, 281.736, 0.064, 95, 281.736, 282.469, 0.733, 1350, 0, 282.469, 282.759, 0.29, 581,     1.088,
 1853, 1, 282.208, 282.208, 282.263, 0.055, 111, 282.263, 282.977, 0.714, 1686, 0, 282.977, 283.02, 0.043, 85,     0.812,
 1852, 1, 282.135, 282.135, 282.336, 0.2, 401, 282.336, 283.051, 0.716, 1595, 0, 283.051, 283.07, 0.019, 37,     0.935,
 1855, 1, 282.422, 282.422, 282.429, 0.007, 10, 282.429, 283.178, 0.749, 1195, 0, 283.178, 283.3, 0.122, 248,     0.878,
 1856, 1, 282.836, 282.836, 282.847, 0.011, 38, 282.847, 283.567, 0.72, 1376, 0, 283.567, 283.591, 0.024, 47,     0.754,
 1858, 1, 282.941, 282.941, 282.951, 0.01, 21, 282.951, 283.68, 0.729, 1566, 0, 283.68, 283.722, 0.041, 83,     0.781,
 1857, 1, 282.908, 282.908, 282.927, 0.019, 39, 282.927, 283.648, 0.721, 1643, 0, 283.648, 283.896, 0.248, 496,     0.988,
 1860, 1, 283.11, 283.11, 283.134, 0.024, 56, 283.134, 283.898, 0.764, 944, 0, 283.898, 284.056, 0.158, 319,     0.946,
 1859, 1, 283.096, 283.096, 283.096, 0, 3, 283.096, 283.817, 0.721, 1904, 0, 283.817, 284.208, 0.392, 784,     1.112,
 1854, 1, 282.289, 282.289, 283.022, 0.734, 1469, 283.022, 284.197, 1.174, 1570, 0, 284.197, 284.235, 0.038, 77,     1.947,
 1861, 1, 283.387, 283.387, 283.456, 0.068, 109, 283.456, 284.197, 0.741, 1262, 0, 284.197, 284.354, 0.157, 314,     0.966,
 1863, 1, 283.494, 283.494, 283.532, 0.038, 85, 283.532, 284.453, 0.921, 1487, 0, 284.453, 284.453, 0, 8,     0.958,
 1862, 1, 283.456, 283.456, 283.49, 0.034, 39, 283.49, 284.447, 0.957, 1819, 0, 284.447, 284.489, 0.042, 85,     1.034,
 1866, 1, 284.48, 284.48, 284.494, 0.014, 39, 284.494, 285.429, 0.935, 1507, 0, 285.429, 285.478, 0.049, 91,     0.998,
 1867, 1, 284.702, 284.702, 284.712, 0.01, 11, 284.712, 285.478, 0.766, 1801, 0, 285.478, 285.538, 0.06, 132,     0.836,
 1868, 1, 284.796, 284.796, 284.806, 0.01, 13, 284.806, 285.679, 0.873, 1420, 0, 285.679, 285.708, 0.029, 59,     0.912,
 1869, 1, 284.851, 284.851, 284.861, 0.01, 14, 284.861, 285.744, 0.883, 1534, 0, 285.744, 285.832, 0.088, 176,     0.981,
 1865, 1, 283.936, 283.936, 285.073, 1.137, 2275, 285.073, 285.79, 0.717, 1221, 0, 285.79, 285.871, 0.08, 161,     1.935,
 1871, 1, 284.908, 284.908, 285.103, 0.195, 51, 285.103, 285.933, 0.829, 2179, 0, 285.933, 285.984, 0.051, 103,     1.076,
 1875, 1, 285.367, 285.367, 285.41, 0.043, 92, 285.41, 286.188, 0.779, 1428, 0, 286.188, 286.198, 0.01, 6,     0.832,
 1874, 1, 285.05, 285.05, 285.203, 0.153, 85, 285.203, 286.189, 0.986, 2175, 0, 286.189, 286.198, 0.009, 6,     1.149,
 1864, 1, 283.783, 283.783, 283.976, 0.193, 365, 283.976, 285.163, 1.188, 1426, 0, 285.163, 286.218, 1.055, 2094,     2.436,
 1872, 1, 284.959, 284.959, 285.14, 0.181, 74, 285.14, 286.003, 0.863, 1704, 0, 286.003, 286.289, 0.286, 562,     1.330,
 1876, 1, 285.549, 285.549, 285.566, 0.017, 34, 285.566, 286.279, 0.713, 2124, 0, 286.279, 286.299, 0.02, 24,     0.750,
 1873, 1, 285.028, 285.028, 285.154, 0.126, 17, 285.154, 286.29, 1.136, 1692, 0, 286.29, 286.299, 0.01, 13,     1.272,
 1877, 1, 285.644, 285.644, 285.678, 0.034, 51, 285.678, 286.529, 0.852, 1177, 0, 286.529, 286.539, 0.01, 20,     0.896,
 1870, 1, 284.864, 284.864, 285.188, 0.324, 627, 285.188, 286.418, 1.23, 1206, 0, 286.418, 287.065, 0.647, 1295,     2.201,
 1878, 1, 286.301, 286.301, 286.311, 0.01, 2, 286.311, 287.051, 0.74, 1456, 0, 287.051, 287.105, 0.054, 69,     0.804,
 1879, 1, 286.462, 286.462, 286.486, 0.024, 48, 286.486, 287.3, 0.814, 1843, 0, 287.3, 287.31, 0.01, 13,     0.848,
 1880, 1, 286.511, 286.511, 286.521, 0.01, 17, 286.521, 287.34, 0.819, 844, 0, 287.34, 287.578, 0.237, 475,     1.066,
 1882, 1, 286.568, 286.568, 286.609, 0.041, 88, 286.609, 287.562, 0.952, 1390, 0, 287.562, 287.59, 0.028, 42,     1.021,
 1884, 1, 287.019, 287.019, 287.079, 0.061, 134, 287.079, 287.795, 0.716, 1520, 0, 287.795, 287.832, 0.037, 83,     0.813,
 1885, 1, 287.179, 287.179, 287.186, 0.008, 17, 287.186, 288.096, 0.909, 1185, 0, 288.096, 288.112, 0.017, 33,     0.933,
 1881, 1, 286.55, 286.55, 287.22, 0.67, 1302, 287.22, 288.317, 1.097, 1789, 0, 288.317, 288.339, 0.022, 43,     1.788,
 1887, 1, 287.544, 287.544, 287.554, 0.01, 18, 287.554, 288.391, 0.837, 1719, 0, 288.391, 288.447, 0.056, 112,     0.903,
 1889, 1, 287.665, 287.665, 287.715, 0.05, 35, 287.715, 288.611, 0.896, 1800, 0, 288.611, 288.66, 0.05, 100,     0.995,
 1888, 1, 287.609, 287.609, 287.695, 0.086, 158, 287.695, 288.641, 0.946, 1627, 0, 288.641, 288.682, 0.041, 81,     1.073,
 1890, 1, 287.845, 287.845, 287.855, 0.01, 1, 287.855, 288.567, 0.712, 1604, 0, 288.567, 288.702, 0.135, 239,     0.857,
 1891, 1, 288.036, 288.036, 288.088, 0.051, 103, 288.088, 288.899, 0.811, 995, 0, 288.899, 288.899, 0, 1,     0.863,
 1892, 1, 288.12, 288.12, 288.185, 0.065, 104, 288.185, 288.913, 0.728, 1271, 0, 288.913, 288.942, 0.029, 70,     0.821,
 1883, 1, 286.999, 286.999, 287.009, 0.01, 4, 287.009, 288.065, 1.056, 1469, 0, 288.065, 289.301, 1.236, 2472,     2.302,
 1894, 1, 288.45, 288.45, 288.46, 0.01, 18, 288.46, 289.191, 0.731, 1380, 0, 289.191, 289.321, 0.13, 235,     0.871,
 1893, 1, 288.42, 288.42, 288.42, 0, 16, 288.42, 289.136, 0.716, 1498, 0, 289.136, 289.373, 0.237, 474,     0.953,
 1895, 1, 288.62, 288.62, 288.658, 0.038, 76, 288.658, 289.374, 0.716, 1306, 0, 289.374, 289.482, 0.108, 219,     0.862,
 1896, 1, 288.689, 288.689, 288.778, 0.089, 178, 288.778, 289.501, 0.723, 1320, 0, 289.501, 289.511, 0.01, 4,     0.822,
 1897, 1, 288.782, 288.782, 288.835, 0.053, 114, 288.835, 289.551, 0.716, 1604, 0, 289.551, 289.632, 0.082, 163,     0.850,
 1898, 1, 288.888, 288.888, 288.965, 0.077, 163, 288.965, 289.681, 0.716, 1169, 0, 289.681, 289.691, 0.01, 13,     0.803,
 1886, 1, 287.251, 287.251, 289.01, 1.759, 3531, 289.01, 289.731, 0.721, 1170, 0, 289.731, 289.775, 0.044, 88,     2.524,
 1900, 1, 289.32, 289.32, 289.32, 0, 1, 289.32, 290.048, 0.728, 1311, 0, 290.048, 290.058, 0.01, 6,     0.738,
 1899, 1, 289.22, 289.22, 289.23, 0.01, 12, 289.23, 289.941, 0.711, 1369, 0, 289.941, 290.223, 0.282, 565,     1.003,
 1901, 1, 289.483, 289.483, 289.51, 0.027, 29, 289.51, 290.227, 0.717, 1217, 0, 290.227, 290.237, 0.01, 25,     0.753,
 1902, 1, 289.868, 289.868, 289.898, 0.031, 61, 289.898, 290.627, 0.729, 1218, 0, 290.627, 290.637, 0.01, 17,     0.769,
 1903, 1, 290.023, 290.023, 290.044, 0.021, 53, 290.044, 290.809, 0.765, 1691, 0, 290.809, 290.86, 0.051, 102,     0.837,
 1904, 1, 290.151, 290.151, 290.27, 0.119, 217, 290.27, 290.993, 0.723, 1762, 0, 290.993, 291.027, 0.034, 59,     0.876,
 1906, 1, 290.638, 290.638, 290.648, 0.01, 19, 290.648, 291.359, 0.711, 1748, 0, 291.359, 291.38, 0.021, 41,     0.742,
 1907, 1, 290.665, 290.665, 290.7, 0.035, 80, 290.7, 291.413, 0.713, 1284, 0, 291.413, 291.423, 0.01, 8,     0.758,
 1909, 1, 290.7, 290.7, 290.71, 0.01, 10, 290.71, 291.564, 0.854, 1138, 0, 291.564, 291.689, 0.124, 250,     0.989,
 1908, 1, 290.692, 290.692, 290.722, 0.03, 51, 290.722, 291.608, 0.887, 1946, 0, 291.608, 291.768, 0.159, 319,     1.076,
 1912, 1, 291.043, 291.043, 291.088, 0.046, 57, 291.088, 291.814, 0.726, 1459, 0, 291.814, 291.865, 0.051, 103,     0.823,
 1910, 1, 290.71, 290.71, 290.732, 0.022, 40, 290.732, 291.903, 1.171, 1646, 0, 291.903, 291.915, 0.012, 23,     1.204,
 1905, 1, 290.607, 290.607, 290.648, 0.041, 79, 290.648, 291.359, 0.711, 1417, 0, 291.359, 291.927, 0.568, 1136,     1.320,
 1911, 1, 290.741, 290.741, 290.794, 0.053, 125, 290.794, 291.966, 1.172, 1732, 0, 291.966, 291.976, 0.01, 2,     1.235,
 1915, 1, 291.47, 291.47, 291.501, 0.031, 82, 291.501, 292.216, 0.715, 1433, 0, 292.216, 292.257, 0.042, 80,     0.787,
 1913, 1, 291.351, 291.351, 291.515, 0.164, 312, 291.515, 292.247, 0.732, 2005, 0, 292.247, 292.257, 0.01, 9,     0.906,
 1916, 1, 291.585, 291.585, 291.595, 0.01, 11, 291.595, 292.435, 0.84, 1524, 0, 292.435, 292.471, 0.037, 74,     0.887,
 1917, 1, 291.782, 291.782, 291.808, 0.026, 51, 291.808, 292.521, 0.714, 1831, 0, 292.521, 292.531, 0.01, 8,     0.749,
 1914, 1, 291.421, 291.421, 291.461, 0.04, 96, 291.461, 292.177, 0.716, 1677, 0, 292.177, 292.573, 0.396, 793,     1.152,
 1918, 1, 291.99, 291.99, 292.021, 0.031, 44, 292.021, 292.735, 0.713, 1346, 0, 292.735, 292.753, 0.019, 37,     0.763,
 1920, 1, 292.415, 292.415, 292.429, 0.014, 41, 292.429, 293.153, 0.724, 1889, 0, 293.153, 293.283, 0.13, 272,     0.868,
 1919, 1, 292.021, 292.021, 292.076, 0.055, 78, 292.076, 292.815, 0.738, 1404, 0, 292.815, 293.386, 0.572, 1144,     1.365,
 1921, 1, 292.537, 292.537, 292.708, 0.171, 343, 292.708, 293.425, 0.716, 1320, 0, 293.425, 293.466, 0.041, 82,     0.928,
 1922, 1, 292.694, 292.694, 292.742, 0.048, 63, 292.742, 293.456, 0.713, 1416, 0, 293.456, 293.707, 0.251, 503,     1.012,
 1923, 1, 293.109, 293.109, 293.119, 0.01, 27, 293.119, 293.833, 0.714, 1217, 0, 293.833, 293.86, 0.027, 54,     0.751,
 1924, 1, 293.124, 293.124, 293.184, 0.059, 117, 293.184, 293.904, 0.72, 1295, 0, 293.904, 293.904, 0, 9,     0.779,
 1925, 1, 293.148, 293.148, 293.158, 0.01, 15, 293.158, 293.874, 0.716, 1366, 0, 293.874, 293.908, 0.034, 61,     0.760,
 1926, 1, 293.902, 293.902, 293.923, 0.021, 56, 293.923, 294.641, 0.718, 1983, 0, 294.641, 294.732, 0.091, 171,     0.830,
 1927, 1, 293.978, 293.978, 293.99, 0.012, 25, 293.99, 294.722, 0.732, 1242, 0, 294.722, 294.732, 0.01, 7,     0.754,
 1930, 1, 294.178, 294.178, 294.178, 0, 3, 294.178, 295.018, 0.84, 1771, 0, 295.018, 295.028, 0.01, 15,     0.850,
 1929, 1, 294.123, 294.123, 294.216, 0.093, 173, 294.216, 295.151, 0.935, 1694, 0, 295.151, 295.161, 0.01, 13,     1.038,
 1932, 1, 294.811, 294.811, 294.811, 0, 8, 294.811, 295.638, 0.827, 1713, 0, 295.638, 295.794, 0.156, 313,     0.983,
 1928, 1, 294.078, 294.078, 294.088, 0.01, 1, 294.088, 294.902, 0.814, 1446, 0, 294.902, 295.825, 0.923, 1846,     1.747,
 1933, 1, 295.124, 295.124, 295.134, 0.01, 10, 295.134, 295.851, 0.718, 1426, 0, 295.851, 295.861, 0.01, 8,     0.738,
 1935, 1, 295.303, 295.303, 295.33, 0.027, 56, 295.33, 296.052, 0.722, 1284, 0, 296.052, 296.138, 0.086, 172,     0.835,
 1936, 1, 295.321, 295.321, 295.36, 0.04, 42, 295.36, 296.108, 0.748, 1819, 0, 296.108, 296.22, 0.112, 224,     0.899,
 1931, 1, 294.724, 294.724, 294.802, 0.078, 170, 294.802, 295.518, 0.716, 2056, 0, 295.518, 296.266, 0.748, 1497,     1.542,
 1934, 1, 295.296, 295.296, 295.582, 0.286, 565, 295.582, 296.308, 0.726, 1377, 0, 296.308, 296.318, 0.01, 3,     1.022,
 1938, 1, 295.635, 295.635, 295.645, 0.01, 1, 295.645, 296.37, 0.726, 1692, 0, 296.37, 296.386, 0.015, 31,     0.751,
 1940, 1, 295.786, 295.786, 295.811, 0.025, 43, 295.811, 296.557, 0.746, 1043, 0, 296.557, 296.587, 0.029, 59,     0.801,
 1939, 1, 295.67, 295.67, 295.688, 0.018, 46, 295.688, 296.447, 0.76, 1471, 0, 296.447, 296.614, 0.166, 333,     0.944,
 1937, 1, 295.519, 295.519, 295.532, 0.014, 27, 295.532, 296.308, 0.776, 1297, 0, 296.308, 296.72, 0.412, 825,     1.201,
 1942, 1, 295.804, 295.804, 295.853, 0.049, 84, 295.853, 296.812, 0.959, 1293, 0, 296.812, 296.871, 0.059, 118,     1.067,
 1941, 1, 295.801, 295.801, 295.853, 0.052, 104, 295.853, 296.697, 0.843, 1557, 0, 296.697, 296.887, 0.191, 382,     1.086,
 1943, 1, 296.065, 296.065, 296.159, 0.094, 191, 296.159, 296.875, 0.716, 1689, 0, 296.875, 296.959, 0.084, 175,     0.894,
 1946, 1, 296.439, 296.439, 296.498, 0.059, 118, 296.498, 297.214, 0.717, 1297, 0, 297.214, 297.224, 0.01, 8,     0.785,
 1947, 1, 296.5, 296.5, 296.539, 0.039, 84, 296.539, 297.268, 0.729, 1446, 0, 297.268, 297.283, 0.015, 30,     0.783,
 1944, 1, 296.248, 296.248, 296.336, 0.088, 153, 296.336, 297.125, 0.788, 1223, 0, 297.125, 297.359, 0.234, 469,     1.111,
 1945, 1, 296.433, 296.433, 296.837, 0.404, 810, 296.837, 297.547, 0.71, 1560, 0, 297.547, 297.567, 0.019, 39,     1.134,
 1950, 1, 296.713, 296.713, 296.899, 0.186, 99, 296.899, 297.614, 0.716, 1781, 0, 297.614, 297.654, 0.04, 81,     0.941,
 1951, 1, 296.792, 296.792, 296.913, 0.121, 20, 296.913, 297.644, 0.731, 1659, 0, 297.644, 297.779, 0.135, 282,     0.987,
 1952, 1, 296.827, 296.827, 296.949, 0.122, 73, 296.949, 297.796, 0.847, 2701, 0, 297.796, 297.817, 0.021, 41,     0.990,
 1948, 1, 296.561, 296.561, 296.571, 0.01, 1, 296.571, 297.375, 0.804, 2053, 0, 297.375, 297.857, 0.482, 964,     1.295,
 1953, 1, 296.862, 296.862, 296.963, 0.101, 8, 296.963, 297.863, 0.9, 2288, 0, 297.863, 297.98, 0.117, 248,     1.118,
 1954, 1, 297.028, 297.028, 297.425, 0.397, 796, 297.425, 298.141, 0.716, 1645, 0, 298.141, 298.161, 0.02, 31,     1.133,
 1955, 1, 297.068, 297.068, 297.459, 0.391, 52, 297.459, 298.173, 0.713, 1756, 0, 298.173, 298.303, 0.13, 263,     1.234,
 1957, 1, 297.503, 297.503, 297.887, 0.384, 6, 297.887, 298.616, 0.729, 1423, 0, 298.616, 298.635, 0.019, 38,     1.132,
 1956, 1, 297.463, 297.463, 297.873, 0.41, 828, 297.873, 298.596, 0.723, 1324, 0, 298.596, 298.746, 0.15, 300,     1.283,
 1949, 1, 296.601, 296.601, 298.496, 1.895, 3790, 298.496, 299.232, 0.736, 1582, 0, 299.232, 299.258, 0.026, 58,     2.657,
 1960, 1, 298.025, 298.025, 298.544, 0.519, 7, 298.544, 299.462, 0.918, 1298, 0, 299.462, 299.472, 0.01, 20,     1.447,
 1961, 1, 298.078, 298.078, 298.571, 0.493, 55, 298.571, 299.482, 0.91, 1790, 0, 299.482, 299.558, 0.076, 152,     1.480,
 1962, 1, 298.457, 298.457, 298.629, 0.172, 99, 298.629, 299.677, 1.048, 1186, 0, 299.677, 299.721, 0.044, 80,     1.264,
 1965, 1, 298.96, 298.96, 298.979, 0.02, 25, 298.979, 299.731, 0.752, 1605, 0, 299.731, 299.751, 0.02, 28,     0.791,
 1963, 1, 298.476, 298.476, 298.595, 0.12, 22, 298.595, 299.711, 1.116, 1739, 0, 299.711, 299.757, 0.046, 92,     1.281,
 1964, 1, 298.929, 298.929, 299.107, 0.179, 365, 299.107, 300.008, 0.901, 1742, 0, 300.008, 300.042, 0.034, 85,     1.114,
 1967, 1, 299.208, 299.208, 299.332, 0.124, 263, 299.332, 300.054, 0.722, 1074, 0, 300.054, 300.067, 0.013, 26,     0.859,
 1969, 1, 299.32, 299.32, 299.387, 0.067, 71, 299.387, 300.25, 0.863, 1168, 0, 300.25, 300.26, 0.01, 4,     0.941,
 1968, 1, 299.297, 299.297, 299.346, 0.049, 12, 299.346, 300.26, 0.914, 1696, 0, 300.26, 300.275, 0.014, 29,     0.978,
 1966, 1, 299.149, 299.149, 299.713, 0.565, 1117, 299.713, 300.568, 0.855, 1458, 0, 300.568, 300.589, 0.021, 42,     1.440,
 1971, 1, 299.419, 299.419, 299.953, 0.534, 455, 299.953, 300.664, 0.712, 1607, 0, 300.664, 300.745, 0.081, 162,     1.326,
 1972, 1, 299.636, 299.636, 299.975, 0.339, 28, 299.975, 300.848, 0.873, 1685, 0, 300.848, 300.848, 0, 9,     1.212,
 1970, 1, 299.377, 299.377, 299.999, 0.622, 1224, 299.999, 301.001, 1.002, 1201, 0, 301.001, 301.011, 0.01, 20,     1.635,
 1973, 1, 299.671, 299.671, 299.989, 0.318, 6, 299.989, 300.914, 0.925, 1355, 0, 300.914, 301.079, 0.165, 330,     1.407,
 1959, 1, 297.975, 297.975, 298.53, 0.555, 46, 298.53, 299.258, 0.728, 1253, 0, 299.258, 301.122, 1.864, 3728,     3.147,
 1958, 1, 297.793, 297.793, 298.581, 0.789, 1375, 298.581, 299.757, 1.175, 1198, 0, 299.757, 301.385, 1.628, 3269,     3.592,
 1975, 1, 299.909, 299.909, 300.686, 0.778, 1375, 300.686, 301.413, 0.727, 1470, 0, 301.413, 301.432, 0.019, 38,     1.523,
 1976, 1, 300.012, 300.012, 300.712, 0.701, 42, 300.712, 301.462, 0.749, 1487, 0, 301.462, 301.51, 0.048, 83,     1.498,
 1977, 1, 300.021, 300.021, 300.746, 0.726, 38, 300.746, 301.674, 0.927, 1227, 0, 301.674, 301.684, 0.01, 19,     1.663,
 1978, 1, 300.19, 300.19, 300.76, 0.57, 21, 300.76, 301.765, 1.004, 1322, 0, 301.765, 301.825, 0.06, 120,     1.635,
 1980, 1, 300.298, 300.298, 301.15, 0.852, 15, 301.15, 301.865, 0.715, 1498, 0, 301.865, 301.913, 0.048, 97,     1.615,
 1979, 1, 300.245, 300.245, 301.136, 0.891, 752, 301.136, 302.028, 0.891, 1368, 0, 302.028, 302.038, 0.01, 11,     1.792,
 1981, 1, 300.381, 300.381, 301.279, 0.898, 259, 301.279, 302.008, 0.728, 1493, 0, 302.008, 302.108, 0.1, 201,     1.727,
 1982, 1, 300.767, 300.767, 301.321, 0.554, 83, 301.321, 302.039, 0.718, 1271, 0, 302.039, 302.189, 0.15, 304,     1.422,
 1983, 1, 300.845, 300.845, 301.869, 1.024, 1097, 301.869, 302.595, 0.725, 1865, 0, 302.595, 302.605, 0.01, 11,     1.760,
 1984, 1, 300.9, 300.9, 303.056, 2.155, 2374, 303.056, 303.783, 0.727, 1443, 0, 303.783, 303.813, 0.03, 79,     2.912,
 1986, 1, 301.825, 301.825, 303.132, 1.307, 34, 303.132, 303.853, 0.721, 434, 0, 303.853, 303.874, 0.022, 43,     2.049,
 1987, 1, 301.874, 301.874, 303.189, 1.315, 113, 303.189, 303.905, 0.716, 1753, 0, 303.905, 303.944, 0.039, 79,     2.070,
 1985, 1, 301.063, 301.063, 303.098, 2.035, 85, 303.098, 304.014, 0.916, 1196, 0, 304.014, 304.024, 0.01, 14,     2.961,
 1988, 1, 301.926, 301.926, 303.203, 1.277, 3, 303.203, 304.042, 0.84, 1511, 0, 304.042, 304.052, 0.01, 1,     2.126,
 1990, 1, 302.33, 302.33, 303.269, 0.939, 30, 303.269, 304.102, 0.834, 1801, 0, 304.102, 304.112, 0.01, 18,     1.783,
 1989, 1, 302.025, 302.025, 303.237, 1.211, 32, 303.237, 304.263, 1.027, 1346, 0, 304.263, 304.336, 0.072, 145,     2.311,
 1994, 1, 302.854, 302.854, 303.336, 0.482, 2, 303.336, 304.371, 1.035, 1525, 0, 304.371, 304.381, 0.01, 6,     1.527,
 1992, 1, 302.733, 302.733, 303.293, 0.56, 4, 303.293, 304.465, 1.172, 1934, 0, 304.465, 304.484, 0.019, 37,     1.751,
 1995, 1, 303.016, 303.016, 303.35, 0.334, 22, 303.35, 304.409, 1.059, 1852, 0, 304.409, 304.5, 0.091, 150,     1.484,
 1993, 1, 302.823, 302.823, 303.324, 0.5, 62, 303.324, 304.513, 1.19, 1156, 0, 304.513, 304.535, 0.022, 43,     1.711,
 1996, 1, 303.238, 303.238, 303.362, 0.125, 14, 303.362, 304.637, 1.275, 1707, 0, 304.637, 304.695, 0.058, 115,     1.457,
 1991, 1, 302.354, 302.354, 303.283, 0.928, 18, 303.283, 304.159, 0.877, 1655, 0, 304.159, 305.302, 1.142, 2285,     2.947,
 1998, 1, 304.688, 304.688, 304.693, 0.005, 1, 304.693, 305.394, 0.702, 1573, 0, 305.394, 305.404, 0.01, 1,     0.717,
 1997, 1, 304.551, 304.551, 304.688, 0.137, 273, 304.688, 305.394, 0.707, 1881, 0, 305.394, 305.424, 0.03, 60,     0.873,
 1999, 1, 304.782, 304.782, 305.153, 0.371, 726, 305.153, 305.879, 0.725, 1778, 0, 305.879, 305.889, 0.01, 3,     1.106,
 2000, 1, 305.05, 305.05, 305.211, 0.162, 115, 305.211, 305.927, 0.715, 2137, 0, 305.927, 305.995, 0.068, 136,     0.945,
 2001, 1, 305.202, 305.202, 305.271, 0.069, 120, 305.271, 306.098, 0.826, 690, 0, 306.098, 306.177, 0.079, 163,     0.975,
 2002, 1, 305.386, 305.386, 305.716, 0.33, 675, 305.716, 306.43, 0.714, 1550, 0, 306.43, 306.44, 0.01, 20,     1.054,
 2003, 1, 305.566, 305.566, 305.73, 0.164, 1, 305.73, 306.558, 0.829, 1480, 0, 306.558, 306.568, 0.01, 17,     1.003,
 2006, 1, 305.819, 305.819, 305.838, 0.019, 37, 305.838, 306.758, 0.921, 1290, 0, 306.758, 306.768, 0.01, 16,     0.949,
 2007, 1, 306.236, 306.236, 306.251, 0.015, 30, 306.251, 306.969, 0.718, 1803, 0, 306.969, 307.13, 0.161, 322,     0.894,
 2009, 1, 306.694, 306.694, 306.704, 0.01, 18, 306.704, 307.436, 0.732, 1258, 0, 307.436, 307.577, 0.141, 283,     0.883,
 2005, 1, 305.711, 305.711, 305.758, 0.047, 24, 305.758, 306.492, 0.734, 1010, 0, 306.492, 307.587, 1.095, 2191,     1.877,
 2008, 1, 306.524, 306.524, 306.586, 0.062, 138, 306.586, 307.301, 0.715, 1734, 0, 307.301, 307.674, 0.373, 746,     1.150,
 2010, 1, 307.026, 307.026, 307.036, 0.01, 17, 307.036, 307.804, 0.768, 1226, 0, 307.804, 307.838, 0.034, 69,     0.812,
 1974, 1, 299.828, 299.828, 307.13, 7.302, 14283, 307.13, 307.849, 0.719, 1382, 0, 307.849, 307.859, 0.01, 5,     8.031,
 2011, 1, 307.347, 307.347, 307.384, 0.036, 81, 307.384, 308.099, 0.715, 1162, 0, 308.099, 308.23, 0.131, 262,     0.883,
 2004, 1, 305.625, 305.625, 305.744, 0.119, 13, 305.744, 306.46, 0.716, 1501, 0, 306.46, 308.363, 1.903, 3806,     2.738,
 2012, 1, 307.847, 307.847, 307.897, 0.05, 100, 307.897, 308.642, 0.746, 1391, 0, 308.642, 308.652, 0.01, 3,     0.805,
 2013, 1, 308.039, 308.039, 308.079, 0.04, 58, 308.079, 308.798, 0.719, 1778, 0, 308.798, 308.907, 0.11, 219,     0.868,
 2014, 1, 308.308, 308.308, 308.317, 0.01, 14, 308.317, 309.049, 0.732, 1554, 0, 309.049, 309.123, 0.073, 125,     0.815,
 2015, 1, 308.415, 308.415, 308.425, 0.01, 13, 308.425, 309.303, 0.878, 1453, 0, 309.303, 309.313, 0.01, 2,     0.898,
 2017, 1, 308.595, 308.595, 308.808, 0.213, 427, 308.808, 309.553, 0.745, 1390, 0, 309.553, 309.606, 0.053, 106,     1.011,
 2016, 1, 308.543, 308.543, 308.557, 0.014, 32, 308.557, 309.281, 0.725, 1089, 0, 309.281, 309.764, 0.483, 966,     1.221,
 2019, 1, 309.052, 309.052, 309.062, 0.01, 4, 309.062, 309.773, 0.711, 1185, 0, 309.773, 309.773, 0, 7,     0.721,
 2020, 1, 309.095, 309.095, 309.134, 0.039, 77, 309.134, 309.859, 0.726, 2027, 0, 309.859, 309.988, 0.129, 259,     0.894,
 2018, 1, 308.766, 308.766, 309.072, 0.306, 600, 309.072, 309.785, 0.713, 1350, 0, 309.785, 310.014, 0.229, 459,     1.248,
 2022, 1, 309.146, 309.146, 309.154, 0.008, 17, 309.154, 310.022, 0.869, 1690, 0, 310.022, 310.032, 0.01, 31,     0.887,
 2025, 1, 309.452, 309.452, 309.544, 0.092, 170, 309.544, 310.366, 0.822, 1453, 0, 310.366, 310.392, 0.026, 52,     0.941,
 2026, 1, 309.483, 309.483, 309.681, 0.199, 393, 309.681, 310.402, 0.72, 2004, 0, 310.402, 310.435, 0.033, 52,     0.952,
 2024, 1, 309.387, 309.387, 309.397, 0.01, 5, 309.397, 310.54, 1.143, 1701, 0, 310.54, 310.582, 0.042, 49,     1.195,
 2023, 1, 309.161, 309.161, 309.397, 0.236, 477, 309.397, 310.108, 0.711, 1127, 0, 310.108, 310.602, 0.494, 952,     1.441,
 2027, 1, 309.546, 309.546, 309.793, 0.247, 479, 309.793, 310.797, 1.004, 977, 0, 310.797, 310.799, 0.001, 2,     1.252,
 2028, 1, 309.637, 309.637, 309.887, 0.25, 408, 309.887, 310.616, 0.728, 1573, 0, 310.616, 310.924, 0.308, 612,     1.286,
 2029, 1, 310.019, 310.019, 310.059, 0.04, 80, 310.059, 310.914, 0.855, 1463, 0, 310.914, 310.944, 0.03, 50,     0.925,
 2030, 1, 310.232, 310.232, 310.258, 0.026, 53, 310.258, 311.049, 0.791, 1558, 0, 311.049, 311.059, 0.01, 10,     0.827,
 2021, 1, 309.124, 309.124, 309.338, 0.214, 428, 309.338, 310.284, 0.946, 1258, 0, 310.284, 311.116, 0.833, 1666,     1.993,
 2033, 1, 310.546, 310.546, 310.556, 0.01, 3, 310.556, 311.299, 0.743, 1751, 0, 311.299, 311.32, 0.022, 43,     0.774,
 2031, 1, 310.299, 310.299, 310.459, 0.16, 320, 310.459, 311.175, 0.717, 1549, 0, 311.175, 311.332, 0.157, 315,     1.034,
 2035, 1, 310.752, 310.752, 310.797, 0.045, 66, 310.797, 311.525, 0.728, 1401, 0, 311.525, 311.535, 0.01, 7,     0.783,
 2032, 1, 310.525, 310.525, 310.752, 0.227, 442, 310.752, 311.47, 0.718, 1786, 0, 311.47, 311.545, 0.075, 142,     1.020,
 2037, 1, 310.828, 310.828, 310.858, 0.03, 40, 310.858, 311.592, 0.735, 1595, 0, 311.592, 311.606, 0.014, 27,     0.778,
 2036, 1, 310.797, 310.797, 310.808, 0.011, 22, 310.808, 311.744, 0.935, 1762, 0, 311.744, 311.837, 0.094, 167,     1.040,
 2038, 1, 311.034, 311.034, 311.205, 0.171, 343, 311.205, 311.921, 0.715, 1489, 0, 311.921, 311.933, 0.012, 25,     0.899,
 2041, 1, 311.219, 311.219, 311.392, 0.174, 148, 311.392, 312.126, 0.734, 1792, 0, 312.126, 312.15, 0.024, 48,     0.931,
 2039, 1, 311.174, 311.174, 311.284, 0.11, 137, 311.284, 312.005, 0.721, 1806, 0, 312.005, 312.198, 0.192, 385,     1.024,
 2040, 1, 311.2, 311.2, 311.318, 0.118, 33, 311.318, 312.186, 0.868, 2178, 0, 312.186, 312.321, 0.135, 255,     1.121,
 2042, 1, 311.483, 311.483, 311.515, 0.032, 55, 311.515, 312.262, 0.747, 1399, 0, 312.262, 312.341, 0.079, 143,     0.858,
 2034, 1, 310.654, 310.654, 311.64, 0.986, 1972, 311.64, 312.435, 0.795, 950, 0, 312.435, 312.468, 0.033, 65,     1.813,
 2043, 1, 311.69, 311.69, 311.739, 0.049, 98, 311.739, 312.642, 0.903, 1868, 0, 312.642, 312.753, 0.111, 222,     1.063,
 2046, 1, 311.952, 311.952, 312.007, 0.055, 124, 312.007, 312.737, 0.73, 1834, 0, 312.737, 312.795, 0.058, 116,     0.842,
 2045, 1, 311.854, 311.854, 311.945, 0.091, 148, 311.945, 312.869, 0.924, 1489, 0, 312.869, 312.889, 0.019, 39,     1.034,
 2047, 1, 312.141, 312.141, 312.252, 0.111, 209, 312.252, 312.966, 0.714, 1750, 0, 312.966, 312.986, 0.02, 40,     0.845,
 2044, 1, 311.77, 311.77, 311.84, 0.07, 114, 311.84, 313.019, 1.179, 1658, 0, 313.019, 313.04, 0.021, 42,     1.269,
 2048, 1, 312.546, 312.546, 312.556, 0.01, 16, 312.556, 313.268, 0.713, 1938, 0, 313.268, 313.287, 0.019, 37,     0.741,
 2050, 1, 312.685, 312.685, 312.739, 0.053, 97, 312.739, 313.461, 0.722, 1871, 0, 313.461, 313.471, 0.01, 17,     0.785,
 2049, 1, 312.672, 312.672, 312.739, 0.067, 133, 312.739, 313.457, 0.718, 2031, 0, 313.457, 313.497, 0.04, 81,     0.825,
 2052, 1, 312.919, 312.919, 312.97, 0.052, 102, 312.97, 313.71, 0.74, 1372, 0, 313.71, 313.72, 0.01, 8,     0.802,
 2053, 1, 313.078, 313.078, 313.111, 0.033, 41, 313.111, 313.824, 0.714, 1427, 0, 313.824, 313.967, 0.143, 284,     0.889,
 2055, 1, 313.128, 313.128, 313.135, 0.007, 15, 313.135, 313.96, 0.825, 1560, 0, 313.96, 313.977, 0.017, 32,     0.849,
 2054, 1, 313.111, 313.111, 313.121, 0.01, 4, 313.121, 313.874, 0.753, 1463, 0, 313.874, 314.073, 0.199, 398,     0.962,
 2051, 1, 312.872, 312.872, 313.206, 0.333, 650, 313.206, 314.073, 0.868, 1120, 0, 314.073, 314.087, 0.014, 28,     1.215,
 2057, 1, 313.262, 313.262, 313.287, 0.024, 49, 313.287, 314.123, 0.837, 1733, 0, 314.123, 314.138, 0.015, 30,     0.876,
 2056, 1, 313.218, 313.218, 313.321, 0.102, 210, 313.321, 314.212, 0.891, 917, 0, 314.212, 314.222, 0.01, 4,     1.004,
 2058, 1, 313.276, 313.276, 313.361, 0.085, 125, 313.361, 314.323, 0.963, 1763, 0, 314.323, 314.333, 0.01, 8,     1.058,
 2061, 1, 314.99, 314.99, 315.026, 0.036, 79, 315.026, 315.741, 0.716, 1656, 0, 315.741, 315.81, 0.068, 137,     0.820,
 2059, 1, 314.965, 314.965, 315.157, 0.192, 384, 315.157, 315.901, 0.744, 1931, 0, 315.901, 315.929, 0.028, 56,     0.964,
 2060, 1, 314.976, 314.976, 314.986, 0.01, 8, 314.986, 315.7, 0.714, 1486, 0, 315.7, 315.956, 0.256, 512,     0.980,
 2063, 1, 315.766, 315.766, 315.8, 0.034, 86, 315.8, 316.515, 0.715, 1646, 0, 316.515, 316.548, 0.033, 66,     0.782,
 2062, 1, 315.734, 315.734, 315.744, 0.01, 12, 315.744, 316.46, 0.716, 1193, 0, 316.46, 316.64, 0.18, 361,     0.907,
 2066, 1, 316.737, 316.737, 316.747, 0.01, 8, 316.747, 317.45, 0.704, 1740, 0, 317.45, 317.504, 0.054, 91,     0.768,
 2065, 1, 316.572, 316.572, 316.781, 0.208, 411, 316.781, 317.494, 0.714, 1276, 0, 317.494, 317.581, 0.087, 173,     1.008,
 2068, 1, 316.969, 316.969, 316.969, 0, 10, 316.969, 317.687, 0.718, 1228, 0, 317.687, 317.703, 0.016, 32,     0.734,
 2067, 1, 316.893, 316.893, 316.903, 0.01, 18, 316.903, 317.635, 0.732, 1567, 0, 317.635, 317.715, 0.079, 159,     0.822,
 2070, 1, 317.103, 317.103, 317.148, 0.046, 61, 317.148, 317.865, 0.717, 1581, 0, 317.865, 317.875, 0.01, 2,     0.773,
 2071, 1, 317.118, 317.118, 317.162, 0.044, 74, 317.162, 317.897, 0.735, 1508, 0, 317.897, 318.375, 0.478, 957,     1.257,
 2072, 1, 317.686, 317.686, 317.792, 0.106, 188, 317.792, 318.526, 0.734, 1336, 0, 318.526, 318.589, 0.062, 125,     0.903,
 2073, 1, 317.811, 317.811, 317.821, 0.01, 14, 317.821, 318.741, 0.92, 1165, 0, 318.741, 318.758, 0.017, 33,     0.947,
 2064, 1, 315.892, 315.892, 315.902, 0.01, 4, 315.902, 316.618, 0.716, 1863, 0, 316.618, 319.012, 2.394, 4753,     3.121,
 2075, 1, 317.876, 317.876, 317.931, 0.054, 109, 317.931, 319.121, 1.19, 1242, 0, 319.121, 319.162, 0.041, 81,     1.285,
 2079, 1, 318.421, 318.421, 318.49, 0.07, 133, 318.49, 319.217, 0.727, 820, 0, 319.217, 319.229, 0.012, 23,     0.808,
 2078, 1, 318.345, 318.345, 318.373, 0.027, 40, 318.373, 319.141, 0.769, 1459, 0, 319.141, 319.276, 0.135, 270,     0.931,
 2074, 1, 317.851, 317.851, 317.886, 0.035, 67, 317.886, 319.237, 1.351, 1589, 0, 319.237, 319.383, 0.145, 294,     1.532,
 2076, 1, 318.273, 318.273, 318.339, 0.065, 133, 318.339, 319.373, 1.034, 1279, 0, 319.373, 319.403, 0.03, 56,     1.129,
 2077, 1, 318.329, 318.329, 318.329, 0, 6, 318.329, 319.487, 1.158, 1287, 0, 319.487, 319.497, 0.01, 16,     1.168,
 2081, 1, 318.671, 318.671, 318.702, 0.031, 63, 318.702, 319.627, 0.924, 1437, 0, 319.627, 319.637, 0.01, 10,     0.966,
 2080, 1, 318.49, 318.49, 318.524, 0.034, 34, 318.524, 319.815, 1.291, 1963, 0, 319.815, 319.858, 0.042, 85,     1.368,
 2082, 1, 318.808, 318.808, 318.818, 0.01, 1, 318.818, 319.993, 1.176, 1516, 0, 319.993, 320.003, 0.01, 5,     1.196,
 2083, 1, 318.904, 318.904, 318.942, 0.038, 85, 318.942, 320.261, 1.319, 1572, 0, 320.261, 320.276, 0.015, 30,     1.372,
 2069, 1, 317.079, 317.079, 317.09, 0.01, 21, 317.09, 318.276, 1.186, 1650, 0, 318.276, 320.385, 2.109, 4218,     3.305,
 2087, 1, 319.623, 319.623, 319.655, 0.032, 64, 319.655, 320.442, 0.787, 1767, 0, 320.442, 320.455, 0.013, 26,     0.832,
 2085, 1, 319.46, 319.46, 319.502, 0.042, 66, 319.502, 320.776, 1.274, 1483, 0, 320.776, 320.786, 0.01, 13,     1.326,
 2086, 1, 319.502, 319.502, 319.531, 0.029, 44, 319.531, 320.913, 1.382, 1807, 0, 320.913, 320.941, 0.028, 35,     1.439,
 2084, 1, 319.319, 319.319, 319.362, 0.043, 58, 319.362, 321.169, 1.807, 1612, 0, 321.169, 321.297, 0.128, 243,     1.978,
 2088, 1, 320.112, 320.112, 320.122, 0.01, 5, 320.122, 321.287, 1.165, 1417, 0, 321.287, 321.36, 0.073, 154,     1.249,
 2089, 1, 320.181, 320.181, 320.29, 0.109, 181, 320.29, 321.418, 1.129, 1414, 0, 321.418, 321.428, 0.01, 17,     1.248,
 2090, 1, 320.575, 320.575, 320.585, 0.01, 1, 320.585, 321.668, 1.082, 1798, 0, 321.668, 321.697, 0.029, 74,     1.122,
 2091, 1, 320.589, 320.589, 320.88, 0.291, 589, 320.88, 321.787, 0.907, 1477, 0, 321.787, 321.822, 0.035, 58,     1.233,
 2092, 1, 320.824, 320.824, 320.914, 0.09, 163, 320.914, 321.917, 1.003, 1961, 0, 321.917, 321.927, 0.01, 17,     1.103,
 2093, 1, 320.967, 320.967, 321.14, 0.173, 324, 321.14, 322.036, 0.897, 1776, 0, 322.036, 322.046, 0.01, 14,     1.079,
 2094, 1, 321.056, 321.056, 321.056, 0, 10, 321.056, 321.767, 0.711, 1783, 0, 321.767, 322.196, 0.429, 858,     1.140,
 2096, 1, 321.466, 321.466, 321.499, 0.034, 67, 321.499, 322.215, 0.716, 1480, 0, 322.215, 322.263, 0.048, 96,     0.798,
 2097, 1, 321.526, 321.526, 321.583, 0.057, 115, 321.583, 322.332, 0.749, 1186, 0, 322.332, 322.342, 0.01, 3,     0.816,
 2095, 1, 321.215, 321.215, 321.225, 0.01, 3, 321.225, 322.177, 0.952, 1355, 0, 322.177, 322.529, 0.352, 689,     1.314,
 2098, 1, 321.691, 321.691, 321.713, 0.022, 30, 321.713, 322.427, 0.714, 1690, 0, 322.427, 322.648, 0.221, 442,     0.957,
 2099, 1, 321.96, 321.96, 321.998, 0.038, 77, 321.998, 322.725, 0.727, 1471, 0, 322.725, 322.735, 0.01, 14,     0.775,
 2100, 1, 322.092, 322.092, 322.126, 0.034, 70, 322.126, 322.847, 0.722, 1219, 0, 322.847, 322.911, 0.063, 127,     0.819,
 2102, 1, 322.204, 322.204, 322.224, 0.019, 39, 322.224, 323.167, 0.944, 1511, 0, 323.167, 323.221, 0.053, 107,     1.017,
 2103, 1, 322.468, 322.468, 322.504, 0.036, 56, 322.504, 323.424, 0.92, 1398, 0, 323.424, 323.424, 0, 9,     0.955,
 2101, 1, 322.187, 322.187, 322.235, 0.048, 92, 322.235, 323.407, 1.172, 1451, 0, 323.407, 323.427, 0.02, 36,     1.240,
 2104, 1, 322.68, 322.68, 322.705, 0.026, 58, 322.705, 323.417, 0.712, 1338, 0, 323.417, 323.512, 0.095, 172,     0.832,
 2106, 1, 322.817, 322.817, 322.817, 0, 6, 322.817, 323.667, 0.849, 1423, 0, 323.667, 323.745, 0.078, 157,     0.928,
 2105, 1, 322.767, 322.767, 322.864, 0.097, 196, 322.864, 324.025, 1.162, 1859, 0, 324.025, 324.211, 0.186, 372,     1.444,
 2107, 1, 323.284, 323.284, 323.318, 0.034, 39, 323.318, 324.188, 0.87, 1513, 0, 324.188, 324.231, 0.043, 97,     0.947,
 2109, 1, 323.855, 323.855, 323.865, 0.01, 19, 323.865, 324.595, 0.73, 1714, 0, 324.595, 324.606, 0.011, 22,     0.751,
 2110, 1, 323.882, 323.882, 323.892, 0.01, 14, 323.892, 324.606, 0.714, 1832, 0, 324.606, 324.616, 0.01, 7,     0.734,
 2108, 1, 323.752, 323.752, 323.77, 0.018, 36, 323.77, 324.505, 0.734, 1658, 0, 324.505, 324.813, 0.308, 617,     1.061,
 2114, 1, 324.098, 324.098, 324.167, 0.069, 153, 324.167, 324.935, 0.768, 1774, 0, 324.935, 324.96, 0.024, 49,     0.862,
 2113, 1, 324.043, 324.043, 324.214, 0.171, 342, 324.214, 324.935, 0.722, 1480, 0, 324.935, 325.02, 0.085, 164,     0.977,
 2116, 1, 324.221, 324.221, 324.253, 0.031, 79, 324.253, 324.975, 0.722, 1689, 0, 324.975, 325.053, 0.078, 165,     0.832,
 2112, 1, 323.982, 323.982, 324.014, 0.032, 50, 324.014, 325.185, 1.17, 1772, 0, 325.185, 325.195, 0.01, 4,     1.212,
 2115, 1, 324.143, 324.143, 324.181, 0.038, 3, 324.181, 325.102, 0.921, 1225, 0, 325.102, 325.208, 0.106, 212,     1.065,
 2118, 1, 324.362, 324.362, 324.385, 0.023, 26, 324.385, 325.185, 0.799, 1732, 0, 325.185, 325.225, 0.04, 52,     0.862,
 2111, 1, 323.917, 323.917, 323.927, 0.01, 5, 323.927, 325.225, 1.298, 829, 0, 325.225, 325.321, 0.096, 193,     1.404,
 2119, 1, 324.432, 324.432, 324.485, 0.053, 98, 324.485, 325.492, 1.007, 1717, 0, 325.492, 325.894, 0.402, 805,     1.462,
 2117, 1, 324.278, 324.278, 324.288, 0.01, 8, 324.288, 325.953, 1.665, 1434, 0, 325.953, 325.985, 0.031, 63,     1.707,
 2123, 1, 325.117, 325.117, 325.127, 0.01, 21, 325.127, 326.006, 0.878, 1371, 0, 326.006, 326.016, 0.01, 16,     0.898,
 2122, 1, 324.889, 324.889, 324.944, 0.055, 109, 324.944, 325.797, 0.853, 1860, 0, 325.797, 326.106, 0.308, 617,     1.216,
 2125, 1, 325.231, 325.231, 325.515, 0.284, 100, 325.515, 326.255, 0.74, 1663, 0, 326.255, 326.286, 0.03, 52,     1.055,
 2126, 1, 325.446, 325.446, 325.571, 0.125, 97, 325.571, 326.438, 0.868, 1415, 0, 326.438, 326.451, 0.013, 26,     1.005,
 2127, 1, 325.561, 325.561, 325.585, 0.024, 20, 325.585, 326.517, 0.933, 1132, 0, 326.517, 326.537, 0.02, 25,     0.976,
 2128, 1, 325.592, 325.592, 325.752, 0.159, 334, 325.752, 326.49, 0.739, 1385, 0, 326.49, 326.586, 0.095, 169,     0.994,
 2120, 1, 324.721, 324.721, 325.463, 0.742, 1498, 325.463, 326.177, 0.714, 1554, 0, 326.177, 326.596, 0.419, 852,     1.875,
 2121, 1, 324.861, 324.861, 324.884, 0.024, 32, 324.884, 325.756, 0.872, 1226, 0, 325.756, 326.759, 1.002, 2001,     1.898,
 2124, 1, 325.198, 325.198, 325.982, 0.784, 1536, 325.982, 326.7, 0.718, 843, 0, 326.7, 326.785, 0.084, 169,     1.587,
 2131, 1, 326.063, 326.063, 326.096, 0.034, 59, 326.096, 326.824, 0.728, 1073, 0, 326.824, 326.841, 0.017, 34,     0.779,
 2129, 1, 325.84, 325.84, 325.85, 0.01, 1, 325.85, 326.72, 0.87, 1785, 0, 326.72, 326.889, 0.168, 334,     1.048,
 2132, 1, 326.187, 326.187, 326.288, 0.101, 201, 326.288, 327.074, 0.786, 1157, 0, 327.074, 327.12, 0.046, 92,     0.933,
 2133, 1, 326.422, 326.422, 326.422, 0, 9, 326.422, 327.198, 0.777, 1212, 0, 327.198, 327.289, 0.09, 144,     0.867,
 2134, 1, 326.483, 326.483, 326.508, 0.024, 49, 326.508, 327.324, 0.816, 1072, 0, 327.324, 327.334, 0.01, 8,     0.850,
 2135, 1, 326.508, 326.508, 326.635, 0.128, 255, 326.635, 327.448, 0.812, 1873, 0, 327.448, 327.458, 0.01, 17,     0.950,
 2130, 1, 326.023, 326.023, 326.127, 0.104, 226, 326.127, 326.949, 0.822, 1868, 0, 326.949, 327.491, 0.541, 1083,     1.467,
 2136, 1, 327.143, 327.143, 327.158, 0.014, 29, 327.158, 327.887, 0.729, 1305, 0, 327.887, 327.901, 0.014, 28,     0.757,
 2137, 1, 327.414, 327.414, 327.414, 0, 9, 327.414, 328.15, 0.736, 1355, 0, 328.15, 328.195, 0.045, 89,     0.781,
 2138, 1, 327.552, 327.552, 327.562, 0.01, 26, 327.562, 328.288, 0.726, 1561, 0, 328.288, 328.376, 0.088, 176,     0.823,
 2139, 1, 327.606, 327.606, 327.684, 0.078, 157, 327.684, 328.4, 0.716, 1551, 0, 328.4, 328.421, 0.021, 26,     0.815,
 2140, 1, 327.801, 327.801, 327.801, 0, 9, 327.801, 328.788, 0.987, 1207, 0, 328.788, 328.798, 0.01, 8,     0.997,
 2141, 1, 328.272, 328.272, 328.287, 0.014, 29, 328.287, 329.013, 0.726, 1624, 0, 329.013, 329.195, 0.182, 365,     0.923,
 2142, 1, 328.469, 328.469, 328.48, 0.011, 22, 328.48, 329.207, 0.727, 1695, 0, 329.207, 329.631, 0.424, 848,     1.161,
 2144, 1, 329.1, 329.1, 329.11, 0.01, 28, 329.11, 329.826, 0.716, 1945, 0, 329.826, 329.836, 0.01, 13,     0.736,
 2145, 1, 329.138, 329.138, 329.175, 0.037, 74, 329.175, 329.891, 0.716, 1661, 0, 329.891, 329.953, 0.062, 123,     0.815,
 2146, 1, 329.483, 329.483, 329.49, 0.008, 8, 329.49, 330.213, 0.722, 1451, 0, 330.213, 330.283, 0.07, 140,     0.800,
 2147, 1, 329.839, 329.839, 329.849, 0.01, 3, 329.849, 330.564, 0.716, 1596, 0, 330.564, 330.586, 0.022, 43,     0.747,
 2148, 1, 330.215, 330.215, 330.23, 0.015, 50, 330.23, 330.947, 0.717, 1571, 0, 330.947, 330.957, 0.01, 1,     0.742,
 2149, 1, 330.402, 330.402, 330.466, 0.064, 122, 330.466, 331.178, 0.712, 1378, 0, 331.178, 331.47, 0.291, 583,     1.067,
 2151, 1, 330.944, 330.944, 330.965, 0.021, 56, 330.965, 331.685, 0.72, 1221, 0, 331.685, 331.863, 0.178, 356,     0.918,
 2152, 1, 331.055, 331.055, 331.22, 0.166, 331, 331.22, 331.941, 0.72, 1375, 0, 331.941, 331.956, 0.015, 31,     0.901,
 2153, 1, 331.104, 331.104, 331.208, 0.105, 173, 331.208, 331.941, 0.732, 2018, 0, 331.941, 332.092, 0.151, 302,     0.988,
 2154, 1, 331.414, 331.414, 331.488, 0.075, 124, 331.488, 332.21, 0.721, 1193, 0, 332.21, 332.22, 0.01, 9,     0.806,
 2156, 1, 331.5, 331.5, 331.51, 0.01, 17, 331.51, 332.25, 0.739, 1495, 0, 332.25, 332.269, 0.019, 38,     0.768,
 2155, 1, 331.472, 331.472, 331.5, 0.029, 57, 331.5, 332.23, 0.729, 1687, 0, 332.23, 332.417, 0.188, 376,     0.946,
 2158, 1, 331.848, 331.848, 331.858, 0.01, 17, 331.858, 332.572, 0.714, 1110, 0, 332.572, 332.593, 0.021, 41,     0.745,
 2159, 1, 332.115, 332.115, 332.125, 0.01, 15, 332.125, 332.871, 0.747, 1895, 0, 332.871, 332.881, 0.01, 11,     0.767,
 2160, 1, 332.164, 332.164, 332.174, 0.01, 11, 332.174, 332.958, 0.785, 1323, 0, 332.958, 333.011, 0.053, 105,     0.847,
 2161, 1, 332.199, 332.199, 332.209, 0.01, 1, 332.209, 333.012, 0.803, 1433, 0, 333.012, 333.049, 0.036, 76,     0.850,
 2150, 1, 330.521, 330.521, 330.776, 0.255, 505, 330.776, 331.501, 0.725, 1395, 0, 331.501, 333.077, 1.577, 3154,     2.557,
 2163, 1, 332.587, 332.587, 332.596, 0.01, 4, 332.596, 333.313, 0.716, 1082, 0, 333.313, 333.38, 0.067, 134,     0.793,
 2165, 1, 332.669, 332.669, 332.69, 0.021, 63, 332.69, 333.412, 0.722, 1793, 0, 333.412, 333.422, 0.01, 8,     0.754,
 2164, 1, 332.632, 332.632, 332.69, 0.058, 120, 332.69, 333.412, 0.722, 1827, 0, 333.412, 333.44, 0.028, 56,     0.808,
 2162, 1, 332.367, 332.367, 332.443, 0.076, 151, 332.443, 333.662, 1.219, 1200, 0, 333.662, 333.673, 0.01, 21,     1.306,
 2167, 1, 333.176, 333.176, 333.277, 0.101, 193, 333.277, 334.027, 0.749, 1119, 0, 334.027, 334.037, 0.01, 15,     0.861,
 2143, 1, 328.698, 328.698, 328.724, 0.026, 26, 328.724, 329.45, 0.726, 1989, 0, 329.45, 334.138, 4.688, 9377,     5.440,
 2168, 1, 333.532, 333.532, 333.583, 0.051, 103, 333.583, 334.303, 0.72, 1153, 0, 334.303, 334.343, 0.041, 50,     0.812,
 2170, 1, 333.686, 333.686, 333.752, 0.065, 131, 333.752, 334.494, 0.743, 1971, 0, 334.494, 334.504, 0.01, 16,     0.818,
 2169, 1, 333.589, 333.589, 333.617, 0.028, 32, 333.617, 334.529, 0.912, 1675, 0, 334.529, 334.593, 0.064, 128,     1.004,
 2172, 1, 333.875, 333.875, 333.91, 0.035, 74, 333.91, 334.623, 0.714, 1568, 0, 334.623, 334.664, 0.041, 81,     0.789,
 2173, 1, 334.022, 334.022, 334.032, 0.01, 3, 334.032, 334.797, 0.765, 2212, 0, 334.797, 334.807, 0.01, 21,     0.785,
 2171, 1, 333.813, 333.813, 334.263, 0.45, 900, 334.263, 335.063, 0.799, 1332, 0, 335.063, 335.079, 0.017, 33,     1.266,
 2176, 1, 334.268, 334.268, 334.278, 0.01, 24, 334.278, 335.203, 0.925, 1182, 0, 335.203, 335.222, 0.019, 37,     0.954,
 2174, 1, 334.205, 334.205, 334.22, 0.014, 34, 334.22, 334.952, 0.732, 1035, 0, 334.952, 335.294, 0.343, 686,     1.089,
 2177, 1, 334.412, 334.412, 334.508, 0.096, 192, 334.508, 335.312, 0.804, 1259, 0, 335.312, 335.47, 0.158, 317,     1.058,
 2178, 1, 334.837, 334.837, 334.847, 0.009, 9, 334.847, 335.562, 0.715, 1369, 0, 335.562, 335.577, 0.014, 29,     0.739,
 2166, 1, 332.87, 332.87, 332.927, 0.056, 121, 332.927, 333.912, 0.985, 1367, 0, 333.912, 335.7, 1.788, 3596,     2.830,
 2179, 1, 334.869, 334.869, 334.962, 0.093, 184, 334.962, 335.716, 0.754, 1201, 0, 335.716, 335.736, 0.019, 38,     0.866,
 2175, 1, 334.263, 334.263, 334.522, 0.258, 513, 334.522, 335.452, 0.93, 916, 0, 335.452, 335.808, 0.356, 712,     1.545,
 2180, 1, 334.889, 334.889, 335.134, 0.246, 492, 335.134, 335.96, 0.826, 1596, 0, 335.96, 336.06, 0.099, 208,     1.171,
 2182, 1, 334.952, 334.952, 335.182, 0.23, 208, 335.182, 336.068, 0.885, 1878, 0, 336.068, 336.068, 0, 7,     1.116,
 2181, 1, 334.923, 334.923, 335.071, 0.148, 198, 335.071, 335.811, 0.741, 1609, 0, 335.811, 336.154, 0.343, 693,     1.231,
 2183, 1, 335.621, 335.621, 335.641, 0.021, 27, 335.641, 336.364, 0.723, 1692, 0, 336.364, 336.384, 0.02, 39,     0.764,
 2184, 1, 335.641, 335.641, 335.651, 0.01, 2, 335.651, 336.374, 0.723, 1839, 0, 336.374, 336.384, 0.01, 1,     0.743,
 2186, 1, 335.764, 335.764, 335.782, 0.019, 37, 335.782, 336.614, 0.832, 1623, 0, 336.614, 336.654, 0.04, 70,     0.891,
 2187, 1, 335.785, 335.785, 335.827, 0.042, 85, 335.827, 336.634, 0.808, 1904, 0, 336.634, 336.688, 0.054, 108,     0.904,
 2185, 1, 335.729, 335.729, 335.729, 0, 9, 335.729, 336.634, 0.905, 1351, 0, 336.634, 336.835, 0.2, 401,     1.106,
 2189, 1, 335.817, 335.817, 335.907, 0.09, 158, 335.907, 336.863, 0.957, 1844, 0, 336.863, 336.873, 0.01, 2,     1.057,
 2191, 1, 336.029, 336.029, 336.039, 0.01, 5, 336.039, 336.883, 0.844, 1639, 0, 336.883, 336.915, 0.032, 64,     0.886,
 2188, 1, 335.796, 335.796, 335.857, 0.061, 114, 335.857, 336.883, 1.027, 1529, 0, 336.883, 337.045, 0.162, 324,     1.249,
 2190, 1, 335.818, 335.818, 335.877, 0.059, 26, 335.877, 337.113, 1.236, 1655, 0, 337.113, 337.123, 0.01, 20,     1.305,
 2192, 1, 336.068, 336.068, 336.093, 0.025, 42, 336.093, 337.113, 1.02, 1143, 0, 337.113, 337.22, 0.106, 213,     1.151,
 2193, 1, 336.292, 336.292, 336.348, 0.056, 123, 336.348, 337.143, 0.794, 886, 0, 337.143, 337.24, 0.097, 176,     0.947,
 2194, 1, 336.529, 336.529, 336.553, 0.024, 32, 336.553, 337.398, 0.845, 1653, 0, 337.398, 337.46, 0.062, 125,     0.931,
 2198, 1, 336.697, 336.697, 336.802, 0.106, 222, 336.802, 337.52, 0.718, 1320, 0, 337.52, 337.53, 0.01, 4,     0.833,
 2197, 1, 336.661, 336.661, 336.677, 0.016, 32, 336.677, 337.609, 0.931, 1054, 0, 337.609, 337.648, 0.04, 59,     0.987,
 2195, 1, 336.543, 336.543, 336.593, 0.05, 100, 336.593, 337.614, 1.021, 1072, 0, 337.614, 337.648, 0.034, 65,     1.105,
 2196, 1, 336.566, 336.566, 336.996, 0.43, 866, 336.996, 337.77, 0.774, 1541, 0, 337.77, 337.78, 0.01, 12,     1.214,
 2201, 1, 337.186, 337.186, 337.232, 0.046, 93, 337.232, 337.96, 0.728, 1151, 0, 337.96, 338.132, 0.172, 345,     0.946,
 2200, 1, 337.108, 337.108, 337.279, 0.171, 317, 337.279, 338.177, 0.898, 1560, 0, 338.177, 338.187, 0.01, 15,     1.079,
 2199, 1, 336.935, 336.935, 336.945, 0.01, 1, 336.945, 337.68, 0.735, 1219, 0, 337.68, 338.197, 0.518, 1029,     1.262,
 2202, 1, 337.61, 337.61, 337.62, 0.01, 4, 337.62, 338.354, 0.733, 1480, 0, 338.354, 338.364, 0.01, 13,     0.753,
 2157, 1, 331.596, 331.596, 331.606, 0.01, 9, 331.606, 332.709, 1.104, 1210, 0, 332.709, 338.547, 5.838, 11677,     6.952,
 2206, 1, 338.061, 338.061, 338.071, 0.01, 17, 338.071, 338.773, 0.702, 1693, 0, 338.773, 338.783, 0.01, 21,     0.723,
 2204, 1, 337.822, 337.822, 337.922, 0.1, 201, 337.922, 338.657, 0.735, 1535, 0, 338.657, 338.87, 0.213, 417,     1.048,
 2205, 1, 337.881, 337.881, 337.977, 0.096, 110, 337.977, 338.693, 0.716, 1481, 0, 338.693, 338.918, 0.225, 451,     1.037,
 2207, 1, 338.077, 338.077, 338.087, 0.01, 20, 338.087, 338.907, 0.82, 1297, 0, 338.907, 338.938, 0.031, 55,     0.862,
 2203, 1, 337.688, 337.688, 338.416, 0.728, 1467, 338.416, 339.156, 0.74, 1466, 0, 339.156, 339.424, 0.268, 536,     1.736,
 2208, 1, 338.12, 338.12, 338.163, 0.042, 85, 338.163, 339.023, 0.86, 995, 0, 339.023, 339.56, 0.537, 1074,     1.439,
 2211, 1, 338.986, 338.986, 339.018, 0.033, 65, 339.018, 339.739, 0.72, 1812, 0, 339.739, 339.749, 0.01, 2,     0.763,
 2209, 1, 338.789, 338.789, 339.091, 0.302, 619, 339.091, 339.859, 0.768, 1818, 0, 339.859, 339.869, 0.01, 17,     1.081,
 2210, 1, 338.93, 338.93, 338.942, 0.012, 23, 338.942, 339.653, 0.711, 1893, 0, 339.653, 339.958, 0.305, 611,     1.028,
 2214, 1, 339.164, 339.164, 339.217, 0.053, 80, 339.217, 339.933, 0.716, 1555, 0, 339.933, 339.99, 0.057, 114,     0.825,
 2212, 1, 339.028, 339.028, 339.028, 0, 11, 339.028, 339.751, 0.724, 1701, 0, 339.751, 340.216, 0.465, 907,     1.189,
 2215, 1, 339.456, 339.456, 339.484, 0.028, 56, 339.484, 340.216, 0.733, 1091, 0, 340.216, 340.308, 0.091, 183,     0.852,
 2216, 1, 339.505, 339.505, 339.538, 0.034, 82, 339.538, 340.282, 0.743, 1675, 0, 340.282, 340.328, 0.046, 72,     0.823,
 2218, 1, 339.614, 339.614, 339.614, 0, 8, 339.614, 340.476, 0.861, 1669, 0, 340.476, 340.494, 0.019, 38,     0.880,
 2217, 1, 339.565, 339.565, 339.575, 0.01, 20, 339.575, 340.466, 0.891, 1472, 0, 340.466, 340.633, 0.167, 335,     1.068,
 2219, 1, 339.844, 339.844, 339.907, 0.063, 116, 339.907, 340.721, 0.814, 910, 0, 340.721, 340.755, 0.034, 78,     0.911,
 2220, 1, 339.955, 339.955, 339.975, 0.02, 41, 339.975, 340.876, 0.901, 1446, 0, 340.876, 340.886, 0.01, 12,     0.931,
 2222, 1, 340.041, 340.041, 340.051, 0.01, 12, 340.051, 340.971, 0.92, 1604, 0, 340.971, 340.981, 0.01, 8,     0.940,
 2213, 1, 339.126, 339.126, 339.951, 0.826, 1652, 339.951, 340.981, 1.03, 1412, 0, 340.981, 340.991, 0.01, 12,     1.866,
 2223, 1, 340.104, 340.104, 340.141, 0.037, 74, 340.141, 341.144, 1.003, 1531, 0, 341.144, 341.162, 0.019, 37,     1.058,
 2224, 1, 340.197, 340.197, 340.283, 0.086, 168, 340.283, 341.231, 0.948, 1604, 0, 341.231, 341.255, 0.024, 49,     1.058,
 2221, 1, 340.022, 340.022, 340.061, 0.039, 59, 340.061, 341.231, 1.17, 1398, 0, 341.231, 341.294, 0.063, 127,     1.272,
 2227, 1, 340.742, 340.742, 340.752, 0.01, 12, 340.752, 341.467, 0.715, 1004, 0, 341.467, 341.516, 0.049, 98,     0.774,
 2225, 1, 340.4, 340.4, 340.41, 0.01, 6, 340.41, 341.48, 1.07, 1553, 0, 341.48, 341.536, 0.056, 97,     1.136,
 2226, 1, 340.665, 340.665, 340.705, 0.04, 81, 340.705, 341.684, 0.979, 1800, 0, 341.684, 341.694, 0.01, 15,     1.029,
 2229, 1, 340.836, 340.836, 340.977, 0.141, 290, 340.977, 341.705, 0.728, 1555, 0, 341.705, 341.717, 0.012, 24,     0.881,
 2228, 1, 340.803, 340.803, 340.803, 0, 4, 340.803, 341.717, 0.914, 1067, 0, 341.717, 341.789, 0.072, 144,     0.986,
 2230, 1, 341.15, 341.15, 341.16, 0.01, 39, 341.16, 341.966, 0.807, 1216, 0, 341.966, 341.976, 0.01, 18,     0.827,
 2231, 1, 341.241, 341.241, 341.258, 0.017, 38, 341.258, 341.986, 0.729, 1400, 0, 341.986, 341.996, 0.01, 1,     0.756,
 2233, 1, 341.412, 341.412, 341.429, 0.017, 34, 341.429, 342.145, 0.716, 1638, 0, 342.145, 342.157, 0.012, 25,     0.745,
 2234, 1, 341.806, 341.806, 341.816, 0.01, 13, 341.816, 342.528, 0.712, 1252, 0, 342.528, 342.578, 0.05, 87,     0.772,
 2236, 1, 341.875, 341.875, 341.921, 0.046, 91, 341.921, 342.652, 0.731, 1140, 0, 342.652, 342.673, 0.022, 43,     0.798,
 2232, 1, 341.351, 341.351, 341.596, 0.245, 490, 341.596, 342.452, 0.856, 1598, 0, 342.452, 342.726, 0.274, 549,     1.375,
 2237, 1, 342.054, 342.054, 342.092, 0.038, 62, 342.092, 342.827, 0.735, 1068, 0, 342.827, 342.854, 0.027, 55,     0.800,
 2235, 1, 341.825, 341.825, 341.825, 0, 3, 341.825, 342.558, 0.733, 1179, 0, 342.558, 342.912, 0.354, 708,     1.087,
 2238, 1, 342.082, 342.082, 342.385, 0.303, 607, 342.385, 343.125, 0.74, 1017, 0, 343.125, 343.135, 0.01, 8,     1.053,
 2240, 1, 342.219, 342.219, 342.399, 0.18, 27, 342.399, 343.125, 0.726, 1496, 0, 343.125, 343.155, 0.03, 59,     0.937,
 2239, 1, 342.146, 342.146, 342.552, 0.406, 812, 342.552, 343.267, 0.716, 1321, 0, 343.267, 343.345, 0.078, 156,     1.200,
 2241, 1, 342.844, 342.844, 342.938, 0.094, 177, 342.938, 343.649, 0.711, 1640, 0, 343.649, 343.677, 0.027, 55,     0.832,
 2242, 1, 342.864, 342.864, 343.046, 0.182, 342, 343.046, 343.774, 0.728, 851, 0, 343.774, 343.809, 0.035, 70,     0.945,
 2243, 1, 342.928, 342.928, 342.948, 0.02, 4, 342.948, 343.865, 0.917, 1585, 0, 343.865, 343.967, 0.101, 203,     1.038,
 2244, 1, 343.202, 343.202, 343.21, 0.008, 22, 343.21, 343.94, 0.73, 1568, 0, 343.94, 343.987, 0.046, 64,     0.785,
 2245, 1, 343.445, 343.445, 343.445, 0, 11, 343.445, 344.182, 0.737, 1893, 0, 344.182, 344.237, 0.055, 111,     0.792,
 2246, 1, 343.471, 343.471, 343.593, 0.123, 246, 343.593, 344.309, 0.716, 1806, 0, 344.309, 344.343, 0.034, 68,     0.873,
 2247, 1, 343.615, 343.615, 343.63, 0.015, 46, 343.63, 344.346, 0.716, 1625, 0, 344.346, 344.356, 0.01, 10,     0.742,
 2248, 1, 343.702, 343.702, 343.734, 0.032, 65, 343.734, 344.482, 0.748, 1119, 0, 344.482, 344.492, 0.01, 2,     0.790,
 2249, 1, 343.724, 343.724, 343.78, 0.056, 102, 343.78, 344.51, 0.73, 1254, 0, 344.51, 344.52, 0.01, 17,     0.796,
 2250, 1, 343.77, 343.77, 343.78, 0.01, 7, 343.78, 344.564, 0.784, 1870, 0, 344.564, 344.664, 0.1, 200,     0.894,
 2252, 1, 344.078, 344.078, 344.078, 0, 14, 344.078, 344.793, 0.715, 1882, 0, 344.793, 344.806, 0.013, 26,     0.728,
 2251, 1, 343.808, 343.808, 343.833, 0.025, 52, 343.833, 344.853, 1.02, 1444, 0, 344.853, 344.981, 0.127, 255,     1.173,
 2253, 1, 344.085, 344.085, 344.269, 0.183, 363, 344.269, 344.983, 0.715, 1758, 0, 344.983, 345.038, 0.055, 116,     0.953,
 2254, 1, 344.242, 344.242, 344.269, 0.026, 47, 344.269, 344.983, 0.715, 1257, 0, 344.983, 345.241, 0.258, 502,     0.999,
 2257, 1, 344.483, 344.483, 344.517, 0.034, 70, 344.517, 345.231, 0.714, 1618, 0, 345.231, 345.241, 0.01, 11,     0.758,
 2256, 1, 344.326, 344.326, 344.343, 0.017, 26, 344.343, 345.231, 0.888, 1279, 0, 345.231, 345.251, 0.02, 21,     0.925,
 2255, 1, 344.303, 344.303, 344.363, 0.06, 114, 344.363, 345.231, 0.868, 1416, 0, 345.231, 345.272, 0.041, 81,     0.969,
 2258, 1, 344.578, 344.578, 344.694, 0.116, 229, 344.694, 345.483, 0.788, 1345, 0, 345.483, 345.532, 0.049, 99,     0.954,
 2259, 1, 345.347, 345.347, 345.402, 0.055, 111, 345.402, 346.13, 0.728, 988, 0, 346.13, 346.427, 0.297, 594,     1.080,
 2261, 1, 345.745, 345.745, 345.764, 0.019, 38, 345.764, 346.482, 0.719, 1859, 0, 346.482, 346.492, 0.01, 19,     0.748,
 2260, 1, 345.687, 345.687, 345.697, 0.01, 6, 345.697, 346.629, 0.932, 1357, 0, 346.629, 346.705, 0.076, 152,     1.018,
 2264, 1, 346.037, 346.037, 346.063, 0.026, 67, 346.063, 346.784, 0.721, 2287, 0, 346.784, 346.794, 0.01, 18,     0.758,
 2263, 1, 345.98, 345.98, 346.016, 0.036, 79, 346.016, 346.897, 0.881, 1921, 0, 346.897, 346.948, 0.051, 92,     0.968,
 2262, 1, 345.841, 345.841, 346.151, 0.31, 620, 346.151, 346.938, 0.787, 1420, 0, 346.938, 347.08, 0.141, 283,     1.238,
 2266, 1, 346.242, 346.242, 346.308, 0.066, 134, 346.308, 347.033, 0.725, 1839, 0, 347.033, 347.127, 0.094, 187,     0.885,
 2267, 1, 346.403, 346.403, 346.413, 0.01, 1, 346.413, 347.127, 0.714, 1215, 0, 347.127, 347.156, 0.029, 57,     0.753,
 2265, 1, 346.184, 346.184, 346.217, 0.033, 84, 346.217, 347.146, 0.929, 1480, 0, 347.146, 347.156, 0.01, 10,     0.972,
 2268, 1, 346.571, 346.571, 346.581, 0.01, 9, 346.581, 347.317, 0.736, 1419, 0, 347.317, 347.378, 0.061, 106,     0.807,
 2269, 1, 346.687, 346.687, 346.697, 0.01, 18, 346.697, 347.426, 0.728, 972, 0, 347.426, 347.501, 0.076, 142,     0.814,
 2272, 1, 347.133, 347.133, 347.138, 0.005, 19, 347.138, 347.86, 0.722, 1342, 0, 347.86, 347.87, 0.01, 15,     0.737,
 2270, 1, 346.721, 346.721, 346.981, 0.26, 521, 346.981, 347.712, 0.731, 1066, 0, 347.712, 347.937, 0.225, 451,     1.216,
 2273, 1, 347.233, 347.233, 347.248, 0.015, 38, 347.248, 347.962, 0.714, 1670, 0, 347.962, 347.976, 0.014, 29,     0.743,
 2271, 1, 346.96, 346.96, 347.313, 0.353, 707, 347.313, 348.117, 0.804, 971, 0, 348.117, 348.466, 0.349, 698,     1.506,
 2274, 1, 347.657, 347.657, 347.782, 0.125, 250, 347.782, 348.51, 0.728, 1415, 0, 348.51, 348.516, 0.006, 7,     0.859,
 2275, 1, 347.856, 347.856, 347.924, 0.068, 125, 347.924, 348.644, 0.719, 1615, 0, 348.644, 348.793, 0.15, 291,     0.937,
 2277, 1, 348.024, 348.024, 348.052, 0.027, 55, 348.052, 348.783, 0.732, 1411, 0, 348.783, 348.803, 0.02, 29,     0.779,
 2278, 1, 348.121, 348.121, 348.255, 0.134, 272, 348.255, 349, 0.745, 2050, 0, 349, 349.035, 0.035, 32,     0.914,
 2281, 1, 348.271, 348.271, 348.271, 0, 3, 348.271, 349.154, 0.884, 1516, 0, 349.154, 349.23, 0.076, 152,     0.959,
 2279, 1, 348.215, 348.215, 348.374, 0.16, 290, 348.374, 349.249, 0.874, 1847, 0, 349.249, 349.261, 0.012, 25,     1.047,
 2280, 1, 348.226, 348.226, 348.269, 0.042, 16, 348.269, 349.055, 0.786, 1120, 0, 349.055, 349.28, 0.226, 452,     1.054,
 2276, 1, 347.967, 347.967, 348.119, 0.152, 285, 348.119, 348.893, 0.775, 1919, 0, 348.893, 349.719, 0.826, 1648,     1.753,
 2284, 1, 348.959, 348.959, 349.008, 0.049, 90, 349.008, 349.739, 0.731, 1150, 0, 349.739, 349.844, 0.105, 207,     0.885,
 2285, 1, 348.969, 348.969, 348.983, 0.014, 27, 348.983, 349.834, 0.851, 1168, 0, 349.834, 349.854, 0.02, 33,     0.885,
 2283, 1, 348.855, 348.855, 348.913, 0.058, 105, 348.913, 349.989, 1.076, 1748, 0, 349.989, 350.018, 0.029, 30,     1.162,
 2286, 1, 349.122, 349.122, 349.122, 0, 17, 349.122, 350.084, 0.962, 866, 0, 350.084, 350.119, 0.035, 70,     0.997,
 2288, 1, 349.159, 349.159, 349.404, 0.245, 491, 349.404, 350.13, 0.726, 1580, 0, 350.13, 350.142, 0.012, 25,     0.983,
 2282, 1, 348.773, 348.773, 348.8, 0.026, 53, 348.8, 349.525, 0.726, 1424, 0, 349.525, 350.266, 0.741, 1483,     1.493,
 2289, 1, 349.443, 349.443, 349.593, 0.15, 271, 349.593, 350.333, 0.74, 1068, 0, 350.333, 350.363, 0.03, 54,     0.920,
 2287, 1, 349.138, 349.138, 349.148, 0.01, 20, 349.148, 350.245, 1.097, 1609, 0, 350.245, 350.384, 0.139, 279,     1.246,
 2290, 1, 349.666, 349.666, 349.697, 0.031, 30, 349.697, 350.413, 0.716, 1809, 0, 350.413, 350.516, 0.103, 222,     0.850,
 2291, 1, 349.775, 349.775, 349.785, 0.01, 15, 349.785, 350.506, 0.721, 1809, 0, 350.506, 350.516, 0.01, 2,     0.741,
 2293, 1, 350.227, 350.227, 350.255, 0.028, 51, 350.255, 350.966, 0.711, 1250, 0, 350.966, 350.985, 0.019, 38,     0.758,
 2292, 1, 350.058, 350.058, 350.058, 0, 3, 350.058, 350.775, 0.717, 1290, 0, 350.775, 351.005, 0.23, 425,     0.947,
 2294, 1, 350.297, 350.297, 350.354, 0.057, 82, 350.354, 351.068, 0.714, 1547, 0, 351.068, 351.085, 0.017, 34,     0.788,
 2296, 1, 350.394, 350.394, 350.402, 0.008, 28, 350.402, 351.166, 0.764, 694, 0, 351.166, 351.199, 0.033, 66,     0.805,
 2295, 1, 350.373, 350.373, 350.394, 0.02, 49, 350.394, 351.218, 0.824, 1561, 0, 351.218, 351.229, 0.011, 22,     0.856,
 2297, 1, 350.627, 350.627, 350.637, 0.01, 4, 350.637, 351.352, 0.715, 1656, 0, 351.352, 351.367, 0.015, 38,     0.740,
 2298, 1, 350.772, 350.772, 350.782, 0.01, 5, 350.782, 351.498, 0.716, 1481, 0, 351.498, 351.524, 0.026, 53,     0.752,
 2301, 1, 351.243, 351.243, 351.276, 0.034, 45, 351.276, 352.001, 0.724, 2101, 0, 352.001, 352.017, 0.016, 32,     0.774,
 2300, 1, 351.197, 351.197, 351.231, 0.034, 75, 351.231, 351.951, 0.72, 1699, 0, 351.951, 352.045, 0.094, 188,     0.848,
 2299, 1, 351.162, 351.162, 351.485, 0.323, 646, 351.485, 352.2, 0.715, 896, 0, 352.2, 352.251, 0.051, 89,     1.089,
 2303, 1, 351.491, 351.491, 351.555, 0.064, 142, 351.555, 352.276, 0.721, 1878, 0, 352.276, 352.294, 0.017, 35,     0.802,
 2302, 1, 351.283, 351.283, 351.305, 0.022, 57, 351.305, 352.394, 1.089, 1114, 0, 352.394, 352.417, 0.024, 47,     1.134,
 2305, 1, 351.792, 351.792, 351.802, 0.01, 3, 351.802, 352.526, 0.724, 2295, 0, 352.526, 352.555, 0.029, 22,     0.763,
 2304, 1, 351.767, 351.767, 352.065, 0.298, 608, 352.065, 352.788, 0.723, 1370, 0, 352.788, 352.844, 0.055, 111,     1.076,
 2306, 1, 352.034, 352.034, 352.045, 0.011, 27, 352.045, 352.776, 0.731, 1950, 0, 352.776, 352.863, 0.087, 146,     0.829,
 2308, 1, 352.23, 352.23, 352.24, 0.01, 3, 352.24, 352.962, 0.722, 2418, 0, 352.962, 353.288, 0.326, 652,     1.058,
 2307, 1, 352.052, 352.052, 352.297, 0.245, 483, 352.297, 353.277, 0.98, 1288, 0, 353.277, 353.308, 0.03, 48,     1.256,
 2310, 1, 352.473, 352.473, 352.473, 0, 15, 352.473, 353.212, 0.739, 1563, 0, 353.212, 353.328, 0.116, 223,     0.855,
 2311, 1, 352.607, 352.607, 352.707, 0.1, 166, 352.707, 353.527, 0.82, 1484, 0, 353.527, 353.538, 0.012, 23,     0.931,
 2309, 1, 352.371, 352.371, 352.419, 0.048, 108, 352.419, 353.15, 0.731, 1240, 0, 353.15, 353.751, 0.601, 1202,     1.380,
 2312, 1, 352.881, 352.881, 353.016, 0.135, 256, 353.016, 353.737, 0.721, 1184, 0, 353.737, 353.771, 0.034, 59,     0.890,
 2313, 1, 353.058, 353.058, 353.074, 0.016, 32, 353.074, 353.821, 0.747, 1321, 0, 353.821, 353.84, 0.019, 38,     0.782,
 2314, 1, 353.14, 353.14, 353.168, 0.027, 55, 353.168, 353.896, 0.728, 1652, 0, 353.896, 353.929, 0.033, 66,     0.788,
 2316, 1, 353.322, 353.322, 353.329, 0.007, 13, 353.329, 354.055, 0.726, 1104, 0, 354.055, 354.092, 0.037, 74,     0.770,
 2315, 1, 353.319, 353.319, 353.322, 0.003, 6, 353.322, 354.145, 0.823, 1028, 0, 354.145, 354.191, 0.046, 92,     0.873,
 2317, 1, 353.351, 353.351, 353.403, 0.052, 90, 353.403, 354.103, 0.7, 1744, 0, 354.103, 354.211, 0.108, 202,     0.860,
 2318, 1, 353.65, 353.65, 353.655, 0.005, 19, 353.655, 354.383, 0.728, 1449, 0, 354.383, 354.393, 0.01, 13,     0.743,
 2319, 1, 353.671, 353.671, 353.671, 0, 1, 353.671, 354.395, 0.724, 1238, 0, 354.395, 354.524, 0.129, 264,     0.853,
 2320, 1, 353.728, 353.728, 353.758, 0.029, 59, 353.758, 354.584, 0.826, 1308, 0, 354.584, 354.613, 0.029, 58,     0.885,
 2322, 1, 354.129, 354.129, 354.319, 0.19, 383, 354.319, 355.033, 0.714, 1655, 0, 355.033, 355.079, 0.046, 92,     0.951,
 2323, 1, 354.357, 354.357, 354.37, 0.014, 35, 354.37, 355.105, 0.734, 1515, 0, 355.105, 355.145, 0.04, 80,     0.788,
 2321, 1, 354.058, 354.058, 354.093, 0.035, 51, 354.093, 354.809, 0.716, 1340, 0, 354.809, 355.532, 0.723, 1428,     1.474,
 2325, 1, 354.844, 354.844, 354.883, 0.039, 48, 354.883, 355.639, 0.756, 1494, 0, 355.639, 355.651, 0.012, 25,     0.808,
 2324, 1, 354.702, 354.702, 354.883, 0.181, 378, 354.883, 355.683, 0.8, 1491, 0, 355.683, 355.852, 0.168, 321,     1.150,
 2326, 1, 354.941, 354.941, 355.02, 0.079, 137, 355.02, 355.933, 0.913, 1858, 0, 355.933, 356.007, 0.074, 148,     1.066,
 2329, 1, 355.224, 355.224, 355.234, 0.01, 5, 355.234, 356.043, 0.809, 990, 0, 356.043, 356.073, 0.029, 59,     0.848,
 2327, 1, 354.964, 354.964, 355.183, 0.219, 431, 355.183, 356.192, 1.009, 1617, 0, 356.192, 356.246, 0.053, 107,     1.281,
 2331, 1, 355.722, 355.722, 355.748, 0.026, 65, 355.748, 356.559, 0.811, 1645, 0, 356.559, 356.978, 0.419, 851,     1.256,
 2334, 1, 356.011, 356.011, 356.246, 0.235, 308, 356.246, 356.983, 0.736, 1327, 0, 356.983, 357.002, 0.019, 48,     0.991,
 2332, 1, 355.88, 355.88, 356.091, 0.211, 423, 356.091, 357.075, 0.984, 1653, 0, 357.075, 357.105, 0.03, 70,     1.225,
 2330, 1, 355.366, 355.366, 355.366, 0, 10, 355.366, 356.445, 1.079, 1665, 0, 356.445, 357.244, 0.799, 1580,     1.878,
 2336, 1, 356.113, 356.113, 356.473, 0.361, 244, 356.473, 357.234, 0.761, 1374, 0, 357.234, 357.244, 0.01, 16,     1.132,
 2335, 1, 356.029, 356.029, 356.341, 0.312, 189, 356.341, 357.324, 0.984, 2206, 0, 357.324, 357.349, 0.024, 59,     1.320,
 2339, 1, 356.742, 356.742, 356.752, 0.01, 10, 356.752, 357.484, 0.733, 1547, 0, 357.484, 357.531, 0.047, 79,     0.790,
 2337, 1, 356.236, 356.236, 356.527, 0.291, 103, 356.527, 357.573, 1.046, 1308, 0, 357.573, 357.6, 0.026, 24,     1.363,
 2338, 1, 356.269, 356.269, 356.541, 0.272, 2, 356.541, 357.521, 0.98, 1400, 0, 357.521, 357.652, 0.131, 262,     1.383,
 2340, 1, 356.926, 356.926, 356.967, 0.041, 82, 356.967, 357.832, 0.865, 1913, 0, 357.832, 357.914, 0.082, 140,     0.987,
 2333, 1, 355.889, 355.889, 357.352, 1.464, 2936, 357.352, 358.067, 0.715, 1576, 0, 358.067, 358.077, 0.01, 13,     2.189,
 2341, 1, 357.475, 357.475, 357.876, 0.402, 804, 357.876, 358.599, 0.723, 1392, 0, 358.599, 358.738, 0.139, 279,     1.263,
 2342, 1, 357.481, 357.481, 358.14, 0.659, 1331, 358.14, 358.863, 0.723, 1509, 0, 358.863, 358.873, 0.01, 14,     1.392,
 2344, 1, 357.656, 357.656, 358.185, 0.529, 80, 358.185, 358.895, 0.71, 1171, 0, 358.895, 358.942, 0.046, 102,     1.286,
 2345, 1, 357.71, 357.71, 358.207, 0.497, 44, 358.207, 358.929, 0.722, 1496, 0, 358.929, 358.993, 0.063, 127,     1.283,
 2347, 1, 357.94, 357.94, 358.561, 0.621, 5, 358.561, 359.294, 0.733, 1756, 0, 359.294, 359.306, 0.012, 24,     1.366,
 2343, 1, 357.491, 357.491, 358.595, 1.104, 1404, 358.595, 359.31, 0.715, 1642, 0, 359.31, 359.331, 0.022, 51,     1.840,
 2349, 1, 358.047, 358.047, 358.608, 0.561, 19, 358.608, 359.336, 0.728, 1092, 0, 359.336, 359.346, 0.01, 30,     1.299,
 2346, 1, 357.833, 357.833, 358.547, 0.714, 681, 358.547, 359.282, 0.735, 1768, 0, 359.282, 359.449, 0.167, 335,     1.616,
 2350, 1, 358.095, 358.095, 358.674, 0.579, 100, 358.674, 359.531, 0.857, 1065, 0, 359.531, 359.541, 0.01, 10,     1.446,
 2351, 1, 358.127, 358.127, 358.749, 0.621, 149, 358.749, 359.551, 0.802, 1855, 0, 359.551, 359.575, 0.024, 47,     1.448,
 2352, 1, 358.175, 358.175, 358.793, 0.618, 80, 358.793, 359.565, 0.772, 1214, 0, 359.565, 359.575, 0.01, 4,     1.400,
 2353, 1, 358.211, 358.211, 358.819, 0.608, 44, 358.819, 359.585, 0.766, 1347, 0, 359.585, 359.595, 0.01, 8,     1.384,
 2328, 1, 355.173, 355.173, 355.318, 0.145, 276, 355.318, 356.289, 0.972, 1530, 0, 356.289, 359.757, 3.468, 6936,     4.584,
 2354, 1, 359.734, 359.734, 359.744, 0.01, 3, 359.744, 360.464, 0.72, 1838, 0, 360.464, 360.553, 0.089, 178,     0.819,
 2348, 1, 357.953, 357.953, 358.833, 0.88, 542, 358.833, 359.79, 0.956, 1511, 0, 359.79, 360.657, 0.867, 1717,     2.704,
 2355, 1, 359.932, 359.932, 359.932, 0, 1, 359.932, 360.647, 0.715, 1524, 0, 360.647, 360.657, 0.01, 12,     0.725,
 2356, 1, 359.951, 359.951, 359.985, 0.034, 78, 359.985, 360.716, 0.732, 1625, 0, 360.716, 360.726, 0.01, 12,     0.775,
 2357, 1, 360.163, 360.163, 360.163, 0, 3, 360.163, 360.972, 0.809, 1815, 0, 360.972, 361.001, 0.029, 59,     0.839,
 2358, 1, 360.29, 360.29, 360.303, 0.013, 26, 360.303, 361.026, 0.723, 1242, 0, 361.026, 361.036, 0.01, 14,     0.746,
 2359, 1, 360.485, 360.485, 360.485, 0, 6, 360.485, 361.202, 0.716, 768, 0, 361.202, 361.212, 0.01, 1,     0.726,
 2361, 1, 360.819, 360.819, 360.819, 0, 7, 360.819, 361.556, 0.737, 1388, 0, 361.556, 361.566, 0.01, 1,     0.747,
 2360, 1, 360.798, 360.798, 360.826, 0.028, 56, 360.826, 361.556, 0.73, 1685, 0, 361.556, 361.641, 0.085, 170,     0.843,
 2363, 1, 361.022, 361.022, 361.116, 0.094, 164, 361.116, 361.835, 0.719, 1899, 0, 361.835, 361.845, 0.01, 3,     0.823,
 2362, 1, 360.918, 360.918, 361.276, 0.359, 718, 361.276, 361.98, 0.704, 1088, 0, 361.98, 361.98, 0, 3,     1.062,
 2365, 1, 361.147, 361.147, 361.301, 0.154, 49, 361.301, 362.102, 0.801, 1371, 0, 362.102, 362.216, 0.114, 223,     1.069,
 2366, 1, 361.446, 361.446, 361.497, 0.051, 97, 361.497, 362.206, 0.709, 1267, 0, 362.206, 362.236, 0.03, 54,     0.789,
 2364, 1, 361.066, 361.066, 362.787, 1.72, 3322, 362.787, 363.504, 0.717, 626, 0, 363.504, 363.584, 0.08, 160,     2.518,
 2368, 1, 362.05, 362.05, 363.08, 1.03, 587, 363.08, 363.805, 0.726, 1510, 0, 363.805, 363.815, 0.01, 6,     1.766,
 2372, 1, 362.226, 362.226, 365.11, 2.884, 105, 365.11, 365.848, 0.738, 1066, 0, 365.848, 365.858, 0.01, 3,     3.632,
 2373, 1, 362.259, 362.259, 365.124, 2.865, 4, 365.124, 365.955, 0.831, 1871, 0, 365.955, 365.976, 0.021, 42,     3.717,
 2374, 1, 362.492, 362.492, 365.203, 2.711, 158, 365.203, 366.012, 0.809, 1316, 0, 366.012, 366.022, 0.01, 1,     3.530,
 2375, 1, 363.094, 363.094, 365.303, 2.209, 171, 365.303, 366.046, 0.743, 1441, 0, 366.046, 366.14, 0.094, 188,     3.046,
 2369, 1, 362.112, 362.112, 364.708, 2.596, 3257, 364.708, 365.422, 0.714, 1818, 0, 365.422, 366.159, 0.737, 1474,     4.047,
 2370, 1, 362.149, 362.149, 365.03, 2.881, 645, 365.03, 365.756, 0.726, 1418, 0, 365.756, 366.159, 0.402, 782,     4.010,
 2376, 1, 363.19, 363.19, 365.501, 2.311, 359, 365.501, 366.224, 0.723, 1759, 0, 366.224, 366.4, 0.176, 353,     3.210,
 2377, 1, 363.266, 363.266, 365.676, 2.41, 350, 365.676, 366.44, 0.764, 1443, 0, 366.44, 366.451, 0.01, 21,     3.185,
 2378, 1, 363.849, 363.849, 365.69, 1.842, 10, 365.69, 366.637, 0.947, 1542, 0, 366.637, 366.761, 0.124, 249,     2.913,
 2379, 1, 363.882, 363.882, 365.734, 1.852, 86, 365.734, 366.78, 1.045, 2031, 0, 366.78, 366.826, 0.046, 67,     2.944,
 2380, 1, 364.424, 364.424, 366.035, 1.612, 580, 366.035, 367.039, 1.003, 1776, 0, 367.039, 367.049, 0.01, 20,     2.625,
 2381, 1, 364.472, 364.472, 366.049, 1.578, 18, 366.049, 367.129, 1.079, 1370, 0, 367.129, 367.139, 0.01, 17,     2.667,
 2382, 1, 364.571, 364.571, 366.062, 1.491, 2, 366.062, 367.143, 1.081, 1855, 0, 367.143, 367.186, 0.043, 95,     2.615,
 2383, 1, 364.712, 364.712, 366.072, 1.361, 3, 366.072, 367.291, 1.219, 1204, 0, 367.291, 367.351, 0.06, 89,     2.640,
 2387, 1, 365.087, 365.087, 366.311, 1.225, 23, 366.311, 367.398, 1.087, 910, 0, 367.398, 367.425, 0.027, 54,     2.338,
 2385, 1, 364.872, 364.872, 366.263, 1.391, 286, 366.263, 367.554, 1.291, 1329, 0, 367.554, 367.567, 0.013, 26,     2.695,
 2384, 1, 364.848, 364.848, 366.121, 1.273, 98, 366.121, 367.378, 1.257, 1189, 0, 367.378, 367.797, 0.419, 839,     2.949,
 2389, 1, 365.306, 365.306, 366.491, 1.185, 314, 366.491, 367.81, 1.319, 1111, 0, 367.81, 367.84, 0.031, 61,     2.534,
 2388, 1, 365.229, 365.229, 366.325, 1.097, 7, 366.325, 367.81, 1.484, 1728, 0, 367.81, 367.876, 0.067, 133,     2.648,
 2371, 1, 362.173, 362.173, 365.058, 2.885, 46, 365.058, 365.774, 0.716, 1151, 0, 365.774, 368.032, 2.258, 4517,     5.860,
 2386, 1, 365.058, 365.058, 366.297, 1.24, 29, 366.297, 367.889, 1.591, 996, 0, 367.889, 368.052, 0.163, 291,     2.994,
 2393, 1, 366.077, 366.077, 366.649, 0.571, 25, 366.649, 367.909, 1.26, 1348, 0, 367.909, 368.156, 0.247, 495,     2.079,
 2395, 1, 366.163, 366.163, 366.828, 0.664, 10, 366.828, 368.221, 1.393, 1632, 0, 368.221, 368.231, 0.01, 4,     2.067,
 2390, 1, 365.341, 365.341, 366.581, 1.24, 181, 366.581, 368.138, 1.558, 1125, 0, 368.138, 368.274, 0.135, 232,     2.933,
 2392, 1, 365.773, 365.773, 366.874, 1.101, 559, 366.874, 368.31, 1.436, 1319, 0, 368.31, 368.341, 0.031, 61,     2.567,
 2391, 1, 365.709, 365.709, 366.595, 0.886, 8, 366.595, 368.059, 1.465, 1371, 0, 368.059, 368.361, 0.301, 585,     2.652,
 2394, 1, 366.126, 366.126, 366.818, 0.692, 338, 366.818, 368.31, 1.492, 1220, 0, 368.31, 368.428, 0.118, 226,     2.302,
 2367, 1, 361.497, 361.497, 366.629, 5.132, 10264, 366.629, 368.388, 1.759, 1162, 0, 368.388, 368.545, 0.158, 316,     7.048,
 2401, 1, 367.106, 367.106, 367.204, 0.098, 197, 367.204, 368.568, 1.363, 1447, 0, 368.568, 368.578, 0.01, 21,     1.472,
 2400, 1, 367.009, 367.009, 367.05, 0.042, 82, 367.05, 368.721, 1.67, 1348, 0, 368.721, 368.731, 0.01, 10,     1.722,
 2402, 1, 367.132, 367.132, 367.272, 0.14, 137, 367.272, 368.89, 1.618, 1452, 0, 368.89, 368.902, 0.012, 24,     1.770,
 2398, 1, 366.679, 366.679, 366.922, 0.243, 49, 366.922, 368.418, 1.496, 1791, 0, 368.418, 368.929, 0.511, 1023,     2.250,
 2406, 1, 367.513, 367.513, 367.533, 0.02, 30, 367.533, 368.917, 1.385, 1170, 0, 368.917, 368.963, 0.045, 91,     1.450,
 2399, 1, 366.808, 366.808, 366.936, 0.128, 25, 366.936, 368.817, 1.882, 1837, 0, 368.817, 369.058, 0.241, 482,     2.250,
 2397, 1, 366.676, 366.676, 366.888, 0.211, 2, 366.888, 368.633, 1.745, 1242, 0, 368.633, 369.16, 0.527, 1054,     2.483,
 2409, 1, 368.059, 368.059, 368.083, 0.024, 1, 368.083, 369.167, 1.083, 1831, 0, 369.167, 369.177, 0.01, 21,     1.117,
 2405, 1, 367.494, 367.494, 367.523, 0.029, 58, 367.523, 369.14, 1.617, 1275, 0, 369.14, 369.217, 0.077, 154,     1.723,
 2410, 1, 368.1, 368.1, 368.118, 0.017, 39, 368.118, 369.33, 1.212, 1281, 0, 369.33, 369.34, 0.01, 19,     1.240,
 2408, 1, 368.047, 368.047, 368.069, 0.022, 26, 368.069, 369.067, 0.998, 1684, 0, 369.067, 369.356, 0.29, 597,     1.309,
 2403, 1, 367.217, 367.217, 367.299, 0.082, 53, 367.299, 368.667, 1.368, 1762, 0, 368.667, 369.378, 0.711, 1422,     2.161,
 2396, 1, 366.268, 366.268, 367.333, 1.065, 1006, 367.333, 368.568, 1.235, 1670, 0, 368.568, 369.389, 0.821, 1642,     3.121,
 2407, 1, 367.999, 367.999, 368.083, 0.084, 142, 368.083, 369.389, 1.306, 1633, 0, 369.389, 369.433, 0.044, 88,     1.434,
 2414, 1, 369.069, 369.069, 369.168, 0.099, 168, 369.168, 369.897, 0.729, 945, 0, 369.897, 369.907, 0.01, 13,     0.838,
 2413, 1, 368.771, 368.771, 368.781, 0.01, 18, 368.781, 369.897, 1.117, 1297, 0, 369.897, 369.921, 0.024, 33,     1.151,
 2412, 1, 368.303, 368.303, 368.313, 0.01, 6, 368.313, 369.647, 1.335, 1677, 0, 369.647, 370.067, 0.419, 839,     1.764,
 2415, 1, 369.374, 369.374, 369.546, 0.172, 344, 369.546, 370.271, 0.725, 1906, 0, 370.271, 370.281, 0.01, 13,     0.906,
 2404, 1, 367.339, 367.339, 367.339, 0, 5, 367.339, 368.817, 1.479, 1427, 0, 368.817, 370.575, 1.758, 3516,     3.236,
 2416, 1, 369.741, 369.741, 369.751, 0.01, 17, 369.751, 370.473, 0.722, 1655, 0, 370.473, 370.759, 0.286, 572,     1.018,
 2418, 1, 369.902, 369.902, 369.908, 0.005, 16, 369.908, 370.723, 0.815, 988, 0, 370.723, 370.779, 0.056, 75,     0.877,
 2417, 1, 369.843, 369.843, 369.883, 0.039, 93, 369.883, 370.602, 0.719, 1434, 0, 370.602, 370.799, 0.197, 398,     0.956,
 2419, 1, 369.968, 369.968, 370.184, 0.215, 438, 370.184, 370.903, 0.72, 1884, 0, 370.903, 370.994, 0.09, 170,     1.025,
 2420, 1, 370.03, 370.03, 370.218, 0.188, 69, 370.218, 370.984, 0.766, 1661, 0, 370.984, 371.004, 0.02, 27,     0.974,
 2421, 1, 370.206, 370.206, 370.347, 0.141, 220, 370.347, 371.155, 0.808, 1743, 0, 371.155, 371.165, 0.01, 8,     0.959,
 2424, 1, 370.847, 370.847, 370.857, 0.01, 21, 370.857, 371.573, 0.716, 1307, 0, 371.573, 371.583, 0.01, 19,     0.736,
 2423, 1, 370.735, 370.735, 370.756, 0.021, 51, 370.756, 371.47, 0.714, 1787, 0, 371.47, 371.646, 0.176, 353,     0.911,
 2425, 1, 371.015, 371.015, 371.044, 0.029, 74, 371.044, 371.777, 0.733, 1807, 0, 371.777, 371.833, 0.056, 110,     0.818,
 2426, 1, 371.047, 371.047, 371.083, 0.036, 57, 371.083, 371.823, 0.74, 1749, 0, 371.823, 371.843, 0.02, 27,     0.796,
 2428, 1, 371.168, 371.168, 371.188, 0.02, 3, 371.188, 371.97, 0.782, 1241, 0, 371.97, 371.982, 0.012, 23,     0.814,
 2429, 1, 371.413, 371.413, 371.466, 0.053, 114, 371.466, 372.185, 0.719, 1707, 0, 372.185, 372.195, 0.01, 19,     0.783,
 2430, 1, 371.442, 371.442, 371.48, 0.038, 4, 371.48, 372.198, 0.718, 1741, 0, 372.198, 372.223, 0.024, 55,     0.780,
 2431, 1, 371.841, 371.841, 372.01, 0.169, 339, 372.01, 372.734, 0.724, 1631, 0, 372.734, 372.744, 0.01, 1,     0.903,
 2432, 1, 372.033, 372.033, 372.08, 0.047, 111, 372.08, 372.798, 0.718, 1238, 0, 372.798, 372.829, 0.031, 63,     0.796,
 2433, 1, 372.168, 372.168, 372.347, 0.178, 350, 372.347, 373.058, 0.711, 1205, 0, 373.058, 373.068, 0.01, 15,     0.899,
 2434, 1, 372.231, 372.231, 372.367, 0.135, 40, 372.367, 373.09, 0.723, 1150, 0, 373.09, 373.172, 0.082, 165,     0.941,
 2435, 1, 373.007, 373.007, 373.007, 0, 1, 373.007, 373.722, 0.716, 1884, 0, 373.722, 373.762, 0.04, 80,     0.756,
 2436, 1, 373.294, 373.294, 373.305, 0.011, 22, 373.305, 374.02, 0.715, 1572, 0, 374.02, 374.03, 0.01, 11,     0.736,
 2427, 1, 371.098, 371.098, 371.178, 0.08, 160, 371.178, 372.072, 0.894, 1003, 0, 372.072, 374.197, 2.125, 4250,     3.099,
 2438, 1, 373.646, 373.646, 373.765, 0.12, 240, 373.765, 374.488, 0.722, 1193, 0, 374.488, 374.503, 0.015, 30,     0.857,
 2439, 1, 373.717, 373.717, 373.799, 0.082, 43, 373.799, 374.557, 0.758, 1464, 0, 374.557, 374.567, 0.01, 16,     0.850,
 2437, 1, 373.611, 373.611, 373.621, 0.01, 16, 373.621, 374.589, 0.968, 1477, 0, 374.589, 374.618, 0.029, 57,     1.007,
 2441, 1, 373.968, 373.968, 373.978, 0.01, 20, 373.978, 374.698, 0.721, 1868, 0, 374.698, 374.708, 0.01, 20,     0.741,
 2440, 1, 373.936, 373.936, 373.955, 0.019, 39, 373.955, 374.743, 0.788, 1428, 0, 374.743, 374.816, 0.074, 147,     0.881,
 2411, 1, 368.139, 368.139, 373.888, 5.749, 11514, 373.888, 374.856, 0.967, 1157, 0, 374.856, 374.901, 0.045, 90,     6.762,
 2443, 1, 374.059, 374.059, 374.2, 0.14, 261, 374.2, 375.085, 0.885, 1500, 0, 375.085, 375.122, 0.037, 75,     1.063,
 2445, 1, 374.166, 374.166, 374.4, 0.234, 260, 374.4, 375.258, 0.858, 1623, 0, 375.258, 375.367, 0.109, 219,     1.201,
 2446, 1, 374.226, 374.226, 374.443, 0.218, 66, 374.443, 375.334, 0.891, 1490, 0, 375.334, 375.486, 0.152, 305,     1.260,
 2448, 1, 374.482, 374.482, 374.502, 0.02, 8, 374.502, 375.508, 1.006, 1319, 0, 375.508, 375.518, 0.01, 15,     1.036,
 2450, 1, 374.649, 374.649, 374.649, 0, 8, 374.649, 375.571, 0.921, 1724, 0, 375.571, 375.581, 0.01, 9,     0.931,
 2447, 1, 374.379, 374.379, 374.492, 0.113, 95, 374.492, 375.354, 0.862, 1786, 0, 375.354, 375.591, 0.237, 466,     1.211,
 2442, 1, 373.987, 373.987, 374.684, 0.698, 1414, 374.684, 375.584, 0.899, 1215, 0, 375.584, 375.628, 0.044, 94,     1.641,
 2451, 1, 375.424, 375.424, 375.45, 0.026, 53, 375.45, 376.165, 0.715, 1779, 0, 376.165, 376.165, 0, 4,     0.742,
 2422, 1, 370.456, 370.456, 370.517, 0.062, 133, 370.517, 371.234, 0.716, 1552, 0, 371.234, 376.212, 4.978, 9957,     5.756,
 2449, 1, 374.519, 374.519, 374.615, 0.096, 175, 374.615, 375.891, 1.276, 1381, 0, 375.891, 376.279, 0.387, 775,     1.760,
 2452, 1, 375.582, 375.582, 375.609, 0.027, 54, 375.609, 376.34, 0.73, 1198, 0, 376.34, 376.483, 0.143, 287,     0.901,
 2454, 1, 375.757, 375.757, 375.767, 0.01, 17, 375.767, 376.525, 0.757, 1325, 0, 376.525, 376.546, 0.021, 42,     0.788,
 2453, 1, 375.699, 375.699, 375.699, 0, 15, 375.699, 376.434, 0.735, 1377, 0, 376.434, 376.58, 0.146, 292,     0.881,
 2458, 1, 375.97, 375.97, 375.98, 0.01, 18, 375.98, 376.749, 0.769, 1267, 0, 376.749, 376.759, 0.01, 17,     0.789,
 2457, 1, 375.926, 375.926, 375.956, 0.03, 36, 375.956, 376.779, 0.822, 1370, 0, 376.779, 376.792, 0.014, 27,     0.866,
 2456, 1, 375.812, 375.812, 375.834, 0.022, 47, 375.834, 376.839, 1.005, 1394, 0, 376.839, 376.849, 0.01, 3,     1.037,
 2459, 1, 376.042, 376.042, 376.042, 0, 9, 376.042, 377.036, 0.994, 1564, 0, 377.036, 377.117, 0.08, 142,     1.074,
 2455, 1, 375.81, 375.81, 375.97, 0.16, 310, 375.97, 377.097, 1.127, 1568, 0, 377.097, 377.157, 0.06, 121,     1.347,
 2461, 1, 376.964, 376.964, 377.005, 0.041, 71, 377.005, 377.714, 0.709, 1266, 0, 377.714, 377.776, 0.062, 124,     0.812,
 2462, 1, 376.995, 376.995, 377.065, 0.07, 130, 377.065, 377.779, 0.714, 1701, 0, 377.779, 377.839, 0.06, 128,     0.845,
 2464, 1, 377.183, 377.183, 377.193, 0.01, 7, 377.193, 377.926, 0.733, 1716, 0, 377.926, 377.98, 0.054, 108,     0.797,
 2465, 1, 377.194, 377.194, 377.203, 0.009, 7, 377.203, 377.969, 0.766, 1137, 0, 377.969, 378.052, 0.082, 146,     0.857,
 2463, 1, 377.102, 377.102, 377.254, 0.152, 304, 377.254, 378.292, 1.037, 887, 0, 378.292, 378.302, 0.01, 1,     1.199,
 2460, 1, 376.163, 376.163, 376.193, 0.03, 49, 376.193, 377.363, 1.171, 1664, 0, 377.363, 378.334, 0.971, 1943,     2.172,
 2466, 1, 377.665, 377.665, 377.718, 0.053, 92, 377.718, 378.641, 0.923, 1160, 0, 378.641, 378.667, 0.026, 52,     1.002,
 2467, 1, 377.709, 377.709, 377.709, 0, 7, 377.709, 378.556, 0.848, 1530, 0, 378.556, 378.698, 0.141, 279,     0.989,
 2468, 1, 377.836, 377.836, 378.165, 0.33, 628, 378.165, 378.878, 0.713, 1544, 0, 378.878, 378.888, 0.01, 2,     1.053,
 2469, 1, 377.879, 377.879, 377.95, 0.07, 110, 377.95, 378.668, 0.718, 1407, 0, 378.668, 378.967, 0.299, 562,     1.088,
 2470, 1, 378.202, 378.202, 378.349, 0.147, 294, 378.349, 379.148, 0.799, 1595, 0, 379.148, 379.175, 0.027, 54,     0.973,
 2473, 1, 378.554, 378.554, 378.595, 0.041, 65, 378.595, 379.319, 0.724, 1511, 0, 379.319, 379.329, 0.01, 2,     0.776,
 2444, 1, 374.08, 374.08, 374.27, 0.19, 142, 374.27, 375.105, 0.834, 1524, 0, 375.105, 379.555, 4.451, 8902,     5.475,
 2474, 1, 378.763, 378.763, 378.773, 0.01, 8, 378.773, 379.486, 0.714, 1178, 0, 379.486, 379.621, 0.135, 270,     0.858,
 2471, 1, 378.296, 378.296, 378.363, 0.067, 113, 378.363, 379.097, 0.734, 1602, 0, 379.097, 379.686, 0.588, 1163,     1.390,
 2472, 1, 378.4, 378.4, 378.976, 0.576, 1142, 378.976, 379.7, 0.724, 1500, 0, 379.7, 379.717, 0.017, 43,     1.317,
 2476, 1, 379.026, 379.026, 379.092, 0.067, 107, 379.092, 379.802, 0.71, 1495, 0, 379.802, 379.856, 0.053, 107,     0.830,
 2477, 1, 379.041, 379.041, 379.112, 0.071, 23, 379.112, 379.961, 0.848, 1386, 0, 379.961, 379.991, 0.03, 55,     0.950,
 2478, 1, 379.408, 379.408, 379.445, 0.037, 56, 379.445, 380.241, 0.796, 1482, 0, 380.241, 380.28, 0.039, 79,     0.873,
 2479, 1, 379.435, 379.435, 379.496, 0.061, 78, 379.496, 380.227, 0.73, 1338, 0, 380.227, 380.339, 0.112, 225,     0.904,
 2483, 1, 379.966, 379.966, 380.539, 0.572, 4, 380.539, 381.327, 0.788, 1646, 0, 381.327, 381.398, 0.072, 143,     1.432,
 2485, 1, 380.425, 380.425, 380.714, 0.289, 74, 380.714, 381.453, 0.74, 1762, 0, 381.453, 381.502, 0.049, 99,     1.078,
 2480, 1, 379.454, 379.454, 380.436, 0.982, 1880, 380.436, 381.511, 1.075, 1867, 0, 381.511, 381.521, 0.01, 35,     2.067,
 2481, 1, 379.779, 379.779, 380.47, 0.691, 49, 380.47, 381.204, 0.734, 1957, 0, 381.204, 381.541, 0.337, 649,     1.763,
 2484, 1, 380.202, 380.202, 380.668, 0.466, 221, 380.668, 381.477, 0.81, 1442, 0, 381.477, 381.679, 0.202, 397,     1.477,
 2488, 1, 380.902, 380.902, 381.012, 0.11, 221, 381.012, 381.727, 0.715, 1541, 0, 381.727, 381.737, 0.01, 6,     0.835,
 2487, 1, 380.866, 380.866, 380.876, 0.01, 9, 380.876, 381.616, 0.74, 1463, 0, 381.616, 381.848, 0.233, 466,     0.982,
 2482, 1, 379.881, 379.881, 380.525, 0.643, 109, 380.525, 381.253, 0.729, 1714, 0, 381.253, 381.913, 0.66, 1320,     2.032,
 2486, 1, 380.74, 380.74, 380.764, 0.024, 48, 380.764, 381.761, 0.997, 1302, 0, 381.761, 381.939, 0.179, 341,     1.199,
 2490, 1, 381.107, 381.107, 381.212, 0.105, 32, 381.212, 381.929, 0.717, 1633, 0, 381.929, 381.939, 0.01, 13,     0.833,
 2489, 1, 380.998, 380.998, 381.187, 0.189, 350, 381.187, 382.01, 0.824, 1531, 0, 382.01, 382.02, 0.01, 13,     1.023,
 2492, 1, 381.522, 381.522, 381.532, 0.01, 21, 381.532, 382.384, 0.852, 1356, 0, 382.384, 382.445, 0.06, 119,     0.922,
 2493, 1, 381.535, 381.535, 381.678, 0.143, 266, 381.678, 382.465, 0.787, 1491, 0, 382.465, 382.481, 0.016, 34,     0.946,
 2494, 1, 381.601, 381.601, 381.698, 0.097, 33, 381.698, 382.64, 0.942, 1664, 0, 382.64, 382.686, 0.046, 91,     1.085,
 2495, 1, 382.123, 382.123, 382.17, 0.046, 89, 382.17, 382.981, 0.812, 1251, 0, 382.981, 383.137, 0.155, 311,     1.014,
 2496, 1, 382.17, 382.17, 382.18, 0.01, 1, 382.18, 382.899, 0.72, 1562, 0, 382.899, 383.361, 0.461, 923,     1.191,
 2498, 1, 382.234, 382.234, 382.611, 0.377, 724, 382.611, 383.324, 0.713, 1627, 0, 383.324, 383.381, 0.057, 107,     1.147,
 2500, 1, 382.563, 382.563, 382.678, 0.115, 115, 382.678, 383.402, 0.724, 1995, 0, 383.402, 383.572, 0.169, 339,     1.008,
 2501, 1, 382.611, 382.611, 382.74, 0.129, 113, 382.74, 383.573, 0.833, 1478, 0, 383.573, 383.588, 0.015, 32,     0.977,
 2499, 1, 382.329, 382.329, 382.621, 0.292, 5, 382.621, 383.533, 0.912, 1658, 0, 383.533, 383.628, 0.095, 167,     1.299,
 2497, 1, 382.217, 382.217, 382.244, 0.027, 43, 382.244, 383.422, 1.178, 1429, 0, 383.422, 383.725, 0.303, 606,     1.508,
 2475, 1, 378.957, 378.957, 382.898, 3.941, 7874, 382.898, 383.799, 0.901, 2207, 0, 383.799, 383.835, 0.036, 72,     4.877,
 2502, 1, 383.012, 383.012, 383.083, 0.071, 142, 383.083, 383.822, 0.74, 1962, 0, 383.822, 383.905, 0.083, 166,     0.893,
 2503, 1, 383.227, 383.227, 383.237, 0.01, 7, 383.237, 384.048, 0.811, 1939, 0, 384.048, 384.066, 0.018, 36,     0.839,
 2491, 1, 381.15, 381.15, 381.256, 0.106, 51, 381.256, 382.121, 0.865, 1938, 0, 382.121, 384.08, 1.958, 3917,     2.930,
 2505, 1, 383.304, 383.304, 383.312, 0.008, 16, 383.312, 384.165, 0.853, 1773, 0, 384.165, 384.175, 0.01, 19,     0.871,
 2507, 1, 383.515, 383.515, 383.698, 0.183, 371, 383.698, 384.434, 0.735, 1036, 0, 384.434, 384.444, 0.01, 10,     0.929,
 2509, 1, 383.884, 383.884, 383.902, 0.019, 56, 383.902, 384.684, 0.782, 1921, 0, 384.684, 384.769, 0.085, 170,     0.885,
 2508, 1, 383.683, 383.683, 383.712, 0.029, 3, 383.712, 384.684, 0.971, 1566, 0, 384.684, 384.795, 0.111, 222,     1.112,
 2506, 1, 383.406, 383.406, 383.75, 0.344, 688, 383.75, 384.63, 0.88, 790, 0, 384.63, 384.834, 0.204, 428,     1.428,
 2510, 1, 383.949, 383.949, 383.975, 0.026, 62, 383.975, 384.933, 0.957, 1588, 0, 384.933, 384.997, 0.064, 128,     1.048,
 2504, 1, 383.248, 383.248, 383.258, 0.01, 9, 383.258, 384.071, 0.813, 1933, 0, 384.071, 385.132, 1.061, 2132,     1.884,
 2512, 1, 384.109, 384.109, 384.159, 0.05, 65, 384.159, 385.08, 0.921, 1466, 0, 385.08, 385.198, 0.118, 237,     1.089,
 2511, 1, 384.017, 384.017, 384.027, 0.01, 15, 384.027, 385.212, 1.185, 1163, 0, 385.212, 385.251, 0.039, 65,     1.234,
 2515, 1, 384.416, 384.416, 384.52, 0.104, 42, 384.52, 385.241, 0.721, 1367, 0, 385.241, 385.251, 0.01, 4,     0.835,
 2516, 1, 384.462, 384.462, 384.534, 0.071, 5, 384.534, 385.266, 0.732, 1223, 0, 385.266, 385.29, 0.024, 59,     0.828,
 2514, 1, 384.34, 384.34, 384.486, 0.146, 293, 384.486, 385.212, 0.726, 1611, 0, 385.212, 385.31, 0.099, 177,     0.971,
 2513, 1, 384.316, 384.316, 384.987, 0.671, 1343, 384.987, 385.702, 0.715, 1505, 0, 385.702, 385.746, 0.044, 89,     1.431,
 2517, 1, 384.643, 384.643, 384.791, 0.147, 299, 384.791, 386.145, 1.355, 1450, 0, 386.145, 386.155, 0.01, 13,     1.512,
 2519, 1, 385.375, 385.375, 385.375, 0, 11, 385.375, 386.173, 0.799, 1152, 0, 386.173, 386.186, 0.012, 25,     0.811,
 2518, 1, 385.298, 385.298, 385.369, 0.072, 117, 385.369, 386.104, 0.735, 1129, 0, 386.104, 386.234, 0.13, 260,     0.937,
 2520, 1, 385.401, 385.401, 385.401, 0, 2, 385.401, 386.355, 0.954, 1730, 0, 386.355, 386.42, 0.065, 130,     1.019,
 2521, 1, 385.635, 385.635, 385.668, 0.033, 30, 385.668, 386.604, 0.936, 1398, 0, 386.604, 386.637, 0.033, 65,     1.001,
 2523, 1, 385.836, 385.836, 385.882, 0.046, 57, 385.882, 386.801, 0.918, 1672, 0, 386.801, 386.831, 0.03, 45,     0.995,
 2524, 1, 386.13, 386.13, 386.158, 0.029, 57, 386.158, 386.886, 0.728, 812, 0, 386.886, 386.918, 0.033, 65,     0.789,
 2522, 1, 385.696, 385.696, 385.789, 0.092, 185, 385.789, 387.015, 1.226, 1657, 0, 387.015, 387.025, 0.01, 19,     1.328,
 2526, 1, 386.313, 386.313, 386.406, 0.093, 191, 386.406, 387.12, 0.713, 1500, 0, 387.12, 387.13, 0.01, 1,     0.816,
 2529, 1, 386.556, 386.556, 386.6, 0.043, 85, 386.6, 387.312, 0.712, 1599, 0, 387.312, 387.334, 0.022, 43,     0.777,
 2525, 1, 386.184, 386.184, 386.62, 0.435, 868, 386.62, 387.346, 0.726, 1488, 0, 387.346, 387.379, 0.033, 60,     1.195,
 2527, 1, 386.348, 386.348, 386.44, 0.092, 41, 386.44, 387.173, 0.733, 1611, 0, 387.173, 387.399, 0.226, 440,     1.051,
 2528, 1, 386.406, 386.406, 386.498, 0.092, 117, 386.498, 387.369, 0.871, 1257, 0, 387.369, 387.655, 0.286, 538,     1.249,
 2530, 1, 386.69, 386.69, 387.091, 0.401, 779, 387.091, 387.808, 0.716, 1208, 0, 387.808, 387.952, 0.145, 290,     1.262,
 2531, 1, 387.231, 387.231, 387.264, 0.034, 83, 387.264, 387.989, 0.725, 1739, 0, 387.989, 388.058, 0.069, 138,     0.828,
 2532, 1, 387.295, 387.295, 387.369, 0.074, 149, 387.369, 388.087, 0.718, 1135, 0, 388.087, 388.219, 0.132, 265,     0.925,
 2533, 1, 387.443, 387.443, 387.748, 0.305, 609, 387.748, 388.487, 0.739, 1356, 0, 388.487, 388.509, 0.022, 34,     1.066,
 2535, 1, 387.642, 387.642, 387.808, 0.166, 119, 387.808, 388.681, 0.873, 1556, 0, 388.681, 388.713, 0.031, 63,     1.071,
 2536, 1, 387.65, 387.65, 387.875, 0.225, 134, 387.875, 388.749, 0.874, 1619, 0, 388.749, 388.902, 0.152, 305,     1.251,
 2537, 1, 387.989, 387.989, 388.002, 0.013, 23, 388.002, 388.942, 0.94, 1660, 0, 388.942, 388.961, 0.019, 38,     0.973,
 2534, 1, 387.461, 387.461, 388.089, 0.628, 1256, 388.089, 389.081, 0.992, 1338, 0, 389.081, 389.092, 0.01, 21,     1.630,
 2538, 1, 388.152, 388.152, 388.404, 0.252, 505, 388.404, 389.115, 0.711, 1599, 0, 389.115, 389.171, 0.056, 112,     1.019,
 2540, 1, 388.427, 388.427, 388.701, 0.274, 546, 388.701, 389.427, 0.726, 581, 0, 389.427, 389.437, 0.01, 5,     1.011,
 2539, 1, 388.365, 388.365, 388.587, 0.222, 444, 388.587, 389.456, 0.87, 1259, 0, 389.456, 389.57, 0.114, 228,     1.205,
 2543, 1, 389.089, 389.089, 389.103, 0.014, 27, 389.103, 389.816, 0.713, 1327, 0, 389.816, 389.826, 0.01, 23,     0.737,
 2542, 1, 388.92, 388.92, 389.152, 0.233, 475, 389.152, 389.955, 0.802, 1599, 0, 389.955, 389.975, 0.021, 41,     1.056,
 2544, 1, 389.397, 389.397, 389.437, 0.04, 68, 389.437, 390.147, 0.71, 2018, 0, 390.147, 390.276, 0.128, 257,     0.879,
 2541, 1, 388.864, 388.864, 388.874, 0.01, 15, 388.874, 389.706, 0.831, 1158, 0, 389.706, 390.356, 0.65, 1301,     1.491,
 2545, 1, 389.661, 389.661, 389.661, 0, 4, 389.661, 390.38, 0.719, 1352, 0, 390.38, 390.406, 0.026, 52,     0.745,
 2546, 1, 389.75, 389.75, 389.76, 0.01, 20, 389.76, 390.474, 0.714, 1408, 0, 390.474, 390.489, 0.015, 31,     0.740,
 2548, 1, 389.859, 389.859, 389.869, 0.01, 9, 389.869, 390.629, 0.76, 1644, 0, 390.629, 390.764, 0.135, 270,     0.905,
 2547, 1, 389.835, 389.835, 390.139, 0.303, 581, 390.139, 390.853, 0.715, 1450, 0, 390.853, 390.924, 0.071, 142,     1.089,
 2549, 1, 390.526, 390.526, 390.628, 0.102, 204, 390.628, 391.366, 0.738, 1890, 0, 391.366, 391.4, 0.034, 34,     0.874,
 2550, 1, 390.589, 390.589, 390.628, 0.039, 60, 390.628, 391.366, 0.738, 1253, 0, 391.366, 391.532, 0.167, 334,     0.944,
 2552, 1, 390.963, 390.963, 390.978, 0.015, 30, 390.978, 391.694, 0.716, 2126, 0, 391.694, 391.764, 0.07, 139,     0.800,
 2551, 1, 390.786, 390.786, 391.111, 0.325, 651, 391.111, 391.827, 0.717, 1470, 0, 391.827, 391.837, 0.01, 2,     1.052,
 2554, 1, 391.716, 391.716, 391.763, 0.047, 110, 391.763, 392.487, 0.724, 1987, 0, 392.487, 392.652, 0.165, 330,     0.936,
 2553, 1, 391.547, 391.547, 391.837, 0.291, 582, 391.837, 392.553, 0.716, 1525, 0, 392.553, 392.672, 0.118, 198,     1.125,
 2555, 1, 391.748, 391.748, 392.167, 0.418, 807, 392.167, 392.88, 0.713, 700, 0, 392.88, 392.961, 0.081, 166,     1.213,
 2557, 1, 391.972, 391.972, 392.226, 0.254, 108, 392.226, 392.95, 0.724, 1720, 0, 392.95, 393.025, 0.075, 150,     1.053,
 2558, 1, 392.18, 392.18, 392.246, 0.066, 34, 392.246, 393.117, 0.871, 1136, 0, 393.117, 393.139, 0.022, 36,     0.960,
 2559, 1, 392.216, 392.216, 392.525, 0.309, 559, 392.525, 393.243, 0.718, 1421, 0, 393.243, 393.388, 0.145, 274,     1.173,
 2561, 1, 392.268, 392.268, 392.653, 0.385, 16, 392.653, 393.378, 0.725, 1435, 0, 393.378, 393.408, 0.03, 46,     1.140,
 2560, 1, 392.228, 392.228, 392.639, 0.411, 227, 392.639, 393.378, 0.739, 1476, 0, 393.378, 393.484, 0.106, 212,     1.256,
 2556, 1, 391.825, 391.825, 392.769, 0.944, 1842, 392.769, 393.493, 0.724, 1532, 0, 393.493, 393.493, 0, 1,     1.669,
 2563, 1, 392.321, 392.321, 392.851, 0.531, 165, 392.851, 393.628, 0.777, 1052, 0, 393.628, 393.638, 0.01, 13,     1.318,
 2564, 1, 392.939, 392.939, 392.949, 0.01, 11, 392.949, 393.743, 0.794, 1493, 0, 393.743, 393.753, 0.01, 4,     0.814,
 2562, 1, 392.295, 392.295, 393.002, 0.707, 698, 393.002, 393.715, 0.713, 1569, 0, 393.715, 394.007, 0.291, 583,     1.712,
 2565, 1, 393.004, 393.004, 393.065, 0.061, 98, 393.065, 393.888, 0.823, 1604, 0, 393.888, 394.183, 0.295, 589,     1.179,
 2566, 1, 393.49, 393.49, 393.539, 0.049, 99, 393.539, 394.274, 0.735, 1807, 0, 394.274, 394.324, 0.05, 89,     0.834,
 2567, 1, 393.513, 393.513, 393.621, 0.108, 201, 393.621, 394.334, 0.713, 1301, 0, 394.334, 394.381, 0.047, 94,     0.868,
 2568, 1, 393.68, 393.68, 393.69, 0.01, 8, 393.69, 394.523, 0.833, 1463, 0, 394.523, 394.53, 0.006, 11,     0.850,
 2569, 1, 393.704, 393.704, 393.75, 0.046, 94, 393.75, 394.583, 0.832, 1574, 0, 394.583, 394.629, 0.046, 111,     0.924,
 2571, 1, 393.793, 393.793, 393.803, 0.01, 2, 393.803, 394.597, 0.794, 1469, 0, 394.597, 394.663, 0.066, 133,     0.871,
 2572, 1, 394.023, 394.023, 394.033, 0.01, 17, 394.033, 394.773, 0.74, 1388, 0, 394.773, 394.788, 0.015, 31,     0.765,
 2573, 1, 394.058, 394.058, 394.177, 0.118, 248, 394.177, 394.888, 0.712, 1735, 0, 394.888, 394.903, 0.015, 30,     0.845,
 2575, 1, 394.12, 394.12, 394.212, 0.093, 7, 394.212, 394.944, 0.732, 1671, 0, 394.944, 395.012, 0.068, 144,     0.893,
 2574, 1, 394.093, 394.093, 394.202, 0.109, 27, 394.202, 395.022, 0.82, 1656, 0, 395.022, 395.102, 0.079, 179,     1.008,
 2570, 1, 393.767, 393.767, 394.342, 0.575, 1132, 394.342, 395.138, 0.796, 1644, 0, 395.138, 395.188, 0.05, 104,     1.420,
 2576, 1, 394.139, 394.139, 394.465, 0.326, 505, 394.465, 395.278, 0.813, 1534, 0, 395.278, 395.288, 0.01, 4,     1.149,
 2577, 1, 394.543, 394.543, 394.553, 0.01, 20, 394.553, 395.387, 0.834, 2032, 0, 395.387, 395.472, 0.085, 170,     0.929,
 2579, 1, 394.996, 394.996, 395.006, 0.01, 7, 395.006, 395.734, 0.727, 1786, 0, 395.734, 395.744, 0.01, 9,     0.747,
 2578, 1, 394.561, 394.561, 395.255, 0.694, 1380, 395.255, 395.97, 0.715, 1303, 0, 395.97, 396.043, 0.073, 147,     1.482,
 2582, 1, 395.597, 395.597, 395.607, 0.01, 1, 395.607, 396.346, 0.739, 1358, 0, 396.346, 396.356, 0.01, 3,     0.759,
 2581, 1, 395.212, 395.212, 395.269, 0.057, 11, 395.269, 396.001, 0.732, 1795, 0, 396.001, 396.419, 0.417, 835,     1.207,
 2584, 1, 395.75, 395.75, 395.76, 0.01, 5, 395.76, 396.573, 0.812, 1653, 0, 396.573, 396.602, 0.029, 59,     0.852,
 2583, 1, 395.621, 395.621, 395.631, 0.01, 7, 395.631, 396.366, 0.735, 1864, 0, 396.366, 396.627, 0.261, 522,     1.006,
 2585, 1, 395.816, 395.816, 396.195, 0.379, 771, 396.195, 396.91, 0.715, 1442, 0, 396.91, 397.012, 0.103, 220,     1.196,
 2586, 1, 395.917, 395.917, 396.209, 0.292, 12, 396.209, 397.114, 0.905, 1461, 0, 397.114, 397.152, 0.038, 68,     1.236,
 2587, 1, 396.019, 396.019, 396.27, 0.251, 108, 396.27, 397.142, 0.873, 1282, 0, 397.142, 397.173, 0.031, 61,     1.154,
 2588, 1, 396.069, 396.069, 396.304, 0.235, 68, 396.304, 397.167, 0.864, 1471, 0, 397.167, 397.191, 0.024, 58,     1.122,
 2589, 1, 396.26, 396.26, 396.318, 0.058, 9, 396.318, 397.366, 1.048, 1244, 0, 397.366, 397.376, 0.01, 7,     1.116,
 2592, 1, 396.42, 396.42, 396.44, 0.02, 1, 396.44, 397.398, 0.958, 930, 0, 397.398, 397.408, 0.01, 9,     0.988,
 2591, 1, 396.408, 396.408, 396.43, 0.021, 25, 396.43, 397.513, 1.084, 1443, 0, 397.513, 397.534, 0.021, 31,     1.126,
 2590, 1, 396.276, 396.276, 396.352, 0.075, 39, 396.352, 397.524, 1.172, 1919, 0, 397.524, 397.582, 0.058, 116,     1.306,
 2593, 1, 396.863, 396.863, 396.967, 0.104, 208, 396.967, 397.682, 0.714, 1688, 0, 397.682, 397.735, 0.053, 106,     0.871,
 2594, 1, 397.238, 397.238, 397.248, 0.01, 2, 397.248, 397.987, 0.74, 1474, 0, 397.987, 397.997, 0.01, 2,     0.760,
 2595, 1, 397.515, 397.515, 397.525, 0.01, 10, 397.525, 398.256, 0.731, 1375, 0, 398.256, 398.269, 0.013, 26,     0.754,
 2596, 1, 397.538, 397.538, 397.545, 0.006, 11, 397.545, 398.391, 0.846, 1443, 0, 398.391, 398.402, 0.011, 22,     0.863,
 2597, 1, 397.585, 397.585, 397.595, 0.01, 9, 397.595, 398.506, 0.911, 985, 0, 398.506, 398.616, 0.11, 227,     1.031,
 2598, 1, 397.971, 397.971, 397.981, 0.01, 6, 397.981, 398.703, 0.722, 1025, 0, 398.703, 398.713, 0.01, 18,     0.742,
 2599, 1, 398.097, 398.097, 398.118, 0.021, 52, 398.118, 398.914, 0.797, 1406, 0, 398.914, 398.999, 0.084, 169,     0.902,
 2600, 1, 398.203, 398.203, 398.398, 0.194, 377, 398.398, 399.131, 0.733, 1701, 0, 399.131, 399.161, 0.03, 41,     0.957,
 2601, 1, 398.316, 398.316, 398.494, 0.177, 192, 398.494, 399.227, 0.733, 1650, 0, 399.227, 399.262, 0.035, 70,     0.946,
 2602, 1, 398.328, 398.328, 398.508, 0.18, 21, 398.508, 399.33, 0.822, 1127, 0, 399.33, 399.422, 0.092, 185,     1.095,
 2603, 1, 398.976, 398.976, 398.986, 0.01, 6, 398.986, 399.699, 0.713, 1072, 0, 399.699, 399.781, 0.082, 139,     0.805,
 2604, 1, 399.072, 399.072, 399.101, 0.029, 41, 399.101, 399.817, 0.716, 2154, 0, 399.817, 399.844, 0.027, 54,     0.772,
 2605, 1, 399.161, 399.161, 399.171, 0.01, 8, 399.171, 399.955, 0.784, 1136, 0, 399.955, 399.995, 0.04, 76,     0.834,
 2606, 1, 399.209, 399.209, 399.219, 0.01, 1, 399.219, 399.935, 0.716, 1788, 0, 399.935, 400.015, 0.08, 158,     0.806,
 2608, 1, 399.297, 399.297, 399.314, 0.017, 35, 399.314, 400.085, 0.77, 1458, 0, 400.085, 400.095, 0.01, 12,     0.798,
 2607, 1, 399.233, 399.233, 399.233, 0, 1, 399.233, 399.975, 0.741, 1165, 0, 399.975, 400.169, 0.194, 389,     0.936,
 2609, 1, 399.425, 399.425, 399.755, 0.33, 672, 399.755, 400.467, 0.712, 1391, 0, 400.467, 400.484, 0.017, 34,     1.059,
 2614, 1, 400.168, 400.168, 400.246, 0.078, 119, 400.246, 400.966, 0.72, 1898, 0, 400.966, 400.981, 0.015, 30,     0.812,
 2615, 1, 400.295, 400.295, 400.314, 0.019, 38, 400.314, 401.03, 0.715, 1965, 0, 401.03, 401.04, 0.01, 6,     0.744,
 2613, 1, 400.059, 400.059, 400.068, 0.009, 14, 400.068, 400.988, 0.92, 1138, 0, 400.988, 401.082, 0.094, 203,     1.023,
 2612, 1, 399.969, 399.969, 400.054, 0.085, 156, 400.054, 400.778, 0.724, 1182, 0, 400.778, 401.105, 0.327, 654,     1.136,
 2611, 1, 399.586, 399.586, 399.813, 0.227, 2, 399.813, 400.732, 0.919, 1340, 0, 400.732, 401.248, 0.516, 1014,     1.662,
 2580, 1, 395.081, 395.081, 400.511, 5.43, 10833, 400.511, 401.228, 0.717, 1470, 0, 401.228, 401.258, 0.03, 50,     6.177,
 2618, 1, 400.428, 400.428, 400.525, 0.097, 13, 400.525, 401.238, 0.713, 1892, 0, 401.238, 401.28, 0.042, 84,     0.851,
 2616, 1, 400.326, 400.326, 400.345, 0.019, 39, 400.345, 401.266, 0.921, 1123, 0, 401.266, 401.28, 0.014, 40,     0.954,
 2619, 1, 400.569, 400.569, 400.67, 0.101, 216, 400.67, 401.385, 0.715, 1816, 0, 401.385, 401.395, 0.01, 16,     0.826,
 2617, 1, 400.408, 400.408, 400.656, 0.248, 496, 400.656, 401.465, 0.809, 1536, 0, 401.465, 401.56, 0.095, 191,     1.152,
 2620, 1, 400.601, 400.601, 400.684, 0.083, 53, 400.684, 401.477, 0.793, 1525, 0, 401.477, 401.924, 0.447, 883,     1.322,
 2621, 1, 401.144, 401.144, 401.197, 0.053, 107, 401.197, 401.914, 0.717, 2108, 0, 401.914, 401.924, 0.01, 3,     0.779,
 2622, 1, 401.274, 401.274, 401.284, 0.01, 5, 401.284, 402, 0.715, 1599, 0, 402, 402.062, 0.062, 125,     0.788,
 2624, 1, 401.401, 401.401, 401.411, 0.01, 35, 401.411, 402.158, 0.747, 1544, 0, 402.158, 402.171, 0.012, 25,     0.769,
 2623, 1, 401.291, 401.291, 401.318, 0.027, 37, 401.318, 402.178, 0.86, 1671, 0, 402.178, 402.191, 0.013, 41,     0.900,
 2610, 1, 399.536, 399.536, 399.8, 0.264, 91, 399.8, 400.515, 0.715, 1780, 0, 400.515, 402.302, 1.787, 3575,     2.766,
 2625, 1, 401.498, 401.498, 401.605, 0.106, 215, 401.605, 402.332, 0.728, 1419, 0, 402.332, 402.902, 0.57, 1140,     1.404,
 2626, 1, 401.619, 401.619, 402.156, 0.537, 1059, 402.156, 402.958, 0.801, 1482, 0, 402.958, 402.974, 0.017, 53,     1.355,
 2627, 1, 401.844, 401.844, 402.197, 0.354, 704, 402.197, 403.071, 0.874, 1418, 0, 403.071, 403.081, 0.01, 6,     1.238,
 2628, 1, 402.298, 402.298, 402.298, 0, 6, 402.298, 403.207, 0.91, 1293, 0, 403.207, 403.217, 0.01, 15,     0.920,
 2630, 1, 402.544, 402.544, 402.558, 0.014, 27, 402.558, 403.458, 0.9, 1775, 0, 403.458, 403.48, 0.022, 43,     0.935,
 2632, 1, 402.728, 402.728, 402.774, 0.045, 82, 402.774, 403.488, 0.715, 1164, 0, 403.488, 403.512, 0.024, 65,     0.784,
 2631, 1, 402.643, 402.643, 402.653, 0.01, 6, 402.653, 403.523, 0.87, 1063, 0, 403.523, 403.634, 0.11, 199,     0.991,
 2629, 1, 402.5, 402.5, 402.629, 0.128, 259, 402.629, 403.578, 0.95, 1436, 0, 403.578, 403.697, 0.118, 237,     1.197,
 2634, 1, 402.801, 402.801, 402.986, 0.185, 358, 402.986, 403.713, 0.727, 1663, 0, 403.713, 403.723, 0.01, 5,     0.922,
 2635, 1, 403.08, 403.08, 403.133, 0.054, 110, 403.133, 403.86, 0.727, 1291, 0, 403.86, 404.071, 0.211, 401,     0.991,
 2633, 1, 402.764, 402.764, 403.098, 0.335, 663, 403.098, 404.081, 0.982, 1764, 0, 404.081, 404.15, 0.069, 138,     1.386,
 2637, 1, 403.53, 403.53, 403.562, 0.032, 80, 403.562, 404.299, 0.737, 1391, 0, 404.299, 404.309, 0.01, 15,     0.779,
 2638, 1, 403.695, 403.695, 403.71, 0.015, 30, 403.71, 404.437, 0.727, 1241, 0, 404.437, 404.471, 0.034, 69,     0.777,
 2639, 1, 403.829, 403.829, 403.88, 0.05, 90, 403.88, 404.704, 0.825, 1394, 0, 404.704, 404.771, 0.067, 135,     0.942,
 2640, 1, 403.971, 403.971, 404.026, 0.055, 108, 404.026, 404.837, 0.811, 2040, 0, 404.837, 404.865, 0.029, 57,     0.894,
 2642, 1, 404.074, 404.074, 404.086, 0.012, 33, 404.086, 404.837, 0.751, 1467, 0, 404.837, 404.875, 0.038, 77,     0.801,
 2641, 1, 404.016, 404.016, 404.036, 0.02, 30, 404.036, 404.965, 0.929, 2235, 0, 404.965, 404.975, 0.01, 1,     0.959,
 2643, 1, 404.724, 404.724, 404.761, 0.036, 74, 404.761, 405.477, 0.716, 1918, 0, 405.477, 405.51, 0.034, 67,     0.786,
 2647, 1, 404.962, 404.962, 404.991, 0.028, 16, 404.991, 405.711, 0.72, 1120, 0, 405.711, 405.734, 0.023, 46,     0.772,
 2646, 1, 404.958, 404.958, 404.979, 0.022, 32, 404.979, 405.735, 0.756, 1676, 0, 405.735, 405.745, 0.01, 14,     0.788,
 2644, 1, 404.871, 404.871, 405.329, 0.458, 929, 405.329, 406.056, 0.728, 1388, 0, 406.056, 406.102, 0.046, 91,     1.231,
 2645, 1, 404.949, 404.949, 404.949, 0, 7, 404.949, 405.687, 0.738, 1317, 0, 405.687, 406.224, 0.538, 1076,     1.275,
 2648, 1, 404.964, 404.964, 405.382, 0.418, 783, 405.382, 406.254, 0.872, 1949, 0, 406.254, 406.316, 0.062, 118,     1.352,
 2649, 1, 404.979, 404.979, 405.343, 0.363, 5, 405.343, 406.377, 1.034, 1719, 0, 406.377, 406.402, 0.026, 51,     1.423,
 2651, 1, 405.427, 405.427, 405.47, 0.044, 78, 405.47, 406.306, 0.836, 1029, 0, 406.306, 406.582, 0.276, 552,     1.156,
 2652, 1, 405.484, 405.484, 405.694, 0.21, 417, 405.694, 406.556, 0.862, 1340, 0, 406.556, 406.602, 0.046, 56,     1.118,
 2655, 1, 405.823, 405.823, 405.833, 0.01, 36, 405.833, 406.755, 0.922, 1713, 0, 406.755, 406.765, 0.01, 11,     0.942,
 2656, 1, 405.984, 405.984, 406.023, 0.039, 76, 406.023, 406.755, 0.732, 1582, 0, 406.755, 406.765, 0.01, 13,     0.781,
 2650, 1, 404.991, 404.991, 405.652, 0.661, 619, 405.652, 406.506, 0.854, 1596, 0, 406.506, 406.82, 0.314, 635,     1.829,
 2653, 1, 405.78, 405.78, 405.79, 0.01, 34, 405.79, 406.634, 0.844, 1160, 0, 406.634, 406.859, 0.225, 451,     1.079,
 2657, 1, 406.023, 406.023, 406.102, 0.079, 126, 406.102, 406.844, 0.743, 1639, 0, 406.844, 406.893, 0.048, 83,     0.870,
 2654, 1, 405.791, 405.791, 406.225, 0.435, 871, 406.225, 407.014, 0.789, 1391, 0, 407.014, 407.071, 0.057, 114,     1.280,
 2659, 1, 406.202, 406.202, 406.265, 0.063, 97, 406.265, 407.094, 0.829, 1494, 0, 407.094, 407.104, 0.01, 8,     0.902,
 2658, 1, 406.159, 406.159, 406.168, 0.009, 22, 406.168, 407.132, 0.964, 1146, 0, 407.132, 407.235, 0.103, 206,     1.076,
 2636, 1, 403.144, 403.144, 403.296, 0.152, 281, 403.296, 404.013, 0.716, 1859, 0, 404.013, 407.338, 3.325, 6651,     4.193,
 2660, 1, 406.226, 406.226, 406.279, 0.052, 88, 406.279, 407.398, 1.119, 1913, 0, 407.398, 407.461, 0.062, 125,     1.234,
 2663, 1, 406.603, 406.603, 406.613, 0.01, 15, 406.613, 407.534, 0.921, 1346, 0, 407.534, 407.544, 0.01, 15,     0.941,
 2662, 1, 406.443, 406.443, 406.912, 0.469, 955, 406.912, 407.627, 0.715, 1041, 0, 407.627, 407.637, 0.01, 4,     1.194,
 2661, 1, 406.403, 406.403, 406.413, 0.01, 8, 406.413, 407.726, 1.312, 2107, 0, 407.726, 407.906, 0.18, 373,     1.503,
 2664, 1, 407.308, 407.308, 407.344, 0.037, 74, 407.344, 408.06, 0.716, 891, 0, 408.06, 408.212, 0.152, 304,     0.904,
 2666, 1, 407.653, 407.653, 407.71, 0.057, 96, 407.71, 408.425, 0.716, 1541, 0, 408.425, 408.435, 0.01, 17,     0.783,
 2665, 1, 407.597, 407.597, 407.609, 0.012, 25, 407.609, 408.45, 0.84, 1393, 0, 408.45, 408.462, 0.013, 26,     0.865,
 2668, 1, 407.732, 407.732, 407.757, 0.025, 67, 407.757, 408.483, 0.726, 1161, 0, 408.483, 408.519, 0.036, 73,     0.787,
 2667, 1, 407.71, 407.71, 407.849, 0.139, 279, 407.849, 408.573, 0.724, 1523, 0, 408.573, 408.628, 0.055, 110,     0.918,
 2670, 1, 407.876, 407.876, 407.886, 0.01, 2, 407.886, 408.699, 0.813, 1090, 0, 408.699, 408.737, 0.038, 76,     0.861,
 2671, 1, 408.06, 408.06, 408.07, 0.01, 1, 408.07, 408.801, 0.73, 1535, 0, 408.801, 408.812, 0.011, 22,     0.751,
 2672, 1, 408.271, 408.271, 408.281, 0.01, 37, 408.281, 408.992, 0.711, 1313, 0, 408.992, 409.006, 0.014, 27,     0.735,
 2674, 1, 408.505, 408.505, 408.526, 0.02, 29, 408.526, 409.253, 0.728, 1572, 0, 409.253, 409.253, 0, 4,     0.748,
 2673, 1, 408.394, 408.394, 408.501, 0.107, 206, 408.501, 409.299, 0.798, 884, 0, 409.299, 409.392, 0.092, 185,     0.998,
 2675, 1, 408.619, 408.619, 408.712, 0.094, 188, 408.712, 409.446, 0.734, 1448, 0, 409.446, 409.456, 0.01, 4,     0.837,
 2676, 1, 408.72, 408.72, 408.726, 0.006, 18, 408.726, 409.549, 0.823, 1552, 0, 409.549, 409.559, 0.01, 2,     0.839,
 2669, 1, 407.797, 407.797, 408.857, 1.06, 2121, 408.857, 409.753, 0.896, 1140, 0, 409.753, 409.773, 0.019, 39,     1.976,
 2677, 1, 409.086, 409.086, 409.11, 0.025, 38, 409.11, 409.837, 0.726, 1751, 0, 409.837, 409.918, 0.082, 164,     0.833,
 2679, 1, 409.215, 409.215, 409.215, 0, 12, 409.215, 410.017, 0.802, 1753, 0, 410.017, 410.292, 0.275, 550,     1.077,
 2680, 1, 409.395, 409.395, 409.435, 0.04, 79, 409.435, 410.361, 0.926, 2101, 0, 410.361, 410.361, 0, 5,     0.966,
 2681, 1, 409.425, 409.425, 409.435, 0.01, 3, 409.435, 410.353, 0.918, 1100, 0, 410.353, 410.406, 0.053, 107,     0.981,
 2682, 1, 409.596, 409.596, 409.684, 0.089, 177, 409.684, 410.414, 0.73, 1174, 0, 410.414, 410.51, 0.096, 208,     0.914,
 2685, 1, 409.77, 409.77, 409.79, 0.02, 28, 409.79, 410.663, 0.873, 1220, 0, 410.663, 410.673, 0.01, 8,     0.903,
 2684, 1, 409.76, 409.76, 409.84, 0.08, 128, 409.84, 410.742, 0.902, 1576, 0, 410.742, 410.752, 0.01, 17,     0.992,
 2678, 1, 409.147, 409.147, 409.171, 0.024, 49, 409.171, 409.897, 0.726, 1862, 0, 409.897, 410.792, 0.895, 1790,     1.645,
 2687, 1, 410.35, 410.35, 410.36, 0.01, 16, 410.36, 411.085, 0.725, 1997, 0, 411.085, 411.149, 0.065, 129,     0.799,
 2688, 1, 410.661, 410.661, 410.691, 0.03, 70, 410.691, 411.409, 0.718, 1506, 0, 411.409, 411.42, 0.012, 23,     0.759,
 2689, 1, 410.872, 410.872, 410.884, 0.012, 42, 410.884, 411.89, 1.006, 1721, 0, 411.89, 411.89, 0, 2,     1.019,
 2690, 1, 411.005, 411.005, 411.062, 0.057, 133, 411.062, 411.989, 0.927, 1798, 0, 411.989, 412.086, 0.096, 193,     1.080,
 2691, 1, 411.368, 411.368, 411.368, 0, 8, 411.368, 412.14, 0.772, 1161, 0, 412.14, 412.15, 0.01, 14,     0.782,
 2692, 1, 411.605, 411.605, 411.605, 0, 8, 411.605, 412.39, 0.785, 643, 0, 412.39, 412.502, 0.113, 211,     0.898,
 2693, 1, 411.637, 411.637, 411.669, 0.032, 34, 411.669, 412.493, 0.823, 1324, 0, 412.493, 412.552, 0.06, 120,     0.915,
 2683, 1, 409.752, 409.752, 409.776, 0.024, 68, 409.776, 410.492, 0.716, 1431, 0, 410.492, 412.597, 2.105, 4211,     2.846,
 2694, 1, 411.696, 411.696, 411.914, 0.217, 440, 411.914, 412.64, 0.726, 1377, 0, 412.64, 412.675, 0.035, 69,     0.978,
 2695, 1, 411.785, 411.785, 411.795, 0.01, 4, 411.795, 412.731, 0.936, 1673, 0, 412.731, 412.741, 0.01, 12,     0.956,
 2699, 1, 412.161, 412.161, 412.173, 0.013, 26, 412.173, 412.889, 0.716, 1576, 0, 412.889, 412.899, 0.01, 10,     0.739,
 2700, 1, 412.231, 412.231, 412.231, 0, 1, 412.231, 412.952, 0.72, 1505, 0, 412.952, 412.974, 0.022, 44,     0.742,
 2698, 1, 412.086, 412.086, 412.096, 0.01, 15, 412.096, 412.982, 0.886, 1518, 0, 412.982, 413.045, 0.063, 143,     0.960,
 2696, 1, 411.971, 411.971, 412.03, 0.06, 117, 412.03, 412.992, 0.961, 1474, 0, 412.992, 413.065, 0.073, 118,     1.095,
 2697, 1, 412.057, 412.057, 412.618, 0.562, 1124, 412.618, 413.335, 0.717, 1798, 0, 413.335, 413.418, 0.083, 166,     1.362,
 2702, 1, 412.677, 412.677, 412.721, 0.043, 87, 412.721, 413.43, 0.71, 1711, 0, 413.43, 413.471, 0.041, 81,     0.794,
 2701, 1, 412.307, 412.307, 412.322, 0.014, 29, 412.322, 413.241, 0.919, 1330, 0, 413.241, 413.705, 0.464, 929,     1.398,
 2703, 1, 412.711, 412.711, 412.846, 0.135, 269, 412.846, 413.579, 0.733, 1745, 0, 413.579, 413.725, 0.146, 290,     1.015,
 2707, 1, 413.009, 413.009, 413.042, 0.034, 85, 413.042, 413.757, 0.715, 1849, 0, 413.757, 413.826, 0.069, 138,     0.817,
 2704, 1, 412.822, 412.822, 412.844, 0.022, 35, 412.844, 413.575, 0.73, 1107, 0, 413.575, 413.923, 0.348, 697,     1.101,
 2708, 1, 413.072, 413.072, 413.444, 0.371, 721, 413.444, 414.159, 0.715, 1437, 0, 414.159, 414.234, 0.075, 162,     1.161,
 2709, 1, 413.087, 413.087, 413.458, 0.371, 25, 413.458, 414.284, 0.827, 1481, 0, 414.284, 414.294, 0.01, 6,     1.208,
 2686, 1, 410.253, 410.253, 410.308, 0.055, 114, 410.308, 411.043, 0.735, 1263, 0, 411.043, 414.382, 3.34, 6680,     4.129,
 2706, 1, 412.883, 412.883, 412.883, 0, 8, 412.883, 413.614, 0.731, 1904, 0, 413.614, 416.036, 2.422, 4845,     3.153,
 2705, 1, 412.846, 412.846, 416.967, 4.121, 8246, 416.967, 417.796, 0.829, 1772, 0, 417.796, 418.036, 0.239, 479,     5.190,
 2711, 1, 414.091, 414.091, 417.428, 3.338, 923, 417.428, 418.143, 0.714, 984, 0, 418.143, 418.153, 0.01, 11,     4.062,
 2712, 1, 414.106, 414.106, 417.471, 3.366, 86, 417.471, 418.33, 0.859, 1582, 0, 418.33, 418.34, 0.01, 6,     4.234,
 2713, 1, 414.154, 414.154, 417.775, 3.621, 581, 417.775, 418.491, 0.716, 1739, 0, 418.491, 418.534, 0.043, 92,     4.380,
 2714, 1, 414.287, 414.287, 417.858, 3.571, 135, 417.858, 418.589, 0.731, 1700, 0, 418.589, 418.714, 0.125, 251,     4.427,
 2716, 1, 414.511, 414.511, 417.933, 3.423, 1, 417.933, 418.742, 0.808, 1371, 0, 418.742, 418.811, 0.07, 139,     4.300,
 2717, 1, 414.607, 414.607, 417.943, 3.336, 12, 417.943, 418.847, 0.904, 1505, 0, 418.847, 418.847, 0, 6,     4.240,
 2715, 1, 414.488, 414.488, 417.923, 3.436, 131, 417.923, 418.847, 0.924, 1710, 0, 418.847, 418.905, 0.058, 115,     4.417,
 2718, 1, 414.626, 414.626, 418.127, 3.501, 349, 418.127, 418.911, 0.783, 1517, 0, 418.911, 418.97, 0.059, 131,     4.344,
 2719, 1, 415.185, 415.185, 418.055, 2.87, 2, 418.055, 419, 0.945, 1344, 0, 419, 419.071, 0.071, 142,     3.886,
 2721, 1, 415.473, 415.473, 418.137, 2.665, 7, 418.137, 419.112, 0.974, 985, 0, 419.112, 419.122, 0.01, 18,     3.649,
 2710, 1, 414.045, 414.045, 418.045, 3.999, 7994, 418.045, 419.112, 1.067, 1350, 0, 419.112, 419.152, 0.04, 80,     5.106,
 2723, 1, 415.531, 415.531, 418.29, 2.759, 227, 418.29, 419.257, 0.967, 1268, 0, 419.257, 419.316, 0.059, 118,     3.785,
 2720, 1, 415.244, 415.244, 418.265, 3.021, 420, 418.265, 419.377, 1.112, 1106, 0, 419.377, 419.409, 0.032, 64,     4.165,
 2722, 1, 415.487, 415.487, 418.176, 2.689, 78, 418.176, 419.377, 1.2, 1431, 0, 419.377, 419.472, 0.095, 191,     3.985,
 2728, 1, 416.185, 416.185, 418.328, 2.143, 1, 418.328, 419.506, 1.179, 1673, 0, 419.506, 419.516, 0.01, 9,     3.332,
 2726, 1, 416.063, 416.063, 418.315, 2.252, 50, 418.315, 419.626, 1.311, 1699, 0, 419.626, 419.636, 0.01, 20,     3.573,
 2730, 1, 416.716, 416.716, 418.379, 1.663, 83, 418.379, 419.668, 1.289, 1554, 0, 419.668, 419.711, 0.043, 85,     2.994,
 2724, 1, 415.566, 415.566, 418.278, 2.713, 3, 418.278, 419.626, 1.348, 1586, 0, 419.626, 419.731, 0.104, 186,     4.165,
 2733, 1, 416.942, 416.942, 418.571, 1.63, 47, 418.571, 419.769, 1.198, 1699, 0, 419.769, 419.801, 0.031, 63,     2.859,
 2727, 1, 416.152, 416.152, 418.315, 2.163, 15, 418.315, 419.889, 1.574, 1470, 0, 419.889, 419.944, 0.055, 109,     3.791,
 2731, 1, 416.747, 416.747, 418.521, 1.774, 251, 418.521, 419.889, 1.369, 1725, 0, 419.889, 419.974, 0.084, 169,     3.227,
 2734, 1, 417.185, 417.185, 418.618, 1.433, 93, 418.618, 420.141, 1.524, 1351, 0, 420.141, 420.151, 0.01, 3,     2.966,
 2729, 1, 416.402, 416.402, 418.548, 2.146, 434, 418.548, 420.141, 1.594, 1644, 0, 420.141, 420.22, 0.078, 129,     3.818,
 2732, 1, 416.883, 416.883, 418.823, 1.94, 604, 418.823, 420.281, 1.458, 1219, 0, 420.281, 420.409, 0.128, 238,     3.526,
 2735, 1, 417.276, 417.276, 418.643, 1.367, 51, 418.643, 420.399, 1.756, 1349, 0, 420.399, 420.409, 0.01, 14,     3.133,
 2737, 1, 417.513, 417.513, 418.837, 1.324, 13, 418.837, 420.399, 1.563, 1582, 0, 420.399, 420.419, 0.02, 39,     2.907,
 2725, 1, 415.956, 415.956, 418.29, 2.335, 2, 418.29, 419.41, 1.12, 1065, 0, 419.41, 420.55, 1.14, 2267,     4.594,
 2738, 1, 417.537, 417.537, 419.3, 1.764, 908, 419.3, 420.665, 1.365, 1479, 0, 420.665, 420.682, 0.017, 34,     3.145,
 2743, 1, 418.045, 418.045, 419.427, 1.382, 28, 419.427, 420.554, 1.127, 929, 0, 420.554, 420.799, 0.245, 480,     2.755,
 2742, 1, 418.006, 418.006, 419.405, 1.399, 137, 419.405, 420.789, 1.384, 1424, 0, 420.789, 420.799, 0.01, 15,     2.793,
 2744, 1, 418.06, 418.06, 419.443, 1.384, 23, 419.443, 420.914, 1.471, 1587, 0, 420.914, 420.982, 0.067, 135,     2.922,
 2746, 1, 418.444, 418.444, 419.514, 1.07, 8, 419.514, 421.043, 1.528, 1294, 0, 421.043, 421.073, 0.03, 48,     2.629,
 2754, 1, 419.857, 419.857, 419.92, 0.063, 92, 419.92, 421.063, 1.143, 1150, 0, 421.063, 421.073, 0.01, 10,     1.216,
 2748, 1, 418.596, 418.596, 419.576, 0.98, 17, 419.576, 421.091, 1.515, 1524, 0, 421.091, 421.091, 0, 7,     2.495,
 2741, 1, 417.913, 417.913, 419.334, 1.421, 43, 419.334, 420.914, 1.58, 1541, 0, 420.914, 421.128, 0.214, 428,     3.214,
 2749, 1, 418.685, 418.685, 419.59, 0.906, 3, 419.59, 421.164, 1.574, 1282, 0, 421.164, 421.174, 0.01, 16,     2.490,
 2745, 1, 418.18, 418.18, 419.5, 1.32, 99, 419.5, 421.164, 1.664, 1815, 0, 421.164, 421.174, 0.01, 18,     2.994,
 2751, 1, 419.443, 419.443, 419.614, 0.171, 3, 419.614, 421.293, 1.678, 1621, 0, 421.293, 421.323, 0.03, 52,     1.879,
 2752, 1, 419.661, 419.661, 419.7, 0.04, 73, 419.7, 421.413, 1.713, 1311, 0, 421.413, 421.479, 0.065, 131,     1.818,
 2739, 1, 417.601, 417.601, 419.241, 1.64, 168, 419.241, 420.54, 1.299, 1073, 0, 420.54, 421.552, 1.012, 2015,     3.951,
 2755, 1, 419.933, 419.933, 420.04, 0.107, 183, 420.04, 421.591, 1.551, 1656, 0, 421.591, 421.611, 0.02, 21,     1.678,
 2740, 1, 417.801, 417.801, 419.92, 2.119, 1350, 419.92, 421.542, 1.622, 2107, 0, 421.542, 421.637, 0.095, 190,     3.836,
 2747, 1, 418.576, 418.576, 419.556, 0.98, 83, 419.556, 421.313, 1.756, 2308, 0, 421.313, 421.657, 0.344, 659,     3.081,
 2756, 1, 420.138, 420.138, 420.148, 0.01, 15, 420.148, 421.663, 1.514, 1219, 0, 421.663, 421.663, 0, 2,     1.524,
 2753, 1, 419.809, 419.809, 419.816, 0.007, 13, 419.816, 421.663, 1.846, 1274, 0, 421.663, 421.742, 0.079, 158,     1.932,
 2757, 1, 420.594, 420.594, 420.604, 0.01, 6, 420.604, 421.912, 1.308, 1624, 0, 421.912, 421.928, 0.015, 31,     1.333,
 2750, 1, 419.3, 419.3, 419.604, 0.304, 26, 419.604, 421.413, 1.809, 1378, 0, 421.413, 422.079, 0.666, 1318,     2.779,
 2759, 1, 420.852, 420.852, 420.862, 0.01, 2, 420.862, 422.162, 1.299, 1592, 0, 422.162, 422.172, 0.01, 16,     1.319,
 2758, 1, 420.626, 420.626, 420.626, 0, 6, 420.626, 422.162, 1.536, 1736, 0, 422.162, 422.183, 0.021, 42,     1.557,
 2761, 1, 421.023, 421.023, 421.038, 0.014, 41, 421.038, 422.42, 1.383, 1491, 0, 422.42, 422.43, 0.01, 8,     1.407,
 2760, 1, 420.916, 420.916, 420.974, 0.058, 131, 420.974, 422.317, 1.343, 1209, 0, 422.317, 422.517, 0.2, 400,     1.601,
 2763, 1, 421.262, 421.262, 421.352, 0.091, 161, 421.352, 422.569, 1.217, 1482, 0, 422.569, 422.607, 0.038, 62,     1.345,
 2762, 1, 421.125, 421.125, 421.141, 0.015, 37, 421.141, 422.673, 1.532, 899, 0, 422.673, 422.707, 0.034, 69,     1.582,
 2736, 1, 417.482, 417.482, 419.157, 1.676, 1029, 419.157, 420.665, 1.507, 1734, 0, 420.665, 422.756, 2.091, 4182,     5.274,
 2766, 1, 421.588, 421.588, 421.647, 0.059, 119, 421.647, 422.823, 1.176, 1504, 0, 422.823, 422.833, 0.01, 12,     1.245,
 2765, 1, 421.577, 421.577, 421.588, 0.011, 29, 421.588, 422.922, 1.334, 1737, 0, 422.922, 422.932, 0.01, 4,     1.355,
 2764, 1, 421.373, 421.373, 421.892, 0.518, 1051, 421.892, 422.922, 1.03, 1511, 0, 422.922, 422.95, 0.027, 66,     1.576,
 2767, 1, 421.791, 421.791, 422.105, 0.314, 617, 422.105, 423.085, 0.98, 1689, 0, 423.085, 423.105, 0.02, 31,     1.314,
 2771, 1, 422.116, 422.116, 422.13, 0.014, 28, 422.13, 423.172, 1.042, 1876, 0, 423.172, 423.182, 0.01, 21,     1.066,
 2769, 1, 421.954, 421.954, 422.076, 0.123, 261, 422.076, 423.073, 0.997, 1611, 0, 423.073, 423.248, 0.175, 351,     1.295,
 2772, 1, 422.498, 422.498, 422.508, 0.01, 18, 422.508, 423.422, 0.914, 1703, 0, 423.422, 423.459, 0.038, 75,     0.961,
 2768, 1, 421.933, 421.933, 421.946, 0.013, 26, 421.946, 423.172, 1.226, 1061, 0, 423.172, 423.507, 0.335, 670,     1.574,
 2774, 1, 423.19, 423.19, 423.228, 0.038, 35, 423.228, 423.955, 0.727, 1742, 0, 423.955, 423.965, 0.01, 11,     0.775,
 2775, 1, 423.278, 423.278, 423.351, 0.073, 117, 423.351, 424.084, 0.732, 1769, 0, 424.084, 424.094, 0.01, 8,     0.816,
 2776, 1, 423.352, 423.352, 423.363, 0.011, 23, 423.363, 424.121, 0.758, 1628, 0, 424.121, 424.169, 0.048, 90,     0.817,
 2777, 1, 423.409, 423.409, 423.419, 0.01, 7, 423.419, 424.169, 0.75, 741, 0, 424.169, 424.179, 0.01, 18,     0.770,
 2778, 1, 423.473, 423.473, 423.547, 0.074, 127, 423.547, 424.339, 0.792, 1178, 0, 424.339, 424.376, 0.037, 74,     0.904,
 2779, 1, 423.587, 423.587, 423.784, 0.197, 392, 423.784, 424.494, 0.71, 1534, 0, 424.494, 424.504, 0.01, 7,     0.917,
 2770, 1, 422.057, 422.057, 423.533, 1.476, 2915, 423.533, 424.537, 1.004, 2338, 0, 424.537, 424.584, 0.047, 94,     2.527,
 2773, 1, 423.169, 423.169, 423.209, 0.039, 69, 423.209, 423.92, 0.711, 1547, 0, 423.92, 424.694, 0.774, 1549,     1.525,
 2781, 1, 423.997, 423.997, 424.05, 0.053, 95, 424.05, 424.767, 0.717, 2000, 0, 424.767, 424.805, 0.038, 77,     0.808,
 2783, 1, 424.126, 424.126, 424.178, 0.052, 81, 424.178, 424.905, 0.727, 1320, 0, 424.905, 424.905, 0, 3,     0.779,
 2780, 1, 423.864, 423.864, 423.916, 0.052, 105, 423.916, 424.787, 0.871, 1564, 0, 424.787, 424.943, 0.156, 313,     1.079,
 2785, 1, 424.307, 424.307, 424.389, 0.082, 164, 424.389, 425.123, 0.734, 1213, 0, 425.123, 425.154, 0.031, 76,     0.847,
 2782, 1, 424.04, 424.04, 424.084, 0.044, 79, 424.084, 424.823, 0.738, 1760, 0, 424.823, 425.174, 0.352, 678,     1.134,
 2786, 1, 424.437, 424.437, 424.484, 0.047, 61, 424.484, 425.2, 0.716, 1818, 0, 425.2, 425.295, 0.096, 191,     0.859,
 2787, 1, 424.834, 424.834, 424.844, 0.01, 7, 424.844, 425.57, 0.726, 1695, 0, 425.57, 425.585, 0.015, 30,     0.751,
 2789, 1, 425.11, 425.11, 425.291, 0.181, 78, 425.291, 426.004, 0.713, 1669, 0, 426.004, 426.014, 0.01, 4,     0.904,
 2790, 1, 425.581, 425.581, 425.61, 0.029, 63, 425.61, 426.353, 0.743, 1096, 0, 426.353, 426.363, 0.01, 19,     0.782,
 2788, 1, 425.079, 425.079, 425.241, 0.162, 325, 425.241, 425.967, 0.726, 1453, 0, 425.967, 426.422, 0.456, 912,     1.344,
 2791, 1, 425.632, 425.632, 425.775, 0.144, 303, 425.775, 426.491, 0.716, 1775, 0, 426.491, 426.501, 0.01, 9,     0.870,
 2784, 1, 424.235, 424.235, 426.989, 2.754, 5487, 426.989, 427.864, 0.875, 1199, 0, 427.864, 427.874, 0.01, 19,     3.639,
 2794, 1, 425.978, 425.978, 427.09, 1.112, 81, 427.09, 427.996, 0.905, 1251, 0, 427.996, 428.037, 0.041, 78,     2.059,
 2793, 1, 425.912, 425.912, 427.05, 1.137, 101, 427.05, 427.767, 0.717, 1287, 0, 427.767, 428.076, 0.309, 618,     2.163,
 2796, 1, 426.425, 426.425, 427.709, 1.284, 20, 427.709, 428.447, 0.738, 1812, 0, 428.447, 428.551, 0.103, 207,     2.126,
 2797, 1, 426.441, 426.441, 427.741, 1.3, 49, 427.741, 428.61, 0.869, 783, 0, 428.61, 428.72, 0.11, 220,     2.279,
 2799, 1, 426.787, 426.787, 427.806, 1.019, 43, 427.806, 428.709, 0.903, 908, 0, 428.709, 428.81, 0.102, 190,     2.024,
 2795, 1, 426.092, 426.092, 427.695, 1.603, 1210, 427.695, 428.776, 1.081, 2025, 0, 428.776, 429.203, 0.428, 856,     3.111,
 2798, 1, 426.767, 426.767, 427.775, 1.008, 33, 427.775, 429.025, 1.25, 1517, 0, 429.025, 429.373, 0.349, 707,     2.606,
 2792, 1, 425.853, 425.853, 429.315, 3.462, 6940, 429.315, 430.027, 0.712, 2179, 0, 430.027, 430.076, 0.048, 97,     4.223,
 2802, 1, 427.626, 427.626, 429.343, 1.717, 29, 429.343, 430.231, 0.888, 1562, 0, 430.231, 430.241, 0.01, 15,     2.615,
 2804, 1, 427.862, 427.862, 429.452, 1.589, 113, 429.452, 430.172, 0.72, 1802, 0, 430.172, 430.268, 0.096, 192,     2.405,
 2803, 1, 427.668, 427.668, 429.377, 1.709, 31, 429.377, 430.29, 0.913, 1486, 0, 430.29, 430.394, 0.103, 207,     2.726,
 2808, 1, 428.301, 428.301, 429.606, 1.305, 4, 429.606, 430.438, 0.832, 1652, 0, 430.438, 430.448, 0.01, 11,     2.147,
 2809, 1, 428.329, 428.329, 429.644, 1.315, 76, 429.644, 430.438, 0.794, 1388, 0, 430.438, 430.448, 0.01, 4,     2.119,
 2806, 1, 428.14, 428.14, 429.548, 1.408, 160, 429.548, 430.483, 0.935, 2220, 0, 430.483, 430.566, 0.083, 167,     2.426,
 2811, 1, 428.86, 428.86, 429.682, 0.822, 42, 429.682, 430.733, 1.051, 1273, 0, 430.733, 430.745, 0.012, 26,     1.885,
 2805, 1, 428.092, 428.092, 429.466, 1.374, 12, 429.466, 430.183, 0.717, 1486, 0, 430.183, 430.765, 0.582, 1128,     2.673,
 2814, 1, 429.535, 429.535, 429.858, 0.323, 16, 429.858, 430.876, 1.018, 1537, 0, 430.876, 430.888, 0.012, 23,     1.353,
 2813, 1, 429.386, 429.386, 429.844, 0.458, 18, 429.844, 430.943, 1.099, 1692, 0, 430.943, 430.961, 0.019, 37,     1.575,
 2812, 1, 429.343, 429.343, 429.83, 0.487, 289, 429.83, 430.8, 0.97, 1483, 0, 430.8, 430.964, 0.164, 329,     1.621,
 2810, 1, 428.703, 428.703, 429.658, 0.955, 20, 429.658, 430.964, 1.306, 1279, 0, 430.964, 430.974, 0.01, 8,     2.271,
 2815, 1, 429.64, 429.64, 429.871, 0.231, 3, 429.871, 430.991, 1.12, 1618, 0, 430.991, 431.33, 0.34, 680,     1.691,
 2816, 1, 429.693, 429.693, 430.661, 0.968, 1581, 430.661, 431.376, 0.715, 1653, 0, 431.376, 431.437, 0.06, 121,     1.744,
 2807, 1, 428.239, 428.239, 429.592, 1.353, 88, 429.592, 430.539, 0.947, 1186, 0, 430.539, 431.471, 0.931, 1846,     3.231,
 2800, 1, 427.294, 427.294, 427.971, 0.677, 297, 427.971, 428.69, 0.718, 801, 0, 428.69, 431.54, 2.85, 5701,     4.246,
 2818, 1, 430.137, 430.137, 430.736, 0.598, 56, 430.736, 431.586, 0.85, 1739, 0, 431.586, 431.641, 0.056, 112,     1.504,
 2819, 1, 430.249, 430.249, 430.75, 0.5, 2, 430.75, 431.632, 0.882, 1782, 0, 431.632, 431.684, 0.053, 85,     1.435,
 2821, 1, 430.347, 430.347, 431.18, 0.833, 401, 431.18, 431.993, 0.813, 1179, 0, 431.993, 432.028, 0.035, 45,     1.681,
 2822, 1, 430.447, 430.447, 431.19, 0.742, 19, 431.19, 432.13, 0.941, 1440, 0, 432.13, 432.213, 0.082, 178,     1.766,
 2820, 1, 430.285, 430.285, 430.975, 0.69, 438, 430.975, 431.881, 0.906, 1199, 0, 431.881, 432.233, 0.352, 689,     1.948,
 2823, 1, 430.481, 430.481, 431.21, 0.729, 38, 431.21, 432.243, 1.034, 1431, 0, 432.243, 432.313, 0.07, 139,     1.832,
 2824, 1, 430.711, 430.711, 431.256, 0.545, 92, 431.256, 432.346, 1.091, 1473, 0, 432.346, 432.395, 0.049, 98,     1.685,
 2826, 1, 430.83, 430.83, 431.473, 0.643, 54, 431.473, 432.398, 0.926, 997, 0, 432.398, 432.572, 0.174, 355,     1.742,
 2830, 1, 431.306, 431.306, 431.578, 0.272, 110, 431.578, 432.648, 1.07, 1563, 0, 432.648, 432.661, 0.013, 27,     1.356,
 2825, 1, 430.752, 430.752, 431.446, 0.694, 381, 431.446, 432.628, 1.182, 1827, 0, 432.628, 432.681, 0.053, 71,     1.929,
 2831, 1, 431.463, 431.463, 431.663, 0.2, 241, 431.663, 432.648, 0.985, 861, 0, 432.648, 432.681, 0.033, 51,     1.218,
 2828, 1, 431.188, 431.188, 431.513, 0.325, 15, 431.513, 432.608, 1.095, 1169, 0, 432.608, 432.701, 0.093, 162,     1.514,
 2801, 1, 427.307, 427.307, 431.503, 4.196, 7060, 431.503, 432.38, 0.877, 918, 0, 432.38, 432.788, 0.408, 816,     5.480,
 2829, 1, 431.23, 431.23, 431.543, 0.313, 48, 431.543, 432.882, 1.34, 1340, 0, 432.882, 432.892, 0.01, 12,     1.662,
 2835, 1, 432.024, 432.024, 432.035, 0.012, 23, 432.035, 432.902, 0.867, 1708, 0, 432.902, 432.92, 0.018, 36,     0.897,
 2833, 1, 431.836, 431.836, 431.846, 0.01, 2, 431.846, 432.862, 1.017, 1278, 0, 432.862, 432.958, 0.095, 191,     1.122,
 2827, 1, 431.13, 431.13, 431.513, 0.383, 67, 431.513, 432.759, 1.246, 1880, 0, 432.759, 433.066, 0.307, 614,     1.936,
 2832, 1, 431.623, 431.623, 431.772, 0.149, 283, 431.772, 433.008, 1.237, 1659, 0, 433.008, 433.106, 0.097, 162,     1.483,
 2834, 1, 431.86, 431.86, 431.865, 0.005, 15, 431.865, 433.132, 1.267, 1253, 0, 433.132, 433.192, 0.059, 113,     1.331,
 2838, 1, 432.375, 432.375, 432.468, 0.093, 185, 432.468, 433.182, 0.713, 1737, 0, 433.182, 433.235, 0.054, 99,     0.860,
 2836, 1, 432.06, 432.06, 432.069, 0.009, 13, 432.069, 433.264, 1.194, 1904, 0, 433.264, 433.274, 0.01, 3,     1.213,
 2841, 1, 432.533, 432.533, 432.631, 0.099, 83, 432.631, 433.437, 0.806, 969, 0, 433.437, 433.447, 0.01, 18,     0.914,
 2837, 1, 432.092, 432.092, 432.092, 0, 16, 432.092, 433.112, 1.021, 1518, 0, 433.112, 433.498, 0.385, 785,     1.406,
 2839, 1, 432.468, 432.468, 432.589, 0.121, 261, 432.589, 433.513, 0.924, 996, 0, 433.513, 433.523, 0.01, 16,     1.055,
 2842, 1, 432.575, 432.575, 432.661, 0.086, 45, 432.661, 433.762, 1.1, 1648, 0, 433.762, 433.774, 0.012, 25,     1.199,
 2840, 1, 432.476, 432.476, 433.196, 0.72, 1445, 433.196, 433.92, 0.724, 1910, 0, 433.92, 433.93, 0.01, 17,     1.453,
 2817, 1, 429.942, 429.942, 430.69, 0.748, 58, 430.69, 431.411, 0.721, 1487, 0, 431.411, 433.963, 2.553, 5106,     4.021,
 2843, 1, 433.017, 433.017, 433.244, 0.228, 427, 433.244, 434.066, 0.822, 1621, 0, 434.066, 434.076, 0.01, 12,     1.059,
 2845, 1, 433.173, 433.173, 433.244, 0.072, 63, 433.244, 434.4, 1.156, 1038, 0, 434.4, 434.41, 0.01, 28,     1.237,
 2846, 1, 433.67, 433.67, 433.699, 0.029, 43, 433.699, 434.415, 0.716, 1719, 0, 434.415, 434.592, 0.176, 364,     0.922,
 2847, 1, 433.993, 433.993, 434.015, 0.022, 44, 434.015, 434.748, 0.732, 1537, 0, 434.748, 435.115, 0.367, 735,     1.122,
 2848, 1, 434.161, 434.161, 434.359, 0.198, 369, 434.359, 435.073, 0.714, 970, 0, 435.073, 435.185, 0.111, 240,     1.023,
 2851, 1, 434.487, 434.487, 434.497, 0.01, 3, 434.497, 435.212, 0.716, 1392, 0, 435.212, 435.222, 0.01, 1,     0.736,
 2844, 1, 433.079, 433.079, 433.21, 0.131, 2, 433.21, 434.012, 0.802, 1557, 0, 434.012, 435.252, 1.24, 2480,     2.172,
 2852, 1, 434.534, 434.534, 434.641, 0.107, 216, 434.641, 435.356, 0.715, 1908, 0, 435.356, 435.366, 0.01, 1,     0.832,
 2849, 1, 434.205, 434.205, 434.391, 0.186, 354, 434.391, 435.28, 0.889, 1125, 0, 435.28, 435.584, 0.304, 608,     1.379,
 2857, 1, 435.135, 435.135, 435.145, 0.01, 2, 435.145, 435.858, 0.713, 1471, 0, 435.858, 435.876, 0.018, 36,     0.741,
 2854, 1, 434.933, 434.933, 434.951, 0.018, 34, 434.951, 435.671, 0.72, 995, 0, 435.671, 435.924, 0.253, 504,     0.991,
 2855, 1, 434.973, 434.973, 435.155, 0.182, 368, 435.155, 435.914, 0.759, 1995, 0, 435.914, 435.934, 0.02, 22,     0.961,
 2856, 1, 434.999, 434.999, 435.009, 0.01, 18, 435.009, 436.027, 1.018, 1899, 0, 436.027, 436.06, 0.033, 65,     1.061,
 2850, 1, 434.391, 434.391, 434.416, 0.025, 50, 434.416, 435.212, 0.796, 1526, 0, 435.212, 436.096, 0.884, 1769,     1.705,
 2858, 1, 435.204, 435.204, 435.218, 0.014, 27, 435.218, 436.147, 0.93, 1535, 0, 436.147, 436.204, 0.057, 114,     1.000,
 2860, 1, 435.486, 435.486, 435.507, 0.021, 42, 435.507, 436.225, 0.718, 1320, 0, 436.225, 436.344, 0.12, 239,     0.859,
 2853, 1, 434.91, 434.91, 434.933, 0.023, 44, 434.933, 435.778, 0.845, 1207, 0, 435.778, 436.373, 0.595, 1191,     1.463,
 2863, 1, 435.7, 435.7, 436.149, 0.448, 588, 436.149, 436.853, 0.705, 1575, 0, 436.853, 436.863, 0.01, 31,     1.163,
 2862, 1, 435.676, 435.676, 435.845, 0.168, 287, 435.845, 436.66, 0.815, 1044, 0, 436.66, 436.907, 0.248, 479,     1.231,
 2861, 1, 435.653, 435.653, 435.689, 0.036, 73, 435.689, 436.404, 0.714, 1396, 0, 436.404, 436.914, 0.51, 1015,     1.261,
 2864, 1, 435.776, 435.776, 436.175, 0.399, 50, 436.175, 436.914, 0.739, 1143, 0, 436.914, 436.914, 0, 7,     1.138,
 2866, 1, 436.114, 436.114, 436.705, 0.591, 34, 436.705, 437.438, 0.732, 1185, 0, 437.438, 437.462, 0.024, 48,     1.347,
 2867, 1, 436.257, 436.257, 436.719, 0.462, 16, 436.719, 437.448, 0.728, 1733, 0, 437.448, 437.486, 0.038, 76,     1.229,
 2865, 1, 436.101, 436.101, 436.673, 0.572, 968, 436.673, 437.698, 1.025, 1465, 0, 437.698, 437.76, 0.062, 125,     1.659,
 2871, 1, 436.579, 436.579, 436.906, 0.327, 19, 436.906, 437.688, 0.782, 1360, 0, 437.688, 437.782, 0.094, 188,     1.203,
 2868, 1, 436.293, 436.293, 436.754, 0.461, 70, 436.754, 437.648, 0.893, 1568, 0, 437.648, 437.984, 0.336, 673,     1.691,
 2874, 1, 437.079, 437.079, 437.089, 0.01, 21, 437.089, 437.939, 0.85, 1137, 0, 437.939, 438.011, 0.072, 145,     0.932,
 2870, 1, 436.509, 436.509, 436.892, 0.383, 29, 436.892, 437.923, 1.032, 1605, 0, 437.923, 438.049, 0.125, 234,     1.540,
 2872, 1, 436.72, 436.72, 436.931, 0.211, 46, 436.931, 437.949, 1.017, 1858, 0, 437.949, 438.049, 0.1, 194,     1.329,
 2869, 1, 436.49, 436.49, 436.872, 0.381, 235, 436.872, 438.039, 1.167, 1273, 0, 438.039, 438.156, 0.117, 225,     1.666,
 2873, 1, 436.755, 436.755, 436.941, 0.186, 6, 436.941, 438.146, 1.205, 2304, 0, 438.146, 438.166, 0.02, 35,     1.411,
 2875, 1, 437.355, 437.355, 437.397, 0.042, 63, 437.397, 438.209, 0.813, 1884, 0, 438.209, 438.246, 0.036, 71,     0.891,
 2876, 1, 437.495, 437.495, 437.512, 0.017, 33, 437.512, 438.396, 0.885, 1451, 0, 438.396, 438.406, 0.01, 4,     0.911,
 2878, 1, 437.65, 437.65, 437.65, 0, 2, 437.65, 438.459, 0.809, 1315, 0, 438.459, 438.469, 0.01, 10,     0.819,
 2877, 1, 437.585, 437.585, 437.595, 0.01, 13, 437.595, 438.319, 0.725, 1650, 0, 438.319, 438.492, 0.173, 346,     0.907,
 2880, 1, 437.751, 437.751, 437.761, 0.01, 9, 437.761, 438.573, 0.812, 1295, 0, 438.573, 438.709, 0.136, 261,     0.958,
 2881, 1, 437.808, 437.808, 437.808, 0, 1, 437.808, 438.709, 0.901, 1470, 0, 438.709, 438.719, 0.01, 14,     0.911,
 2879, 1, 437.688, 437.688, 437.698, 0.01, 14, 437.698, 438.646, 0.948, 1352, 0, 438.646, 438.782, 0.137, 274,     1.095,
 2882, 1, 438.108, 438.108, 438.135, 0.027, 48, 438.135, 438.845, 0.709, 1720, 0, 438.845, 438.916, 0.071, 142,     0.808,
 2884, 1, 438.155, 438.155, 438.165, 0.01, 37, 438.165, 438.959, 0.793, 1956, 0, 438.959, 438.969, 0.01, 1,     0.814,
 2883, 1, 438.125, 438.125, 438.234, 0.108, 188, 438.234, 438.959, 0.725, 1644, 0, 438.959, 439.097, 0.138, 273,     0.972,
 2859, 1, 435.431, 435.431, 437.708, 2.277, 4555, 437.708, 439.064, 1.356, 1915, 0, 439.064, 439.107, 0.043, 86,     3.676,
 2886, 1, 438.291, 438.291, 438.308, 0.017, 33, 438.308, 439.094, 0.786, 1676, 0, 439.094, 439.117, 0.023, 60,     0.825,
 2887, 1, 438.362, 438.362, 438.362, 0, 4, 438.362, 439.208, 0.846, 489, 0, 439.208, 439.242, 0.034, 68,     0.880,
 2885, 1, 438.234, 438.234, 438.244, 0.01, 20, 438.244, 439.313, 1.07, 1166, 0, 439.313, 439.4, 0.087, 174,     1.167,
 2888, 1, 438.918, 438.918, 438.928, 0.01, 34, 438.928, 439.642, 0.714, 1398, 0, 439.642, 439.874, 0.233, 465,     0.956,
 2889, 1, 439.207, 439.207, 439.237, 0.03, 37, 439.237, 439.971, 0.734, 1141, 0, 439.971, 440.051, 0.08, 160,     0.844,
 2892, 1, 439.698, 439.698, 439.716, 0.018, 36, 439.716, 440.431, 0.715, 1672, 0, 440.431, 440.478, 0.047, 94,     0.780,
 2893, 1, 439.793, 439.793, 439.838, 0.045, 74, 439.838, 440.554, 0.716, 1088, 0, 440.554, 440.693, 0.138, 277,     0.900,
 2890, 1, 439.359, 439.359, 439.896, 0.537, 1058, 439.896, 440.713, 0.816, 1671, 0, 440.713, 440.722, 0.01, 13,     1.363,
 2894, 1, 439.886, 439.886, 439.896, 0.01, 2, 439.896, 440.693, 0.797, 1886, 0, 440.693, 440.743, 0.05, 101,     0.857,
 2895, 1, 439.948, 439.948, 439.985, 0.037, 88, 439.985, 440.815, 0.831, 1471, 0, 440.815, 440.828, 0.013, 26,     0.880,
 2891, 1, 439.401, 439.401, 439.569, 0.168, 336, 439.569, 440.463, 0.894, 1506, 0, 440.463, 440.906, 0.443, 900,     1.505,
 2896, 1, 439.999, 439.999, 440.106, 0.107, 201, 440.106, 440.969, 0.863, 1717, 0, 440.969, 441.132, 0.163, 326,     1.133,
 2899, 1, 440.507, 440.507, 440.517, 0.01, 31, 440.517, 441.25, 0.733, 1330, 0, 441.25, 441.272, 0.022, 27,     0.766,
 2898, 1, 440.202, 440.202, 440.277, 0.075, 142, 440.277, 441.065, 0.788, 1709, 0, 441.065, 441.348, 0.283, 562,     1.146,
 2902, 1, 440.629, 440.629, 440.641, 0.012, 22, 440.641, 441.5, 0.858, 1336, 0, 441.5, 441.51, 0.01, 16,     0.880,
 2901, 1, 440.558, 440.558, 440.641, 0.083, 161, 440.641, 441.359, 0.718, 1638, 0, 441.359, 441.646, 0.287, 577,     1.088,
 2897, 1, 440.096, 440.096, 440.126, 0.03, 44, 440.126, 440.942, 0.816, 1330, 0, 440.942, 441.753, 0.811, 1622,     1.656,
 2903, 1, 441.075, 441.075, 441.138, 0.063, 126, 441.138, 441.855, 0.717, 1198, 0, 441.855, 441.865, 0.01, 12,     0.790,
 2904, 1, 441.128, 441.128, 441.172, 0.044, 106, 441.172, 441.885, 0.713, 1510, 0, 441.885, 441.895, 0.01, 14,     0.767,
 2900, 1, 440.53, 440.53, 440.54, 0.01, 19, 440.54, 441.262, 0.722, 1803, 0, 441.262, 442.152, 0.89, 1781,     1.622,
 2905, 1, 441.339, 441.339, 441.408, 0.069, 139, 441.408, 442.134, 0.726, 1539, 0, 442.134, 442.226, 0.092, 184,     0.887,
 2907, 1, 441.633, 441.633, 441.644, 0.01, 37, 441.644, 442.378, 0.735, 1391, 0, 442.378, 442.467, 0.089, 177,     0.834,
 2908, 1, 441.761, 441.761, 441.832, 0.071, 104, 441.832, 442.548, 0.716, 1302, 0, 442.548, 442.602, 0.054, 108,     0.841,
 2910, 1, 441.946, 441.946, 441.946, 0, 3, 441.946, 442.671, 0.725, 1127, 0, 442.671, 442.681, 0.01, 12,     0.735,
 2909, 1, 441.897, 441.897, 441.909, 0.012, 33, 441.909, 442.83, 0.921, 1404, 0, 442.83, 442.874, 0.043, 87,     0.977,
 2911, 1, 442.072, 442.072, 442.123, 0.051, 82, 442.123, 442.857, 0.734, 1221, 0, 442.857, 442.912, 0.054, 109,     0.839,
 2913, 1, 442.466, 442.466, 442.476, 0.01, 2, 442.476, 443.209, 0.733, 1627, 0, 443.209, 443.236, 0.027, 74,     0.770,
 2914, 1, 442.546, 442.546, 442.574, 0.028, 56, 442.574, 443.308, 0.734, 1674, 0, 443.308, 443.33, 0.022, 45,     0.785,
 2912, 1, 442.358, 442.358, 442.43, 0.072, 151, 442.43, 443.153, 0.723, 1425, 0, 443.153, 443.367, 0.214, 409,     1.009,
 2915, 1, 442.838, 442.838, 442.853, 0.015, 30, 442.853, 443.568, 0.715, 1352, 0, 443.568, 443.896, 0.328, 657,     1.058,
 2916, 1, 442.989, 442.989, 443.131, 0.142, 274, 443.131, 443.848, 0.717, 1963, 0, 443.848, 443.916, 0.068, 118,     0.927,
 2918, 1, 443.154, 443.154, 443.383, 0.23, 460, 443.383, 444.1, 0.717, 1555, 0, 444.1, 444.149, 0.049, 87,     0.995,
 2919, 1, 443.231, 443.231, 443.424, 0.193, 82, 443.424, 444.139, 0.715, 1397, 0, 444.139, 444.204, 0.065, 131,     0.973,
 2917, 1, 443.121, 443.121, 443.511, 0.39, 775, 443.511, 444.298, 0.788, 1771, 0, 444.298, 444.308, 0.01, 3,     1.187,
 2921, 1, 443.646, 443.646, 443.646, 0, 11, 443.646, 444.392, 0.745, 1003, 0, 444.392, 444.468, 0.076, 152,     0.822,
 2920, 1, 443.501, 443.501, 443.541, 0.04, 76, 443.541, 444.349, 0.809, 1465, 0, 444.349, 444.492, 0.142, 285,     0.991,
 2922, 1, 443.678, 443.678, 443.92, 0.242, 484, 443.92, 444.81, 0.89, 952, 0, 444.81, 444.82, 0.01, 21,     1.142,
 2926, 1, 444.517, 444.517, 444.535, 0.017, 35, 444.535, 445.255, 0.72, 1345, 0, 445.255, 445.298, 0.043, 86,     0.781,
 2924, 1, 444.244, 444.244, 444.254, 0.01, 3, 444.254, 445.192, 0.938, 1530, 0, 445.192, 445.365, 0.173, 344,     1.121,
 2925, 1, 444.401, 444.401, 444.451, 0.05, 103, 444.451, 445.174, 0.723, 1258, 0, 445.174, 445.385, 0.211, 422,     0.984,
 2923, 1, 444.166, 444.166, 444.176, 0.01, 27, 444.176, 445.355, 1.179, 1128, 0, 445.355, 445.499, 0.143, 287,     1.332,
 2927, 1, 444.58, 444.58, 444.59, 0.01, 13, 444.59, 445.305, 0.715, 1442, 0, 445.305, 445.582, 0.276, 568,     1.002,
 2906, 1, 441.368, 441.368, 441.385, 0.016, 37, 441.385, 442.107, 0.723, 1886, 0, 442.107, 445.616, 3.509, 7019,     4.248,
 2928, 1, 445.077, 445.077, 445.077, 0, 3, 445.077, 446.173, 1.096, 1149, 0, 446.173, 446.195, 0.022, 43,     1.117,
 2929, 1, 445.124, 445.124, 445.154, 0.031, 64, 445.154, 446.424, 1.27, 1497, 0, 446.424, 446.473, 0.049, 98,     1.350,
 2930, 1, 445.281, 445.281, 445.311, 0.029, 25, 445.311, 446.684, 1.374, 1301, 0, 446.684, 446.749, 0.065, 129,     1.468,
 2931, 1, 445.406, 445.406, 445.416, 0.01, 6, 445.416, 446.684, 1.268, 1935, 0, 446.684, 446.821, 0.137, 274,     1.414,
 2933, 1, 445.483, 445.483, 445.517, 0.034, 37, 445.517, 446.934, 1.417, 1666, 0, 446.934, 446.993, 0.058, 99,     1.509,
 2935, 1, 446.051, 446.051, 446.061, 0.01, 1, 446.061, 447.184, 1.124, 1552, 0, 447.184, 447.194, 0.01, 11,     1.144,
 2932, 1, 445.445, 445.445, 445.455, 0.01, 3, 445.455, 447.184, 1.729, 1906, 0, 447.184, 447.314, 0.13, 255,     1.869,
 2938, 1, 446.683, 446.683, 446.706, 0.023, 46, 446.706, 447.433, 0.728, 1676, 0, 447.433, 447.471, 0.038, 76,     0.789,
 2934, 1, 445.535, 445.535, 445.545, 0.01, 9, 445.545, 447.433, 1.888, 1848, 0, 447.433, 447.599, 0.166, 308,     2.064,
 2936, 1, 446.38, 446.38, 446.38, 0, 1, 446.38, 447.691, 1.311, 1536, 0, 447.691, 447.701, 0.01, 8,     1.321,
 2941, 1, 447.03, 447.03, 447.04, 0.01, 8, 447.04, 447.811, 0.771, 2039, 0, 447.811, 447.811, 0, 4,     0.781,
 2937, 1, 446.525, 446.525, 446.779, 0.254, 525, 446.779, 447.94, 1.161, 1957, 0, 447.94, 447.97, 0.03, 50,     1.445,
 2942, 1, 447.234, 447.234, 447.24, 0.006, 16, 447.24, 447.96, 0.721, 1594, 0, 447.96, 447.97, 0.01, 15,     0.736,
 2945, 1, 447.575, 447.575, 447.593, 0.017, 46, 447.593, 448.32, 0.727, 1237, 0, 448.32, 448.456, 0.135, 271,     0.880,
 2940, 1, 446.865, 446.865, 446.897, 0.032, 59, 446.897, 447.691, 0.794, 1289, 0, 447.691, 448.585, 0.894, 1788,     1.719,
 2939, 1, 446.77, 446.77, 447.013, 0.243, 494, 447.013, 448.196, 1.183, 1372, 0, 448.196, 448.727, 0.53, 1061,     1.956,
 2947, 1, 447.731, 447.731, 447.771, 0.04, 57, 447.771, 448.717, 0.945, 1534, 0, 448.717, 448.727, 0.01, 3,     0.995,
 2943, 1, 447.252, 447.252, 447.32, 0.068, 138, 447.32, 448.309, 0.989, 1327, 0, 448.309, 448.757, 0.447, 887,     1.505,
 2944, 1, 447.286, 447.286, 447.296, 0.01, 13, 447.296, 448.458, 1.162, 1572, 0, 448.458, 448.926, 0.468, 940,     1.640,
 2950, 1, 448.069, 448.069, 448.142, 0.073, 134, 448.142, 448.89, 0.749, 1512, 0, 448.89, 448.956, 0.066, 114,     0.887,
 2949, 1, 447.966, 447.966, 447.997, 0.031, 40, 447.997, 448.966, 0.969, 1379, 0, 448.966, 448.966, 0, 1,     1.000,
 2954, 1, 448.376, 448.376, 448.414, 0.038, 49, 448.414, 449.14, 0.726, 1122, 0, 449.14, 449.15, 0.01, 21,     0.774,
 2953, 1, 448.334, 448.334, 448.358, 0.024, 5, 448.358, 449.196, 0.838, 1636, 0, 449.196, 449.215, 0.019, 38,     0.881,
 2951, 1, 448.077, 448.077, 448.344, 0.267, 403, 448.344, 449.221, 0.877, 1232, 0, 449.221, 449.246, 0.026, 63,     1.169,
 2946, 1, 447.594, 447.594, 447.819, 0.225, 440, 447.819, 448.57, 0.75, 1316, 0, 448.57, 449.27, 0.7, 1400,     1.675,
 2948, 1, 447.859, 447.859, 448.173, 0.314, 628, 448.173, 449.221, 1.048, 1617, 0, 449.221, 449.412, 0.191, 383,     1.553,
 2952, 1, 448.098, 448.098, 448.639, 0.542, 923, 448.639, 449.471, 0.831, 1587, 0, 449.471, 449.491, 0.02, 40,     1.393,
 2955, 1, 448.861, 448.861, 450.337, 1.476, 2958, 450.337, 451.066, 0.729, 780, 0, 451.066, 451.086, 0.019, 39,     2.224,
 2957, 1, 449.104, 449.104, 450.373, 1.27, 72, 450.373, 451.088, 0.715, 1982, 0, 451.088, 451.109, 0.021, 47,     2.005,
 2960, 1, 449.365, 449.365, 450.482, 1.117, 73, 450.482, 451.217, 0.735, 1086, 0, 451.217, 451.305, 0.087, 175,     1.940,
 2958, 1, 449.139, 449.139, 450.434, 1.296, 122, 450.434, 451.323, 0.888, 1253, 0, 451.323, 451.37, 0.048, 72,     2.232,
 2956, 1, 448.998, 448.998, 450.403, 1.404, 2807, 450.403, 451.466, 1.064, 1558, 0, 451.466, 451.488, 0.022, 43,     2.490,
 2959, 1, 449.172, 449.172, 450.448, 1.276, 68, 450.448, 451.59, 1.141, 1421, 0, 451.59, 451.62, 0.031, 61,     2.448,
 2964, 1, 450.089, 450.089, 450.578, 0.489, 83, 450.578, 451.58, 1.001, 1039, 0, 451.58, 451.654, 0.074, 148,     1.564,
 2961, 1, 449.418, 449.418, 450.496, 1.078, 69, 450.496, 451.672, 1.175, 1785, 0, 451.672, 451.682, 0.01, 19,     2.263,
 2965, 1, 450.229, 450.229, 450.598, 0.369, 24, 450.598, 451.716, 1.117, 1686, 0, 451.716, 451.728, 0.012, 25,     1.499,
 2968, 1, 450.805, 450.805, 450.815, 0.01, 10, 450.815, 451.829, 1.014, 1337, 0, 451.829, 451.839, 0.01, 7,     1.034,
 2962, 1, 449.814, 449.814, 450.534, 0.72, 86, 450.534, 451.663, 1.128, 2118, 0, 451.663, 451.922, 0.259, 527,     2.108,
 2967, 1, 450.74, 450.74, 450.769, 0.03, 39, 450.769, 451.912, 1.142, 1163, 0, 451.912, 451.932, 0.02, 30,     1.192,
 2963, 1, 449.858, 449.858, 450.588, 0.73, 168, 450.588, 451.839, 1.251, 1451, 0, 451.839, 451.954, 0.114, 229,     2.096,
 2970, 1, 451.044, 451.044, 451.068, 0.024, 48, 451.068, 451.966, 0.898, 1140, 0, 451.966, 451.976, 0.01, 1,     0.932,
 2966, 1, 450.412, 450.412, 450.619, 0.207, 61, 450.619, 451.926, 1.307, 1583, 0, 451.926, 451.986, 0.06, 124,     1.574,
 2973, 1, 451.3, 451.3, 451.315, 0.015, 24, 451.315, 452.079, 0.764, 1896, 0, 452.079, 452.089, 0.01, 20,     0.789,
 2969, 1, 450.866, 450.866, 450.876, 0.01, 2, 450.876, 452.089, 1.213, 1185, 0, 452.089, 452.134, 0.045, 91,     1.268,
 2975, 1, 451.366, 451.366, 451.417, 0.05, 116, 451.417, 452.235, 0.818, 1694, 0, 452.235, 452.245, 0.01, 2,     0.879,
 2974, 1, 451.359, 451.359, 451.366, 0.007, 7, 451.366, 452.34, 0.974, 1537, 0, 452.34, 452.374, 0.034, 67,     1.015,
 2971, 1, 451.171, 451.171, 451.315, 0.143, 287, 451.315, 452.236, 0.921, 1269, 0, 452.236, 452.434, 0.199, 398,     1.263,
 2976, 1, 451.442, 451.442, 451.488, 0.045, 66, 451.488, 452.328, 0.841, 909, 0, 452.328, 452.459, 0.131, 262,     1.017,
 2978, 1, 451.702, 451.702, 451.702, 0, 5, 451.702, 452.577, 0.876, 1380, 0, 452.577, 452.701, 0.123, 247,     0.999,
 2979, 1, 452.11, 452.11, 452.145, 0.035, 51, 452.145, 452.875, 0.73, 1201, 0, 452.875, 452.905, 0.03, 45,     0.795,
 2977, 1, 451.488, 451.488, 451.498, 0.01, 2, 451.498, 452.59, 1.093, 1124, 0, 452.59, 453.074, 0.483, 944,     1.586,
 2972, 1, 451.28, 451.28, 451.29, 0.01, 2, 451.29, 452.674, 1.384, 1203, 0, 452.674, 453.29, 0.616, 1214,     2.010,
 2980, 1, 452.17, 452.17, 452.62, 0.45, 901, 452.62, 453.393, 0.773, 1349, 0, 453.393, 453.408, 0.014, 29,     1.238,
 2982, 1, 452.315, 452.315, 452.654, 0.339, 61, 452.654, 453.53, 0.876, 1267, 0, 453.53, 453.545, 0.015, 31,     1.230,
 2984, 1, 452.497, 452.497, 452.818, 0.321, 208, 452.818, 453.643, 0.825, 1595, 0, 453.643, 453.653, 0.01, 21,     1.156,
 2983, 1, 452.325, 452.325, 452.714, 0.389, 121, 452.714, 453.663, 0.949, 1551, 0, 453.663, 453.73, 0.067, 154,     1.406,
 2981, 1, 452.246, 452.246, 452.746, 0.5, 1005, 452.746, 453.683, 0.937, 823, 0, 453.683, 453.758, 0.075, 151,     1.512,
 2986, 1, 452.875, 452.875, 452.897, 0.022, 44, 452.897, 453.912, 1.015, 1821, 0, 453.912, 453.922, 0.01, 11,     1.048,
 2985, 1, 452.682, 452.682, 452.853, 0.17, 213, 452.853, 454.028, 1.175, 1584, 0, 454.028, 454.07, 0.042, 84,     1.388,
 2989, 1, 453.46, 453.46, 453.472, 0.012, 24, 453.472, 454.527, 1.055, 2455, 0, 454.527, 454.537, 0.01, 1,     1.077,
 2990, 1, 453.628, 453.628, 453.639, 0.011, 22, 453.639, 454.37, 0.732, 802, 0, 454.37, 454.631, 0.261, 519,     1.003,
 2987, 1, 453.054, 453.054, 453.064, 0.01, 4, 453.064, 453.932, 0.868, 1567, 0, 453.932, 454.664, 0.732, 1464,     1.610,
 2988, 1, 453.275, 453.275, 453.289, 0.014, 27, 453.289, 454.002, 0.713, 2077, 0, 454.002, 454.786, 0.784, 1549,     1.511,
 2991, 1, 453.84, 453.84, 454.01, 0.17, 350, 454.01, 454.842, 0.832, 1209, 0, 454.842, 454.908, 0.066, 132,     1.068,
 2992, 1, 453.897, 453.897, 453.907, 0.01, 9, 453.907, 454.776, 0.869, 893, 0, 454.776, 454.962, 0.186, 351,     1.065,
 2993, 1, 453.978, 453.978, 454.068, 0.09, 168, 454.068, 454.881, 0.813, 1773, 0, 454.881, 454.962, 0.081, 143,     0.984,
 2995, 1, 454.06, 454.06, 454.104, 0.045, 72, 454.104, 455.034, 0.93, 2149, 0, 455.034, 455.088, 0.054, 108,     1.028,
 2994, 1, 454.038, 454.038, 454.205, 0.167, 338, 454.205, 455.09, 0.885, 1468, 0, 455.09, 455.161, 0.071, 129,     1.123,
 2996, 1, 454.313, 454.313, 454.441, 0.128, 234, 454.441, 455.161, 0.72, 1906, 0, 455.161, 455.183, 0.022, 44,     0.870,
 2997, 1, 454.334, 454.334, 454.356, 0.022, 47, 454.356, 455.251, 0.895, 821, 0, 455.251, 455.263, 0.012, 24,     0.929,
 2998, 1, 454.659, 454.659, 454.727, 0.068, 136, 454.727, 455.46, 0.733, 1876, 0, 455.46, 455.476, 0.016, 32,     0.817,
 3000, 1, 455.058, 455.058, 455.058, 0, 9, 455.058, 455.77, 0.712, 1670, 0, 455.77, 455.8, 0.03, 56,     0.742,
 3003, 1, 455.26, 455.26, 455.27, 0.01, 27, 455.27, 456.013, 0.743, 1958, 0, 456.013, 456.059, 0.046, 65,     0.799,
 3002, 1, 455.193, 455.193, 455.219, 0.025, 31, 455.219, 456.023, 0.804, 1586, 0, 456.023, 456.104, 0.081, 170,     0.911,
 3005, 1, 455.625, 455.625, 455.64, 0.014, 29, 455.64, 456.355, 0.715, 1879, 0, 456.355, 456.462, 0.107, 214,     0.837,
 3004, 1, 455.592, 455.592, 455.742, 0.15, 301, 455.742, 456.478, 0.736, 1441, 0, 456.478, 456.488, 0.01, 11,     0.897,
 3006, 1, 455.772, 455.772, 455.782, 0.01, 12, 455.782, 456.564, 0.782, 1910, 0, 456.564, 456.574, 0.01, 4,     0.802,
 2999, 1, 454.846, 454.846, 454.846, 0, 1, 454.846, 455.541, 0.694, 1253, 0, 455.541, 457.069, 1.529, 3058,     2.223,
 3009, 1, 456.31, 456.31, 456.374, 0.064, 120, 456.374, 457.099, 0.725, 1020, 0, 457.099, 457.126, 0.027, 54,     0.816,
 3010, 1, 456.438, 456.438, 456.454, 0.016, 34, 456.454, 457.17, 0.715, 1676, 0, 457.17, 457.18, 0.01, 9,     0.741,
 3011, 1, 456.445, 456.445, 456.468, 0.024, 51, 456.468, 457.18, 0.711, 1288, 0, 457.18, 457.234, 0.054, 108,     0.789,
 3013, 1, 456.624, 456.624, 456.624, 0, 1, 456.624, 457.36, 0.736, 1917, 0, 457.36, 457.398, 0.038, 77,     0.774,
 3008, 1, 456.139, 456.139, 456.149, 0.01, 11, 456.149, 456.865, 0.716, 1647, 0, 456.865, 457.913, 1.049, 2098,     1.774,
 3014, 1, 457.161, 457.161, 457.221, 0.06, 121, 457.221, 457.937, 0.715, 1704, 0, 457.937, 457.947, 0.01, 4,     0.785,
 3015, 1, 457.176, 457.176, 457.239, 0.063, 123, 457.239, 457.968, 0.729, 1909, 0, 457.968, 458.043, 0.075, 151,     0.867,
 3007, 1, 456.052, 456.052, 456.062, 0.01, 9, 456.062, 456.793, 0.731, 1598, 0, 456.793, 458.118, 1.324, 2649,     2.065,
 3016, 1, 457.202, 457.202, 457.236, 0.034, 7, 457.236, 457.968, 0.732, 1797, 0, 457.968, 458.153, 0.185, 371,     0.951,
 3017, 1, 457.239, 457.239, 457.285, 0.046, 100, 457.285, 458.137, 0.852, 1612, 0, 458.137, 458.173, 0.036, 38,     0.935,
 3001, 1, 455.175, 455.175, 455.187, 0.012, 24, 455.187, 455.905, 0.718, 1689, 0, 455.905, 458.232, 2.327, 4655,     3.057,
 3018, 1, 457.686, 457.686, 457.696, 0.01, 16, 457.696, 458.407, 0.711, 1866, 0, 458.407, 458.417, 0.01, 11,     0.731,
 3020, 1, 457.789, 457.789, 457.864, 0.075, 150, 457.864, 458.59, 0.726, 1685, 0, 458.59, 458.634, 0.044, 88,     0.845,
 3021, 1, 457.987, 457.987, 458.142, 0.155, 310, 458.142, 458.874, 0.733, 1218, 0, 458.874, 458.897, 0.022, 45,     0.910,
 3019, 1, 457.744, 457.744, 458.335, 0.591, 1182, 458.335, 459.049, 0.714, 1240, 0, 459.049, 459.072, 0.022, 45,     1.328,
 3023, 1, 458.153, 458.153, 458.349, 0.196, 4, 458.349, 459.092, 0.743, 1414, 0, 459.092, 459.136, 0.044, 88,     0.983,
 3012, 1, 456.543, 456.543, 456.658, 0.115, 210, 456.658, 457.437, 0.779, 1072, 0, 457.437, 459.254, 1.817, 3635,     2.711,
 3024, 1, 458.602, 458.602, 458.619, 0.017, 34, 458.619, 459.342, 0.722, 966, 0, 459.342, 459.352, 0.01, 18,     0.749,
 3025, 1, 458.683, 458.683, 458.714, 0.031, 33, 458.714, 459.427, 0.713, 710, 0, 459.427, 459.445, 0.018, 36,     0.762,
 3026, 1, 458.728, 458.728, 458.761, 0.033, 67, 458.761, 459.477, 0.716, 1747, 0, 459.477, 459.493, 0.015, 31,     0.764,
 3027, 1, 458.78, 458.78, 458.89, 0.11, 231, 458.89, 459.621, 0.73, 1543, 0, 459.621, 459.644, 0.024, 49,     0.864,
 3022, 1, 458.085, 458.085, 458.65, 0.565, 989, 458.65, 459.371, 0.721, 1631, 0, 459.371, 459.719, 0.348, 696,     1.634,
 3029, 1, 458.94, 458.94, 458.95, 0.01, 20, 458.95, 459.727, 0.777, 2018, 0, 459.727, 459.737, 0.01, 36,     0.797,
 3030, 1, 459.041, 459.041, 459.074, 0.033, 65, 459.074, 459.877, 0.804, 1850, 0, 459.877, 459.887, 0.01, 19,     0.846,
 3031, 1, 459.095, 459.095, 459.118, 0.023, 61, 459.118, 459.877, 0.759, 1781, 0, 459.877, 459.935, 0.058, 116,     0.840,
 3032, 1, 459.421, 459.421, 459.431, 0.01, 12, 459.431, 460.161, 0.73, 1604, 0, 460.161, 460.218, 0.058, 115,     0.797,
 3033, 1, 459.506, 459.506, 459.516, 0.01, 17, 459.516, 460.231, 0.715, 1102, 0, 460.231, 460.241, 0.01, 6,     0.735,
 3034, 1, 459.556, 459.556, 459.566, 0.01, 18, 459.566, 460.282, 0.716, 1409, 0, 460.282, 460.292, 0.01, 10,     0.736,
 3035, 1, 459.598, 459.598, 459.608, 0.01, 11, 459.608, 460.384, 0.776, 924, 0, 460.384, 460.414, 0.03, 60,     0.816,
 3036, 1, 459.627, 459.627, 459.637, 0.01, 23, 459.637, 460.418, 0.781, 1251, 0, 460.418, 460.512, 0.094, 197,     0.886,
 3037, 1, 459.844, 459.844, 459.906, 0.062, 130, 459.906, 460.626, 0.721, 1506, 0, 460.626, 460.636, 0.01, 17,     0.793,
 3039, 1, 460.068, 460.068, 460.129, 0.061, 112, 460.129, 460.852, 0.723, 1303, 0, 460.852, 460.889, 0.037, 72,     0.821,
 3040, 1, 460.107, 460.107, 460.163, 0.056, 62, 460.163, 460.879, 0.716, 1537, 0, 460.879, 460.889, 0.01, 10,     0.782,
 3041, 1, 460.395, 460.395, 460.395, 0, 5, 460.395, 461.129, 0.734, 1398, 0, 461.129, 461.139, 0.01, 15,     0.744,
 3043, 1, 460.451, 460.451, 460.459, 0.008, 12, 460.459, 461.177, 0.718, 1538, 0, 461.177, 461.274, 0.098, 195,     0.823,
 3044, 1, 460.507, 460.507, 460.517, 0.01, 17, 460.517, 461.314, 0.798, 1428, 0, 461.314, 461.324, 0.01, 5,     0.818,
 3042, 1, 460.429, 460.429, 460.439, 0.01, 10, 460.439, 461.157, 0.718, 1330, 0, 461.157, 461.389, 0.232, 450,     0.960,
 3028, 1, 458.88, 458.88, 458.94, 0.06, 109, 458.94, 459.682, 0.742, 2115, 0, 459.682, 461.409, 1.727, 3448,     2.529,
 3038, 1, 460.004, 460.004, 460.449, 0.445, 893, 460.449, 461.381, 0.932, 1692, 0, 461.381, 461.428, 0.047, 93,     1.424,
 3046, 1, 460.604, 460.604, 460.611, 0.007, 21, 460.611, 461.428, 0.817, 837, 0, 461.428, 461.439, 0.011, 23,     0.835,
 3047, 1, 460.676, 460.676, 460.687, 0.01, 21, 460.687, 461.564, 0.877, 1383, 0, 461.564, 461.576, 0.012, 24,     0.899,
 3045, 1, 460.536, 460.536, 460.571, 0.036, 56, 460.571, 461.628, 1.057, 1734, 0, 461.628, 461.638, 0.01, 19,     1.102,
 3048, 1, 461.005, 461.005, 461.015, 0.01, 20, 461.015, 461.727, 0.712, 1822, 0, 461.727, 461.74, 0.013, 26,     0.735,
 3051, 1, 461.157, 461.157, 461.237, 0.08, 141, 461.237, 461.977, 0.74, 1606, 0, 461.977, 462.002, 0.025, 50,     0.845,
 3050, 1, 461.089, 461.089, 461.11, 0.021, 41, 461.11, 461.84, 0.73, 2131, 0, 461.84, 462.022, 0.182, 339,     0.932,
 3049, 1, 461.069, 461.069, 461.167, 0.098, 193, 461.167, 462.135, 0.968, 1557, 0, 462.135, 462.145, 0.01, 6,     1.076,
 3053, 1, 461.305, 461.305, 461.458, 0.153, 297, 461.458, 462.19, 0.733, 972, 0, 462.19, 462.2, 0.01, 5,     0.895,
 3054, 1, 461.333, 461.333, 461.486, 0.153, 39, 461.486, 462.231, 0.745, 1470, 0, 462.231, 462.243, 0.012, 25,     0.910,
 3055, 1, 461.377, 461.377, 461.5, 0.123, 16, 461.5, 462.449, 0.949, 1482, 0, 462.449, 462.471, 0.022, 44,     1.093,
 3056, 1, 461.477, 461.477, 461.514, 0.037, 17, 461.514, 462.633, 1.119, 1246, 0, 462.633, 462.643, 0.01, 6,     1.166,
 3052, 1, 461.223, 461.223, 461.976, 0.752, 1499, 461.976, 462.717, 0.742, 1386, 0, 462.717, 462.727, 0.01, 17,     1.504,
 3058, 1, 462.111, 462.111, 462.158, 0.047, 112, 462.158, 462.873, 0.715, 2310, 0, 462.873, 462.917, 0.044, 100,     0.806,
 3059, 1, 462.171, 462.171, 462.208, 0.037, 67, 462.208, 462.92, 0.712, 1465, 0, 462.92, 462.931, 0.012, 29,     0.760,
 3060, 1, 462.198, 462.198, 462.251, 0.053, 107, 462.251, 463.073, 0.822, 1859, 0, 463.073, 463.089, 0.015, 31,     0.891,
 3057, 1, 461.542, 461.542, 461.645, 0.103, 176, 461.645, 463.063, 1.418, 869, 0, 463.063, 463.362, 0.299, 599,     1.820,
 3062, 1, 462.615, 462.615, 462.722, 0.107, 201, 462.722, 463.433, 0.711, 1297, 0, 463.433, 463.531, 0.097, 195,     0.915,
 3063, 1, 462.712, 462.712, 462.754, 0.042, 64, 462.754, 463.489, 0.734, 1282, 0, 463.489, 463.594, 0.105, 205,     0.882,
 3061, 1, 462.456, 462.456, 462.867, 0.411, 822, 462.867, 463.634, 0.766, 1406, 0, 463.634, 463.649, 0.015, 31,     1.192,
 3064, 1, 462.922, 462.922, 462.967, 0.045, 90, 462.967, 463.694, 0.727, 1016, 0, 463.694, 463.704, 0.01, 21,     0.782,
 3065, 1, 462.994, 462.994, 463.009, 0.015, 33, 463.009, 463.738, 0.729, 1721, 0, 463.738, 463.748, 0.01, 8,     0.754,
 3066, 1, 463.323, 463.323, 463.439, 0.116, 215, 463.439, 464.246, 0.808, 1304, 0, 464.246, 464.269, 0.022, 45,     0.946,
 3068, 1, 463.529, 463.529, 463.578, 0.049, 98, 463.578, 464.306, 0.729, 1435, 0, 464.306, 464.344, 0.038, 76,     0.815,
 3067, 1, 463.372, 463.372, 463.382, 0.01, 12, 463.382, 464.092, 0.711, 968, 0, 464.092, 464.403, 0.311, 622,     1.031,
 3071, 1, 464.085, 464.085, 464.108, 0.024, 58, 464.108, 464.89, 0.782, 1288, 0, 464.89, 464.919, 0.029, 57,     0.834,
 3070, 1, 464.05, 464.05, 464.079, 0.029, 43, 464.079, 464.964, 0.885, 1676, 0, 464.964, 465.036, 0.071, 143,     0.985,
 3073, 1, 464.172, 464.172, 464.182, 0.01, 16, 464.182, 465.064, 0.882, 1935, 0, 465.064, 465.123, 0.059, 119,     0.951,
 3069, 1, 463.964, 463.964, 464.065, 0.101, 220, 464.065, 465.15, 1.084, 1748, 0, 465.15, 465.16, 0.01, 2,     1.196,
 3074, 1, 464.569, 464.569, 464.581, 0.012, 33, 464.581, 465.463, 0.883, 1574, 0, 465.463, 465.491, 0.027, 55,     0.922,
 3075, 1, 464.625, 464.625, 464.649, 0.024, 27, 464.649, 465.413, 0.764, 1384, 0, 465.413, 465.511, 0.098, 178,     0.885,
 3072, 1, 464.101, 464.101, 464.232, 0.132, 262, 464.232, 465.431, 1.198, 1799, 0, 465.431, 465.562, 0.131, 263,     1.462,
 3077, 1, 464.713, 464.713, 464.723, 0.01, 17, 464.723, 465.671, 0.948, 1263, 0, 465.671, 465.782, 0.111, 223,     1.069,
 3076, 1, 464.681, 464.681, 464.71, 0.029, 59, 464.71, 465.711, 1, 1160, 0, 465.711, 465.804, 0.093, 186,     1.123,
 3078, 1, 464.889, 464.889, 464.93, 0.041, 82, 464.93, 465.651, 0.721, 1213, 0, 465.651, 465.873, 0.222, 444,     0.984,
 3079, 1, 465.4, 465.4, 465.46, 0.059, 103, 465.46, 466.17, 0.71, 1046, 0, 466.17, 466.18, 0.01, 17,     0.779,
 3080, 1, 465.439, 465.439, 465.47, 0.03, 62, 465.47, 466.17, 0.7, 1067, 0, 466.17, 466.34, 0.17, 340,     0.900,
 3081, 1, 465.609, 465.609, 465.622, 0.013, 45, 465.622, 466.375, 0.752, 921, 0, 466.375, 466.395, 0.021, 33,     0.786,
 3082, 1, 465.691, 465.691, 465.749, 0.058, 117, 465.749, 466.464, 0.715, 1112, 0, 466.464, 466.504, 0.041, 81,     0.814,
 3083, 1, 465.778, 465.778, 465.793, 0.014, 29, 465.793, 466.522, 0.729, 1627, 0, 466.522, 466.532, 0.01, 15,     0.754,
 3084, 1, 465.874, 465.874, 465.897, 0.024, 50, 465.897, 466.624, 0.726, 1417, 0, 466.624, 466.669, 0.046, 91,     0.795,
 3085, 1, 465.978, 465.978, 465.988, 0.01, 24, 465.988, 466.712, 0.724, 1654, 0, 466.712, 466.743, 0.031, 61,     0.765,
 3086, 1, 466.029, 466.029, 466.109, 0.08, 177, 466.109, 466.977, 0.869, 1724, 0, 466.977, 466.987, 0.01, 18,     0.958,
 3087, 1, 466.034, 466.034, 466.076, 0.042, 90, 466.076, 466.905, 0.83, 1707, 0, 466.905, 467.079, 0.174, 348,     1.046,
 3088, 1, 466.861, 466.861, 466.868, 0.007, 3, 466.868, 467.6, 0.732, 1279, 0, 467.6, 467.77, 0.17, 340,     0.909,
 3089, 1, 466.868, 466.868, 467.251, 0.383, 781, 467.251, 467.988, 0.737, 1912, 0, 467.988, 468.23, 0.243, 486,     1.362,
 3092, 1, 467.458, 467.458, 467.508, 0.05, 64, 467.508, 468.237, 0.729, 833, 0, 468.237, 468.301, 0.064, 142,     0.843,
 3091, 1, 467.162, 467.162, 467.265, 0.103, 6, 467.265, 467.988, 0.723, 1287, 0, 467.988, 468.311, 0.323, 642,     1.149,
 3095, 1, 467.681, 467.681, 467.693, 0.012, 24, 467.693, 468.5, 0.807, 1385, 0, 468.5, 468.51, 0.01, 13,     0.829,
 3094, 1, 467.622, 467.622, 467.632, 0.01, 12, 467.632, 468.52, 0.888, 1695, 0, 468.52, 468.53, 0.01, 10,     0.908,
 3096, 1, 467.743, 467.743, 467.784, 0.041, 96, 467.784, 468.558, 0.773, 1687, 0, 468.558, 468.705, 0.148, 296,     0.962,
 3093, 1, 467.485, 467.485, 467.587, 0.102, 131, 467.587, 468.756, 1.169, 1019, 0, 468.756, 468.842, 0.086, 173,     1.357,
 3097, 1, 467.866, 467.866, 467.91, 0.044, 88, 467.91, 468.776, 0.865, 1627, 0, 468.776, 468.862, 0.086, 138,     0.996,
 3099, 1, 468.029, 468.029, 468.233, 0.204, 415, 468.233, 469.056, 0.823, 1467, 0, 469.056, 469.066, 0.01, 5,     1.037,
 3098, 1, 468.003, 468.003, 468.026, 0.023, 56, 468.026, 469.005, 0.979, 1176, 0, 469.005, 469.126, 0.121, 259,     1.123,
 3090, 1, 467.034, 467.034, 468.4, 1.366, 2727, 468.4, 469.133, 0.733, 1509, 0, 469.133, 469.153, 0.02, 54,     2.119,
 3101, 1, 468.26, 468.26, 468.445, 0.185, 83, 468.445, 469.255, 0.81, 1555, 0, 469.255, 469.316, 0.061, 121,     1.056,
 3100, 1, 468.065, 468.065, 468.491, 0.426, 507, 468.491, 469.395, 0.905, 1600, 0, 469.395, 469.413, 0.017, 35,     1.348,
 3102, 1, 468.304, 468.304, 468.459, 0.155, 18, 468.459, 469.306, 0.847, 1928, 0, 469.306, 469.535, 0.229, 459,     1.231,
 3103, 1, 468.39, 468.39, 468.491, 0.101, 34, 468.491, 469.513, 1.022, 1020, 0, 469.513, 469.601, 0.088, 177,     1.211,
 3104, 1, 468.409, 468.409, 468.505, 0.096, 10, 468.505, 469.563, 1.058, 1583, 0, 469.563, 469.641, 0.077, 155,     1.232,
 3106, 1, 468.616, 468.616, 468.616, 0, 10, 468.616, 469.645, 1.029, 1142, 0, 469.645, 469.68, 0.034, 78,     1.063,
 3108, 1, 469.082, 469.082, 469.092, 0.01, 10, 469.092, 469.817, 0.725, 1797, 0, 469.817, 469.849, 0.032, 64,     0.767,
 3107, 1, 468.96, 468.96, 469.034, 0.074, 112, 469.034, 469.905, 0.871, 1701, 0, 469.905, 469.934, 0.029, 58,     0.974,
 3105, 1, 468.573, 468.573, 468.573, 0, 13, 468.573, 469.949, 1.376, 1443, 0, 469.949, 469.959, 0.01, 28,     1.386,
 3110, 1, 469.235, 469.235, 469.296, 0.062, 137, 469.296, 470.067, 0.771, 1488, 0, 470.067, 470.124, 0.057, 114,     0.889,
 3111, 1, 469.389, 469.389, 469.425, 0.036, 73, 469.425, 470.146, 0.721, 1690, 0, 470.146, 470.166, 0.02, 25,     0.777,
 3109, 1, 469.218, 469.218, 469.228, 0.01, 22, 469.228, 470.156, 0.928, 1336, 0, 470.156, 470.176, 0.02, 27,     0.958,
 3112, 1, 469.724, 469.724, 469.734, 0.01, 11, 469.734, 470.448, 0.714, 1135, 0, 470.448, 470.458, 0.01, 21,     0.734,
 3113, 1, 469.748, 469.748, 469.871, 0.124, 248, 469.871, 470.648, 0.777, 1906, 0, 470.648, 470.658, 0.01, 11,     0.910,
 3115, 1, 469.88, 469.88, 469.88, 0, 6, 469.88, 470.76, 0.88, 1744, 0, 470.76, 470.788, 0.028, 56,     0.908,
 3117, 1, 470.243, 470.243, 470.276, 0.034, 56, 470.276, 471.009, 0.733, 1064, 0, 471.009, 471.053, 0.043, 100,     0.810,
 3118, 1, 470.276, 470.276, 470.376, 0.1, 180, 470.376, 471.147, 0.771, 1540, 0, 471.147, 471.157, 0.01, 5,     0.881,
 3114, 1, 469.857, 469.857, 469.915, 0.058, 98, 469.915, 470.898, 0.983, 1644, 0, 470.898, 471.234, 0.336, 672,     1.377,
 3116, 1, 470.072, 470.072, 470.11, 0.038, 83, 470.11, 470.898, 0.788, 1720, 0, 470.898, 471.308, 0.41, 820,     1.236,
 3119, 1, 470.352, 470.352, 470.362, 0.01, 21, 470.362, 471.147, 0.785, 1358, 0, 471.147, 471.438, 0.291, 582,     1.086,
 3121, 1, 470.634, 470.634, 470.644, 0.01, 21, 470.644, 471.396, 0.752, 1836, 0, 471.396, 471.483, 0.086, 173,     0.849,
 3120, 1, 470.604, 470.604, 470.604, 0, 5, 470.604, 471.309, 0.705, 1603, 0, 471.309, 471.618, 0.308, 620,     1.013,
 3122, 1, 470.718, 470.718, 470.744, 0.026, 53, 470.744, 471.468, 0.724, 1154, 0, 471.468, 471.679, 0.211, 422,     0.961,
 3124, 1, 471.132, 471.132, 471.187, 0.055, 82, 471.187, 471.901, 0.714, 1506, 0, 471.901, 471.911, 0.01, 18,     0.779,
 3123, 1, 471.106, 471.106, 471.187, 0.082, 150, 471.187, 471.901, 0.714, 1478, 0, 471.901, 471.928, 0.026, 53,     0.822,
 3125, 1, 471.229, 471.229, 471.229, 0, 1, 471.229, 471.95, 0.721, 1737, 0, 471.95, 472.039, 0.089, 179,     0.810,
 3126, 1, 471.578, 471.578, 471.636, 0.058, 116, 471.636, 472.463, 0.826, 1805, 0, 472.463, 472.484, 0.021, 42,     0.905,
 3128, 1, 471.997, 471.997, 472.047, 0.05, 110, 472.047, 472.774, 0.727, 1613, 0, 472.774, 472.815, 0.041, 82,     0.818,
 3129, 1, 472.07, 472.07, 472.07, 0, 8, 472.07, 472.786, 0.717, 1997, 0, 472.786, 472.838, 0.052, 103,     0.768,
 3127, 1, 471.878, 471.878, 472.096, 0.217, 435, 472.096, 472.994, 0.899, 1856, 0, 472.994, 473.004, 0.01, 11,     1.126,
 3130, 1, 472.091, 472.091, 472.134, 0.042, 100, 472.134, 473.028, 0.895, 1599, 0, 473.028, 473.065, 0.037, 74,     0.974,
 3131, 1, 472.142, 472.142, 472.182, 0.04, 81, 472.182, 473.048, 0.866, 1490, 0, 473.048, 473.207, 0.16, 320,     1.066,
 3132, 1, 472.253, 472.253, 472.284, 0.03, 50, 472.284, 473.25, 0.966, 994, 0, 473.25, 473.328, 0.078, 141,     1.074,
 3134, 1, 472.298, 472.298, 472.308, 0.01, 24, 472.308, 473.298, 0.989, 968, 0, 473.298, 473.368, 0.07, 121,     1.069,
 3133, 1, 472.288, 472.288, 472.308, 0.02, 35, 472.308, 473.278, 0.969, 1332, 0, 473.278, 473.614, 0.336, 673,     1.326,
 3135, 1, 472.856, 472.856, 473.096, 0.24, 480, 473.096, 473.834, 0.738, 1339, 0, 473.834, 474.051, 0.217, 435,     1.195,
 3137, 1, 472.957, 472.957, 473.313, 0.357, 436, 473.313, 474.029, 0.716, 1366, 0, 474.029, 474.118, 0.089, 160,     1.161,
 3139, 1, 473.175, 473.175, 473.388, 0.213, 22, 473.388, 474.218, 0.829, 1877, 0, 474.218, 474.228, 0.01, 1,     1.052,
 3141, 1, 473.801, 473.801, 473.833, 0.032, 26, 473.833, 474.563, 0.73, 1350, 0, 474.563, 474.593, 0.03, 61,     0.793,
 3140, 1, 473.668, 473.668, 473.678, 0.01, 11, 473.678, 474.543, 0.865, 1685, 0, 474.543, 474.613, 0.07, 117,     0.945,
 3138, 1, 473.06, 473.06, 473.374, 0.314, 122, 473.374, 474.108, 0.733, 1918, 0, 474.108, 474.657, 0.549, 1099,     1.596,
 3136, 1, 472.938, 472.938, 474.148, 1.209, 2421, 474.148, 474.865, 0.718, 2208, 0, 474.865, 474.875, 0.01, 1,     1.937,
 3142, 1, 474.164, 474.164, 474.24, 0.076, 157, 474.24, 474.961, 0.721, 1508, 0, 474.961, 475.035, 0.074, 149,     0.871,
 3145, 1, 474.379, 474.379, 474.389, 0.01, 33, 474.389, 475.116, 0.727, 1783, 0, 475.116, 475.129, 0.014, 27,     0.751,
 3148, 1, 474.691, 474.691, 474.749, 0.058, 116, 474.749, 475.459, 0.71, 1768, 0, 475.459, 475.469, 0.01, 11,     0.778,
 3147, 1, 474.615, 474.615, 474.635, 0.02, 1, 474.635, 475.459, 0.824, 1294, 0, 475.459, 475.469, 0.01, 18,     0.854,
 3146, 1, 474.494, 474.494, 474.707, 0.212, 425, 474.707, 475.428, 0.721, 1647, 0, 475.428, 475.535, 0.108, 216,     1.041,
 3144, 1, 474.282, 474.282, 474.625, 0.343, 666, 474.625, 475.337, 0.713, 1365, 0, 475.337, 475.557, 0.22, 460,     1.275,
 3150, 1, 474.875, 474.875, 474.885, 0.01, 11, 474.885, 475.596, 0.711, 1463, 0, 475.596, 475.606, 0.01, 7,     0.731,
 3149, 1, 474.858, 474.858, 474.895, 0.037, 61, 474.895, 475.727, 0.833, 649, 0, 475.727, 475.761, 0.034, 41,     0.903,
 3152, 1, 475.023, 475.023, 475.033, 0.01, 17, 475.033, 475.849, 0.816, 1449, 0, 475.849, 475.87, 0.021, 41,     0.847,
 3153, 1, 475.049, 475.049, 475.096, 0.047, 86, 475.096, 475.809, 0.713, 1615, 0, 475.809, 475.896, 0.087, 174,     0.847,
 3151, 1, 475.017, 475.017, 475.047, 0.03, 35, 475.047, 475.977, 0.929, 1502, 0, 475.977, 475.991, 0.014, 29,     0.974,
 3154, 1, 475.086, 475.086, 475.146, 0.059, 119, 475.146, 475.977, 0.831, 1590, 0, 475.977, 476.011, 0.034, 34,     0.925,
 3159, 1, 475.296, 475.296, 475.305, 0.01, 18, 475.305, 476.089, 0.783, 1890, 0, 476.089, 476.099, 0.01, 15,     0.803,
 3156, 1, 475.166, 475.166, 475.187, 0.02, 31, 475.187, 476.162, 0.975, 1023, 0, 476.162, 476.172, 0.01, 12,     1.006,
 3157, 1, 475.228, 475.228, 475.228, 0, 4, 475.228, 476.109, 0.881, 1642, 0, 476.109, 476.212, 0.104, 208,     0.985,
 3155, 1, 475.132, 475.132, 475.253, 0.122, 244, 475.253, 476.226, 0.973, 2036, 0, 476.226, 476.328, 0.101, 203,     1.196,
 3160, 1, 475.455, 475.455, 475.455, 0, 2, 475.455, 476.363, 0.908, 2031, 0, 476.363, 476.373, 0.01, 1,     0.918,
 3158, 1, 475.275, 475.275, 475.337, 0.062, 92, 475.337, 476.52, 1.183, 1718, 0, 476.52, 476.53, 0.01, 5,     1.254,
 3143, 1, 474.26, 474.26, 474.342, 0.082, 144, 474.342, 475.054, 0.712, 1451, 0, 475.054, 476.781, 1.727, 3455,     2.521,
 3163, 1, 476.317, 476.317, 476.327, 0.01, 2, 476.327, 477.038, 0.712, 1559, 0, 477.038, 477.048, 0.01, 8,     0.732,
 3161, 1, 476.086, 476.086, 476.243, 0.157, 333, 476.243, 477.1, 0.857, 2206, 0, 477.1, 477.112, 0.012, 23,     1.026,
 3164, 1, 476.628, 476.628, 476.65, 0.022, 51, 476.65, 477.386, 0.736, 1898, 0, 477.386, 477.396, 0.01, 18,     0.768,
 3162, 1, 476.172, 476.172, 476.218, 0.046, 58, 476.218, 477.537, 1.319, 1698, 0, 477.537, 477.591, 0.054, 114,     1.419,
 3166, 1, 476.86, 476.86, 476.86, 0, 1, 476.86, 477.635, 0.776, 1281, 0, 477.635, 477.645, 0.01, 4,     0.786,
 3165, 1, 476.801, 476.801, 476.815, 0.014, 36, 476.815, 477.786, 0.971, 1565, 0, 477.786, 477.81, 0.024, 48,     1.009,
 3167, 1, 477.078, 477.078, 477.117, 0.039, 79, 477.117, 478.047, 0.93, 1407, 0, 478.047, 478.097, 0.05, 100,     1.019,
 3170, 1, 477.488, 477.488, 477.703, 0.215, 10, 477.703, 478.414, 0.711, 1678, 0, 478.414, 478.424, 0.01, 6,     0.937,
 3168, 1, 477.119, 477.119, 477.691, 0.571, 1148, 477.691, 478.403, 0.713, 1901, 0, 478.403, 478.434, 0.031, 61,     1.315,
 3169, 1, 477.308, 477.308, 477.772, 0.464, 929, 477.772, 478.505, 0.733, 1915, 0, 478.505, 478.587, 0.082, 163,     1.279,
 3171, 1, 477.587, 477.587, 477.877, 0.291, 349, 477.877, 478.653, 0.776, 1355, 0, 478.653, 478.663, 0.01, 7,     1.076,
 3172, 1, 477.941, 477.941, 477.951, 0.01, 17, 477.951, 478.687, 0.736, 1677, 0, 478.687, 478.697, 0.01, 7,     0.756,
 3173, 1, 478.131, 478.131, 478.151, 0.02, 30, 478.151, 478.871, 0.72, 1837, 0, 478.871, 478.89, 0.019, 38,     0.759,
 3175, 1, 478.311, 478.311, 478.323, 0.012, 24, 478.323, 479.126, 0.804, 1849, 0, 479.126, 479.136, 0.01, 11,     0.826,
 3174, 1, 478.203, 478.203, 478.23, 0.027, 54, 478.23, 478.946, 0.716, 1875, 0, 478.946, 479.146, 0.2, 404,     0.943,
 3178, 1, 478.488, 478.488, 478.618, 0.131, 44, 478.618, 479.331, 0.713, 1495, 0, 479.331, 479.344, 0.013, 26,     0.857,
 3179, 1, 478.938, 478.938, 478.948, 0.01, 3, 478.948, 479.666, 0.718, 2148, 0, 479.666, 479.676, 0.01, 4,     0.738,
 3180, 1, 479.005, 479.005, 479.172, 0.167, 316, 479.172, 479.89, 0.718, 1873, 0, 479.89, 479.921, 0.031, 62,     0.916,
 3176, 1, 478.378, 478.378, 479.283, 0.905, 1828, 479.283, 480.098, 0.815, 1246, 0, 480.098, 480.098, 0, 1,     1.720,
 3184, 1, 479.489, 479.489, 479.499, 0.01, 14, 479.499, 480.213, 0.714, 1342, 0, 480.213, 480.223, 0.01, 19,     0.734,
 3182, 1, 479.292, 479.292, 479.341, 0.049, 117, 479.341, 480.14, 0.798, 1142, 0, 480.14, 480.246, 0.106, 213,     0.954,
 3181, 1, 479.103, 479.103, 479.183, 0.081, 5, 479.183, 479.923, 0.739, 1022, 0, 479.923, 480.438, 0.516, 1036,     1.336,
 3185, 1, 479.581, 479.581, 479.639, 0.057, 109, 479.639, 480.596, 0.957, 1705, 0, 480.596, 480.607, 0.011, 22,     1.026,
 3186, 1, 479.595, 479.595, 479.682, 0.087, 68, 479.682, 480.845, 1.164, 1537, 0, 480.845, 480.858, 0.013, 26,     1.264,
 3177, 1, 478.456, 478.456, 478.591, 0.135, 270, 478.591, 479.306, 0.716, 1364, 0, 479.306, 481.994, 2.688, 5376,     3.538,
 3183, 1, 479.357, 479.357, 482.336, 2.979, 5962, 482.336, 483.047, 0.711, 1340, 0, 483.047, 483.121, 0.074, 149,     3.765,
 3189, 1, 479.872, 479.872, 482.428, 2.556, 112, 482.428, 483.302, 0.873, 1131, 0, 483.302, 483.315, 0.013, 26,     3.443,
 3188, 1, 479.84, 479.84, 482.369, 2.529, 67, 482.369, 483.099, 0.73, 1826, 0, 483.099, 483.378, 0.279, 559,     3.538,
 3191, 1, 480.014, 480.014, 482.537, 2.523, 164, 482.537, 483.551, 1.014, 1836, 0, 483.551, 483.561, 0.01, 19,     3.547,
 3190, 1, 479.927, 479.927, 482.448, 2.521, 24, 482.448, 483.348, 0.899, 1983, 0, 483.348, 483.591, 0.243, 487,     3.664,
 3194, 1, 480.566, 480.566, 482.626, 2.06, 44, 482.626, 483.801, 1.175, 1100, 0, 483.801, 483.811, 0.01, 16,     3.245,
 3193, 1, 480.532, 480.532, 482.594, 2.062, 26, 482.594, 483.83, 1.236, 1392, 0, 483.83, 483.853, 0.023, 30,     3.321,
 3195, 1, 480.737, 480.737, 482.706, 1.969, 159, 482.706, 483.856, 1.15, 973, 0, 483.856, 483.873, 0.018, 41,     3.137,
 3199, 1, 481.049, 481.049, 482.858, 1.809, 22, 482.858, 484.079, 1.222, 1217, 0, 484.079, 484.09, 0.011, 34,     3.041,
 3197, 1, 480.992, 480.992, 482.806, 1.813, 8, 482.806, 484.053, 1.248, 2070, 0, 484.053, 484.141, 0.088, 176,     3.149,
 3192, 1, 480.219, 480.219, 482.58, 2.361, 87, 482.58, 483.597, 1.017, 1751, 0, 483.597, 484.191, 0.594, 1184,     3.972,
 3200, 1, 481.224, 481.224, 482.878, 1.654, 22, 482.878, 484.181, 1.303, 1663, 0, 484.181, 484.214, 0.033, 66,     2.990,
 3198, 1, 481.013, 481.013, 482.838, 1.825, 33, 482.838, 484.106, 1.269, 927, 0, 484.106, 484.234, 0.128, 230,     3.221,
 3201, 1, 481.391, 481.391, 482.888, 1.497, 8, 482.888, 484.267, 1.379, 1729, 0, 484.267, 484.303, 0.036, 73,     2.912,
 3202, 1, 481.41, 481.41, 483.017, 1.607, 237, 483.017, 484.305, 1.288, 1701, 0, 484.305, 484.324, 0.019, 41,     2.914,
 3203, 1, 482.072, 482.072, 483.051, 0.978, 62, 483.051, 484.356, 1.305, 1905, 0, 484.356, 484.366, 0.01, 8,     2.293,
 3196, 1, 480.781, 480.781, 482.792, 2.011, 173, 482.792, 484.578, 1.786, 1285, 0, 484.578, 484.599, 0.021, 41,     3.818,
 3208, 1, 482.373, 482.373, 483.181, 0.808, 25, 483.181, 484.615, 1.433, 1341, 0, 484.615, 484.653, 0.038, 71,     2.280,
 3207, 1, 482.284, 482.284, 483.149, 0.865, 34, 483.149, 484.565, 1.416, 791, 0, 484.565, 484.681, 0.116, 233,     2.397,
 3206, 1, 482.269, 482.269, 483.123, 0.855, 84, 483.123, 484.765, 1.642, 1931, 0, 484.765, 484.822, 0.057, 113,     2.553,
 3211, 1, 483.185, 483.185, 483.255, 0.07, 58, 483.255, 484.824, 1.569, 2039, 0, 484.824, 484.834, 0.01, 6,     1.649,
 3204, 1, 482.103, 482.103, 483.071, 0.968, 26, 483.071, 484.834, 1.763, 1170, 0, 484.834, 484.859, 0.026, 51,     2.756,
 3212, 1, 483.262, 483.262, 483.265, 0.004, 19, 483.265, 484.867, 1.602, 1573, 0, 484.867, 484.867, 0, 5,     1.605,
 3205, 1, 482.146, 482.146, 483.081, 0.935, 10, 483.081, 484.69, 1.609, 1598, 0, 484.69, 484.873, 0.183, 384,     2.727,
 3210, 1, 483.123, 483.123, 483.225, 0.102, 65, 483.225, 484.939, 1.714, 1596, 0, 484.939, 484.955, 0.016, 32,     1.832,
 3187, 1, 479.672, 479.672, 483.512, 3.841, 7662, 483.512, 485.077, 1.564, 1798, 0, 485.077, 485.097, 0.02, 26,     5.425,
 3209, 1, 482.51, 482.51, 483.185, 0.676, 1, 483.185, 485.087, 1.902, 2163, 0, 485.087, 485.097, 0.01, 14,     2.587,
 3214, 1, 483.469, 483.469, 483.546, 0.077, 29, 483.546, 485.116, 1.57, 1971, 0, 485.116, 485.145, 0.029, 77,     1.676,
 3215, 1, 483.922, 483.922, 483.94, 0.018, 37, 483.94, 485.366, 1.426, 1023, 0, 485.366, 485.386, 0.02, 40,     1.464,
 3213, 1, 483.319, 483.319, 483.56, 0.242, 498, 483.56, 485.346, 1.786, 1945, 0, 485.346, 485.469, 0.123, 240,     2.151,
 3216, 1, 484.044, 484.044, 484.054, 0.01, 17, 484.054, 485.576, 1.522, 1217, 0, 485.576, 485.586, 0.01, 14,     1.542,
 3218, 1, 484.175, 484.175, 484.185, 0.01, 19, 484.185, 485.616, 1.43, 965, 0, 485.616, 485.665, 0.049, 93,     1.490,
 3219, 1, 484.314, 484.314, 484.324, 0.01, 19, 484.324, 485.722, 1.398, 1254, 0, 485.722, 485.777, 0.055, 111,     1.464,
 3221, 1, 484.374, 484.374, 484.469, 0.095, 167, 484.469, 485.832, 1.364, 1791, 0, 485.832, 485.863, 0.031, 60,     1.489,
 3217, 1, 484.151, 484.151, 484.295, 0.144, 253, 484.295, 485.853, 1.558, 1385, 0, 485.853, 485.863, 0.01, 5,     1.712,
 3222, 1, 484.421, 484.421, 484.483, 0.062, 6, 484.483, 485.865, 1.382, 1196, 0, 485.865, 485.886, 0.021, 47,     1.465,
 3224, 1, 484.936, 484.936, 484.973, 0.037, 65, 484.973, 486.013, 1.04, 1092, 0, 486.013, 486.023, 0.01, 5,     1.087,
 3226, 1, 485.232, 485.232, 485.265, 0.033, 46, 485.265, 486.115, 0.85, 1047, 0, 486.115, 486.125, 0.01, 16,     0.893,
 3225, 1, 485.18, 485.18, 485.231, 0.051, 102, 485.231, 486.088, 0.857, 1728, 0, 486.088, 486.257, 0.169, 339,     1.078,
 3228, 1, 485.417, 485.417, 485.427, 0.01, 19, 485.427, 486.337, 0.91, 1540, 0, 486.337, 486.347, 0.01, 16,     0.930,
 3223, 1, 484.709, 484.709, 484.718, 0.008, 5, 484.718, 486.352, 1.634, 1014, 0, 486.352, 486.352, 0, 10,     1.643,
 3220, 1, 484.337, 484.337, 484.836, 0.499, 988, 484.836, 486.242, 1.406, 1227, 0, 486.242, 486.417, 0.175, 351,     2.080,
 3229, 1, 485.427, 485.427, 485.635, 0.208, 416, 485.635, 486.364, 0.729, 1253, 0, 486.364, 486.502, 0.138, 276,     1.075,
 3227, 1, 485.305, 485.305, 485.349, 0.044, 88, 485.349, 486.613, 1.265, 1211, 0, 486.613, 486.623, 0.01, 7,     1.319,
 3231, 1, 485.745, 485.745, 485.755, 0.01, 10, 485.755, 486.613, 0.859, 1699, 0, 486.613, 486.643, 0.03, 23,     0.899,
 3230, 1, 485.644, 485.644, 485.649, 0.005, 27, 485.649, 486.599, 0.95, 1243, 0, 486.599, 486.659, 0.061, 125,     1.016,
 3234, 1, 486.071, 486.071, 486.111, 0.04, 59, 486.111, 486.867, 0.756, 1402, 0, 486.867, 486.877, 0.01, 19,     0.806,
 3233, 1, 485.955, 485.955, 485.97, 0.015, 31, 485.97, 486.857, 0.887, 1781, 0, 486.857, 486.966, 0.108, 231,     1.011,
 3232, 1, 485.867, 485.867, 485.915, 0.048, 107, 485.915, 487.117, 1.202, 1623, 0, 487.117, 487.193, 0.076, 140,     1.326,
 3236, 1, 486.372, 486.372, 486.382, 0.01, 6, 486.382, 487.107, 0.725, 2224, 0, 487.107, 487.213, 0.106, 205,     0.841,
 3237, 1, 486.489, 486.489, 486.521, 0.032, 50, 486.521, 487.234, 0.713, 1056, 0, 487.234, 487.249, 0.015, 31,     0.760,
 3235, 1, 486.256, 486.256, 486.263, 0.007, 26, 486.263, 487.366, 1.103, 1483, 0, 487.366, 487.383, 0.017, 33,     1.127,
 3239, 1, 487.029, 487.029, 487.039, 0.01, 12, 487.039, 487.767, 0.727, 1296, 0, 487.767, 487.829, 0.062, 125,     0.800,
 3238, 1, 486.511, 486.511, 486.521, 0.01, 6, 486.521, 487.616, 1.095, 1148, 0, 487.616, 487.904, 0.288, 577,     1.393,
 3240, 1, 487.64, 487.64, 487.65, 0.01, 15, 487.65, 488.359, 0.709, 1758, 0, 488.359, 488.431, 0.072, 125,     0.791,
 3242, 1, 487.688, 487.688, 487.706, 0.017, 44, 487.706, 488.421, 0.715, 1828, 0, 488.421, 488.431, 0.01, 14,     0.743,
 3241, 1, 487.684, 487.684, 487.72, 0.036, 72, 487.72, 488.441, 0.721, 1363, 0, 488.441, 488.477, 0.036, 72,     0.793,
 3245, 1, 487.825, 487.825, 488.006, 0.181, 363, 488.006, 488.722, 0.716, 1300, 0, 488.722, 488.764, 0.042, 72,     0.939,
 3246, 1, 487.975, 487.975, 488.02, 0.046, 85, 488.02, 488.754, 0.734, 1722, 0, 488.754, 488.813, 0.058, 117,     0.838,
 3243, 1, 487.784, 487.784, 487.794, 0.01, 9, 487.794, 488.621, 0.827, 1580, 0, 488.621, 488.948, 0.327, 655,     1.164,
 3244, 1, 487.796, 487.796, 487.835, 0.039, 66, 487.835, 488.924, 1.089, 1469, 0, 488.924, 488.994, 0.07, 140,     1.198,
 3247, 1, 488.34, 488.34, 488.366, 0.026, 52, 488.366, 489.08, 0.714, 1665, 0, 489.08, 489.09, 0.01, 1,     0.750,
 3248, 1, 488.434, 488.434, 488.444, 0.01, 17, 488.444, 489.184, 0.74, 1195, 0, 489.184, 489.21, 0.026, 52,     0.776,
 3249, 1, 488.53, 488.53, 488.548, 0.018, 36, 488.548, 489.264, 0.716, 1469, 0, 489.264, 489.274, 0.01, 11,     0.744,
 3251, 1, 488.661, 488.661, 488.703, 0.042, 73, 488.703, 489.429, 0.726, 1762, 0, 489.429, 489.458, 0.029, 57,     0.797,
 3250, 1, 488.65, 488.65, 488.732, 0.082, 164, 488.732, 489.463, 0.731, 1391, 0, 489.463, 489.473, 0.01, 15,     0.823,
 3252, 1, 489.01, 489.01, 489.043, 0.033, 48, 489.043, 489.773, 0.73, 1058, 0, 489.773, 489.783, 0.01, 26,     0.773,
 3253, 1, 489.053, 489.053, 489.07, 0.017, 34, 489.07, 489.821, 0.751, 1693, 0, 489.821, 489.831, 0.01, 10,     0.778,
 3254, 1, 489.161, 489.161, 489.208, 0.047, 77, 489.208, 489.952, 0.744, 716, 0, 489.952, 489.972, 0.019, 39,     0.811,
 3255, 1, 489.32, 489.32, 489.335, 0.015, 43, 489.335, 490.052, 0.716, 1161, 0, 490.052, 490.077, 0.025, 50,     0.757,
 3256, 1, 489.51, 489.51, 489.628, 0.119, 227, 489.628, 490.341, 0.713, 1600, 0, 490.341, 490.351, 0.01, 1,     0.841,
 3258, 1, 489.618, 489.618, 489.663, 0.045, 49, 489.663, 490.39, 0.726, 1642, 0, 490.39, 490.411, 0.021, 32,     0.793,
 3257, 1, 489.57, 489.57, 489.677, 0.108, 228, 489.677, 490.401, 0.724, 1123, 0, 490.401, 490.411, 0.01, 10,     0.841,
 3260, 1, 491.166, 491.166, 491.172, 0.006, 16, 491.172, 491.898, 0.726, 1300, 0, 491.898, 491.924, 0.026, 51,     0.758,
 3259, 1, 490.976, 490.976, 491.275, 0.299, 599, 491.275, 492.103, 0.827, 1078, 0, 492.103, 492.113, 0.01, 13,     1.136,
 3261, 1, 491.332, 491.332, 491.394, 0.062, 104, 491.394, 492.148, 0.754, 1787, 0, 492.148, 492.196, 0.048, 97,     0.865,
 3263, 1, 491.462, 491.462, 491.475, 0.014, 27, 491.475, 492.302, 0.827, 2092, 0, 492.302, 492.333, 0.031, 62,     0.872,
 3262, 1, 491.438, 491.438, 491.627, 0.189, 381, 491.627, 492.398, 0.77, 992, 0, 492.398, 492.445, 0.047, 94,     1.006,
 3265, 1, 491.83, 491.83, 491.84, 0.01, 9, 491.84, 492.647, 0.807, 1391, 0, 492.647, 492.666, 0.019, 37,     0.836,
 3264, 1, 491.772, 491.772, 491.826, 0.054, 109, 491.826, 492.604, 0.778, 1011, 0, 492.604, 492.705, 0.101, 202,     0.933,
 3268, 1, 492.244, 492.244, 492.254, 0.01, 1, 492.254, 492.964, 0.71, 1586, 0, 492.964, 492.982, 0.017, 41,     0.738,
 3267, 1, 492.239, 492.239, 492.281, 0.042, 97, 492.281, 493.006, 0.725, 1671, 0, 493.006, 493.07, 0.063, 127,     0.831,
 3270, 1, 492.418, 492.418, 492.428, 0.01, 18, 492.428, 493.143, 0.715, 988, 0, 493.143, 493.156, 0.012, 25,     0.737,
 3266, 1, 491.999, 491.999, 492.009, 0.01, 17, 492.009, 492.801, 0.792, 1755, 0, 492.801, 493.185, 0.384, 768,     1.186,
 3272, 1, 492.818, 492.818, 492.84, 0.022, 62, 492.84, 493.556, 0.716, 1508, 0, 493.556, 493.612, 0.056, 129,     0.794,
 3269, 1, 492.335, 492.335, 492.504, 0.169, 334, 492.504, 493.256, 0.751, 1710, 0, 493.256, 493.72, 0.464, 929,     1.384,
 3273, 1, 492.858, 492.858, 492.858, 0, 1, 492.858, 493.597, 0.739, 1174, 0, 493.597, 493.81, 0.212, 424,     0.952,
 3271, 1, 492.772, 492.772, 492.967, 0.195, 373, 492.967, 493.768, 0.801, 1520, 0, 493.768, 493.89, 0.122, 227,     1.119,
 3274, 1, 492.935, 492.935, 492.967, 0.032, 53, 492.967, 493.8, 0.833, 1656, 0, 493.8, 493.924, 0.125, 250,     0.990,
 3275, 1, 493.102, 493.102, 493.112, 0.01, 19, 493.112, 494.024, 0.912, 1851, 0, 494.024, 494.041, 0.017, 33,     0.938,
 3276, 1, 493.267, 493.267, 493.278, 0.011, 24, 493.278, 494.054, 0.776, 1387, 0, 494.054, 494.087, 0.032, 54,     0.820,
 3277, 1, 493.397, 493.397, 493.424, 0.027, 55, 493.424, 494.284, 0.86, 1478, 0, 494.284, 494.304, 0.02, 39,     0.907,
 3279, 1, 493.569, 493.569, 493.569, 0, 4, 493.569, 494.315, 0.746, 1648, 0, 494.315, 494.337, 0.022, 47,     0.768,
 3280, 1, 493.586, 493.586, 493.592, 0.006, 23, 493.592, 494.339, 0.747, 1019, 0, 494.339, 494.349, 0.01, 24,     0.764,
 3278, 1, 493.503, 493.503, 493.578, 0.075, 133, 493.578, 494.528, 0.95, 1676, 0, 494.528, 494.561, 0.033, 66,     1.058,
 3282, 1, 494.057, 494.057, 494.117, 0.06, 93, 494.117, 494.827, 0.71, 1061, 0, 494.827, 494.838, 0.011, 22,     0.781,
 3285, 1, 494.267, 494.267, 494.306, 0.039, 57, 494.306, 495.083, 0.777, 1776, 0, 495.083, 495.093, 0.01, 1,     0.826,
 3284, 1, 494.142, 494.142, 494.167, 0.025, 23, 494.167, 495.083, 0.916, 1425, 0, 495.083, 495.113, 0.03, 31,     0.971,
 3286, 1, 494.312, 494.312, 494.312, 0, 7, 494.312, 495.295, 0.983, 2098, 0, 495.295, 495.317, 0.022, 45,     1.005,
 3289, 1, 494.712, 494.712, 494.722, 0.01, 17, 494.722, 495.434, 0.712, 1525, 0, 495.434, 495.444, 0.01, 1,     0.732,
 3290, 1, 494.728, 494.728, 494.752, 0.024, 60, 494.752, 495.561, 0.81, 2008, 0, 495.561, 495.578, 0.017, 34,     0.850,
 3287, 1, 494.471, 494.471, 494.955, 0.484, 968, 494.955, 495.684, 0.729, 1153, 0, 495.684, 495.694, 0.01, 13,     1.223,
 3283, 1, 494.117, 494.117, 494.127, 0.01, 7, 494.127, 495.038, 0.912, 1165, 0, 495.038, 496.064, 1.026, 2052,     1.947,
 3288, 1, 494.5, 494.5, 494.709, 0.209, 418, 494.709, 495.434, 0.725, 1052, 0, 495.434, 496.093, 0.659, 1317,     1.592,
 3291, 1, 495.367, 495.367, 495.386, 0.019, 46, 495.386, 496.107, 0.722, 1599, 0, 496.107, 496.23, 0.123, 246,     0.863,
 3292, 1, 495.529, 495.529, 495.561, 0.031, 63, 495.561, 496.276, 0.715, 1476, 0, 496.276, 496.305, 0.029, 47,     0.775,
 3293, 1, 495.65, 495.65, 495.72, 0.07, 149, 495.72, 496.434, 0.714, 1558, 0, 496.434, 496.444, 0.01, 20,     0.794,
 3295, 1, 495.71, 495.71, 495.751, 0.041, 63, 495.751, 496.525, 0.774, 1612, 0, 496.525, 496.663, 0.137, 254,     0.952,
 3281, 1, 493.973, 493.973, 494.117, 0.144, 268, 494.117, 494.827, 0.71, 1400, 0, 494.827, 496.675, 1.848, 3697,     2.703,
 3294, 1, 495.67, 495.67, 495.994, 0.324, 643, 495.994, 496.707, 0.713, 1209, 0, 496.707, 496.744, 0.037, 74,     1.074,
 3296, 1, 495.866, 495.866, 495.994, 0.128, 245, 495.994, 496.774, 0.78, 1535, 0, 496.774, 496.794, 0.02, 26,     0.928,
 3297, 1, 495.971, 495.971, 496.008, 0.037, 6, 496.008, 497.079, 1.071, 1143, 0, 497.079, 497.181, 0.102, 204,     1.210,
 3298, 1, 496.028, 496.028, 496.157, 0.129, 239, 496.157, 497.029, 0.872, 1473, 0, 497.029, 497.447, 0.419, 825,     1.419,
 3303, 1, 496.701, 496.701, 496.738, 0.036, 67, 496.738, 497.447, 0.709, 1537, 0, 497.447, 497.465, 0.017, 35,     0.763,
 3302, 1, 496.671, 496.671, 496.715, 0.044, 89, 496.715, 497.51, 0.796, 1459, 0, 497.51, 497.52, 0.01, 30,     0.850,
 3299, 1, 496.116, 496.116, 496.126, 0.01, 18, 496.126, 496.969, 0.843, 1335, 0, 496.969, 497.562, 0.593, 1187,     1.446,
 3300, 1, 496.305, 496.305, 496.356, 0.05, 74, 496.356, 497.592, 1.236, 1623, 0, 497.592, 497.632, 0.04, 80,     1.327,
 3301, 1, 496.577, 496.577, 496.609, 0.032, 76, 496.609, 497.709, 1.101, 1479, 0, 497.709, 497.719, 0.01, 4,     1.142,
 3306, 1, 497.178, 497.178, 497.216, 0.038, 67, 497.216, 497.927, 0.711, 1273, 0, 497.927, 498.046, 0.119, 238,     0.868,
 3309, 1, 497.28, 497.28, 497.288, 0.008, 12, 497.288, 498.035, 0.747, 1964, 0, 498.035, 498.066, 0.031, 53,     0.786,
 3308, 1, 497.245, 497.245, 497.255, 0.01, 33, 497.255, 498.177, 0.922, 1981, 0, 498.177, 498.217, 0.039, 79,     0.971,
 3307, 1, 497.195, 497.195, 497.226, 0.032, 3, 497.226, 498.288, 1.061, 1462, 0, 498.288, 498.298, 0.01, 2,     1.103,
 3304, 1, 496.728, 496.728, 496.738, 0.01, 15, 496.738, 498.102, 1.364, 1624, 0, 498.102, 498.335, 0.233, 467,     1.608,
 3310, 1, 497.288, 497.288, 497.372, 0.083, 167, 497.372, 498.609, 1.238, 1067, 0, 498.609, 498.632, 0.023, 46,     1.344,
 3313, 1, 498.047, 498.047, 498.067, 0.021, 38, 498.067, 498.785, 0.717, 1957, 0, 498.785, 498.795, 0.01, 15,     0.748,
 3311, 1, 497.347, 497.347, 497.397, 0.05, 51, 497.397, 498.609, 1.212, 1180, 0, 498.609, 498.894, 0.285, 570,     1.547,
 3312, 1, 498.038, 498.038, 498.047, 0.009, 15, 498.047, 498.785, 0.738, 1842, 0, 498.785, 498.914, 0.129, 246,     0.877,
 3314, 1, 498.106, 498.106, 498.208, 0.101, 207, 498.208, 499.128, 0.92, 1660, 0, 499.128, 499.44, 0.312, 606,     1.334,
 3317, 1, 498.51, 498.51, 498.52, 0.01, 7, 498.52, 499.377, 0.857, 1364, 0, 499.377, 499.47, 0.093, 187,     0.961,
 3315, 1, 498.425, 498.425, 498.455, 0.03, 60, 498.455, 499.172, 0.716, 1186, 0, 499.172, 499.493, 0.322, 644,     1.068,
 3316, 1, 498.469, 498.469, 498.484, 0.015, 30, 498.484, 499.43, 0.946, 1635, 0, 499.43, 499.53, 0.101, 201,     1.061,
 3318, 1, 498.538, 498.538, 498.564, 0.025, 49, 498.564, 499.43, 0.866, 1678, 0, 499.43, 499.55, 0.12, 233,     1.012,
 3320, 1, 498.619, 498.619, 498.629, 0.01, 23, 498.629, 499.627, 0.998, 1461, 0, 499.627, 499.69, 0.063, 112,     1.071,
 3319, 1, 498.57, 498.57, 498.574, 0.004, 19, 498.574, 499.68, 1.106, 1128, 0, 499.68, 499.806, 0.126, 252,     1.236,
 3322, 1, 498.873, 498.873, 499.059, 0.187, 321, 499.059, 499.98, 0.921, 1228, 0, 499.98, 499.992, 0.012, 31,     1.120,
 3323, 1, 499.223, 499.223, 499.481, 0.259, 515, 499.481, 500.222, 0.741, 1876, 0, 500.222, 500.231, 0.009, 16,     1.008,
 3321, 1, 498.867, 498.867, 498.899, 0.032, 42, 498.899, 500.231, 1.332, 1264, 0, 500.231, 500.232, 0.001, 4,     1.366,
 3325, 1, 499.447, 499.447, 499.736, 0.289, 71, 499.736, 500.452, 0.715, 1118, 0, 500.452, 500.47, 0.018, 36,     1.023,
 3326, 1, 499.481, 499.481, 499.75, 0.269, 10, 499.75, 500.488, 0.738, 1063, 0, 500.488, 500.515, 0.027, 54,     1.033,
 3324, 1, 499.386, 499.386, 499.69, 0.304, 418, 499.69, 500.404, 0.713, 2347, 0, 500.404, 500.625, 0.221, 443,     1.239,
 3328, 1, 499.877, 499.877, 500.012, 0.135, 270, 500.012, 500.73, 0.718, 1478, 0, 500.73, 500.74, 0.01, 8,     0.862,
 3327, 1, 499.565, 499.565, 499.764, 0.199, 19, 499.764, 500.653, 0.889, 1648, 0, 500.653, 500.832, 0.179, 359,     1.266,
 3331, 1, 500.072, 500.072, 500.267, 0.195, 17, 500.267, 500.988, 0.721, 1350, 0, 500.988, 500.998, 0.01, 4,     0.926,
 3330, 1, 499.95, 499.95, 500.257, 0.307, 444, 500.257, 500.968, 0.711, 1439, 0, 500.968, 501.139, 0.171, 342,     1.189,
 3329, 1, 499.938, 499.938, 500.026, 0.088, 7, 500.026, 501.279, 1.253, 1365, 0, 501.279, 501.289, 0.01, 5,     1.350,
 3305, 1, 497.072, 497.072, 500.558, 3.486, 6983, 500.558, 501.292, 0.734, 1380, 0, 501.292, 501.311, 0.019, 45,     4.240,
 3332, 1, 500.768, 500.768, 500.813, 0.044, 63, 500.813, 501.528, 0.716, 1574, 0, 501.528, 501.588, 0.06, 120,     0.820,
 3334, 1, 500.911, 500.911, 500.954, 0.043, 87, 500.954, 501.669, 0.716, 1617, 0, 501.669, 501.751, 0.081, 158,     0.840,
 3333, 1, 500.813, 500.813, 500.981, 0.168, 337, 500.981, 501.777, 0.797, 2328, 0, 501.777, 501.798, 0.021, 42,     0.986,
 3335, 1, 500.944, 500.944, 501.015, 0.071, 84, 501.015, 501.919, 0.904, 1524, 0, 501.919, 501.988, 0.069, 138,     1.044,
 3336, 1, 500.974, 500.974, 501.015, 0.041, 33, 501.015, 501.919, 0.904, 1718, 0, 501.919, 502.012, 0.093, 186,     1.038,
 3339, 1, 501.38, 501.38, 501.382, 0.003, 19, 501.382, 502.102, 0.72, 1726, 0, 502.102, 502.131, 0.029, 58,     0.751,
 3340, 1, 501.486, 501.486, 501.5, 0.014, 27, 501.5, 502.214, 0.714, 1710, 0, 502.214, 502.224, 0.01, 4,     0.738,
 3337, 1, 501.051, 501.051, 501.109, 0.058, 78, 501.109, 502.275, 1.166, 1206, 0, 502.275, 502.296, 0.021, 43,     1.245,
 3338, 1, 501.353, 501.353, 501.363, 0.01, 2, 501.363, 502.279, 0.916, 2200, 0, 502.279, 502.335, 0.056, 121,     0.983,
 3341, 1, 501.631, 501.631, 501.714, 0.083, 157, 501.714, 502.437, 0.723, 1527, 0, 502.437, 502.462, 0.025, 50,     0.831,
 3344, 1, 501.894, 501.894, 501.904, 0.01, 2, 501.904, 502.78, 0.876, 1371, 0, 502.78, 502.839, 0.059, 123,     0.945,
 3345, 1, 502.034, 502.034, 502.374, 0.34, 682, 502.374, 503.089, 0.715, 1949, 0, 503.089, 503.139, 0.05, 101,     1.105,
 3346, 1, 502.096, 502.096, 502.388, 0.292, 11, 502.388, 503.121, 0.732, 1260, 0, 503.121, 503.246, 0.126, 251,     1.150,
 3343, 1, 501.861, 501.861, 501.871, 0.01, 16, 501.871, 502.643, 0.772, 1031, 0, 502.643, 504.233, 1.589, 3153,     2.371,
 3342, 1, 501.81, 501.81, 505.379, 3.569, 7138, 505.379, 506.096, 0.717, 1675, 0, 506.096, 506.165, 0.069, 138,     4.355,
 3349, 1, 502.258, 502.258, 505.463, 3.205, 15, 505.463, 506.179, 0.716, 1008, 0, 506.179, 506.224, 0.046, 91,     3.966,
 3348, 1, 502.222, 502.222, 505.449, 3.226, 141, 505.449, 506.294, 0.845, 1717, 0, 506.294, 506.324, 0.03, 60,     4.101,
 3350, 1, 502.345, 502.345, 505.96, 3.615, 995, 505.96, 506.688, 0.728, 737, 0, 506.688, 506.977, 0.289, 578,     4.632,
 3352, 1, 502.894, 502.894, 506.971, 4.077, 28, 506.971, 507.695, 0.724, 1315, 0, 507.695, 507.723, 0.027, 55,     4.829,
 3351, 1, 502.403, 502.403, 506.957, 4.554, 1970, 506.957, 507.685, 0.728, 1242, 0, 507.685, 507.869, 0.184, 368,     5.466,
 3354, 1, 503.031, 503.031, 507.102, 4.071, 77, 507.102, 507.944, 0.842, 1996, 0, 507.944, 507.984, 0.04, 80,     4.953,
 3353, 1, 503.028, 503.028, 507.064, 4.036, 177, 507.064, 507.881, 0.817, 1440, 0, 507.881, 508.047, 0.166, 332,     5.019,
 3357, 1, 503.197, 503.197, 507.214, 4.017, 98, 507.214, 508.092, 0.878, 1166, 0, 508.092, 508.102, 0.01, 9,     4.905,
 3358, 1, 504.188, 504.188, 507.416, 3.229, 405, 507.416, 508.209, 0.792, 1280, 0, 508.209, 508.22, 0.012, 23,     4.032,
 3355, 1, 503.037, 503.037, 507.131, 4.094, 46, 507.131, 508.229, 1.097, 1612, 0, 508.229, 508.229, 0, 3,     5.191,
 3356, 1, 503.117, 503.117, 507.165, 4.048, 38, 507.165, 508.13, 0.965, 1040, 0, 508.13, 508.351, 0.221, 429,     5.234,
 3360, 1, 504.422, 504.422, 507.512, 3.09, 148, 507.512, 508.39, 0.877, 1666, 0, 508.39, 508.461, 0.071, 142,     4.039,
 3362, 1, 504.541, 504.541, 507.569, 3.029, 44, 507.569, 508.469, 0.9, 1491, 0, 508.469, 508.469, 0, 16,     3.929,
 3359, 1, 504.261, 504.261, 507.43, 3.169, 2, 507.43, 508.483, 1.053, 2041, 0, 508.483, 508.505, 0.021, 42,     4.243,
 3364, 1, 504.915, 504.915, 507.689, 2.774, 149, 507.689, 508.639, 0.95, 1337, 0, 508.639, 508.651, 0.011, 22,     3.735,
 3361, 1, 504.474, 504.474, 507.535, 3.062, 46, 507.535, 508.342, 0.806, 967, 0, 508.342, 508.723, 0.381, 763,     4.249,
 3363, 1, 504.806, 504.806, 507.615, 2.809, 65, 507.615, 508.743, 1.128, 1250, 0, 508.743, 508.753, 0.01, 4,     3.947,
 3366, 1, 505.239, 505.239, 507.721, 2.482, 11, 507.721, 508.712, 0.991, 1137, 0, 508.712, 508.791, 0.078, 157,     3.552,
 3367, 1, 505.246, 505.246, 507.767, 2.521, 92, 507.767, 508.719, 0.951, 1437, 0, 508.719, 508.948, 0.23, 472,     3.702,
 3369, 1, 505.387, 505.387, 507.827, 2.441, 55, 507.827, 508.899, 1.071, 1566, 0, 508.899, 508.968, 0.07, 102,     3.581,
 3368, 1, 505.279, 505.279, 507.781, 2.502, 21, 507.781, 508.999, 1.218, 1707, 0, 508.999, 509.009, 0.01, 11,     3.730,
 3365, 1, 505.05, 505.05, 507.703, 2.654, 1, 507.703, 509.114, 1.411, 1563, 0, 509.114, 509.135, 0.021, 41,     4.085,
 3371, 1, 505.594, 505.594, 508.214, 2.62, 36, 508.214, 509.229, 1.015, 1944, 0, 509.229, 509.245, 0.015, 50,     3.650,
 3374, 1, 506.069, 506.069, 508.276, 2.207, 42, 508.276, 509.363, 1.087, 1004, 0, 509.363, 509.383, 0.019, 39,     3.313,
 3370, 1, 505.409, 505.409, 508.18, 2.772, 707, 508.18, 509.251, 1.071, 1775, 0, 509.251, 509.408, 0.157, 327,     3.999,
 3378, 1, 507.054, 507.054, 508.399, 1.345, 15, 508.399, 509.398, 1, 1885, 0, 509.398, 509.418, 0.02, 35,     2.364,
 3372, 1, 505.614, 505.614, 508.228, 2.614, 14, 508.228, 509.499, 1.27, 1598, 0, 509.499, 509.539, 0.041, 63,     3.925,
 3376, 1, 506.242, 506.242, 508.375, 2.132, 166, 508.375, 509.479, 1.104, 1681, 0, 509.479, 509.67, 0.192, 384,     3.428,
 3381, 1, 507.382, 507.382, 508.461, 1.078, 13, 508.461, 509.65, 1.19, 1726, 0, 509.65, 509.69, 0.04, 79,     2.308,
 3377, 1, 506.426, 506.426, 508.454, 2.027, 159, 508.454, 509.728, 1.275, 1590, 0, 509.728, 509.77, 0.041, 83,     3.344,
 3375, 1, 506.207, 506.207, 508.387, 2.18, 215, 508.387, 509.748, 1.361, 1239, 0, 509.748, 509.79, 0.041, 45,     3.583,
 3379, 1, 507.131, 507.131, 508.411, 1.279, 4, 508.411, 509.876, 1.465, 1137, 0, 509.876, 509.894, 0.019, 37,     2.763,
 3347, 1, 502.196, 502.196, 508.291, 6.094, 11797, 508.291, 509.718, 1.428, 1216, 0, 509.718, 509.96, 0.242, 484,     7.764,
 3384, 1, 507.502, 507.502, 508.522, 1.02, 54, 508.522, 509.978, 1.455, 1428, 0, 509.978, 509.988, 0.01, 9,     2.486,
 3380, 1, 507.361, 507.361, 508.461, 1.1, 93, 508.461, 510.003, 1.542, 1758, 0, 510.003, 510.114, 0.111, 228,     2.753,
 3386, 1, 507.968, 507.968, 508.921, 0.953, 29, 508.921, 510.261, 1.34, 1831, 0, 510.261, 510.318, 0.058, 115,     2.351,
 3382, 1, 507.407, 507.407, 508.907, 1.5, 883, 508.907, 510.227, 1.32, 1451, 0, 510.227, 510.338, 0.111, 196,     2.932,
 3383, 1, 507.437, 507.437, 508.488, 1.052, 39, 508.488, 510.375, 1.886, 2034, 0, 510.375, 510.414, 0.039, 78,     2.977,
 3390, 1, 508.114, 508.114, 508.974, 0.86, 56, 508.974, 510.486, 1.512, 1398, 0, 510.486, 510.497, 0.011, 24,     2.383,
 3387, 1, 508.017, 508.017, 508.921, 0.904, 10, 508.921, 510.436, 1.515, 1680, 0, 510.436, 510.51, 0.074, 129,     2.493,
 3389, 1, 508.086, 508.086, 508.946, 0.86, 2, 508.946, 510.485, 1.539, 1514, 0, 510.485, 510.523, 0.037, 75,     2.436,
 3388, 1, 508.068, 508.068, 508.946, 0.878, 41, 508.946, 510.627, 1.681, 1383, 0, 510.627, 510.766, 0.139, 279,     2.698,
 3396, 1, 508.665, 508.665, 509.081, 0.416, 25, 509.081, 510.736, 1.655, 1720, 0, 510.736, 510.787, 0.051, 104,     2.122,
 3391, 1, 508.432, 508.432, 508.974, 0.542, 6, 508.974, 510.76, 1.786, 1419, 0, 510.76, 510.814, 0.054, 118,     2.382,
 3385, 1, 507.918, 507.918, 508.893, 0.975, 709, 508.893, 510.51, 1.617, 1881, 0, 510.51, 510.841, 0.331, 663,     2.923,
 3393, 1, 508.478, 508.478, 509.067, 0.589, 124, 509.067, 510.985, 1.918, 1155, 0, 510.985, 510.995, 0.01, 10,     2.516,
 3399, 1, 509.54, 509.54, 509.55, 0.01, 6, 509.55, 510.995, 1.445, 1410, 0, 510.995, 511.01, 0.015, 51,     1.470,
 3395, 1, 508.655, 508.655, 509.095, 0.441, 86, 509.095, 511.015, 1.92, 928, 0, 511.015, 511.025, 0.01, 10,     2.370,
 3397, 1, 509.17, 509.17, 509.18, 0.01, 10, 509.18, 510.935, 1.755, 1641, 0, 510.935, 511.041, 0.106, 212,     1.871,
 3392, 1, 508.461, 508.461, 509.033, 0.572, 119, 509.033, 510.686, 1.653, 1313, 0, 510.686, 511.097, 0.411, 823,     2.636,
 3394, 1, 508.528, 508.528, 509.047, 0.519, 28, 509.047, 511.13, 2.083, 1295, 0, 511.13, 511.149, 0.019, 37,     2.620,
 3402, 1, 510.151, 510.151, 510.161, 0.01, 17, 510.161, 511.245, 1.084, 1327, 0, 511.245, 511.275, 0.03, 66,     1.124,
 3401, 1, 509.772, 509.772, 509.782, 0.01, 11, 509.782, 511.265, 1.483, 1796, 0, 511.265, 511.285, 0.02, 23,     1.512,
 3400, 1, 509.75, 509.75, 510.655, 0.905, 1811, 510.655, 511.505, 0.85, 1868, 0, 511.505, 511.52, 0.015, 34,     1.770,
 3403, 1, 510.376, 510.376, 510.386, 0.01, 4, 510.386, 511.525, 1.139, 1701, 0, 511.525, 511.636, 0.111, 232,     1.260,
 3398, 1, 509.309, 509.309, 509.371, 0.062, 124, 509.371, 511.388, 2.017, 1584, 0, 511.388, 511.66, 0.272, 545,     2.351,
 3404, 1, 510.404, 510.404, 510.714, 0.31, 608, 510.714, 511.775, 1.062, 1707, 0, 511.775, 511.788, 0.012, 25,     1.384,
 3405, 1, 510.533, 510.533, 510.714, 0.181, 80, 510.714, 511.714, 1, 1450, 0, 511.714, 511.838, 0.124, 249,     1.305,
 3407, 1, 510.818, 510.818, 510.98, 0.161, 337, 510.98, 512.005, 1.026, 1271, 0, 512.005, 512.047, 0.042, 84,     1.229,
 3408, 1, 510.889, 510.889, 511.054, 0.164, 328, 511.054, 512.031, 0.977, 1595, 0, 512.031, 512.1, 0.07, 140,     1.211,
 3406, 1, 510.737, 510.737, 510.774, 0.036, 55, 510.774, 511.755, 0.982, 1461, 0, 511.755, 512.198, 0.443, 886,     1.461,
 3410, 1, 510.934, 510.934, 511.111, 0.177, 115, 511.111, 512.225, 1.113, 1717, 0, 512.225, 512.235, 0.01, 12,     1.301,
 3413, 1, 511.22, 511.22, 511.23, 0.01, 21, 511.23, 512.255, 1.025, 1808, 0, 512.255, 512.269, 0.014, 31,     1.049,
 3411, 1, 511.037, 511.037, 511.137, 0.1, 40, 511.137, 512.396, 1.258, 1455, 0, 512.396, 512.406, 0.01, 14,     1.369,
 3415, 1, 511.364, 511.364, 511.622, 0.258, 328, 511.622, 512.485, 0.862, 1261, 0, 512.485, 512.495, 0.01, 1,     1.130,
 3412, 1, 511.202, 511.202, 511.202, 0, 4, 511.202, 512.254, 1.052, 1129, 0, 512.254, 512.536, 0.283, 566,     1.335,
 3414, 1, 511.3, 511.3, 511.459, 0.159, 326, 511.459, 512.541, 1.082, 1186, 0, 512.541, 512.553, 0.013, 34,     1.254,
 3417, 1, 511.571, 511.571, 511.696, 0.125, 49, 511.696, 512.505, 0.808, 1155, 0, 512.505, 512.568, 0.064, 127,     0.997,
 3416, 1, 511.445, 511.445, 511.666, 0.222, 71, 511.666, 512.653, 0.987, 1410, 0, 512.653, 512.663, 0.01, 14,     1.219,
 3418, 1, 512.027, 512.027, 512.039, 0.012, 24, 512.039, 512.766, 0.728, 1469, 0, 512.766, 512.8, 0.034, 60,     0.774,
 3409, 1, 510.91, 510.91, 511.931, 1.021, 1904, 511.931, 512.79, 0.859, 890, 0, 512.79, 512.865, 0.074, 112,     1.955,
 3420, 1, 512.353, 512.353, 512.363, 0.01, 16, 512.363, 513.08, 0.716, 1167, 0, 513.08, 513.11, 0.03, 61,     0.757,
 3419, 1, 512.224, 512.224, 512.389, 0.165, 331, 512.389, 513.112, 0.722, 1437, 0, 513.112, 513.246, 0.135, 273,     1.023,
 3373, 1, 505.677, 505.677, 508.243, 2.566, 2, 508.243, 509.148, 0.906, 1324, 0, 509.148, 513.291, 4.143, 8286,     7.614,
 3421, 1, 512.63, 512.63, 512.64, 0.01, 5, 512.64, 513.361, 0.721, 1668, 0, 513.361, 513.401, 0.04, 66,     0.772,
 3422, 1, 512.662, 512.662, 512.883, 0.221, 460, 512.883, 513.6, 0.716, 1756, 0, 513.6, 513.616, 0.016, 33,     0.954,
 3423, 1, 512.938, 512.938, 512.948, 0.01, 24, 512.948, 513.663, 0.715, 1595, 0, 513.663, 513.678, 0.015, 30,     0.740,
 3424, 1, 513.01, 513.01, 513.021, 0.011, 23, 513.021, 513.737, 0.716, 1399, 0, 513.737, 513.768, 0.03, 61,     0.758,
 3425, 1, 513.038, 513.038, 513.064, 0.027, 59, 513.064, 513.78, 0.716, 1439, 0, 513.78, 514.07, 0.29, 567,     1.032,
 3427, 1, 513.212, 513.212, 513.345, 0.133, 267, 513.345, 514.06, 0.715, 1599, 0, 514.06, 514.102, 0.042, 75,     0.890,
 3429, 1, 513.351, 513.351, 513.376, 0.025, 51, 513.376, 514.092, 0.716, 1077, 0, 514.092, 514.129, 0.037, 74,     0.778,
 3426, 1, 513.192, 513.192, 513.351, 0.159, 315, 513.351, 514.06, 0.709, 1380, 0, 514.06, 514.184, 0.124, 248,     0.992,
 3428, 1, 513.285, 513.285, 513.694, 0.409, 698, 513.694, 514.409, 0.714, 1889, 0, 514.409, 514.419, 0.01, 9,     1.134,
 3431, 1, 513.379, 513.379, 513.412, 0.034, 10, 513.412, 514.328, 0.916, 1315, 0, 514.328, 514.721, 0.393, 786,     1.342,
 3432, 1, 513.402, 513.402, 513.442, 0.04, 57, 513.442, 514.31, 0.867, 1556, 0, 514.31, 514.814, 0.505, 1010,     1.412,
 3430, 1, 513.359, 513.359, 513.402, 0.043, 31, 513.402, 514.732, 1.329, 1557, 0, 514.732, 514.834, 0.103, 174,     1.476,
 3436, 1, 514.343, 514.343, 514.363, 0.019, 39, 514.363, 515.208, 0.846, 1654, 0, 515.208, 515.219, 0.011, 22,     0.876,
 3435, 1, 514.254, 514.254, 514.264, 0.01, 3, 514.264, 515.189, 0.926, 1830, 0, 515.189, 515.23, 0.04, 81,     0.976,
 3434, 1, 514.238, 514.238, 514.241, 0.003, 18, 514.241, 514.959, 0.718, 2022, 0, 514.959, 515.299, 0.341, 682,     1.061,
 3437, 1, 514.376, 514.376, 514.386, 0.01, 6, 514.386, 515.115, 0.728, 1763, 0, 515.115, 515.319, 0.205, 372,     0.943,
 3433, 1, 514.07, 514.07, 514.254, 0.183, 364, 514.254, 515.613, 1.359, 1697, 0, 515.613, 515.643, 0.03, 51,     1.573,
 3438, 1, 514.421, 514.421, 514.437, 0.016, 32, 514.437, 515.384, 0.947, 1893, 0, 515.384, 515.663, 0.279, 548,     1.242,
 3439, 1, 515.226, 515.226, 515.236, 0.01, 11, 515.236, 515.959, 0.724, 1676, 0, 515.959, 515.969, 0.01, 18,     0.744,
 3441, 1, 515.654, 515.654, 515.669, 0.015, 49, 515.669, 516.391, 0.722, 1074, 0, 516.391, 516.401, 0.01, 15,     0.748,
 3443, 1, 515.704, 515.704, 515.775, 0.071, 47, 515.775, 516.629, 0.854, 1638, 0, 516.629, 516.651, 0.022, 38,     0.946,
 3444, 1, 515.741, 515.741, 515.809, 0.068, 43, 515.809, 516.641, 0.832, 1133, 0, 516.641, 516.703, 0.062, 124,     0.961,
 3440, 1, 515.373, 515.373, 516.051, 0.678, 1359, 516.051, 516.808, 0.756, 1824, 0, 516.808, 516.818, 0.01, 13,     1.444,
 3445, 1, 515.866, 515.866, 515.869, 0.003, 18, 515.869, 516.776, 0.907, 1364, 0, 516.776, 516.849, 0.074, 125,     0.984,
 3446, 1, 516.11, 516.11, 516.181, 0.07, 117, 516.181, 516.903, 0.722, 1403, 0, 516.903, 516.932, 0.029, 58,     0.821,
 3442, 1, 515.665, 515.665, 515.741, 0.076, 144, 515.741, 517.025, 1.284, 1679, 0, 517.025, 517.067, 0.042, 77,     1.403,
 3447, 1, 516.206, 516.206, 516.412, 0.205, 403, 516.412, 517.128, 0.717, 925, 0, 517.128, 517.221, 0.093, 186,     1.015,
 3449, 1, 516.762, 516.762, 516.773, 0.011, 22, 516.773, 517.501, 0.728, 1636, 0, 517.501, 517.512, 0.011, 23,     0.750,
 3448, 1, 516.688, 516.688, 516.718, 0.031, 39, 516.718, 517.452, 0.734, 1629, 0, 517.452, 517.541, 0.089, 179,     0.854,
 3450, 1, 516.949, 516.949, 516.966, 0.016, 44, 516.966, 517.681, 0.716, 2087, 0, 517.681, 517.724, 0.043, 86,     0.775,
 3451, 1, 517.07, 517.07, 517.087, 0.016, 33, 517.087, 518.504, 1.418, 1408, 0, 518.504, 518.514, 0.01, 13,     1.444,
 3453, 1, 517.778, 517.778, 517.825, 0.047, 55, 517.825, 518.554, 0.729, 1057, 0, 518.554, 518.581, 0.027, 54,     0.803,
 3452, 1, 517.743, 517.743, 517.766, 0.023, 45, 517.766, 518.668, 0.903, 1602, 0, 518.668, 518.709, 0.041, 82,     0.966,
 3454, 1, 518.186, 518.186, 518.203, 0.017, 53, 518.203, 518.929, 0.726, 1191, 0, 518.929, 518.944, 0.014, 29,     0.757,
 3455, 1, 518.669, 518.669, 518.688, 0.019, 38, 518.688, 519.403, 0.714, 1316, 0, 519.403, 519.452, 0.05, 100,     0.783,
 3457, 1, 518.745, 518.745, 518.752, 0.006, 17, 518.752, 519.466, 0.714, 1588, 0, 519.466, 519.476, 0.01, 18,     0.730,
 3456, 1, 518.723, 518.723, 518.738, 0.014, 29, 518.738, 519.453, 0.715, 1467, 0, 519.453, 519.486, 0.033, 59,     0.763,
 3459, 1, 519.034, 519.034, 519.044, 0.01, 20, 519.044, 519.768, 0.724, 1587, 0, 519.768, 519.778, 0.01, 14,     0.744,
 3460, 1, 519.071, 519.071, 519.104, 0.033, 67, 519.104, 519.82, 0.716, 1730, 0, 519.82, 519.836, 0.016, 32,     0.765,
 3462, 1, 519.078, 519.078, 519.225, 0.147, 75, 519.225, 519.944, 0.72, 1794, 0, 519.944, 519.954, 0.01, 3,     0.877,
 3461, 1, 519.073, 519.073, 519.182, 0.109, 140, 519.182, 519.964, 0.783, 1812, 0, 519.964, 519.974, 0.01, 7,     0.902,
 3463, 1, 519.087, 519.087, 519.252, 0.165, 36, 519.252, 520.017, 0.766, 1345, 0, 520.017, 520.078, 0.061, 121,     0.991,
 3464, 1, 520.096, 520.096, 520.106, 0.01, 6, 520.106, 520.906, 0.8, 1175, 0, 520.906, 520.906, 0, 1,     0.810,
 3465, 1, 520.328, 520.328, 520.431, 0.102, 222, 520.431, 521.143, 0.713, 2125, 0, 521.143, 521.172, 0.029, 58,     0.844,
 3466, 1, 520.381, 520.381, 520.479, 0.097, 96, 520.479, 521.275, 0.796, 1853, 0, 521.275, 521.341, 0.066, 132,     0.960,
 3468, 1, 520.531, 520.531, 520.653, 0.123, 251, 520.653, 521.525, 0.871, 1316, 0, 521.525, 521.57, 0.045, 91,     1.040,
 3467, 1, 520.419, 520.419, 520.513, 0.093, 33, 520.513, 521.654, 1.141, 1481, 0, 521.654, 521.665, 0.011, 32,     1.245,
 3469, 1, 520.787, 520.787, 520.948, 0.161, 322, 520.948, 521.774, 0.826, 1405, 0, 521.774, 521.784, 0.01, 5,     0.997,
 3470, 1, 520.846, 520.846, 520.988, 0.142, 267, 520.988, 521.883, 0.895, 1160, 0, 521.883, 521.904, 0.02, 41,     1.058,
 3471, 1, 520.905, 520.905, 520.974, 0.069, 36, 520.974, 521.906, 0.932, 771, 0, 521.906, 521.916, 0.01, 19,     1.011,
 3472, 1, 521.099, 521.099, 521.109, 0.01, 8, 521.109, 521.883, 0.774, 996, 0, 521.883, 521.936, 0.053, 78,     0.837,
 3474, 1, 521.813, 521.813, 521.856, 0.043, 87, 521.856, 522.571, 0.715, 1733, 0, 522.571, 522.581, 0.01, 13,     0.768,
 3473, 1, 521.657, 521.657, 521.75, 0.093, 191, 521.75, 522.482, 0.732, 2508, 0, 522.482, 522.591, 0.109, 201,     0.934,
 3476, 1, 521.867, 521.867, 521.89, 0.023, 46, 521.89, 522.612, 0.722, 1396, 0, 522.612, 522.623, 0.01, 21,     0.756,
 3477, 1, 521.987, 521.987, 522.004, 0.017, 44, 522.004, 522.732, 0.728, 1938, 0, 522.732, 522.744, 0.013, 25,     0.757,
 3479, 1, 522.092, 522.092, 522.102, 0.01, 2, 522.102, 522.985, 0.883, 1554, 0, 522.985, 523.071, 0.087, 173,     0.979,
 3480, 1, 522.105, 522.105, 522.159, 0.054, 104, 522.159, 523.005, 0.846, 1511, 0, 523.005, 523.171, 0.167, 334,     1.066,
 3481, 1, 522.411, 522.411, 522.411, 0, 3, 522.411, 523.234, 0.823, 1375, 0, 523.234, 523.246, 0.013, 25,     0.836,
 3478, 1, 522.074, 522.074, 522.629, 0.555, 1107, 522.629, 523.5, 0.871, 1814, 0, 523.5, 523.51, 0.01, 12,     1.436,
 3482, 1, 522.751, 522.751, 522.887, 0.135, 287, 522.887, 523.614, 0.727, 1810, 0, 523.614, 523.921, 0.307, 580,     1.169,
 3483, 1, 523.239, 523.239, 523.279, 0.04, 81, 523.279, 524.004, 0.725, 1524, 0, 524.004, 524.058, 0.054, 108,     0.819,
 3485, 1, 523.392, 523.392, 523.522, 0.13, 260, 523.522, 524.243, 0.721, 1307, 0, 524.243, 524.253, 0.01, 12,     0.861,
 3486, 1, 523.487, 523.487, 523.55, 0.063, 38, 523.55, 524.268, 0.718, 1785, 0, 524.268, 524.431, 0.163, 334,     0.944,
 3487, 1, 523.592, 523.592, 523.637, 0.045, 91, 523.637, 524.453, 0.816, 1230, 0, 524.453, 524.463, 0.01, 12,     0.871,
 3488, 1, 523.64, 523.64, 523.705, 0.065, 130, 523.705, 524.492, 0.787, 1497, 0, 524.492, 524.492, 0, 1,     0.852,
 3475, 1, 521.826, 521.826, 521.934, 0.108, 204, 521.934, 522.66, 0.726, 1801, 0, 522.66, 524.5, 1.84, 3681,     2.674,
 3489, 1, 523.695, 523.695, 523.729, 0.034, 47, 523.729, 524.517, 0.788, 1226, 0, 524.517, 524.549, 0.032, 64,     0.854,
 3458, 1, 518.891, 518.891, 520.641, 1.75, 3487, 520.641, 521.384, 0.742, 1055, 0, 521.384, 524.575, 3.191, 6383,     5.684,
 3484, 1, 523.343, 523.343, 523.743, 0.4, 778, 523.743, 524.709, 0.967, 2080, 0, 524.709, 524.744, 0.034, 69,     1.401,
 3491, 1, 524.051, 524.051, 524.12, 0.07, 126, 524.12, 524.834, 0.714, 1425, 0, 524.834, 524.921, 0.087, 174,     0.871,
 3492, 1, 524.12, 524.12, 524.396, 0.276, 525, 524.396, 525.123, 0.727, 1524, 0, 525.123, 525.133, 0.01, 4,     1.013,
 3494, 1, 524.438, 524.438, 524.922, 0.484, 311, 524.922, 525.817, 0.895, 1619, 0, 525.817, 525.833, 0.016, 34,     1.395,
 3493, 1, 524.261, 524.261, 524.755, 0.494, 719, 524.755, 525.477, 0.722, 1315, 0, 525.477, 525.847, 0.369, 739,     1.585,
 3496, 1, 524.802, 524.802, 525.961, 1.159, 146, 525.961, 526.682, 0.721, 1556, 0, 526.682, 526.703, 0.02, 41,     1.901,
 3497, 1, 525.118, 525.118, 525.971, 0.853, 13, 525.971, 526.692, 0.721, 1598, 0, 526.692, 526.849, 0.157, 314,     1.731,
 3501, 1, 526.098, 526.098, 526.165, 0.068, 79, 526.165, 526.921, 0.756, 1490, 0, 526.921, 526.931, 0.01, 8,     0.834,
 3499, 1, 525.961, 525.961, 526.01, 0.049, 13, 526.01, 526.941, 0.931, 1204, 0, 526.941, 527.002, 0.061, 121,     1.041,
 3495, 1, 524.48, 524.48, 525.877, 1.398, 1911, 525.877, 526.941, 1.064, 1745, 0, 526.941, 527.022, 0.081, 130,     2.542,
 3498, 1, 525.212, 525.212, 525.996, 0.784, 50, 525.996, 527.171, 1.175, 1657, 0, 527.171, 527.201, 0.029, 49,     1.989,
 3500, 1, 525.972, 525.972, 526.108, 0.135, 177, 526.108, 527.191, 1.083, 1802, 0, 527.191, 527.201, 0.01, 15,     1.228,
 3502, 1, 526.325, 526.325, 526.401, 0.076, 135, 526.401, 527.201, 0.8, 1469, 0, 527.201, 527.261, 0.06, 120,     0.936,
 3503, 1, 526.497, 526.497, 526.545, 0.048, 97, 526.545, 527.44, 0.895, 820, 0, 527.44, 527.617, 0.176, 349,     1.120,
 3505, 1, 526.638, 526.638, 526.855, 0.217, 71, 526.855, 527.573, 0.718, 1199, 0, 527.573, 527.637, 0.064, 128,     0.999,
 3504, 1, 526.56, 526.56, 526.809, 0.249, 500, 526.809, 527.541, 0.732, 1084, 0, 527.541, 527.657, 0.117, 217,     1.097,
 3490, 1, 523.831, 523.831, 526.821, 2.99, 5980, 526.821, 527.696, 0.875, 1715, 0, 527.696, 527.752, 0.056, 112,     3.921,
 3506, 1, 526.931, 526.931, 526.963, 0.032, 62, 526.963, 527.79, 0.827, 1566, 0, 527.79, 527.8, 0.01, 3,     0.869,
 3507, 1, 526.963, 526.963, 527.242, 0.279, 549, 527.242, 527.969, 0.727, 2149, 0, 527.969, 528.034, 0.065, 130,     1.071,
 3508, 1, 527.251, 527.251, 527.276, 0.025, 34, 527.276, 528.073, 0.797, 1680, 0, 528.073, 528.083, 0.01, 10,     0.832,
 3509, 1, 527.584, 527.584, 527.594, 0.01, 9, 527.594, 528.318, 0.724, 1911, 0, 528.318, 528.453, 0.135, 270,     0.869,
 3511, 1, 527.712, 527.712, 527.852, 0.14, 256, 527.852, 528.578, 0.726, 1599, 0, 528.578, 528.664, 0.087, 192,     0.952,
 3510, 1, 527.694, 527.694, 527.934, 0.24, 500, 527.934, 528.666, 0.732, 1341, 0, 528.666, 528.788, 0.123, 249,     1.095,
 3513, 1, 528.203, 528.203, 528.215, 0.011, 23, 528.215, 528.958, 0.743, 746, 0, 528.958, 528.968, 0.01, 1,     0.765,
 3512, 1, 528.121, 528.121, 528.179, 0.058, 86, 528.179, 528.895, 0.716, 769, 0, 528.895, 528.995, 0.1, 200,     0.874,
 3514, 1, 528.237, 528.237, 528.262, 0.025, 65, 528.262, 528.98, 0.718, 1223, 0, 528.98, 529.05, 0.07, 105,     0.813,
 3515, 1, 528.262, 528.262, 528.323, 0.061, 135, 528.323, 529.15, 0.827, 1072, 0, 529.15, 529.16, 0.01, 13,     0.898,
 3517, 1, 528.797, 528.797, 528.827, 0.03, 60, 528.827, 529.544, 0.717, 2080, 0, 529.544, 529.587, 0.043, 61,     0.790,
 3518, 1, 528.98, 528.98, 529.015, 0.035, 89, 529.015, 529.732, 0.717, 1648, 0, 529.732, 529.761, 0.029, 58,     0.781,
 3516, 1, 528.668, 528.668, 528.683, 0.015, 31, 528.683, 529.399, 0.716, 1132, 0, 529.399, 530.053, 0.653, 1307,     1.385,
 3520, 1, 529.405, 529.405, 529.422, 0.017, 34, 529.422, 530.126, 0.704, 1519, 0, 530.126, 530.16, 0.034, 67,     0.754,
 3521, 1, 529.484, 529.484, 529.511, 0.027, 62, 529.511, 530.224, 0.713, 959, 0, 530.224, 530.359, 0.135, 271,     0.875,
 3522, 1, 529.64, 529.64, 529.64, 0, 8, 529.64, 530.521, 0.881, 998, 0, 530.521, 530.531, 0.01, 12,     0.891,
 3519, 1, 529.19, 529.19, 529.279, 0.089, 179, 529.279, 530.261, 0.982, 1295, 0, 530.261, 530.908, 0.647, 1290,     1.717,
 3524, 1, 530.347, 530.347, 530.357, 0.01, 7, 530.357, 531.127, 0.77, 697, 0, 531.127, 531.137, 0.01, 6,     0.790,
 3525, 1, 530.433, 530.433, 530.45, 0.017, 34, 530.45, 531.187, 0.737, 1591, 0, 531.187, 531.223, 0.036, 72,     0.790,
 3526, 1, 530.529, 530.529, 530.555, 0.026, 52, 530.555, 531.269, 0.715, 1288, 0, 531.269, 531.327, 0.057, 115,     0.798,
 3528, 1, 530.926, 530.926, 530.957, 0.031, 62, 530.957, 531.705, 0.748, 1868, 0, 531.705, 531.724, 0.019, 42,     0.798,
 3529, 1, 531.131, 531.131, 531.141, 0.01, 7, 531.141, 531.853, 0.712, 1831, 0, 531.853, 531.906, 0.053, 97,     0.774,
 3530, 1, 531.444, 531.444, 531.484, 0.04, 49, 531.484, 532.21, 0.726, 1621, 0, 532.21, 532.22, 0.01, 16,     0.776,
 3527, 1, 530.586, 530.586, 530.586, 0, 6, 530.586, 531.392, 0.806, 1370, 0, 531.392, 532.245, 0.852, 1705,     1.659,
 3531, 1, 531.676, 531.676, 531.696, 0.02, 41, 531.696, 532.416, 0.719, 1685, 0, 532.416, 532.426, 0.01, 5,     0.750,
 3534, 1, 531.957, 531.957, 537.519, 5.561, 3, 537.519, 538.231, 0.712, 1528, 0, 538.231, 538.241, 0.01, 13,     6.284,
 3533, 1, 531.923, 531.923, 537.505, 5.582, 40, 537.505, 538.282, 0.777, 1396, 0, 538.282, 538.301, 0.019, 38,     6.378,
 3535, 1, 532.055, 532.055, 537.568, 5.513, 98, 537.568, 538.354, 0.786, 1843, 0, 538.354, 538.364, 0.01, 2,     6.309,
 3523, 1, 530.062, 530.062, 537.471, 7.409, 14807, 537.471, 538.481, 1.01, 1571, 0, 538.481, 538.488, 0.008, 1,     8.427,
 3536, 1, 532.193, 532.193, 537.582, 5.389, 20, 537.582, 538.513, 0.931, 1467, 0, 538.513, 538.534, 0.021, 57,     6.341,
 3538, 1, 532.385, 532.385, 537.841, 5.455, 25, 537.841, 538.743, 0.902, 1370, 0, 538.743, 538.754, 0.011, 23,     6.369,
 3537, 1, 532.325, 532.325, 537.827, 5.502, 490, 537.827, 538.544, 0.717, 2027, 0, 538.544, 538.885, 0.341, 703,     6.560,
 3542, 1, 532.946, 532.946, 538.351, 5.404, 8, 538.351, 539.066, 0.715, 1839, 0, 539.066, 539.097, 0.03, 61,     6.150,
 3532, 1, 531.73, 531.73, 538.292, 6.562, 13115, 538.292, 539.003, 0.711, 1498, 0, 539.003, 539.116, 0.113, 227,     7.386,
 3540, 1, 532.481, 532.481, 538.323, 5.842, 28, 538.323, 539.036, 0.713, 1862, 0, 539.036, 539.214, 0.178, 356,     6.734,
 3544, 1, 533.23, 533.23, 538.446, 5.216, 102, 538.446, 539.261, 0.815, 1334, 0, 539.261, 539.271, 0.01, 4,     6.041,
 3545, 1, 533.384, 533.384, 538.46, 5.076, 7, 538.46, 539.285, 0.825, 1202, 0, 539.285, 539.305, 0.02, 38,     5.921,
 3546, 1, 533.398, 533.398, 538.474, 5.076, 15, 538.474, 539.295, 0.821, 1181, 0, 539.295, 539.329, 0.034, 67,     5.931,
 3547, 1, 533.431, 533.431, 538.488, 5.057, 22, 538.488, 539.414, 0.926, 1377, 0, 539.414, 539.486, 0.072, 145,     6.056,
 3548, 1, 533.543, 533.543, 538.512, 4.969, 32, 538.512, 539.51, 0.998, 1341, 0, 539.51, 539.533, 0.023, 46,     5.991,
 3541, 1, 532.884, 532.884, 538.337, 5.453, 25, 538.337, 539.046, 0.709, 1207, 0, 539.046, 539.567, 0.521, 1027,     6.683,
 3549, 1, 533.602, 533.602, 538.546, 4.943, 52, 538.546, 539.537, 0.991, 1754, 0, 539.537, 539.617, 0.08, 169,     6.015,
 3543, 1, 533.043, 533.043, 538.395, 5.352, 73, 538.395, 539.575, 1.18, 1309, 0, 539.575, 539.637, 0.062, 106,     6.595,
 3552, 1, 534.087, 534.087, 538.606, 4.518, 77, 538.606, 539.759, 1.153, 1742, 0, 539.759, 539.825, 0.065, 128,     5.737,
 3550, 1, 533.874, 533.874, 538.561, 4.687, 23, 538.561, 539.818, 1.257, 2076, 0, 539.818, 539.858, 0.04, 62,     5.984,
 3553, 1, 534.125, 534.125, 538.947, 4.822, 676, 538.947, 539.818, 0.871, 1607, 0, 539.818, 539.878, 0.06, 101,     5.753,
 3551, 1, 533.947, 533.947, 538.566, 4.618, 1, 538.566, 539.912, 1.346, 1461, 0, 539.912, 539.922, 0.01, 15,     5.975,
 3558, 1, 534.931, 534.931, 539.282, 4.351, 320, 539.282, 540.276, 0.994, 1519, 0, 540.276, 540.286, 0.01, 11,     5.355,
 3554, 1, 534.202, 534.202, 539.02, 4.818, 137, 539.02, 540.026, 1.006, 1437, 0, 540.026, 540.33, 0.304, 609,     6.128,
 3559, 1, 535.207, 535.207, 539.39, 4.183, 193, 539.39, 540.332, 0.943, 1877, 0, 540.332, 540.339, 0.007, 9,     5.132,
 3556, 1, 534.779, 534.779, 539.112, 4.333, 9, 539.112, 540.332, 1.22, 1163, 0, 540.332, 540.376, 0.044, 93,     5.597,
 3557, 1, 534.8, 534.8, 539.122, 4.322, 13, 539.122, 540.178, 1.056, 2079, 0, 540.178, 540.544, 0.366, 733,     5.744,
 3555, 1, 534.368, 534.368, 539.098, 4.73, 157, 539.098, 540.07, 0.972, 1672, 0, 540.07, 540.65, 0.58, 1161,     6.282,
 3560, 1, 535.293, 535.293, 540.004, 4.711, 1209, 540.004, 540.73, 0.726, 1531, 0, 540.73, 540.764, 0.034, 69,     5.471,
 3561, 1, 535.457, 535.457, 540.077, 4.62, 147, 540.077, 540.982, 0.904, 2194, 0, 540.982, 541.076, 0.094, 196,     5.618,
 3539, 1, 532.441, 532.441, 540.352, 7.911, 5023, 540.352, 541.088, 0.736, 683, 0, 541.088, 541.142, 0.054, 100,     8.701,
 3563, 1, 535.812, 535.812, 540.399, 4.587, 78, 540.399, 541.142, 0.744, 965, 0, 541.142, 541.142, 0, 1,     5.330,
 3565, 1, 536.08, 536.08, 540.489, 4.409, 153, 540.489, 541.337, 0.848, 1342, 0, 541.337, 541.356, 0.019, 37,     5.276,
 3564, 1, 535.892, 535.892, 540.409, 4.516, 9, 540.409, 541.291, 0.882, 1730, 0, 541.291, 541.375, 0.085, 138,     5.483,
 3571, 1, 537.129, 537.129, 540.663, 3.534, 23, 540.663, 541.42, 0.757, 2093, 0, 541.42, 541.466, 0.046, 95,     4.337,
 3568, 1, 536.642, 536.642, 540.609, 3.967, 156, 540.609, 541.548, 0.939, 1439, 0, 541.548, 541.581, 0.033, 66,     4.938,
 3562, 1, 535.534, 535.534, 540.623, 5.09, 1069, 540.623, 541.587, 0.964, 1575, 0, 541.587, 541.603, 0.016, 44,     6.069,
 3566, 1, 536.134, 536.134, 540.499, 4.365, 8, 540.499, 541.657, 1.159, 1464, 0, 541.657, 541.667, 0.01, 32,     5.534,
 3567, 1, 536.618, 536.618, 540.519, 3.902, 42, 540.519, 541.697, 1.178, 1850, 0, 541.697, 541.753, 0.056, 112,     5.135,
 3573, 1, 537.55, 537.55, 540.727, 3.177, 71, 540.727, 541.797, 1.07, 1806, 0, 541.797, 541.885, 0.088, 177,     4.335,
 3574, 1, 537.858, 537.858, 540.741, 2.883, 19, 540.741, 541.836, 1.095, 1776, 0, 541.836, 541.888, 0.052, 102,     4.030,
 3570, 1, 536.964, 536.964, 540.643, 3.679, 39, 540.643, 541.907, 1.264, 1597, 0, 541.907, 541.917, 0.01, 5,     4.953,
 3572, 1, 537.395, 537.395, 540.692, 3.297, 57, 540.692, 541.888, 1.197, 1524, 0, 541.888, 541.933, 0.044, 96,     4.538,
 3576, 1, 538.385, 538.385, 540.789, 2.404, 58, 540.789, 542.096, 1.307, 1474, 0, 542.096, 542.108, 0.013, 25,     3.723,
 3578, 1, 538.621, 538.621, 540.887, 2.266, 149, 540.887, 542.053, 1.166, 1039, 0, 542.053, 542.132, 0.079, 159,     3.511,
 3579, 1, 538.66, 538.66, 540.927, 2.268, 64, 540.927, 542.096, 1.169, 1268, 0, 542.096, 542.158, 0.062, 124,     3.498,
 3577, 1, 538.561, 538.561, 540.813, 2.252, 48, 540.813, 542.137, 1.325, 1437, 0, 542.137, 542.16, 0.023, 53,     3.599,
 3575, 1, 538.175, 538.175, 540.755, 2.58, 1, 540.755, 542.16, 1.405, 1815, 0, 542.16, 542.17, 0.01, 25,     3.995,
 3569, 1, 536.713, 536.713, 541.01, 4.296, 799, 541.01, 542.361, 1.351, 1606, 0, 542.361, 542.371, 0.01, 8,     5.657,
 3580, 1, 538.723, 538.723, 540.938, 2.215, 19, 540.938, 542.419, 1.481, 1412, 0, 542.419, 542.429, 0.01, 15,     3.706,
 3585, 1, 539.194, 539.194, 541.036, 1.841, 10, 541.036, 542.361, 1.325, 1398, 0, 542.361, 542.592, 0.232, 464,     3.398,
 3586, 1, 539.252, 539.252, 541.065, 1.813, 53, 541.065, 542.556, 1.491, 1631, 0, 542.556, 542.61, 0.053, 78,     3.357,
 3582, 1, 539.006, 539.006, 540.995, 1.989, 37, 540.995, 542.307, 1.311, 843, 0, 542.307, 542.62, 0.313, 609,     3.613,
 3587, 1, 539.277, 539.277, 541.115, 1.837, 84, 541.115, 542.61, 1.495, 1362, 0, 542.61, 542.645, 0.035, 70,     3.368,
 3583, 1, 539.013, 539.013, 541.024, 2.01, 40, 541.024, 542.669, 1.645, 1896, 0, 542.669, 542.679, 0.01, 6,     3.665,
 3589, 1, 539.478, 539.478, 541.24, 1.762, 192, 541.24, 542.869, 1.628, 1093, 0, 542.869, 542.879, 0.01, 8,     3.401,
 3581, 1, 538.808, 538.808, 540.971, 2.163, 66, 540.971, 542.869, 1.897, 1539, 0, 542.869, 542.91, 0.042, 84,     4.102,
 3588, 1, 539.369, 539.369, 541.227, 1.858, 202, 541.227, 542.806, 1.578, 1656, 0, 542.806, 542.958, 0.153, 306,     3.589,
 3593, 1, 540.437, 540.437, 541.297, 0.86, 8, 541.297, 543.055, 1.758, 1791, 0, 543.055, 543.065, 0.01, 2,     2.628,
 3584, 1, 539.053, 539.053, 541.145, 2.091, 234, 541.145, 542.928, 1.784, 1322, 0, 542.928, 543.134, 0.205, 411,     4.080,
 3594, 1, 540.506, 540.506, 541.307, 0.8, 3, 541.307, 543.119, 1.812, 2226, 0, 543.119, 543.146, 0.026, 45,     2.639,
 3592, 1, 540.389, 540.389, 541.283, 0.894, 57, 541.283, 543.119, 1.836, 2070, 0, 543.119, 543.29, 0.17, 341,     2.901,
 3591, 1, 540.36, 540.36, 541.254, 0.894, 5, 541.254, 543.193, 1.939, 1501, 0, 543.193, 543.379, 0.186, 356,     3.019,
 3590, 1, 540.149, 540.149, 541.542, 1.393, 630, 541.542, 543.369, 1.827, 1794, 0, 543.369, 543.385, 0.016, 30,     3.236,
 3595, 1, 540.577, 540.577, 541.366, 0.789, 84, 541.366, 543.448, 2.082, 1174, 0, 543.448, 543.478, 0.03, 50,     2.900,
 3599, 1, 541.227, 541.227, 541.556, 0.329, 6, 541.556, 543.369, 1.813, 1813, 0, 543.369, 543.51, 0.14, 281,     2.282,
 3597, 1, 540.692, 540.692, 541.456, 0.764, 7, 541.456, 543.305, 1.848, 1322, 0, 543.305, 543.552, 0.247, 495,     2.860,
 3600, 1, 541.321, 541.321, 541.605, 0.284, 99, 541.605, 543.635, 2.03, 1894, 0, 543.635, 543.672, 0.037, 75,     2.351,
 3602, 1, 541.646, 541.646, 541.656, 0.01, 6, 541.656, 543.636, 1.981, 1649, 0, 543.636, 543.707, 0.071, 131,     2.061,
 3601, 1, 541.579, 541.579, 541.617, 0.038, 74, 541.617, 543.567, 1.949, 1152, 0, 543.567, 543.743, 0.177, 354,     2.165,
 3598, 1, 540.928, 540.928, 541.556, 0.628, 176, 541.556, 543.697, 2.141, 1838, 0, 543.697, 543.811, 0.114, 228,     2.883,
 3603, 1, 541.784, 541.784, 541.949, 0.165, 316, 541.949, 543.824, 1.875, 1527, 0, 543.824, 543.838, 0.014, 29,     2.055,
 3604, 1, 542.076, 542.076, 542.086, 0.01, 29, 542.086, 543.901, 1.816, 1866, 0, 543.901, 543.919, 0.018, 35,     1.843,
 3596, 1, 540.628, 540.628, 541.436, 0.808, 118, 541.436, 543.901, 2.465, 1436, 0, 543.901, 543.939, 0.038, 57,     3.311,
 3605, 1, 542.137, 542.137, 542.164, 0.028, 55, 542.164, 543.947, 1.783, 1840, 0, 543.947, 543.957, 0.01, 23,     1.821,
 3608, 1, 542.228, 542.228, 542.228, 0, 2, 542.228, 544.079, 1.851, 1815, 0, 544.079, 544.182, 0.103, 206,     1.953,
 3606, 1, 542.206, 542.206, 542.283, 0.077, 129, 542.283, 544.16, 1.877, 1705, 0, 544.16, 544.182, 0.022, 20,     1.975,
 3609, 1, 542.262, 542.262, 542.283, 0.022, 36, 542.283, 544.201, 1.918, 1914, 0, 544.201, 544.218, 0.017, 34,     1.956,
 3607, 1, 542.216, 542.216, 542.226, 0.01, 20, 542.226, 544.16, 1.934, 1010, 0, 544.16, 544.465, 0.305, 626,     2.249,
 3612, 1, 543.351, 543.351, 543.361, 0.01, 19, 543.361, 544.419, 1.058, 1028, 0, 544.419, 544.537, 0.117, 240,     1.185,
 3611, 1, 543.286, 543.286, 543.312, 0.025, 31, 543.312, 544.58, 1.269, 1435, 0, 544.58, 544.616, 0.036, 72,     1.330,
 3610, 1, 542.305, 542.305, 542.305, 0, 4, 542.305, 544.668, 2.363, 2224, 0, 544.668, 544.739, 0.07, 137,     2.434,
 3613, 1, 543.822, 543.822, 543.881, 0.059, 118, 543.881, 544.83, 0.949, 2044, 0, 544.83, 544.879, 0.049, 98,     1.056,
 3615, 1, 543.859, 543.859, 543.895, 0.036, 3, 543.895, 544.979, 1.084, 1712, 0, 544.979, 544.989, 0.01, 15,     1.130,
 3614, 1, 543.838, 543.838, 543.895, 0.057, 110, 543.895, 544.918, 1.023, 1651, 0, 544.918, 544.999, 0.081, 146,     1.161,
 3616, 1, 544.178, 544.178, 544.262, 0.083, 138, 544.262, 545.08, 0.818, 1838, 0, 545.08, 545.103, 0.023, 46,     0.925,
 3618, 1, 544.591, 544.591, 544.697, 0.106, 178, 544.697, 545.477, 0.781, 1406, 0, 545.477, 545.487, 0.01, 12,     0.897,
 3619, 1, 544.861, 544.861, 544.883, 0.022, 44, 544.883, 545.597, 0.714, 1186, 0, 545.597, 545.635, 0.038, 77,     0.774,
 3620, 1, 544.989, 544.989, 545.096, 0.107, 202, 545.096, 545.828, 0.731, 1532, 0, 545.828, 545.838, 0.01, 21,     0.848,
 3621, 1, 545.065, 545.065, 545.072, 0.007, 25, 545.072, 545.794, 0.721, 1334, 0, 545.794, 546.032, 0.238, 479,     0.966,
 3617, 1, 544.292, 544.292, 544.339, 0.047, 57, 544.339, 545.173, 0.834, 1649, 0, 545.173, 546.053, 0.88, 1767,     1.761,
 3622, 1, 545.405, 545.405, 545.478, 0.073, 135, 545.478, 546.194, 0.716, 1592, 0, 546.194, 546.204, 0.01, 4,     0.799,
 3623, 1, 545.412, 545.412, 545.422, 0.01, 22, 545.422, 546.244, 0.822, 1342, 0, 546.244, 546.264, 0.02, 40,     0.852,
 3624, 1, 545.423, 545.423, 545.573, 0.15, 279, 545.573, 546.289, 0.716, 1883, 0, 546.289, 546.317, 0.028, 56,     0.894,
 3625, 1, 545.482, 545.482, 545.492, 0.01, 17, 545.492, 546.327, 0.835, 1416, 0, 546.327, 546.393, 0.067, 133,     0.912,
 3626, 1, 546.25, 546.25, 546.27, 0.02, 40, 546.27, 547.002, 0.732, 1225, 0, 547.002, 547.042, 0.04, 81,     0.792,
 3628, 1, 546.505, 546.505, 546.553, 0.048, 97, 546.553, 547.344, 0.791, 1418, 0, 547.344, 547.376, 0.033, 65,     0.872,
 3627, 1, 546.39, 546.39, 546.418, 0.029, 42, 546.418, 547.251, 0.833, 747, 0, 547.251, 547.428, 0.177, 330,     1.038,
 3629, 1, 546.617, 546.617, 546.704, 0.086, 166, 546.704, 547.449, 0.745, 1553, 0, 547.449, 547.567, 0.118, 236,     0.949,
 3630, 1, 546.682, 546.682, 546.82, 0.138, 277, 546.82, 547.593, 0.773, 1785, 0, 547.593, 547.603, 0.01, 6,     0.921,
 3631, 1, 546.741, 546.741, 546.751, 0.01, 20, 546.751, 547.534, 0.783, 2128, 0, 547.534, 547.675, 0.141, 279,     0.934,
 3634, 1, 546.912, 546.912, 546.944, 0.032, 56, 546.944, 547.665, 0.721, 1642, 0, 547.665, 547.675, 0.01, 8,     0.763,
 3632, 1, 546.775, 546.775, 546.854, 0.079, 166, 546.854, 547.712, 0.858, 1736, 0, 547.712, 547.727, 0.015, 31,     0.952,
 3633, 1, 546.802, 546.802, 547.39, 0.587, 1135, 547.39, 548.117, 0.727, 1747, 0, 548.117, 548.153, 0.036, 72,     1.350,
 3638, 1, 547.353, 547.353, 547.457, 0.104, 44, 547.457, 548.317, 0.86, 1693, 0, 548.317, 548.327, 0.01, 2,     0.974,
 3639, 1, 547.606, 547.606, 547.606, 0, 8, 547.606, 548.366, 0.759, 1246, 0, 548.366, 548.376, 0.01, 4,     0.769,
 3637, 1, 547.272, 547.272, 547.424, 0.152, 11, 547.424, 548.366, 0.942, 1408, 0, 548.366, 548.376, 0.01, 18,     1.103,
 3636, 1, 547.208, 547.208, 547.424, 0.216, 45, 547.424, 548.366, 0.942, 1642, 0, 548.366, 548.396, 0.03, 40,     1.188,
 3640, 1, 547.666, 547.666, 547.719, 0.053, 106, 547.719, 548.615, 0.896, 1898, 0, 548.615, 548.731, 0.116, 234,     1.065,
 3642, 1, 547.917, 547.917, 547.948, 0.03, 61, 547.948, 548.834, 0.886, 1343, 0, 548.834, 548.933, 0.099, 199,     1.016,
 3644, 1, 548.195, 548.195, 548.239, 0.043, 94, 548.239, 548.954, 0.715, 1596, 0, 548.954, 548.98, 0.025, 51,     0.784,
 3643, 1, 547.958, 547.958, 547.968, 0.01, 4, 547.968, 548.865, 0.897, 1222, 0, 548.865, 549, 0.135, 249,     1.041,
 3641, 1, 547.722, 547.722, 547.744, 0.021, 51, 547.744, 548.615, 0.871, 893, 0, 548.615, 549.054, 0.439, 879,     1.332,
 3645, 1, 548.775, 548.775, 548.833, 0.059, 118, 548.833, 549.566, 0.733, 1481, 0, 549.566, 549.576, 0.01, 10,     0.802,
 3646, 1, 548.799, 548.799, 548.822, 0.023, 46, 548.822, 549.536, 0.714, 1375, 0, 549.536, 549.717, 0.181, 362,     0.918,
 3650, 1, 549.329, 549.329, 549.349, 0.02, 34, 549.349, 550.108, 0.759, 933, 0, 550.108, 550.118, 0.01, 19,     0.789,
 3647, 1, 548.929, 548.929, 548.989, 0.06, 121, 548.989, 549.91, 0.92, 1724, 0, 549.91, 550.128, 0.219, 424,     1.199,
 3648, 1, 549.222, 549.222, 549.232, 0.01, 10, 549.232, 549.945, 0.713, 1719, 0, 549.945, 550.17, 0.224, 434,     0.947,
 3651, 1, 549.429, 549.429, 549.455, 0.026, 30, 549.455, 550.177, 0.722, 1509, 0, 550.177, 550.205, 0.028, 56,     0.776,
 3649, 1, 549.297, 549.297, 549.363, 0.067, 117, 549.363, 550.195, 0.832, 586, 0, 550.195, 550.274, 0.078, 157,     0.977,
 3652, 1, 549.727, 549.727, 549.751, 0.024, 49, 549.751, 550.484, 0.733, 1422, 0, 550.484, 550.494, 0.01, 19,     0.767,
 3653, 1, 549.905, 549.905, 549.922, 0.018, 35, 549.922, 550.751, 0.829, 1855, 0, 550.751, 550.904, 0.153, 305,     0.999,
 3655, 1, 550.199, 550.199, 550.209, 0.01, 28, 550.209, 550.928, 0.719, 1524, 0, 550.928, 550.953, 0.024, 49,     0.754,
 3656, 1, 550.49, 550.49, 550.521, 0.031, 48, 550.521, 551.243, 0.722, 1753, 0, 551.243, 551.322, 0.079, 158,     0.832,
 3658, 1, 550.717, 550.717, 550.727, 0.01, 8, 550.727, 551.452, 0.725, 1273, 0, 551.452, 551.483, 0.031, 55,     0.766,
 3657, 1, 550.511, 550.511, 550.535, 0.024, 10, 550.535, 551.452, 0.917, 1514, 0, 551.452, 551.514, 0.062, 123,     1.003,
 3659, 1, 550.854, 550.854, 550.886, 0.032, 58, 550.886, 551.61, 0.724, 1519, 0, 551.61, 551.62, 0.01, 18,     0.766,
 3660, 1, 550.886, 550.886, 550.896, 0.01, 8, 550.896, 551.715, 0.819, 1396, 0, 551.715, 551.725, 0.01, 9,     0.839,
 3662, 1, 551.173, 551.173, 551.197, 0.025, 61, 551.197, 551.913, 0.715, 1434, 0, 551.913, 551.96, 0.047, 94,     0.787,
 3661, 1, 551.124, 551.124, 551.143, 0.019, 39, 551.143, 551.965, 0.822, 1462, 0, 551.965, 551.965, 0, 4,     0.842,
 3664, 1, 551.495, 551.495, 551.505, 0.01, 4, 551.505, 552.22, 0.715, 1692, 0, 552.22, 552.24, 0.019, 39,     0.745,
 3663, 1, 551.428, 551.428, 551.434, 0.006, 21, 551.434, 552.134, 0.7, 1733, 0, 552.134, 552.275, 0.141, 282,     0.847,
 3654, 1, 550.037, 550.037, 551.538, 1.501, 3003, 551.538, 552.383, 0.845, 1486, 0, 552.383, 552.425, 0.042, 83,     2.388,
 3666, 1, 551.734, 551.734, 551.734, 0, 3, 551.734, 552.481, 0.747, 1437, 0, 552.481, 552.533, 0.052, 104,     0.799,
 3665, 1, 551.704, 551.704, 551.729, 0.025, 33, 551.729, 552.451, 0.722, 1294, 0, 552.451, 552.656, 0.205, 410,     0.952,
 3667, 1, 551.799, 551.799, 551.809, 0.01, 2, 551.809, 552.67, 0.86, 1180, 0, 552.67, 552.821, 0.152, 304,     1.022,
 3668, 1, 552.253, 552.253, 552.444, 0.192, 354, 552.444, 553.154, 0.71, 1625, 0, 553.154, 553.192, 0.038, 76,     0.940,
 3670, 1, 552.444, 552.444, 552.454, 0.01, 11, 552.454, 553.174, 0.72, 1441, 0, 553.174, 553.212, 0.038, 62,     0.768,
 3635, 1, 547.19, 547.19, 547.39, 0.199, 383, 547.39, 548.117, 0.727, 1798, 0, 548.117, 553.453, 5.336, 10673,     6.262,
 3671, 1, 552.621, 552.621, 552.631, 0.01, 15, 552.631, 553.588, 0.957, 2054, 0, 553.588, 553.598, 0.01, 3,     0.977,
 3672, 1, 553.322, 553.322, 553.347, 0.025, 39, 553.347, 554.061, 0.714, 1511, 0, 554.061, 554.079, 0.018, 35,     0.757,
 3673, 1, 553.347, 553.347, 553.476, 0.129, 259, 553.476, 554.199, 0.723, 1692, 0, 554.199, 554.224, 0.025, 50,     0.877,
 3674, 1, 553.374, 553.374, 553.633, 0.258, 314, 553.633, 554.368, 0.735, 1425, 0, 554.368, 554.378, 0.01, 15,     1.004,
 3675, 1, 553.402, 553.402, 553.647, 0.244, 23, 553.647, 554.397, 0.75, 1886, 0, 554.397, 554.503, 0.106, 222,     1.100,
 3676, 1, 553.495, 553.495, 553.683, 0.188, 72, 553.683, 554.449, 0.766, 1652, 0, 554.449, 554.55, 0.101, 203,     1.056,
 3678, 1, 553.561, 553.561, 553.736, 0.175, 12, 553.736, 554.597, 0.862, 1770, 0, 554.597, 554.691, 0.094, 188,     1.131,
 3679, 1, 553.621, 553.621, 553.772, 0.151, 73, 553.772, 554.646, 0.874, 1107, 0, 554.646, 554.756, 0.11, 220,     1.136,
 3677, 1, 553.542, 553.542, 553.721, 0.18, 78, 553.721, 554.617, 0.896, 1014, 0, 554.617, 554.906, 0.289, 578,     1.364,
 3680, 1, 554.26, 554.26, 554.27, 0.01, 6, 554.27, 554.995, 0.725, 1432, 0, 554.995, 555.045, 0.05, 100,     0.785,
 3681, 1, 554.365, 554.365, 554.84, 0.475, 968, 554.84, 555.555, 0.715, 1863, 0, 555.555, 555.565, 0.01, 15,     1.200,
 3682, 1, 554.38, 554.38, 554.958, 0.578, 233, 554.958, 555.672, 0.714, 2060, 0, 555.672, 555.682, 0.01, 19,     1.302,
 3683, 1, 554.958, 554.958, 555.451, 0.493, 949, 555.451, 556.177, 0.726, 1674, 0, 556.177, 556.187, 0.01, 6,     1.229,
 3684, 1, 555.178, 555.178, 555.465, 0.288, 4, 555.465, 556.195, 0.73, 2033, 0, 556.195, 556.237, 0.042, 102,     1.060,
 3685, 1, 555.267, 555.267, 555.533, 0.266, 136, 555.533, 556.286, 0.753, 1154, 0, 556.286, 556.513, 0.227, 455,     1.247,
 3686, 1, 555.92, 555.92, 556.588, 0.668, 1328, 556.588, 557.295, 0.706, 1423, 0, 557.295, 557.354, 0.059, 118,     1.433,
 3687, 1, 555.969, 555.969, 556.709, 0.74, 216, 556.709, 557.507, 0.798, 1430, 0, 557.507, 557.585, 0.078, 156,     1.616,
 3688, 1, 556.558, 556.558, 556.74, 0.182, 45, 556.74, 557.652, 0.912, 1297, 0, 557.652, 557.681, 0.029, 61,     1.123,
 3693, 1, 557.171, 557.171, 557.209, 0.038, 61, 557.209, 557.956, 0.747, 1121, 0, 557.956, 557.995, 0.039, 83,     0.823,
 3690, 1, 556.613, 556.613, 556.784, 0.171, 39, 556.784, 557.706, 0.922, 1524, 0, 557.706, 558.044, 0.337, 675,     1.430,
 3691, 1, 556.71, 556.71, 556.824, 0.114, 73, 556.824, 557.901, 1.077, 1915, 0, 557.901, 558.104, 0.203, 406,     1.394,
 3669, 1, 552.405, 552.405, 557.397, 4.992, 9987, 557.397, 558.15, 0.753, 1405, 0, 558.15, 558.192, 0.042, 78,     5.787,
 3689, 1, 556.578, 556.578, 556.764, 0.186, 37, 556.764, 557.756, 0.992, 1860, 0, 557.756, 558.287, 0.531, 1062,     1.709,
 3692, 1, 556.885, 556.885, 556.895, 0.01, 4, 556.895, 558.273, 1.379, 1531, 0, 558.273, 558.416, 0.142, 261,     1.531,
 3694, 1, 557.873, 557.873, 557.883, 0.01, 21, 557.883, 558.611, 0.728, 2104, 0, 558.611, 558.621, 0.01, 12,     0.748,
 3696, 1, 557.98, 557.98, 558, 0.02, 22, 558, 558.712, 0.712, 1258, 0, 558.712, 558.744, 0.032, 64,     0.764,
 3695, 1, 557.969, 557.969, 557.99, 0.02, 42, 557.99, 558.7, 0.711, 1401, 0, 558.7, 558.767, 0.066, 133,     0.797,
 3697, 1, 558.111, 558.111, 558.111, 0, 3, 558.111, 558.845, 0.734, 1050, 0, 558.845, 558.858, 0.013, 25,     0.747,
 3698, 1, 558.139, 558.139, 558.149, 0.009, 13, 558.149, 558.914, 0.765, 1365, 0, 558.914, 558.964, 0.05, 100,     0.824,
 3700, 1, 558.245, 558.245, 558.261, 0.016, 32, 558.261, 559.057, 0.796, 1169, 0, 559.057, 559.067, 0.01, 20,     0.822,
 3701, 1, 558.323, 558.323, 558.37, 0.048, 96, 558.37, 559.163, 0.793, 1811, 0, 559.163, 559.366, 0.203, 392,     1.043,
 3699, 1, 558.149, 558.149, 558.149, 0, 8, 558.149, 559.199, 1.051, 1465, 0, 559.199, 559.58, 0.381, 762,     1.432,
 3703, 1, 558.85, 558.85, 558.897, 0.047, 61, 558.897, 559.617, 0.72, 1750, 0, 559.617, 559.647, 0.03, 60,     0.798,
 3702, 1, 558.837, 558.837, 558.865, 0.028, 56, 558.865, 559.592, 0.727, 1961, 0, 559.592, 559.706, 0.114, 228,     0.869,
 3704, 1, 559.308, 559.308, 559.341, 0.033, 65, 559.341, 560.051, 0.71, 1567, 0, 560.051, 560.238, 0.187, 374,     0.929,
 3705, 1, 559.372, 559.372, 559.481, 0.109, 237, 559.481, 560.198, 0.716, 1251, 0, 560.198, 560.258, 0.06, 104,     0.886,
 3707, 1, 559.467, 559.467, 559.495, 0.028, 23, 559.495, 560.404, 0.909, 2127, 0, 560.404, 560.415, 0.011, 22,     0.948,
 3706, 1, 559.449, 559.449, 559.495, 0.046, 80, 559.495, 560.424, 0.929, 1750, 0, 560.424, 560.424, 0, 5,     0.975,
 3708, 1, 559.615, 559.615, 559.64, 0.025, 50, 559.64, 560.457, 0.817, 1815, 0, 560.457, 560.467, 0.01, 16,     0.852,
 3711, 1, 560.038, 560.038, 560.048, 0.01, 18, 560.048, 560.762, 0.714, 967, 0, 560.762, 560.798, 0.036, 72,     0.760,
 3710, 1, 559.785, 559.785, 560.153, 0.368, 720, 560.153, 560.868, 0.715, 1361, 0, 560.868, 560.878, 0.01, 19,     1.092,
 3712, 1, 560.121, 560.121, 560.153, 0.032, 56, 560.153, 560.969, 0.816, 1228, 0, 560.969, 561.006, 0.038, 75,     0.885,
 3713, 1, 560.395, 560.395, 560.405, 0.01, 19, 560.405, 561.117, 0.712, 1022, 0, 561.117, 561.127, 0.01, 5,     0.732,
 3709, 1, 559.719, 559.719, 559.729, 0.01, 14, 559.729, 560.673, 0.944, 1417, 0, 560.673, 561.166, 0.493, 987,     1.447,
 3714, 1, 560.447, 560.447, 560.593, 0.146, 293, 560.593, 561.326, 0.733, 1986, 0, 561.326, 561.364, 0.038, 77,     0.918,
 3715, 1, 560.477, 560.477, 560.486, 0.009, 17, 560.486, 561.377, 0.891, 1715, 0, 561.377, 561.387, 0.01, 8,     0.910,
 3716, 1, 560.529, 560.529, 560.647, 0.117, 249, 560.647, 561.468, 0.822, 1694, 0, 561.468, 561.686, 0.218, 426,     1.157,
 3717, 1, 561.469, 561.469, 561.493, 0.023, 47, 561.493, 562.198, 0.706, 1309, 0, 562.198, 562.24, 0.042, 59,     0.771,
 3718, 1, 561.493, 561.493, 561.515, 0.023, 59, 561.515, 562.39, 0.875, 1496, 0, 562.39, 562.439, 0.049, 98,     0.947,
 3720, 1, 561.714, 561.714, 561.734, 0.019, 52, 561.734, 562.448, 0.714, 1330, 0, 562.448, 562.458, 0.01, 3,     0.744,
 3719, 1, 561.598, 561.598, 561.608, 0.01, 20, 561.608, 562.448, 0.84, 1362, 0, 562.448, 562.78, 0.332, 682,     1.183,
 3725, 1, 562.177, 562.177, 562.187, 0.01, 8, 562.187, 562.888, 0.701, 1720, 0, 562.888, 562.898, 0.01, 2,     0.721,
 3724, 1, 562.05, 562.05, 562.06, 0.01, 16, 562.06, 562.991, 0.932, 1695, 0, 562.991, 563.05, 0.059, 127,     1.001,
 3723, 1, 561.92, 561.92, 561.93, 0.01, 2, 561.93, 563.148, 1.218, 1420, 0, 563.148, 563.168, 0.02, 41,     1.248,
 3726, 1, 562.255, 562.255, 562.373, 0.117, 235, 562.373, 563.137, 0.764, 1780, 0, 563.137, 563.231, 0.095, 189,     0.976,
 3722, 1, 561.901, 561.901, 561.901, 0, 6, 561.901, 562.648, 0.746, 1922, 0, 562.648, 563.335, 0.687, 1350,     1.434,
 3727, 1, 562.511, 562.511, 562.521, 0.01, 20, 562.521, 563.256, 0.736, 1316, 0, 563.256, 563.335, 0.079, 143,     0.825,
 3728, 1, 562.526, 562.526, 562.555, 0.028, 35, 562.555, 563.298, 0.744, 1340, 0, 563.298, 563.367, 0.069, 138,     0.841,
 3721, 1, 561.743, 561.743, 562.597, 0.854, 1724, 562.597, 563.448, 0.852, 1134, 0, 563.448, 563.472, 0.024, 66,     1.729,
 3731, 1, 562.864, 562.864, 562.907, 0.043, 67, 562.907, 563.647, 0.74, 1263, 0, 563.647, 563.686, 0.039, 79,     0.822,
 3730, 1, 562.731, 562.731, 562.832, 0.101, 185, 562.832, 563.548, 0.716, 1320, 0, 563.548, 563.761, 0.213, 433,     1.030,
 3729, 1, 562.718, 562.718, 562.818, 0.1, 165, 562.818, 563.775, 0.957, 2111, 0, 563.775, 563.821, 0.046, 101,     1.103,
 3732, 1, 563.185, 563.185, 563.237, 0.051, 103, 563.237, 563.968, 0.731, 1225, 0, 563.968, 564.04, 0.073, 146,     0.855,
 3733, 1, 563.416, 563.416, 563.483, 0.067, 116, 563.483, 564.197, 0.715, 1835, 0, 564.197, 564.222, 0.024, 49,     0.806,
 3734, 1, 563.454, 563.454, 563.483, 0.029, 51, 563.483, 564.197, 0.715, 1126, 0, 564.197, 564.246, 0.048, 97,     0.792,
 3735, 1, 563.457, 563.457, 563.65, 0.193, 335, 563.65, 564.366, 0.716, 2131, 0, 564.366, 564.376, 0.01, 11,     0.919,
 3736, 1, 563.571, 563.571, 563.829, 0.258, 516, 563.829, 564.55, 0.722, 1633, 0, 564.55, 564.56, 0.01, 5,     0.990,
 3737, 1, 563.897, 563.897, 563.956, 0.06, 103, 563.956, 564.685, 0.729, 1385, 0, 564.685, 564.695, 0.01, 1,     0.798,
 3738, 1, 563.924, 563.924, 563.956, 0.032, 35, 563.956, 564.805, 0.849, 1682, 0, 564.805, 564.958, 0.153, 306,     1.034,
 3741, 1, 564.332, 564.332, 564.381, 0.05, 81, 564.381, 565.147, 0.765, 1557, 0, 565.147, 565.16, 0.014, 43,     0.829,
 3740, 1, 564.299, 564.299, 564.341, 0.042, 73, 564.341, 565.196, 0.855, 1469, 0, 565.196, 565.228, 0.032, 64,     0.929,
 3743, 1, 564.818, 564.818, 564.837, 0.019, 46, 564.837, 565.549, 0.712, 1963, 0, 565.549, 565.635, 0.086, 171,     0.816,
 3739, 1, 564.223, 564.223, 564.977, 0.754, 1509, 564.977, 565.719, 0.742, 1525, 0, 565.719, 565.757, 0.038, 77,     1.535,
 3744, 1, 564.848, 564.848, 564.858, 0.01, 15, 564.858, 565.788, 0.931, 1288, 0, 565.788, 565.798, 0.01, 19,     0.951,
 3746, 1, 565.057, 565.057, 565.153, 0.096, 192, 565.153, 565.872, 0.719, 1830, 0, 565.872, 565.901, 0.029, 57,     0.844,
 3745, 1, 564.935, 564.935, 564.945, 0.01, 20, 564.945, 565.987, 1.043, 1406, 0, 565.987, 566.017, 0.03, 57,     1.083,
 3742, 1, 564.757, 564.757, 564.786, 0.03, 44, 564.786, 565.732, 0.946, 1602, 0, 565.732, 566.05, 0.318, 636,     1.293,
 3747, 1, 565.09, 565.09, 565.444, 0.354, 693, 565.444, 566.159, 0.714, 1648, 0, 566.159, 566.237, 0.078, 141,     1.147,
 3749, 1, 565.577, 565.577, 565.621, 0.044, 89, 565.621, 566.364, 0.743, 2021, 0, 566.364, 566.374, 0.01, 5,     0.797,
 3748, 1, 565.288, 565.288, 565.298, 0.01, 10, 565.298, 566.037, 0.739, 1497, 0, 566.037, 566.559, 0.521, 1043,     1.270,
 3751, 1, 565.965, 565.965, 566.005, 0.04, 48, 566.005, 566.714, 0.709, 1638, 0, 566.714, 566.724, 0.01, 7,     0.760,
 3752, 1, 566.005, 566.005, 566.015, 0.01, 5, 566.015, 566.724, 0.709, 1816, 0, 566.724, 566.734, 0.01, 11,     0.729,
 3753, 1, 566.018, 566.018, 566.025, 0.007, 10, 566.025, 566.744, 0.719, 1545, 0, 566.744, 566.762, 0.018, 35,     0.743,
 3750, 1, 565.823, 565.823, 566.025, 0.202, 392, 566.025, 566.775, 0.75, 1365, 0, 566.775, 566.785, 0.01, 1,     0.961,
 3754, 1, 566.068, 566.068, 566.078, 0.01, 16, 566.078, 566.97, 0.892, 1073, 0, 566.97, 566.98, 0.01, 8,     0.912,
 3756, 1, 566.342, 566.342, 566.357, 0.015, 31, 566.357, 567.078, 0.721, 1824, 0, 567.078, 567.141, 0.063, 126,     0.799,
 3758, 1, 566.414, 566.414, 566.503, 0.09, 158, 566.503, 567.223, 0.719, 909, 0, 567.223, 567.243, 0.02, 26,     0.829,
 3757, 1, 566.365, 566.365, 566.554, 0.189, 364, 566.554, 567.283, 0.729, 1937, 0, 567.283, 567.368, 0.086, 171,     1.003,
 3759, 1, 567.065, 567.065, 567.272, 0.207, 406, 567.272, 567.982, 0.71, 1010, 0, 567.982, 567.992, 0.01, 18,     0.927,
 3760, 1, 567.262, 567.262, 567.272, 0.01, 2, 567.272, 567.982, 0.71, 1674, 0, 567.982, 568.015, 0.033, 66,     0.753,
 3755, 1, 566.081, 566.081, 566.109, 0.029, 63, 566.109, 566.987, 0.878, 1775, 0, 566.987, 568.824, 1.837, 3689,     2.743,
 3761, 1, 567.994, 567.994, 568.118, 0.124, 254, 568.118, 568.897, 0.78, 1553, 0, 568.897, 568.907, 0.01, 15,     0.914,
 3763, 1, 568.165, 568.165, 568.175, 0.01, 5, 568.175, 568.897, 0.722, 1748, 0, 568.897, 568.907, 0.01, 12,     0.742,
 3762, 1, 568.035, 568.035, 568.045, 0.01, 7, 568.045, 569.147, 1.102, 1184, 0, 569.147, 569.157, 0.01, 1,     1.122,
 3765, 1, 568.313, 568.313, 568.363, 0.05, 72, 568.363, 569.109, 0.746, 1251, 0, 569.109, 569.175, 0.066, 132,     0.862,
 3767, 1, 568.645, 568.645, 568.707, 0.062, 124, 568.707, 569.493, 0.786, 1195, 0, 569.493, 569.508, 0.015, 34,     0.863,
 3766, 1, 568.633, 568.633, 568.741, 0.108, 177, 568.741, 569.565, 0.824, 1516, 0, 569.565, 569.575, 0.01, 18,     0.942,
 3768, 1, 569.043, 569.043, 569.043, 0, 1, 569.043, 569.764, 0.721, 1219, 0, 569.764, 569.794, 0.03, 41,     0.751,
 3770, 1, 569.136, 569.136, 569.204, 0.068, 118, 569.204, 569.921, 0.717, 1143, 0, 569.921, 569.999, 0.078, 156,     0.863,
 3769, 1, 569.112, 569.112, 569.122, 0.01, 27, 569.122, 569.846, 0.724, 1340, 0, 569.846, 570.127, 0.281, 563,     1.015,
 3772, 1, 569.566, 569.566, 569.597, 0.032, 63, 569.597, 570.315, 0.718, 1415, 0, 570.315, 570.358, 0.043, 86,     0.793,
 3773, 1, 569.615, 569.615, 569.615, 0, 5, 569.615, 570.326, 0.711, 1650, 0, 570.326, 570.378, 0.052, 76,     0.763,
 3771, 1, 569.553, 569.553, 569.743, 0.189, 357, 569.743, 570.572, 0.83, 1768, 0, 570.572, 570.582, 0.01, 19,     1.029,
 3774, 1, 570.221, 570.221, 570.25, 0.029, 59, 570.25, 570.963, 0.713, 1411, 0, 570.963, 570.973, 0.01, 13,     0.752,
 3776, 1, 570.409, 570.409, 570.419, 0.01, 16, 570.419, 571.177, 0.758, 1544, 0, 571.177, 571.199, 0.021, 50,     0.790,
 3775, 1, 570.263, 570.263, 570.368, 0.105, 210, 570.368, 571.081, 0.713, 1439, 0, 571.081, 571.366, 0.286, 570,     1.103,
 3777, 1, 570.624, 570.624, 570.64, 0.015, 31, 570.64, 571.356, 0.716, 1569, 0, 571.356, 571.366, 0.01, 3,     0.742,
 3764, 1, 568.227, 568.227, 568.556, 0.33, 660, 568.556, 569.274, 0.718, 1568, 0, 569.274, 571.486, 2.212, 4425,     3.260,
 3778, 1, 570.771, 570.771, 570.794, 0.023, 46, 570.794, 571.52, 0.727, 1127, 0, 571.52, 571.53, 0.01, 5,     0.760,
 3779, 1, 570.899, 570.899, 570.95, 0.051, 105, 570.95, 571.666, 0.716, 1444, 0, 571.666, 571.701, 0.034, 69,     0.802,
 3780, 1, 570.92, 570.92, 570.936, 0.016, 32, 570.936, 571.686, 0.75, 1195, 0, 571.686, 571.721, 0.034, 64,     0.800,
 3782, 1, 571.183, 571.183, 571.217, 0.034, 82, 571.217, 571.948, 0.731, 1257, 0, 571.948, 571.974, 0.026, 52,     0.790,
 3783, 1, 571.235, 571.235, 571.245, 0.01, 14, 571.245, 571.981, 0.736, 1643, 0, 571.981, 571.991, 0.01, 20,     0.756,
 3781, 1, 571.17, 571.17, 571.176, 0.006, 15, 571.176, 571.887, 0.711, 1084, 0, 571.887, 572.011, 0.124, 219,     0.841,
 3784, 1, 571.479, 571.479, 571.513, 0.034, 72, 571.513, 572.231, 0.717, 1081, 0, 572.231, 572.241, 0.01, 10,     0.761,
 3785, 1, 571.539, 571.539, 571.666, 0.127, 223, 571.666, 572.379, 0.713, 1294, 0, 572.379, 572.523, 0.144, 271,     0.984,
 3786, 1, 571.73, 571.73, 571.793, 0.063, 142, 571.793, 572.51, 0.717, 1839, 0, 572.51, 572.58, 0.07, 121,     0.850,
 3788, 1, 571.815, 571.815, 571.828, 0.013, 26, 571.828, 572.63, 0.802, 1626, 0, 572.63, 572.687, 0.057, 113,     0.872,
 3789, 1, 571.951, 571.951, 572.02, 0.069, 148, 572.02, 572.759, 0.74, 1236, 0, 572.759, 572.787, 0.028, 69,     0.837,
 3790, 1, 572.144, 572.144, 572.154, 0.01, 22, 572.154, 572.88, 0.727, 1359, 0, 572.88, 572.89, 0.01, 2,     0.747,
 3791, 1, 572.477, 572.477, 572.536, 0.059, 118, 572.536, 573.25, 0.714, 1241, 0, 573.25, 573.268, 0.018, 41,     0.791,
 3792, 1, 572.845, 572.845, 572.898, 0.053, 98, 572.898, 573.61, 0.712, 1921, 0, 573.61, 573.62, 0.01, 12,     0.775,
 3793, 1, 572.888, 572.888, 572.928, 0.04, 62, 572.928, 573.645, 0.717, 1530, 0, 573.645, 573.723, 0.078, 153,     0.835,
 3787, 1, 571.783, 571.783, 571.793, 0.01, 2, 571.793, 572.51, 0.717, 1666, 0, 572.51, 573.88, 1.37, 2741,     2.097,
 3794, 1, 572.904, 572.904, 572.958, 0.054, 111, 572.958, 573.865, 0.907, 1357, 0, 573.865, 573.9, 0.035, 55,     0.996,
 3796, 1, 573.375, 573.375, 573.497, 0.122, 239, 573.497, 574.218, 0.721, 1274, 0, 574.218, 574.246, 0.028, 56,     0.871,
 3799, 1, 573.604, 573.604, 573.614, 0.01, 2, 573.614, 574.326, 0.711, 1630, 0, 574.326, 574.353, 0.027, 56,     0.748,
 3795, 1, 572.986, 572.986, 573.178, 0.192, 377, 573.178, 573.957, 0.779, 1891, 0, 573.957, 574.385, 0.427, 855,     1.399,
 3797, 1, 573.487, 573.487, 573.517, 0.03, 47, 573.517, 574.258, 0.741, 1015, 0, 574.258, 574.405, 0.147, 266,     0.918,
 3798, 1, 573.598, 573.598, 573.896, 0.298, 611, 573.896, 574.61, 0.714, 1023, 0, 574.61, 574.652, 0.042, 84,     1.054,
 3800, 1, 573.96, 573.96, 574.275, 0.315, 636, 574.275, 574.992, 0.718, 1676, 0, 574.992, 575.002, 0.01, 10,     1.043,
 3801, 1, 574.307, 574.307, 574.727, 0.42, 844, 574.727, 575.491, 0.764, 1084, 0, 575.491, 575.501, 0.01, 12,     1.194,
 3803, 1, 574.467, 574.467, 574.815, 0.348, 688, 574.815, 575.638, 0.823, 1570, 0, 575.638, 575.648, 0.01, 11,     1.181,
 3804, 1, 574.605, 574.605, 574.741, 0.136, 20, 574.741, 575.69, 0.949, 1373, 0, 575.69, 575.714, 0.024, 49,     1.109,
 3807, 1, 574.981, 574.981, 574.991, 0.01, 18, 574.991, 575.741, 0.75, 1193, 0, 575.741, 575.751, 0.01, 2,     0.770,
 3802, 1, 574.431, 574.431, 574.467, 0.036, 61, 574.467, 575.242, 0.775, 1538, 0, 575.242, 575.761, 0.519, 1039,     1.330,
 3806, 1, 574.834, 574.834, 574.865, 0.031, 72, 574.865, 575.741, 0.876, 1514, 0, 575.741, 575.808, 0.067, 134,     0.974,
 3808, 1, 575.036, 575.036, 575.07, 0.034, 78, 575.07, 575.888, 0.818, 920, 0, 575.888, 575.932, 0.044, 89,     0.896,
 3809, 1, 575.123, 575.123, 575.133, 0.01, 11, 575.133, 575.991, 0.857, 1631, 0, 575.991, 576.104, 0.113, 227,     0.980,
 3805, 1, 574.732, 574.732, 575.011, 0.279, 530, 575.011, 576.198, 1.187, 1630, 0, 576.198, 576.238, 0.04, 80,     1.505,
 3810, 1, 575.19, 575.19, 575.355, 0.165, 340, 575.355, 576.084, 0.729, 1873, 0, 576.084, 576.348, 0.264, 528,     1.157,
 3812, 1, 575.486, 575.486, 575.567, 0.081, 163, 575.567, 576.291, 0.724, 1395, 0, 576.291, 576.396, 0.106, 212,     0.911,
 3814, 1, 575.658, 575.658, 575.668, 0.01, 3, 575.668, 576.38, 0.713, 1307, 0, 576.38, 576.416, 0.036, 57,     0.759,
 3815, 1, 575.708, 575.708, 575.77, 0.062, 101, 575.77, 576.54, 0.771, 1246, 0, 576.54, 576.562, 0.022, 44,     0.855,
 3811, 1, 575.45, 575.45, 575.461, 0.011, 25, 575.461, 576.697, 1.236, 2154, 0, 576.697, 576.748, 0.052, 103,     1.298,
 3816, 1, 575.884, 575.884, 576.04, 0.155, 310, 576.04, 576.75, 0.71, 1678, 0, 576.75, 576.75, 0, 3,     0.865,
 3813, 1, 575.571, 575.571, 575.718, 0.146, 302, 575.718, 576.943, 1.225, 1808, 0, 576.943, 576.953, 0.01, 18,     1.381,
 3819, 1, 576.383, 576.383, 576.393, 0.01, 11, 576.393, 577.132, 0.74, 1741, 0, 577.132, 577.157, 0.024, 49,     0.774,
 3818, 1, 576.03, 576.03, 576.344, 0.314, 609, 576.344, 577.06, 0.716, 1557, 0, 577.06, 577.193, 0.133, 267,     1.164,
 3817, 1, 575.968, 575.968, 576.05, 0.081, 152, 576.05, 577.205, 1.155, 1927, 0, 577.205, 577.48, 0.275, 551,     1.512,
 3821, 1, 577.072, 577.072, 577.082, 0.01, 4, 577.082, 577.811, 0.729, 1294, 0, 577.811, 577.842, 0.031, 62,     0.770,
 3820, 1, 577.028, 577.028, 577.279, 0.25, 501, 577.279, 578.008, 0.73, 1860, 0, 578.008, 578.06, 0.052, 103,     1.031,
 3822, 1, 577.088, 577.088, 577.413, 0.326, 637, 577.413, 578.194, 0.781, 1842, 0, 578.194, 578.206, 0.012, 24,     1.118,
 3824, 1, 577.518, 577.518, 577.538, 0.02, 41, 577.538, 578.341, 0.803, 1891, 0, 578.341, 578.379, 0.038, 76,     0.861,
 3823, 1, 577.38, 577.38, 577.399, 0.02, 40, 577.399, 578.276, 0.877, 1279, 0, 578.276, 578.462, 0.186, 372,     1.083,
 3825, 1, 577.767, 577.767, 577.831, 0.064, 128, 577.831, 578.564, 0.733, 1439, 0, 578.564, 578.62, 0.056, 112,     0.853,
 3827, 1, 578.064, 578.064, 578.064, 0, 2, 578.064, 578.794, 0.73, 2070, 0, 578.794, 578.804, 0.01, 6,     0.740,
 3826, 1, 577.995, 577.995, 578.056, 0.061, 122, 578.056, 578.824, 0.768, 1399, 0, 578.824, 578.841, 0.017, 34,     0.846,
 3829, 1, 578.199, 578.199, 578.277, 0.077, 146, 578.277, 579.197, 0.92, 1073, 0, 579.197, 579.207, 0.01, 1,     1.008,
 3831, 1, 578.561, 578.561, 578.907, 0.345, 708, 578.907, 579.632, 0.726, 1608, 0, 579.632, 579.642, 0.01, 10,     1.081,
 3830, 1, 578.453, 578.453, 578.953, 0.5, 978, 578.953, 579.67, 0.718, 1864, 0, 579.67, 579.68, 0.01, 1,     1.227,
 3832, 1, 578.749, 578.749, 578.987, 0.237, 135, 578.987, 579.823, 0.837, 1582, 0, 579.823, 579.887, 0.063, 124,     1.138,
 3833, 1, 579.204, 579.204, 579.214, 0.01, 21, 579.214, 579.926, 0.711, 1509, 0, 579.926, 579.936, 0.01, 20,     0.731,
 3835, 1, 579.384, 579.384, 579.435, 0.051, 115, 579.435, 580.147, 0.712, 1635, 0, 580.147, 580.157, 0.01, 2,     0.773,
 3836, 1, 579.439, 579.439, 579.439, 0, 4, 579.439, 580.18, 0.74, 1555, 0, 580.18, 580.19, 0.01, 11,     0.750,
 3828, 1, 578.152, 578.152, 578.174, 0.021, 62, 578.174, 579.592, 1.418, 904, 0, 579.592, 580.2, 0.607, 1214,     2.047,
 3834, 1, 579.376, 579.376, 579.411, 0.035, 35, 579.411, 580.229, 0.817, 1757, 0, 580.229, 580.245, 0.016, 33,     0.869,
 3837, 1, 579.538, 579.538, 579.548, 0.01, 9, 579.548, 580.478, 0.93, 1182, 0, 580.478, 580.515, 0.038, 75,     0.978,
 3840, 1, 580.075, 580.075, 580.091, 0.015, 31, 580.091, 580.817, 0.726, 1106, 0, 580.817, 580.827, 0.01, 9,     0.751,
 3838, 1, 579.597, 579.597, 579.607, 0.01, 5, 579.607, 580.397, 0.79, 1476, 0, 580.397, 580.905, 0.509, 1018,     1.309,
 3841, 1, 580.189, 580.189, 580.199, 0.01, 18, 580.199, 580.931, 0.732, 1375, 0, 580.931, 581.011, 0.081, 144,     0.822,
 3842, 1, 580.275, 580.275, 580.285, 0.01, 16, 580.285, 581.011, 0.726, 1276, 0, 581.011, 581.021, 0.01, 17,     0.746,
 3839, 1, 579.796, 579.796, 579.874, 0.078, 156, 579.874, 581.236, 1.361, 1510, 0, 581.236, 581.251, 0.015, 31,     1.455,
 3843, 1, 580.292, 580.292, 580.319, 0.027, 61, 580.319, 581.114, 0.795, 1560, 0, 581.114, 581.27, 0.156, 294,     0.978,
 3844, 1, 580.319, 580.319, 580.37, 0.051, 121, 580.37, 581.204, 0.834, 1442, 0, 581.204, 581.357, 0.153, 306,     1.038,
 3845, 1, 580.701, 580.701, 580.711, 0.01, 5, 580.711, 581.445, 0.733, 2009, 0, 581.445, 581.506, 0.062, 123,     0.805,
 3847, 1, 580.834, 580.834, 580.844, 0.01, 16, 580.844, 581.559, 0.715, 1345, 0, 581.559, 581.581, 0.022, 44,     0.747,
 3848, 1, 580.92, 580.92, 580.933, 0.013, 26, 580.933, 581.645, 0.712, 2299, 0, 581.645, 581.688, 0.043, 87,     0.768,
 3846, 1, 580.799, 580.799, 581.031, 0.232, 465, 581.031, 581.767, 0.735, 1254, 0, 581.767, 581.777, 0.01, 29,     0.978,
 3850, 1, 581.098, 581.098, 581.19, 0.092, 184, 581.19, 581.917, 0.727, 1583, 0, 581.917, 581.945, 0.028, 56,     0.847,
 3851, 1, 581.434, 581.434, 581.468, 0.034, 68, 581.468, 582.202, 0.734, 1027, 0, 582.202, 582.212, 0.01, 11,     0.778,
 3852, 1, 581.798, 581.798, 582.073, 0.274, 549, 582.073, 582.79, 0.717, 1765, 0, 582.79, 582.823, 0.034, 68,     1.025,
 3853, 1, 581.906, 581.906, 582.19, 0.284, 235, 582.19, 582.904, 0.714, 1341, 0, 582.904, 582.96, 0.056, 111,     1.054,
 3854, 1, 582.062, 582.062, 582.262, 0.199, 143, 582.262, 583.04, 0.778, 1141, 0, 583.04, 583.065, 0.025, 50,     1.002,
 3855, 1, 582.292, 582.292, 582.299, 0.007, 18, 582.299, 583.02, 0.721, 1518, 0, 583.02, 583.445, 0.426, 852,     1.154,
 3857, 1, 582.551, 582.551, 582.756, 0.205, 415, 582.756, 583.471, 0.715, 1224, 0, 583.471, 583.498, 0.027, 53,     0.947,
 3849, 1, 581.014, 581.014, 582.356, 1.343, 2686, 582.356, 583.105, 0.748, 1351, 0, 583.105, 583.639, 0.535, 1086,     2.626,
 3856, 1, 582.341, 582.341, 582.921, 0.58, 1124, 582.921, 583.726, 0.806, 1543, 0, 583.726, 583.736, 0.01, 10,     1.396,
 3859, 1, 582.898, 582.898, 582.921, 0.023, 36, 582.921, 583.831, 0.91, 1277, 0, 583.831, 583.831, 0, 13,     0.933,
 3858, 1, 582.854, 582.854, 582.864, 0.01, 17, 582.864, 583.582, 0.718, 1977, 0, 583.582, 583.895, 0.313, 626,     1.041,
 3861, 1, 583.212, 583.212, 583.25, 0.038, 50, 583.25, 583.982, 0.732, 1340, 0, 583.982, 583.993, 0.011, 35,     0.781,
 3862, 1, 583.976, 583.976, 584.08, 0.103, 198, 584.08, 584.797, 0.717, 1484, 0, 584.797, 584.807, 0.01, 7,     0.830,
 3864, 1, 584.066, 584.066, 584.09, 0.024, 8, 584.09, 584.993, 0.904, 1477, 0, 584.993, 585.006, 0.013, 25,     0.940,
 3865, 1, 584.191, 584.191, 584.269, 0.078, 156, 584.269, 585.049, 0.78, 1863, 0, 585.049, 585.147, 0.098, 192,     0.956,
 3866, 1, 584.204, 584.204, 584.372, 0.168, 170, 584.372, 585.306, 0.935, 530, 0, 585.306, 585.344, 0.038, 75,     1.140,
 3867, 1, 584.233, 584.233, 584.44, 0.207, 137, 584.44, 585.252, 0.813, 1554, 0, 585.252, 585.386, 0.134, 267,     1.153,
 3863, 1, 583.984, 583.984, 584.494, 0.51, 1033, 584.494, 585.306, 0.813, 1322, 0, 585.306, 585.406, 0.1, 187,     1.422,
 3869, 1, 584.396, 584.396, 584.675, 0.279, 337, 584.675, 585.407, 0.732, 1742, 0, 585.407, 585.407, 0, 1,     1.011,
 3860, 1, 583.123, 583.123, 583.168, 0.045, 65, 583.168, 583.895, 0.727, 1393, 0, 583.895, 585.481, 1.586, 3174,     2.357,
 3870, 1, 584.538, 584.538, 584.661, 0.123, 141, 584.661, 585.502, 0.841, 1383, 0, 585.502, 585.512, 0.01, 6,     0.974,
 3868, 1, 584.384, 584.384, 584.575, 0.191, 270, 584.575, 585.556, 0.981, 1567, 0, 585.556, 585.601, 0.045, 90,     1.217,
 3871, 1, 584.82, 584.82, 584.83, 0.01, 8, 584.83, 585.556, 0.726, 1468, 0, 585.556, 585.614, 0.058, 117,     0.795,
 3872, 1, 584.888, 584.888, 584.916, 0.028, 51, 584.916, 585.805, 0.889, 1709, 0, 585.805, 585.819, 0.014, 27,     0.931,
 3873, 1, 585.274, 585.274, 585.368, 0.094, 189, 585.368, 586.083, 0.715, 1441, 0, 586.083, 586.108, 0.025, 50,     0.834,
 3874, 1, 585.538, 585.538, 585.613, 0.075, 140, 585.613, 586.34, 0.727, 1302, 0, 586.34, 586.357, 0.017, 34,     0.819,
 3876, 1, 585.603, 585.603, 585.742, 0.139, 249, 585.742, 586.458, 0.716, 1110, 0, 586.458, 586.541, 0.083, 166,     0.938,
 3878, 1, 585.843, 585.843, 586.088, 0.245, 406, 586.088, 586.802, 0.713, 1743, 0, 586.802, 586.831, 0.029, 58,     0.988,
 3879, 1, 585.939, 585.939, 586.203, 0.264, 216, 586.203, 586.917, 0.714, 1391, 0, 586.917, 586.948, 0.031, 62,     1.009,
 3880, 1, 586.32, 586.32, 586.32, 0, 9, 586.32, 587.036, 0.716, 1445, 0, 587.036, 587.064, 0.029, 57,     0.745,
 3882, 1, 586.578, 586.578, 586.588, 0.01, 8, 586.588, 587.327, 0.739, 1043, 0, 587.327, 587.337, 0.01, 5,     0.759,
 3875, 1, 585.546, 585.546, 586.663, 1.117, 2249, 586.663, 587.4, 0.737, 1697, 0, 587.4, 587.41, 0.01, 11,     1.864,
 3881, 1, 586.462, 586.462, 586.487, 0.025, 39, 586.487, 587.207, 0.719, 1199, 0, 587.207, 587.42, 0.213, 424,     0.958,
 3883, 1, 586.846, 586.846, 586.952, 0.106, 213, 586.952, 587.683, 0.731, 1583, 0, 587.683, 587.683, 0, 10,     0.837,
 3884, 1, 586.957, 586.957, 586.966, 0.008, 26, 586.966, 587.683, 0.717, 1762, 0, 587.683, 587.693, 0.01, 12,     0.735,
 3877, 1, 585.79, 585.79, 585.885, 0.095, 191, 585.885, 586.694, 0.809, 1597, 0, 586.694, 587.854, 1.16, 2320,     2.064,
 3886, 1, 587.12, 587.12, 587.169, 0.049, 99, 587.169, 587.899, 0.73, 1392, 0, 587.899, 587.927, 0.028, 39,     0.807,
 3885, 1, 587.046, 587.046, 587.222, 0.176, 353, 587.222, 587.944, 0.722, 881, 0, 587.944, 587.954, 0.01, 19,     0.908,
 3887, 1, 587.429, 587.429, 587.482, 0.053, 83, 587.482, 588.193, 0.711, 1736, 0, 588.193, 588.203, 0.01, 2,     0.774,
 3888, 1, 587.482, 587.482, 587.528, 0.046, 74, 587.528, 588.261, 0.733, 1637, 0, 588.261, 588.279, 0.018, 35,     0.797,
 3889, 1, 587.506, 587.506, 587.574, 0.068, 137, 587.574, 588.442, 0.868, 1506, 0, 588.442, 588.442, 0, 8,     0.936,
 3892, 1, 587.704, 587.704, 587.771, 0.067, 119, 587.771, 588.49, 0.719, 1798, 0, 588.49, 588.541, 0.051, 102,     0.837,
 3891, 1, 587.574, 587.574, 587.658, 0.084, 158, 587.658, 588.511, 0.853, 1593, 0, 588.511, 588.811, 0.301, 598,     1.237,
 3894, 1, 588.211, 588.211, 588.211, 0, 16, 588.211, 588.927, 0.716, 1219, 0, 588.927, 588.937, 0.01, 36,     0.726,
 3890, 1, 587.518, 587.518, 587.542, 0.024, 10, 587.542, 588.261, 0.719, 2266, 0, 588.261, 588.997, 0.736, 1449,     1.480,
 3893, 1, 588.02, 588.02, 588.299, 0.279, 550, 588.299, 589.133, 0.834, 990, 0, 589.133, 589.159, 0.026, 52,     1.138,
 3896, 1, 588.53, 588.53, 588.538, 0.008, 6, 588.538, 589.252, 0.714, 2046, 0, 589.252, 589.325, 0.073, 147,     0.795,
 3895, 1, 588.387, 588.387, 588.393, 0.006, 20, 588.393, 589.178, 0.785, 1460, 0, 589.178, 589.349, 0.171, 359,     0.963,
 3897, 1, 588.538, 588.538, 588.57, 0.032, 66, 588.57, 589.388, 0.817, 1210, 0, 589.388, 589.398, 0.01, 15,     0.860,
 3898, 1, 588.732, 588.732, 588.742, 0.01, 18, 588.742, 589.467, 0.725, 1622, 0, 589.467, 589.494, 0.027, 54,     0.762,
 3899, 1, 588.795, 588.795, 588.822, 0.026, 32, 588.822, 589.538, 0.716, 1466, 0, 589.538, 589.578, 0.04, 80,     0.782,
 3900, 1, 588.919, 588.919, 588.986, 0.067, 102, 588.986, 589.703, 0.717, 1897, 0, 589.703, 590, 0.297, 594,     1.081,
 3901, 1, 589.147, 589.147, 589.27, 0.123, 209, 589.27, 589.986, 0.716, 1885, 0, 589.986, 590.04, 0.053, 80,     0.892,
 3903, 1, 589.244, 589.244, 589.27, 0.026, 62, 589.27, 590.154, 0.884, 1064, 0, 590.154, 590.216, 0.062, 125,     0.972,
 3902, 1, 589.226, 589.226, 589.236, 0.01, 4, 589.236, 589.952, 0.716, 1318, 0, 589.952, 590.236, 0.284, 530,     1.010,
 3904, 1, 589.34, 589.34, 589.386, 0.046, 60, 589.386, 590.202, 0.816, 1542, 0, 590.202, 590.413, 0.212, 424,     1.074,
 3906, 1, 589.82, 589.82, 589.83, 0.01, 22, 589.83, 590.567, 0.737, 1964, 0, 590.567, 590.577, 0.01, 21,     0.757,
 3905, 1, 589.801, 589.801, 589.818, 0.017, 34, 589.818, 590.547, 0.729, 1450, 0, 590.547, 590.637, 0.09, 181,     0.836,
 3907, 1, 590.579, 590.579, 590.589, 0.01, 15, 590.589, 591.303, 0.713, 1692, 0, 591.303, 591.313, 0.01, 3,     0.733,
 3909, 1, 590.823, 590.823, 591.32, 0.497, 994, 591.32, 592.051, 0.73, 1451, 0, 592.051, 592.125, 0.074, 149,     1.301,
 3910, 1, 590.929, 590.929, 591.545, 0.616, 451, 591.545, 592.473, 0.928, 1507, 0, 592.473, 592.513, 0.04, 80,     1.584,
 3911, 1, 591, 591, 591.786, 0.786, 481, 591.786, 592.503, 0.718, 1603, 0, 592.503, 592.533, 0.03, 51,     1.533,
 3908, 1, 590.794, 590.794, 592.084, 1.29, 2594, 592.084, 592.796, 0.712, 1513, 0, 592.796, 592.807, 0.011, 22,     2.013,
 3914, 1, 591.532, 591.532, 592.084, 0.552, 126, 592.084, 592.796, 0.712, 1207, 0, 592.796, 592.827, 0.031, 47,     1.295,
 3913, 1, 591.41, 591.41, 592.013, 0.603, 30, 592.013, 592.732, 0.719, 1320, 0, 592.732, 592.971, 0.238, 477,     1.561,
 3916, 1, 591.718, 591.718, 592.104, 0.386, 4, 592.104, 592.982, 0.878, 1669, 0, 592.982, 593.045, 0.063, 126,     1.327,
 3917, 1, 591.739, 591.739, 592.124, 0.385, 36, 592.124, 593.055, 0.93, 1514, 0, 593.055, 593.123, 0.068, 155,     1.383,
 3915, 1, 591.644, 591.644, 592.094, 0.451, 10, 592.094, 592.957, 0.863, 1476, 0, 592.957, 593.155, 0.198, 396,     1.511,
 3918, 1, 591.951, 591.951, 592.164, 0.213, 86, 592.164, 593.211, 1.047, 1439, 0, 593.211, 593.314, 0.102, 205,     1.363,
 3920, 1, 592.581, 592.581, 592.591, 0.01, 20, 592.591, 593.316, 0.725, 1632, 0, 593.316, 593.447, 0.13, 266,     0.866,
 3919, 1, 592.074, 592.074, 592.144, 0.07, 33, 592.144, 593.413, 1.269, 1752, 0, 593.413, 593.45, 0.037, 72,     1.376,
 3912, 1, 591.11, 591.11, 591.987, 0.877, 366, 591.987, 592.702, 0.715, 2026, 0, 592.702, 593.526, 0.824, 1649,     2.417,
 3922, 1, 592.758, 592.758, 592.8, 0.041, 83, 592.8, 593.569, 0.77, 1485, 0, 593.569, 593.586, 0.016, 33,     0.828,
 3924, 1, 592.997, 592.997, 593.103, 0.106, 228, 593.103, 593.819, 0.716, 868, 0, 593.819, 593.829, 0.01, 12,     0.832,
 3923, 1, 592.892, 592.892, 592.903, 0.011, 22, 592.903, 593.731, 0.828, 1493, 0, 593.731, 594.016, 0.285, 562,     1.124,
 3926, 1, 593.249, 593.249, 593.269, 0.02, 28, 593.269, 594.018, 0.749, 1705, 0, 594.018, 594.055, 0.037, 79,     0.806,
 3927, 1, 593.333, 593.333, 593.343, 0.01, 27, 593.343, 594.268, 0.925, 1770, 0, 594.268, 594.302, 0.034, 29,     0.969,
 3925, 1, 593.218, 593.218, 593.279, 0.061, 129, 593.279, 594.214, 0.935, 1442, 0, 594.214, 594.328, 0.114, 222,     1.110,
 3928, 1, 593.48, 593.48, 593.48, 0, 16, 593.48, 594.318, 0.838, 1026, 0, 594.318, 594.349, 0.031, 63,     0.869,
 3930, 1, 593.634, 593.634, 593.722, 0.088, 169, 593.722, 594.643, 0.921, 1658, 0, 594.643, 594.653, 0.01, 16,     1.019,
 3931, 1, 593.942, 593.942, 593.993, 0.051, 89, 593.993, 594.71, 0.717, 1454, 0, 594.71, 594.734, 0.024, 48,     0.792,
 3921, 1, 592.719, 592.719, 592.768, 0.049, 97, 592.768, 593.48, 0.712, 2061, 0, 593.48, 594.751, 1.271, 2543,     2.032,
 3932, 1, 594.06, 594.06, 594.077, 0.017, 34, 594.077, 594.959, 0.882, 1316, 0, 594.959, 594.974, 0.014, 29,     0.914,
 3929, 1, 593.605, 593.605, 593.67, 0.065, 113, 593.67, 594.959, 1.289, 1682, 0, 594.959, 594.989, 0.03, 60,     1.384,
 3933, 1, 594.434, 594.434, 594.445, 0.011, 38, 594.445, 595.209, 0.764, 1526, 0, 595.209, 595.225, 0.016, 41,     0.792,
 3935, 1, 594.683, 594.683, 594.683, 0, 17, 594.683, 595.399, 0.716, 1944, 0, 595.399, 595.535, 0.135, 252,     0.851,
 3934, 1, 594.604, 594.604, 594.639, 0.036, 72, 594.639, 595.525, 0.885, 1340, 0, 595.525, 595.535, 0.01, 18,     0.931,
 3936, 1, 594.832, 594.832, 594.842, 0.01, 1, 594.842, 595.555, 0.712, 1778, 0, 595.555, 595.571, 0.016, 33,     0.739,
 3937, 1, 594.884, 594.884, 594.955, 0.071, 143, 594.955, 595.874, 0.919, 1952, 0, 595.874, 595.899, 0.025, 50,     1.015,
 3938, 1, 595.166, 595.166, 595.176, 0.01, 17, 595.176, 596.003, 0.827, 888, 0, 596.003, 596.076, 0.072, 145,     0.910,
 3939, 1, 595.337, 595.337, 595.337, 0, 9, 595.337, 596.055, 0.719, 1034, 0, 596.055, 596.096, 0.04, 65,     0.759,
 3941, 1, 595.541, 595.541, 595.565, 0.024, 57, 595.565, 596.283, 0.718, 1859, 0, 596.283, 596.368, 0.085, 164,     0.827,
 3940, 1, 595.523, 595.523, 595.63, 0.107, 234, 595.63, 596.358, 0.728, 1452, 0, 596.358, 596.413, 0.055, 114,     0.891,
 3944, 1, 595.869, 595.869, 595.879, 0.01, 9, 595.879, 596.605, 0.726, 1180, 0, 596.605, 596.646, 0.041, 71,     0.777,
 3943, 1, 595.801, 595.801, 595.855, 0.054, 104, 595.855, 596.625, 0.77, 1500, 0, 596.625, 596.668, 0.043, 86,     0.867,
 3942, 1, 595.68, 595.68, 595.971, 0.292, 548, 595.971, 596.782, 0.811, 2405, 0, 596.782, 596.812, 0.029, 59,     1.132,
 3945, 1, 595.919, 595.919, 596.103, 0.184, 359, 596.103, 596.838, 0.735, 1516, 0, 596.838, 596.858, 0.02, 41,     0.939,
 3946, 1, 596.142, 596.142, 596.17, 0.028, 63, 596.17, 596.897, 0.727, 1436, 0, 596.897, 597.005, 0.107, 215,     0.862,
 3947, 1, 596.45, 596.45, 596.583, 0.133, 265, 596.583, 597.297, 0.714, 1303, 0, 597.297, 597.307, 0.01, 8,     0.857,
 3948, 1, 596.587, 596.587, 596.642, 0.055, 120, 596.642, 597.376, 0.734, 2010, 0, 597.376, 597.406, 0.03, 60,     0.819,
 3949, 1, 596.678, 596.678, 596.708, 0.03, 60, 596.708, 597.44, 0.732, 1507, 0, 597.44, 597.45, 0.01, 15,     0.772,
 3950, 1, 596.926, 596.926, 596.953, 0.028, 38, 596.953, 597.669, 0.716, 1400, 0, 597.669, 597.692, 0.023, 45,     0.766,
 3953, 1, 597.933, 597.933, 597.943, 0.01, 10, 597.943, 598.656, 0.713, 2132, 0, 598.656, 598.687, 0.03, 61,     0.754,
 3956, 1, 598.195, 598.195, 598.195, 0, 3, 598.195, 598.905, 0.711, 1728, 0, 598.905, 598.915, 0.01, 14,     0.721,
 3955, 1, 598.166, 598.166, 598.204, 0.038, 60, 598.204, 599.031, 0.827, 1413, 0, 599.031, 599.071, 0.04, 80,     0.905,
 3958, 1, 598.291, 598.291, 598.307, 0.016, 45, 598.307, 599.073, 0.766, 1447, 0, 599.073, 599.093, 0.02, 44,     0.803,
 3954, 1, 598.051, 598.051, 598.099, 0.048, 95, 598.099, 598.823, 0.724, 1387, 0, 598.823, 599.224, 0.4, 801,     1.172,
 3960, 1, 598.493, 598.493, 598.503, 0.01, 12, 598.503, 599.423, 0.92, 1728, 0, 599.423, 599.528, 0.105, 210,     1.035,
 3957, 1, 598.274, 598.274, 598.321, 0.048, 71, 598.321, 599.405, 1.084, 1596, 0, 599.405, 599.683, 0.278, 557,     1.409,
 3962, 1, 599.034, 599.034, 599.044, 0.01, 13, 599.044, 599.76, 0.716, 1843, 0, 599.76, 599.77, 0.01, 20,     0.736,
 3952, 1, 597.238, 597.238, 597.27, 0.032, 56, 597.27, 597.985, 0.715, 1460, 0, 597.985, 599.864, 1.879, 3759,     2.626,
 3959, 1, 598.461, 598.461, 598.471, 0.01, 5, 598.471, 599.643, 1.172, 1080, 0, 599.643, 599.898, 0.255, 510,     1.437,
 3963, 1, 599.112, 599.112, 599.178, 0.066, 132, 599.178, 599.901, 0.723, 1760, 0, 599.901, 599.911, 0.01, 8,     0.799,
 3961, 1, 598.499, 598.499, 599.742, 1.244, 2466, 599.742, 600.457, 0.714, 1593, 0, 600.457, 600.468, 0.011, 23,     1.970,
 3964, 1, 599.637, 599.637, 599.756, 0.12, 238, 599.756, 600.501, 0.745, 925, 0, 600.501, 600.514, 0.013, 26,     0.878,
 3965, 1, 599.821, 599.821, 599.878, 0.057, 114, 599.878, 600.834, 0.955, 1304, 0, 600.834, 600.844, 0.01, 5,     1.022,
 3966, 1, 600.196, 600.196, 600.228, 0.032, 64, 600.228, 601.093, 0.865, 1452, 0, 601.093, 601.103, 0.01, 18,     0.907,
 3967, 1, 600.496, 600.496, 600.521, 0.025, 50, 600.521, 601.234, 0.713, 1237, 0, 601.234, 601.244, 0.01, 15,     0.748,
 3969, 1, 600.537, 600.537, 600.546, 0.009, 18, 600.546, 601.264, 0.718, 1735, 0, 601.264, 601.388, 0.124, 248,     0.851,
 3968, 1, 600.522, 600.522, 600.532, 0.01, 20, 600.532, 601.342, 0.81, 1525, 0, 601.342, 601.426, 0.084, 174,     0.904,
 3970, 1, 600.626, 600.626, 600.762, 0.136, 257, 600.762, 601.484, 0.722, 1617, 0, 601.484, 601.523, 0.039, 59,     0.897,
 3971, 1, 600.959, 600.959, 601.142, 0.183, 344, 601.142, 601.859, 0.717, 1341, 0, 601.859, 602.024, 0.165, 331,     1.065,
 3951, 1, 597.019, 597.019, 597.303, 0.283, 580, 597.303, 598.019, 0.717, 1903, 0, 598.019, 603.873, 5.854, 11709,     6.854,
#======================================
#Number of workloads:3913
#Timeout workloads:59
#Timeout workloads per cent:0
#Over workloads:0
#Over workloads per cent:0
#Number of Cloudlets:7826
#Over Cloudlets:0
#Over Cloudlets per cent:0
#Number of transmissions:3913
#Over transmissions:3913
#Over transmissions per cent:1
#======================================
#Total serve time:6529.020199999796
#CPU serve time:2141.568499999914
#Network serve time:4387.451699999899
#Average total serve time:1.6685459238435463
#Average CPU serve time per workload:0.5472958088422984
#Average network serve time per workload:1.121250115001252
#Average CPU serve time per Cloudlet:0.2736479044211492
#Average network serve time per transmission:1.121250115001252
