Workload_ID,    App_ID,SubmitTime,Pr:StartTime,Pr:EndTime,Pr:CPUTime,   Pr:Size,Tr:StartTime,Tr:EndTime,Tr:NetworkTime,   Tr:Size,Tr:Channel,Pr:StartTime,Pr:EndTime,Pr:CPUTime,   Pr:Size,ResponseTime,
 0, 0, 0.294, 0.294, 0.304, 0.01, 20, 0.304, 1.615, 1.31, 1597, 2, 1.615, 1.638, 0.024, 47,     1.344,
 1, 0, 0.377, 0.377, 0.403, 0.026, 51, 0.403, 1.865, 1.462, 1421, 2, 1.865, 1.892, 0.027, 54,     1.515,
 2, 0, 0.482, 0.482, 0.492, 0.01, 10, 0.492, 2.115, 1.623, 1745, 2, 2.115, 2.17, 0.055, 111,     1.688,
 3, 0, 0.565, 0.565, 0.575, 0.01, 5, 0.575, 2.382, 1.808, 1740, 2, 2.382, 2.392, 0.01, 1,     1.828,
 4, 0, 0.908, 0.908, 0.921, 0.012, 25, 0.921, 3.39, 2.47, 1600, 2, 3.39, 3.476, 0.086, 172,     2.568,
 5, 0, 1.992, 1.992, 2.002, 0.01, 15, 2.002, 5.401, 3.399, 1583, 2, 5.401, 5.413, 0.013, 25,     3.421,
 7, 0, 2.09, 2.09, 2.108, 0.018, 36, 2.108, 5.657, 3.549, 1709, 2, 5.657, 5.667, 0.01, 5,     3.577,
 6, 0, 2.032, 2.032, 2.171, 0.139, 278, 2.171, 6.157, 3.985, 1563, 2, 6.157, 6.167, 0.01, 12,     4.134,
 8, 0, 2.169, 2.169, 2.191, 0.022, 43, 2.191, 6.406, 4.215, 1696, 2, 6.406, 6.474, 0.069, 137,     4.306,
 9, 0, 2.204, 2.204, 2.218, 0.014, 35, 2.218, 6.657, 4.439, 1728, 2, 6.657, 6.672, 0.015, 30,     4.468,
 10, 0, 2.558, 2.558, 2.558, 0, 10, 2.558, 7.418, 4.86, 1238, 2, 7.418, 7.428, 0.01, 3,     4.870,
 11, 0, 2.732, 2.732, 2.826, 0.094, 189, 2.826, 7.92, 5.094, 2033, 2, 7.92, 7.937, 0.016, 33,     5.205,
 12, 0, 2.743, 2.743, 2.951, 0.209, 394, 2.951, 8.181, 5.23, 1689, 2, 8.181, 8.254, 0.072, 145,     5.511,
 14, 0, 3.129, 3.129, 3.187, 0.058, 116, 3.187, 9.438, 6.251, 1687, 2, 9.438, 9.702, 0.264, 526,     6.573,
 15, 0, 3.287, 3.287, 3.722, 0.436, 872, 3.722, 10.44, 6.718, 1857, 2, 10.44, 10.463, 0.023, 46,     7.177,
 16, 0, 3.323, 3.323, 3.75, 0.427, 37, 3.75, 10.7, 6.95, 1117, 2, 10.7, 10.758, 0.058, 116,     7.435,
 17, 0, 3.345, 3.345, 3.774, 0.429, 36, 3.774, 10.955, 7.181, 1238, 2, 10.955, 11.063, 0.108, 216,     7.718,
 18, 0, 3.433, 3.433, 3.784, 0.351, 19, 3.784, 11.222, 7.438, 1583, 2, 11.222, 11.232, 0.01, 14,     7.799,
 20, 0, 3.75, 3.75, 3.855, 0.105, 62, 3.855, 11.979, 8.124, 1664, 2, 11.979, 12.045, 0.066, 131,     8.295,
 19, 0, 3.651, 3.651, 3.824, 0.172, 74, 3.824, 11.729, 7.905, 1375, 2, 11.729, 12.102, 0.373, 746,     8.451,
 13, 0, 2.797, 2.797, 4.092, 1.294, 2497, 4.092, 13.235, 9.143, 1051, 2, 13.235, 13.266, 0.031, 63,    10.469,
 22, 0, 4.491, 4.491, 4.537, 0.047, 66, 4.537, 14.263, 9.726, 1416, 2, 14.263, 14.281, 0.018, 35,     9.790,
 21, 0, 4.351, 4.351, 4.362, 0.011, 22, 4.362, 13.764, 9.402, 1250, 2, 13.764, 15.017, 1.253, 2506,    10.665,
 23, 0, 4.692, 4.692, 5, 0.308, 629, 5, 15.28, 10.28, 1527, 2, 15.28, 15.294, 0.014, 28,    10.602,
 26, 0, 4.891, 4.891, 5.048, 0.157, 44, 5.048, 15.793, 10.745, 1351, 2, 15.793, 15.899, 0.105, 218,    11.008,
 91, 0, 15.072, 15.072, 15.109, 0.037, 75, 15.109, 15.861, 0.752, 1221, 2, 15.861, 15.985, 0.124, 248,     0.913,
 27, 0, 4.97, 4.97, 5.062, 0.092, 19, 5.062, 16.055, 10.993, 1470, 2, 16.055, 16.07, 0.015, 31,    11.100,
 92, 0, 15.196, 15.196, 15.229, 0.033, 53, 15.229, 16.111, 0.882, 1185, 2, 16.111, 16.121, 0.01, 1,     0.925,
 93, 0, 15.229, 15.229, 15.432, 0.203, 406, 15.432, 16.362, 0.93, 1667, 2, 16.362, 16.521, 0.159, 318,     1.292,
 94, 0, 15.355, 15.355, 15.78, 0.425, 696, 15.78, 16.871, 1.091, 1097, 2, 16.871, 16.891, 0.02, 40,     1.536,
 24, 0, 4.769, 4.769, 5.372, 0.603, 1172, 5.372, 16.81, 11.437, 1940, 2, 16.81, 16.911, 0.101, 178,    12.141,
 95, 0, 15.927, 15.927, 16.049, 0.122, 239, 16.049, 17.12, 1.071, 1131, 2, 17.12, 17.13, 0.01, 8,     1.203,
 37, 0, 7.165, 7.165, 7.303, 0.138, 274, 7.303, 17.322, 10.019, 1326, 2,TimeOut
 38, 0, 7.38, 7.38, 7.406, 0.026, 68, 7.406, 17.488, 10.082, 1920, 2,TimeOut
 96, 0, 16.074, 16.074, 16.121, 0.047, 104, 16.121, 17.378, 1.257, 1957, 2, 17.378, 17.557, 0.178, 357,     1.483,
 39, 0, 7.478, 7.478, 7.547, 0.069, 138, 7.547, 17.562, 10.015, 1596, 2,TimeOut
 28, 0, 5.676, 5.676, 5.694, 0.018, 56, 5.694, 17.563, 11.869, 1754, 2, 17.563, 17.608, 0.044, 102,    11.932,
 40, 0, 7.683, 7.683, 7.707, 0.024, 44, 7.707, 17.748, 10.041, 1802, 2,TimeOut
 29, 0, 5.755, 5.755, 5.765, 0.01, 12, 5.765, 17.815, 12.05, 1187, 2, 17.815, 17.825, 0.01, 13,    12.070,
 41, 0, 7.856, 7.856, 7.866, 0.01, 10, 7.866, 17.885, 10.019, 1342, 2,TimeOut
 42, 0, 7.92, 7.92, 7.96, 0.04, 52, 7.96, 17.979, 10.019, 1463, 2,TimeOut
 44, 0, 8.152, 8.152, 8.179, 0.027, 59, 8.179, 18.194, 10.015, 1627, 2,TimeOut
 25, 0, 4.808, 4.808, 5.014, 0.206, 1, 5.014, 15.536, 10.522, 2140, 2, 15.536, 18.252, 2.716, 5433,    13.444,
 43, 0, 8.073, 8.073, 8.21, 0.137, 274, 8.21, 18.286, 10.076, 1429, 2,TimeOut
 45, 0, 8.214, 8.214, 8.304, 0.089, 189, 8.304, 18.323, 10.019, 1661, 2,TimeOut
 30, 0, 5.871, 5.871, 5.881, 0.01, 7, 5.881, 18.314, 12.434, 1948, 2, 18.314, 18.326, 0.012, 23,    12.455,
 99, 0, 16.434, 16.434, 16.599, 0.165, 4, 16.599, 18.376, 1.777, 1311, 2, 18.376, 18.553, 0.177, 354,     2.118,
 46, 0, 8.405, 8.405, 8.428, 0.024, 47, 8.428, 18.572, 10.144, 1921, 2,TimeOut
 101, 0, 16.63, 16.63, 16.711, 0.082, 136, 16.711, 18.633, 1.922, 1155, 2, 18.633, 18.643, 0.01, 5,     2.014,
 31, 0, 5.883, 5.883, 5.936, 0.052, 72, 5.936, 18.564, 12.628, 1840, 2, 18.564, 18.728, 0.164, 328,    12.845,
 47, 0, 8.814, 8.814, 8.831, 0.018, 35, 8.831, 18.853, 10.022, 1692, 2,TimeOut
 48, 0, 8.841, 8.841, 8.845, 0.004, 22, 8.845, 18.867, 10.022, 1709, 2,TimeOut
 50, 0, 9.441, 9.441, 9.451, 0.01, 10, 9.451, 19.491, 10.04, 1313, 2,TimeOut
 52, 0, 9.534, 9.534, 9.556, 0.022, 44, 9.556, 19.571, 10.015, 1846, 2,TimeOut
 51, 0, 9.512, 9.512, 9.568, 0.055, 94, 9.568, 19.584, 10.016, 1699, 2,TimeOut
 97, 0, 16.269, 16.269, 16.427, 0.158, 316, 16.427, 18.126, 1.7, 1350, 2, 18.126, 19.809, 1.682, 3365,     3.540,
 54, 0, 9.969, 9.969, 9.979, 0.01, 12, 9.979, 19.994, 10.015, 1212, 2,TimeOut
 53, 0, 9.895, 9.895, 10.082, 0.187, 345, 10.082, 20.106, 10.024, 1629, 2,TimeOut
 55, 0, 10.083, 10.083, 10.108, 0.025, 40, 10.108, 20.173, 10.064, 1665, 2,TimeOut
 56, 0, 10.098, 10.098, 10.142, 0.044, 85, 10.142, 20.173, 10.03, 1504, 2,TimeOut
 57, 0, 10.212, 10.212, 10.223, 0.011, 23, 10.223, 20.257, 10.034, 1633, 2,TimeOut
 58, 0, 10.233, 10.233, 10.281, 0.048, 85, 10.281, 20.345, 10.064, 1595, 2,TimeOut
 59, 0, 10.334, 10.334, 10.344, 0.01, 7, 10.344, 20.365, 10.021, 1181, 2,TimeOut
 104, 0, 16.803, 16.803, 18.905, 2.101, 229, 18.905, 20.414, 1.509, 1137, 2, 20.414, 20.433, 0.019, 38,     3.629,
 103, 0, 16.693, 16.693, 18.773, 2.08, 4101, 18.773, 20.164, 1.391, 1468, 2, 20.164, 20.51, 0.345, 691,     3.816,
 105, 0, 17.137, 17.137, 18.998, 1.861, 176, 18.998, 20.663, 1.665, 1275, 2, 20.663, 20.673, 0.01, 1,     3.536,
 60, 0, 10.644, 10.644, 10.7, 0.056, 88, 10.7, 20.716, 10.016, 1667, 2,TimeOut
 33, 0, 6.543, 6.543, 6.601, 0.058, 118, 6.601, 20.586, 13.985, 1866, 2, 20.586, 20.744, 0.158, 316,    14.201,
 34, 0, 6.659, 6.659, 6.81, 0.151, 303, 6.81, 20.845, 14.035, 1484, 2, 20.845, 20.864, 0.019, 38,    14.206,
 32, 0, 6.518, 6.518, 6.528, 0.01, 13, 6.528, 20.337, 13.808, 1570, 2, 20.337, 20.97, 0.633, 1267,    14.452,
 107, 0, 17.387, 17.387, 19.067, 1.68, 37, 19.067, 20.925, 1.858, 1835, 2, 20.925, 20.981, 0.056, 104,     3.594,
 123, 0, 20.034, 20.034, 20.072, 0.038, 11, 20.072, 20.971, 0.9, 1527, 2, 20.971, 20.981, 0.01, 17,     0.948,
 61, 0, 10.99, 10.99, 11, 0.01, 20, 11, 21.074, 10.074, 1367, 2,TimeOut
 63, 0, 11.201, 11.201, 11.209, 0.008, 23, 11.209, 21.232, 10.022, 1208, 2,TimeOut
 62, 0, 11.141, 11.141, 11.303, 0.162, 324, 11.303, 21.321, 10.018, 1802, 2,TimeOut
 65, 0, 11.318, 11.318, 11.328, 0.01, 22, 11.328, 21.348, 10.02, 1637, 2,TimeOut
 64, 0, 11.236, 11.236, 11.335, 0.099, 187, 11.335, 21.348, 10.013, 1799, 2,TimeOut
 36, 0, 7.106, 7.106, 7.118, 0.011, 23, 7.118, 21.35, 14.232, 1144, 2, 21.35, 21.367, 0.017, 35,    14.261,
 66, 0, 11.335, 11.335, 11.508, 0.173, 343, 11.508, 21.525, 10.017, 1366, 2,TimeOut
 35, 0, 7.092, 7.092, 7.152, 0.06, 91, 7.152, 21.609, 14.457, 1916, 2, 21.609, 21.629, 0.02, 39,    14.536,
 125, 0, 20.704, 20.704, 20.716, 0.012, 25, 20.716, 21.631, 0.914, 1474, 2, 21.631, 21.641, 0.01, 11,     0.937,
 67, 0, 11.359, 11.359, 11.678, 0.319, 636, 11.678, 21.703, 10.025, 1146, 2,TimeOut
 68, 0, 11.779, 11.779, 11.792, 0.013, 26, 11.792, 21.811, 10.019, 1730, 2,TimeOut
 121, 0, 19.755, 19.755, 20.044, 0.289, 108, 20.044, 21.954, 1.911, 1679, 2, 21.954, 21.994, 0.04, 80,     2.240,
 70, 0, 12.15, 12.15, 12.17, 0.02, 40, 12.17, 22.191, 10.021, 1649, 2,TimeOut
 130, 0, 21.207, 21.207, 21.232, 0.025, 35, 21.232, 22.237, 1.006, 1606, 2, 22.237, 22.247, 0.01, 2,     1.040,
 112, 0, 18.023, 18.023, 19.571, 1.548, 271, 19.571, 22.204, 2.633, 1328, 2, 22.204, 22.299, 0.095, 190,     4.276,
 71, 0, 12.185, 12.185, 12.37, 0.186, 351, 12.37, 22.412, 10.042, 1004, 2,TimeOut
 73, 0, 12.402, 12.402, 12.412, 0.01, 20, 12.412, 22.444, 10.032, 1517, 2,TimeOut
 113, 0, 18.162, 18.162, 19.606, 1.444, 63, 19.606, 22.454, 2.848, 1371, 2, 22.454, 22.501, 0.047, 94,     4.339,
 74, 0, 12.47, 12.47, 12.488, 0.018, 37, 12.488, 22.537, 10.049, 937, 2,TimeOut
 49, 0, 9.175, 9.175, 9.226, 0.051, 102, 9.226, 22.608, 13.382, 1438, 2, 22.608, 22.618, 0.01, 3,    13.443,
 75, 0, 12.548, 12.548, 12.586, 0.038, 76, 12.586, 22.619, 10.033, 1961, 2,TimeOut
 108, 0, 17.488, 17.488, 19.3, 1.812, 467, 19.3, 21.441, 2.14, 1374, 2, 21.441, 22.644, 1.204, 2408,     5.156,
 76, 0, 12.773, 12.773, 12.788, 0.015, 30, 12.788, 22.808, 10.02, 1722, 2,TimeOut
 114, 0, 18.286, 18.286, 19.64, 1.354, 42, 19.64, 22.707, 3.067, 1137, 2, 22.707, 22.826, 0.119, 238,     4.540,
 133, 0, 21.661, 21.661, 21.766, 0.106, 212, 21.766, 22.84, 1.074, 1244, 2, 22.84, 22.853, 0.013, 26,     1.192,
 77, 0, 12.952, 12.952, 12.952, 0, 1, 12.952, 22.96, 10.007, 1378, 2,TimeOut
 78, 0, 12.981, 12.981, 13.018, 0.038, 76, 13.018, 23.055, 10.036, 1652, 2,TimeOut
 122, 0, 19.991, 19.991, 20.058, 0.067, 8, 20.058, 23.118, 3.06, 1812, 2, 23.118, 23.135, 0.017, 35,     3.145,
 116, 0, 18.795, 18.795, 19.755, 0.959, 38, 19.755, 23.213, 3.458, 1633, 2, 23.213, 23.223, 0.01, 2,     4.427,
 135, 0, 22.167, 22.167, 22.177, 0.01, 20, 22.177, 23.241, 1.064, 1049, 2, 23.241, 23.279, 0.038, 76,     1.112,
 79, 0, 13.113, 13.113, 13.351, 0.238, 476, 13.351, 23.371, 10.02, 1235, 2,TimeOut
 69, 0, 11.948, 11.948, 12.008, 0.06, 120, 12.008, 23.368, 11.359, 1578, 2, 23.368, 23.394, 0.026, 53,    11.446,
 80, 0, 13.175, 13.175, 13.426, 0.251, 151, 13.426, 23.454, 10.028, 1355, 2,TimeOut
 81, 0, 13.388, 13.388, 13.44, 0.053, 18, 13.44, 23.466, 10.026, 2028, 2,TimeOut
 82, 0, 13.531, 13.531, 13.619, 0.088, 192, 13.619, 23.64, 10.021, 1271, 2,TimeOut
 137, 0, 22.758, 22.758, 22.758, 0, 14, 22.758, 23.662, 0.905, 1430, 2, 23.662, 23.721, 0.058, 117,     0.963,
 83, 0, 13.636, 13.636, 13.741, 0.106, 218, 13.741, 23.76, 10.019, 1807, 2,TimeOut
 117, 0, 18.858, 18.858, 19.896, 1.038, 269, 19.896, 23.463, 3.566, 1470, 2, 23.463, 23.782, 0.319, 639,     4.924,
 127, 0, 20.805, 20.805, 20.928, 0.123, 172, 20.928, 23.727, 2.799, 1666, 2, 23.727, 23.805, 0.078, 169,     3.000,
 118, 0, 19.006, 19.006, 19.923, 0.917, 54, 19.923, 23.977, 4.054, 1448, 2, 23.977, 23.991, 0.014, 28,     4.985,
 131, 0, 21.336, 21.336, 23.382, 2.046, 4079, 23.382, 24.099, 0.717, 1316, 2, 24.099, 24.266, 0.167, 334,     2.930,
 85, 0, 14.136, 14.136, 14.247, 0.111, 205, 14.247, 24.27, 10.023, 1283, 2,TimeOut
 128, 0, 20.829, 20.829, 20.973, 0.143, 68, 20.973, 24.23, 3.257, 1303, 2, 24.23, 24.294, 0.065, 129,     3.465,
 86, 0, 14.148, 14.148, 14.271, 0.124, 39, 14.271, 24.297, 10.026, 2151, 2,TimeOut
 129, 0, 21.074, 21.074, 21.129, 0.055, 81, 21.129, 24.38, 3.252, 2158, 2, 24.38, 24.398, 0.018, 45,     3.325,
 120, 0, 19.225, 19.225, 19.981, 0.756, 6, 19.981, 24.479, 4.498, 1765, 2, 24.479, 24.489, 0.01, 18,     5.264,
 87, 0, 14.572, 14.572, 14.579, 0.008, 7, 14.579, 24.634, 10.054, 1603, 2,TimeOut
 88, 0, 14.606, 14.606, 14.606, 0, 1, 14.606, 24.634, 10.028, 1490, 2,TimeOut
 89, 0, 14.693, 14.693, 14.743, 0.05, 117, 14.743, 24.763, 10.02, 1670, 2,TimeOut
 132, 0, 21.402, 21.402, 21.43, 0.029, 62, 21.43, 24.729, 3.298, 1609, 2, 24.729, 24.767, 0.038, 77,     3.365,
 90, 0, 14.77, 14.77, 14.825, 0.055, 112, 14.825, 24.853, 10.028, 1244, 2,TimeOut
 143, 0, 23.852, 23.852, 23.898, 0.046, 100, 23.898, 24.875, 0.977, 1601, 2, 24.875, 24.905, 0.03, 56,     1.053,
 124, 0, 20.226, 20.226, 20.365, 0.139, 278, 20.365, 24.99, 4.625, 1022, 2, 24.99, 25, 0.01, 10,     4.774,
 84, 0, 14.099, 14.099, 14.099, 0, 9, 14.099, 25.394, 11.295, 1787, 2, 25.394, 25.417, 0.023, 46,    11.318,
 72, 0, 12.287, 12.287, 20.839, 8.552, 17096, 20.839, 25.494, 4.655, 2102, 2, 25.494, 25.516, 0.022, 44,    13.229,
 147, 0, 24.43, 24.43, 24.812, 0.382, 764, 24.812, 25.69, 0.878, 1086, 2, 25.69, 25.7, 0.01, 14,     1.270,
 148, 0, 25.173, 25.173, 25.187, 0.014, 28, 25.187, 25.901, 0.714, 1407, 2, 25.901, 25.911, 0.01, 8,     0.738,
 140, 0, 23.229, 23.229, 23.357, 0.128, 270, 23.357, 26.151, 2.794, 1328, 2, 26.151, 26.161, 0.01, 4,     2.932,
 136, 0, 22.684, 22.684, 22.705, 0.021, 42, 22.705, 25.996, 3.291, 1634, 2, 25.996, 26.191, 0.195, 390,     3.507,
 141, 0, 23.653, 23.653, 23.774, 0.121, 242, 23.774, 26.401, 2.627, 1293, 2, 26.401, 26.416, 0.015, 31,     2.763,
 139, 0, 22.943, 22.943, 22.96, 0.017, 33, 22.96, 26.517, 3.557, 1480, 2, 26.517, 26.544, 0.027, 54,     3.601,
 102, 0, 16.664, 16.664, 16.723, 0.059, 10, 16.723, 26.74, 10.017, 1084, 2,TimeOut
 110, 0, 17.615, 17.615, 19.372, 1.757, 16, 19.372, 21.705, 2.334, 2091, 2, 21.705, 26.77, 5.065, 10130,     9.155,
 134, 0, 21.703, 21.703, 21.799, 0.096, 36, 21.799, 26.774, 4.975, 1225, 2, 26.774, 26.784, 0.01, 10,     5.081,
 126, 0, 20.752, 20.752, 21.245, 0.492, 988, 21.245, 26.252, 5.007, 1149, 2, 26.252, 26.84, 0.588, 1141,     6.088,
 146, 0, 24.065, 24.065, 24.283, 0.219, 250, 24.283, 27.169, 2.886, 1484, 2, 27.169, 27.196, 0.027, 55,     3.132,
 150, 0, 26.092, 26.092, 26.16, 0.068, 141, 26.16, 27.056, 0.896, 1419, 2, 27.056, 27.292, 0.236, 472,     1.200,
 142, 0, 23.701, 23.701, 23.746, 0.045, 90, 23.746, 27.024, 3.278, 1476, 2, 27.024, 27.341, 0.317, 635,     3.640,
 153, 0, 26.377, 26.377, 26.449, 0.072, 145, 26.449, 27.305, 0.856, 1830, 2, 27.305, 27.361, 0.056, 79,     0.984,
 155, 0, 26.614, 26.614, 26.684, 0.07, 115, 26.684, 27.57, 0.886, 1702, 2, 27.57, 27.63, 0.059, 119,     1.016,
 138, 0, 22.798, 22.798, 22.808, 0.01, 15, 22.808, 27.786, 4.977, 1313, 2, 27.786, 27.796, 0.01, 18,     4.997,
 157, 0, 27.216, 27.216, 27.295, 0.079, 159, 27.295, 28.023, 0.728, 1687, 2, 28.023, 28.06, 0.037, 74,     0.844,
 145, 0, 24.013, 24.013, 24.158, 0.145, 291, 24.158, 28.043, 3.885, 1454, 2, 28.043, 28.134, 0.09, 181,     4.121,
 144, 0, 23.971, 23.971, 24.446, 0.475, 958, 24.446, 28.293, 3.847, 1611, 2, 28.293, 28.303, 0.01, 12,     4.332,
 159, 0, 27.593, 27.593, 27.604, 0.011, 27, 27.604, 28.325, 0.721, 2121, 2, 28.325, 28.335, 0.01, 14,     0.742,
 98, 0, 16.427, 16.427, 16.585, 0.158, 317, 16.585, 28.676, 12.091, 1538, 2, 28.676, 28.686, 0.01, 1,    12.259,
 161, 0, 28.023, 28.023, 28.038, 0.015, 30, 28.038, 28.754, 0.716, 1962, 2, 28.754, 28.787, 0.034, 67,     0.764,
 149, 0, 25.501, 25.501, 25.555, 0.055, 92, 25.555, 29.314, 3.759, 1593, 2, 29.314, 29.327, 0.013, 26,     3.827,
 151, 0, 26.132, 26.132, 26.585, 0.453, 894, 26.585, 29.695, 3.11, 1404, 2, 29.695, 29.734, 0.039, 72,     3.602,
 162, 0, 29.104, 29.104, 29.117, 0.013, 26, 29.117, 29.842, 0.725, 2197, 2, 29.842, 29.852, 0.01, 9,     0.748,
 119, 0, 19.084, 19.084, 19.967, 0.883, 88, 19.967, 30, 10.033, 2069, 2,TimeOut
 100, 0, 16.465, 16.465, 16.643, 0.179, 89, 16.643, 29.184, 12.541, 1487, 2, 29.184, 30.011, 0.826, 1653,    13.546,
 164, 0, 29.153, 29.153, 29.16, 0.007, 18, 29.16, 30.066, 0.906, 1247, 2, 30.066, 30.076, 0.01, 19,     0.923,
 163, 0, 29.148, 29.148, 29.16, 0.012, 32, 29.16, 30.096, 0.936, 921, 2, 30.096, 30.125, 0.029, 57,     0.976,
 154, 0, 26.401, 26.401, 26.483, 0.082, 45, 26.483, 30.076, 3.593, 1605, 2, 30.076, 30.151, 0.075, 150,     3.750,
 167, 0, 29.493, 29.493, 29.495, 0.002, 22, 29.495, 30.345, 0.85, 975, 2, 30.345, 30.358, 0.013, 26,     0.865,
 156, 0, 26.933, 26.933, 26.95, 0.017, 33, 26.95, 30.325, 3.375, 1451, 2, 30.325, 30.4, 0.075, 149,     3.466,
 158, 0, 27.361, 27.361, 27.369, 0.008, 27, 27.369, 30.575, 3.206, 1526, 2, 30.575, 30.702, 0.128, 255,     3.342,
 168, 0, 29.603, 29.603, 29.657, 0.053, 113, 29.657, 30.595, 0.938, 1671, 2, 30.595, 30.803, 0.209, 418,     1.200,
 160, 0, 27.748, 27.748, 27.748, 0, 14, 27.748, 30.824, 3.076, 1668, 2, 30.824, 30.834, 0.011, 21,     3.086,
 170, 0, 29.88, 29.88, 29.905, 0.026, 51, 29.905, 30.844, 0.939, 1397, 2, 30.844, 30.844, 0, 15,     0.964,
 172, 0, 30.427, 30.427, 30.507, 0.08, 147, 30.507, 31.222, 0.716, 1280, 2, 31.222, 31.232, 0.01, 18,     0.805,
 171, 0, 30.198, 30.198, 30.487, 0.289, 548, 30.487, 31.407, 0.92, 1390, 2, 31.407, 31.425, 0.018, 39,     1.228,
 165, 0, 29.257, 29.257, 29.27, 0.013, 26, 29.27, 31.596, 2.326, 1429, 2, 31.596, 31.615, 0.019, 38,     2.358,
 173, 0, 30.623, 30.623, 30.633, 0.01, 1, 30.633, 31.656, 1.023, 2120, 2, 31.656, 31.734, 0.077, 147,     1.110,
 106, 0, 17.334, 17.334, 19.043, 1.709, 90, 19.043, 31.744, 12.7, 1773, 2, 31.744, 31.774, 0.03, 61,    14.440,
 175, 0, 30.961, 30.961, 31.001, 0.04, 49, 31.001, 31.724, 0.722, 1433, 2, 31.724, 31.956, 0.232, 465,     0.994,
 174, 0, 30.922, 30.922, 31.015, 0.093, 185, 31.015, 31.936, 0.921, 1063, 2, 31.936, 31.976, 0.04, 73,     1.054,
 169, 0, 29.716, 29.716, 29.726, 0.01, 3, 29.726, 32.118, 2.392, 1593, 2, 32.118, 32.143, 0.026, 51,     2.427,
 177, 0, 31.424, 31.424, 31.483, 0.059, 111, 31.483, 32.24, 0.758, 1443, 2, 32.24, 32.264, 0.024, 42,     0.841,
 176, 0, 31.328, 31.328, 31.398, 0.07, 141, 31.398, 32.315, 0.917, 1267, 2, 32.315, 32.346, 0.031, 24,     1.018,
 180, 0, 31.639, 31.639, 31.741, 0.102, 189, 31.741, 32.662, 0.921, 1528, 2, 32.662, 32.672, 0.01, 5,     1.033,
 109, 0, 17.587, 17.587, 19.358, 1.771, 92, 19.358, 32.753, 13.396, 1228, 2, 32.753, 32.8, 0.046, 93,    15.213,
 183, 0, 31.959, 31.959, 31.985, 0.026, 68, 31.985, 32.813, 0.828, 1591, 2, 32.813, 32.827, 0.014, 28,     0.868,
 179, 0, 31.611, 31.611, 31.905, 0.294, 575, 31.905, 32.912, 1.007, 1516, 2, 32.912, 32.924, 0.011, 23,     1.312,
 184, 0, 32.195, 32.195, 32.251, 0.056, 119, 32.251, 32.977, 0.726, 2192, 2, 32.977, 32.995, 0.018, 36,     0.800,
 178, 0, 31.547, 31.547, 31.566, 0.019, 48, 31.566, 33.115, 1.549, 1591, 2, 33.115, 33.125, 0.01, 1,     1.578,
 111, 0, 17.913, 17.913, 19.436, 1.523, 112, 19.436, 33.011, 13.575, 927, 2, 33.011, 33.161, 0.15, 300,    15.248,
 182, 0, 31.881, 31.881, 31.891, 0.01, 17, 31.891, 33.371, 1.48, 1557, 2, 33.371, 33.381, 0.01, 13,     1.500,
 187, 0, 32.581, 32.581, 32.591, 0.01, 28, 32.591, 33.512, 0.921, 1068, 2, 33.512, 33.515, 0.003, 5,     0.934,
 189, 0, 32.765, 32.765, 32.894, 0.129, 239, 32.894, 33.611, 0.717, 1398, 2, 33.611, 33.621, 0.01, 12,     0.856,
 185, 0, 32.287, 32.287, 32.332, 0.045, 91, 32.332, 33.631, 1.298, 1586, 2, 33.631, 33.853, 0.222, 444,     1.566,
 190, 0, 33.005, 33.005, 33.015, 0.01, 1, 33.015, 33.935, 0.92, 1503, 2, 33.935, 33.945, 0.01, 3,     0.940,
 181, 0, 31.816, 31.816, 31.843, 0.026, 58, 31.843, 32.559, 0.716, 1433, 2, 32.559, 33.987, 1.428, 2856,     2.170,
 188, 0, 32.714, 32.714, 33.23, 0.516, 1037, 33.23, 33.946, 0.716, 1311, 2, 33.946, 34.022, 0.075, 153,     1.307,
 152, 0, 26.18, 26.18, 26.308, 0.128, 262, 26.308, 29.827, 3.519, 1368, 2, 29.827, 34.075, 4.248, 8497,     7.894,
 115, 0, 18.392, 18.392, 19.722, 1.33, 165, 19.722, 34.024, 14.302, 1570, 2, 34.024, 34.15, 0.126, 254,    15.758,
 192, 0, 33.066, 33.066, 33.244, 0.178, 5, 33.244, 34.14, 0.896, 2021, 2, 34.14, 34.16, 0.02, 26,     1.094,
 193, 0, 33.178, 33.178, 33.334, 0.156, 181, 33.334, 34.255, 0.921, 1517, 2, 34.255, 34.265, 0.01, 3,     1.087,
 191, 0, 33.046, 33.046, 33.244, 0.198, 377, 33.244, 33.976, 0.732, 1796, 2, 33.976, 34.431, 0.455, 910,     1.385,
 196, 0, 33.879, 33.879, 33.919, 0.04, 51, 33.919, 34.654, 0.735, 1274, 2, 34.654, 34.664, 0.01, 13,     0.785,
 197, 0, 33.937, 33.937, 33.949, 0.011, 31, 33.949, 34.679, 0.731, 1975, 2, 34.679, 34.747, 0.068, 136,     0.810,
 199, 0, 34.131, 34.131, 34.176, 0.046, 71, 34.176, 34.903, 0.727, 1690, 2, 34.903, 34.913, 0.01, 1,     0.782,
 195, 0, 33.851, 33.851, 34.099, 0.248, 465, 34.099, 35.022, 0.923, 1176, 2, 35.022, 35.032, 0.01, 19,     1.181,
 201, 0, 34.236, 34.236, 34.236, 0, 8, 34.236, 34.96, 0.724, 1752, 2, 34.96, 35.081, 0.121, 243,     0.845,
 198, 0, 34.119, 34.119, 34.369, 0.25, 501, 34.369, 35.152, 0.783, 1612, 2, 35.152, 35.198, 0.046, 92,     1.079,
 200, 0, 34.217, 34.217, 34.229, 0.012, 24, 34.229, 35.231, 1.002, 1517, 2, 35.231, 35.264, 0.033, 67,     1.047,
 203, 0, 34.331, 34.331, 34.341, 0.01, 2, 34.341, 35.272, 0.931, 1389, 2, 35.272, 35.452, 0.18, 376,     1.121,
 206, 0, 35.396, 35.396, 35.411, 0.015, 43, 35.411, 36.127, 0.715, 1322, 2, 36.127, 36.165, 0.038, 77,     0.769,
 205, 0, 35.288, 35.288, 35.307, 0.019, 38, 35.307, 36.228, 0.921, 2109, 2, 36.228, 36.27, 0.042, 84,     0.981,
 204, 0, 35.033, 35.033, 35.209, 0.176, 353, 35.209, 36.13, 0.921, 2048, 2, 36.13, 36.473, 0.343, 693,     1.440,
 208, 0, 35.578, 35.578, 35.588, 0.01, 21, 35.588, 36.3, 0.712, 783, 2, 36.3, 36.499, 0.198, 387,     0.920,
 210, 0, 35.668, 35.668, 35.704, 0.035, 74, 35.704, 36.625, 0.921, 1589, 2, 36.625, 36.765, 0.14, 281,     1.097,
 211, 0, 35.704, 35.704, 35.723, 0.019, 38, 35.723, 36.659, 0.936, 1288, 2, 36.659, 36.785, 0.126, 240,     1.081,
 214, 0, 36.441, 36.441, 36.451, 0.01, 3, 36.451, 37.194, 0.743, 1397, 2, 37.194, 37.223, 0.029, 57,     0.782,
 218, 0, 36.904, 36.904, 36.914, 0.01, 5, 36.914, 37.63, 0.716, 1894, 2, 37.63, 37.641, 0.011, 25,     0.736,
 213, 0, 36.086, 36.086, 36.096, 0.01, 1, 36.096, 37.744, 1.648, 1083, 2, 37.744, 37.756, 0.011, 23,     1.669,
 215, 0, 36.481, 36.481, 36.707, 0.226, 453, 36.707, 37.628, 0.921, 1067, 2, 37.628, 37.776, 0.147, 259,     1.294,
 217, 0, 36.79, 36.79, 36.864, 0.074, 119, 36.864, 37.785, 0.92, 935, 2, 37.785, 37.813, 0.028, 74,     1.022,
 207, 0, 35.537, 35.537, 35.588, 0.051, 102, 35.588, 37.234, 1.646, 1436, 2, 37.234, 37.861, 0.627, 1237,     2.324,
 221, 0, 37.213, 37.213, 37.242, 0.029, 74, 37.242, 38.162, 0.92, 1435, 2, 38.162, 38.178, 0.016, 37,     0.965,
 219, 0, 36.942, 36.942, 36.973, 0.031, 46, 36.973, 37.685, 0.712, 2008, 2, 37.685, 38.332, 0.647, 1298,     1.390,
 223, 0, 37.755, 37.755, 37.792, 0.038, 80, 37.792, 38.831, 1.039, 1788, 2, 38.831, 38.841, 0.01, 10,     1.087,
 222, 0, 37.254, 37.254, 37.772, 0.518, 1032, 37.772, 38.858, 1.086, 1615, 2, 38.858, 38.881, 0.023, 24,     1.627,
 220, 0, 36.953, 36.953, 36.963, 0.01, 7, 36.963, 39.005, 2.042, 1826, 2, 39.005, 39.061, 0.056, 113,     2.108,
 225, 0, 37.864, 37.864, 37.888, 0.024, 48, 37.888, 39.08, 1.192, 1216, 2, 39.08, 39.094, 0.014, 27,     1.230,
 224, 0, 37.829, 37.829, 37.839, 0.01, 11, 37.839, 39.107, 1.269, 1844, 2, 39.107, 39.109, 0.002, 1,     1.280,
 230, 0, 38.393, 38.393, 38.43, 0.037, 73, 38.43, 39.147, 0.717, 1285, 2, 39.147, 39.157, 0.01, 3,     0.764,
 166, 0, 29.316, 29.316, 29.42, 0.104, 209, 29.42, 39.109, 9.689, 1872, 2, 39.109, 39.167, 0.058, 113,     9.851,
 228, 0, 38.065, 38.065, 38.075, 0.01, 4, 38.075, 39.357, 1.282, 2007, 2, 39.357, 39.357, 0, 9,     1.292,
 226, 0, 37.925, 37.925, 37.933, 0.008, 20, 37.933, 38.854, 0.921, 2119, 2, 38.854, 39.6, 0.746, 1493,     1.675,
 231, 0, 38.431, 38.431, 38.464, 0.034, 37, 38.464, 39.606, 1.142, 1171, 2, 39.606, 39.617, 0.011, 34,     1.187,
 229, 0, 38.148, 38.148, 38.179, 0.032, 63, 38.179, 39.33, 1.151, 2239, 2, 39.33, 39.657, 0.327, 647,     1.509,
 227, 0, 37.933, 37.933, 39.441, 1.508, 2985, 39.441, 40.147, 0.706, 1209, 2, 40.147, 40.193, 0.046, 92,     2.260,
 234, 0, 39.447, 39.447, 39.447, 0, 5, 39.447, 40.171, 0.725, 993, 2, 40.171, 40.237, 0.066, 131,     0.790,
 186, 0, 32.325, 32.325, 32.395, 0.071, 129, 32.395, 39.858, 7.462, 1552, 2, 39.858, 40.257, 0.399, 762,     7.932,
 233, 0, 39.302, 39.302, 39.407, 0.105, 31, 39.407, 40.342, 0.935, 2028, 2, 40.342, 40.354, 0.012, 24,     1.052,
 194, 0, 33.245, 33.245, 33.274, 0.029, 30, 33.274, 40.356, 7.082, 1239, 2, 40.356, 40.366, 0.01, 22,     7.121,
 232, 0, 39.261, 39.261, 39.387, 0.127, 216, 39.387, 40.308, 0.921, 1416, 2, 40.308, 40.428, 0.12, 244,     1.167,
 236, 0, 39.906, 39.906, 39.93, 0.024, 48, 39.93, 40.885, 0.955, 2233, 2, 40.885, 40.895, 0.01, 3,     0.989,
 237, 0, 39.975, 39.975, 39.985, 0.01, 10, 39.985, 40.919, 0.935, 1426, 2, 40.919, 41.053, 0.133, 267,     1.078,
 202, 0, 34.261, 34.261, 34.281, 0.02, 39, 34.281, 41.108, 6.827, 1737, 2, 41.108, 41.122, 0.014, 28,     6.861,
 235, 0, 39.705, 39.705, 39.715, 0.01, 22, 39.715, 40.635, 0.92, 1213, 2, 40.635, 41.137, 0.502, 1004,     1.432,
 209, 0, 35.613, 35.613, 35.653, 0.04, 81, 35.653, 41.609, 5.956, 1385, 2, 41.609, 41.616, 0.006, 8,     6.003,
 240, 0, 40.73, 40.73, 40.755, 0.024, 57, 40.755, 41.728, 0.973, 1504, 2, 41.728, 41.738, 0.01, 20,     1.007,
 238, 0, 40.172, 40.172, 40.53, 0.358, 716, 40.53, 41.616, 1.085, 1413, 2, 41.616, 41.771, 0.156, 289,     1.599,
 241, 0, 40.877, 40.877, 40.877, 0, 4, 40.877, 41.801, 0.924, 1943, 2, 41.801, 41.822, 0.022, 29,     0.945,
 239, 0, 40.591, 40.591, 40.601, 0.01, 15, 40.601, 41.865, 1.265, 1477, 2, 41.865, 41.903, 0.038, 76,     1.312,
 216, 0, 36.639, 36.639, 36.649, 0.01, 13, 36.649, 41.866, 5.217, 1920, 2, 41.866, 41.944, 0.077, 158,     5.304,
 243, 0, 41.452, 41.452, 41.475, 0.023, 30, 41.475, 42.395, 0.92, 1128, 2, 42.395, 42.425, 0.03, 48,     0.973,
 244, 0, 41.465, 41.465, 41.475, 0.01, 13, 41.475, 42.524, 1.049, 1222, 2, 42.524, 42.534, 0.01, 8,     1.069,
 242, 0, 41.266, 41.266, 41.354, 0.089, 197, 41.354, 42.275, 0.921, 1575, 2, 42.275, 42.634, 0.359, 700,     1.368,
 245, 0, 41.585, 41.585, 41.616, 0.031, 62, 41.616, 42.644, 1.028, 1241, 2, 42.644, 42.66, 0.016, 33,     1.075,
 248, 0, 41.732, 41.732, 41.913, 0.181, 332, 41.913, 42.851, 0.938, 692, 2, 42.851, 42.904, 0.052, 105,     1.172,
 246, 0, 41.623, 41.623, 41.638, 0.016, 28, 41.638, 42.568, 0.93, 1606, 2, 42.568, 42.97, 0.402, 812,     1.348,
 212, 0, 35.77, 35.77, 35.798, 0.027, 60, 35.798, 36.512, 0.714, 1781, 2, 36.512, 43.061, 6.549, 13090,     7.291,
 247, 0, 41.628, 41.628, 41.638, 0.01, 19, 41.638, 42.355, 0.717, 1513, 2, 42.355, 43.061, 0.706, 1396,     1.433,
 249, 0, 42.105, 42.105, 42.134, 0.029, 45, 42.134, 43.051, 0.917, 1726, 2, 43.051, 43.081, 0.03, 45,     0.976,
 250, 0, 42.124, 42.124, 42.144, 0.021, 53, 42.144, 43.071, 0.927, 915, 2, 43.071, 43.722, 0.651, 1303,     1.599,
 252, 0, 43.031, 43.031, 43.031, 0, 12, 43.031, 43.966, 0.935, 1660, 2, 43.966, 44.067, 0.101, 211,     1.036,
 256, 0, 43.829, 43.829, 43.839, 0.01, 13, 43.839, 44.565, 0.726, 1526, 2, 44.565, 44.634, 0.069, 139,     0.805,
 255, 0, 43.725, 43.725, 43.776, 0.05, 27, 43.776, 44.711, 0.935, 1164, 2, 44.711, 44.722, 0.011, 22,     0.996,
 254, 0, 43.71, 43.71, 43.756, 0.046, 3, 43.756, 44.691, 0.935, 1129, 2, 44.691, 44.794, 0.103, 207,     1.084,
 253, 0, 43.688, 43.688, 43.736, 0.048, 96, 43.736, 44.669, 0.933, 1634, 2, 44.669, 44.884, 0.215, 430,     1.195,
 257, 0, 43.841, 43.841, 43.953, 0.111, 228, 43.953, 44.919, 0.966, 1365, 2, 44.919, 44.939, 0.02, 28,     1.097,
 251, 0, 42.85, 42.85, 44.001, 1.151, 2320, 44.001, 44.941, 0.94, 1901, 2, 44.941, 44.98, 0.039, 83,     2.130,
 259, 0, 43.959, 43.959, 44.183, 0.224, 366, 44.183, 45.104, 0.92, 1640, 2, 45.104, 45.104, 0, 14,     1.144,
 260, 0, 44.042, 44.042, 44.203, 0.161, 5, 44.203, 45.191, 0.987, 1340, 2, 45.191, 45.213, 0.023, 45,     1.171,
 258, 0, 43.876, 43.876, 44.203, 0.327, 480, 44.203, 45.169, 0.965, 1690, 2, 45.169, 45.253, 0.084, 153,     1.377,
 261, 0, 44.292, 44.292, 44.324, 0.032, 45, 44.324, 45.353, 1.029, 1155, 2, 45.353, 45.419, 0.066, 133,     1.128,
 262, 0, 44.896, 44.896, 44.906, 0.011, 21, 44.906, 45.62, 0.714, 1022, 2, 45.62, 45.894, 0.274, 549,     0.999,
 266, 0, 45.185, 45.185, 45.266, 0.081, 175, 45.266, 45.992, 0.726, 2138, 2, 45.992, 46.002, 0.01, 1,     0.817,
 264, 0, 45.056, 45.056, 45.179, 0.123, 254, 45.179, 46.098, 0.919, 1306, 2, 46.098, 46.134, 0.036, 73,     1.078,
 265, 0, 45.125, 45.125, 45.229, 0.104, 219, 45.229, 46.14, 0.91, 1628, 2, 46.14, 46.179, 0.039, 89,     1.053,
 267, 0, 45.275, 45.275, 45.364, 0.089, 160, 45.364, 46.284, 0.92, 1433, 2, 46.284, 46.304, 0.02, 41,     1.029,
 263, 0, 44.942, 44.942, 45.02, 0.078, 128, 45.02, 45.94, 0.92, 1553, 2, 45.94, 46.325, 0.386, 772,     1.383,
 268, 0, 45.367, 45.367, 45.391, 0.023, 54, 45.391, 46.347, 0.956, 1486, 2, 46.347, 46.477, 0.13, 264,     1.110,
 269, 0, 45.761, 45.761, 45.771, 0.01, 15, 45.771, 46.692, 0.921, 1817, 2, 46.692, 46.73, 0.038, 77,     0.969,
 270, 0, 46.223, 46.223, 46.481, 0.258, 516, 46.481, 47.402, 0.921, 1824, 2, 47.402, 47.413, 0.011, 21,     1.189,
 271, 0, 46.322, 46.322, 46.422, 0.1, 201, 46.422, 47.352, 0.93, 2044, 2, 47.352, 47.44, 0.088, 176,     1.119,
 272, 0, 46.405, 46.405, 46.442, 0.036, 40, 46.442, 47.376, 0.934, 1555, 2, 47.376, 47.563, 0.187, 374,     1.158,
 273, 0, 46.64, 46.64, 46.687, 0.047, 82, 46.687, 47.602, 0.915, 2134, 2, 47.602, 47.708, 0.105, 211,     1.068,
 276, 0, 47.277, 47.277, 47.287, 0.01, 5, 47.287, 48.01, 0.722, 1431, 2, 48.01, 48.052, 0.042, 84,     0.774,
 274, 0, 47.043, 47.043, 47.162, 0.12, 239, 47.162, 48.082, 0.92, 1168, 2, 48.082, 48.092, 0.01, 12,     1.049,
 275, 0, 47.18, 47.18, 47.19, 0.01, 4, 47.19, 48.11, 0.92, 1455, 2, 48.11, 48.117, 0.007, 8,     0.937,
 277, 0, 47.509, 47.509, 47.509, 0, 3, 47.509, 48.44, 0.931, 1347, 2, 48.44, 48.546, 0.107, 200,     1.037,
 278, 0, 47.696, 47.696, 47.722, 0.026, 53, 47.722, 48.66, 0.938, 1569, 2, 48.66, 48.682, 0.022, 44,     0.987,
 279, 0, 47.759, 47.759, 47.769, 0.01, 18, 47.769, 48.689, 0.921, 1168, 2, 48.689, 48.689, 0, 8,     0.931,
 281, 0, 48.022, 48.022, 48.036, 0.014, 28, 48.036, 48.973, 0.938, 1442, 2, 48.973, 48.983, 0.01, 12,     0.962,
 282, 0, 48.173, 48.173, 48.183, 0.01, 17, 48.183, 49.104, 0.921, 1727, 2, 49.104, 49.127, 0.023, 45,     0.953,
 280, 0, 47.927, 47.927, 48.128, 0.2, 401, 48.128, 49.048, 0.921, 1418, 2, 49.048, 49.168, 0.12, 240,     1.241,
 283, 0, 48.827, 48.827, 48.854, 0.027, 42, 48.854, 49.571, 0.717, 1498, 2, 49.571, 49.581, 0.01, 24,     0.753,
 285, 0, 48.857, 48.857, 49.099, 0.243, 462, 49.099, 50.03, 0.931, 1978, 2, 50.03, 50.04, 0.01, 13,     1.184,
 287, 0, 49.184, 49.184, 49.302, 0.117, 217, 49.302, 50.018, 0.716, 936, 2, 50.018, 50.06, 0.041, 61,     0.875,
 284, 0, 48.844, 48.844, 48.914, 0.07, 142, 48.914, 49.85, 0.936, 1064, 2, 49.85, 50.188, 0.337, 675,     1.344,
 288, 0, 49.32, 49.32, 49.363, 0.043, 95, 49.363, 50.28, 0.917, 1490, 2, 50.28, 50.294, 0.013, 36,     0.973,
 289, 0, 49.372, 49.372, 49.372, 0, 2, 49.372, 50.294, 0.922, 2193, 2, 50.294, 50.304, 0.009, 13,     0.932,
 286, 0, 49.133, 49.133, 49.215, 0.082, 164, 49.215, 50.134, 0.92, 1516, 2, 50.134, 50.479, 0.345, 690,     1.346,
 290, 0, 49.82, 49.82, 49.865, 0.045, 58, 49.865, 50.786, 0.921, 1792, 2, 50.786, 50.796, 0.01, 4,     0.976,
 296, 0, 50.313, 50.313, 50.358, 0.045, 104, 50.358, 51.09, 0.731, 1518, 2, 51.09, 51.114, 0.025, 49,     0.801,
 291, 0, 49.973, 49.973, 50.093, 0.12, 234, 50.093, 50.809, 0.715, 1789, 2, 50.809, 51.142, 0.333, 667,     1.169,
 293, 0, 50.049, 50.049, 50.073, 0.025, 54, 50.073, 51, 0.927, 1974, 2, 51, 51.243, 0.242, 505,     1.194,
 294, 0, 50.189, 50.189, 50.199, 0.01, 18, 50.199, 50.911, 0.712, 1696, 2, 50.911, 51.512, 0.601, 1203,     1.323,
 292, 0, 50.033, 50.033, 50.046, 0.014, 27, 50.046, 50.966, 0.92, 1439, 2, 50.966, 51.672, 0.706, 1412,     1.640,
 298, 0, 51.161, 51.161, 51.171, 0.01, 6, 51.171, 52.105, 0.934, 1335, 2, 52.105, 52.115, 0.01, 12,     0.954,
 297, 0, 50.946, 50.946, 51, 0.054, 80, 51, 51.921, 0.921, 1103, 2, 51.921, 52.393, 0.472, 952,     1.446,
 302, 0, 51.989, 51.989, 51.989, 0, 1, 51.989, 52.712, 0.724, 1602, 2, 52.712, 52.728, 0.016, 31,     0.739,
 300, 0, 51.847, 51.847, 51.902, 0.055, 101, 51.902, 52.838, 0.936, 1473, 2, 52.838, 52.871, 0.032, 65,     1.023,
 301, 0, 51.978, 51.978, 51.988, 0.01, 18, 51.988, 52.913, 0.925, 1151, 2, 52.913, 52.955, 0.042, 84,     0.977,
 299, 0, 51.803, 51.803, 51.918, 0.114, 229, 51.918, 52.838, 0.92, 1884, 2, 52.838, 52.97, 0.132, 239,     1.167,
 303, 0, 52.215, 52.215, 52.232, 0.017, 28, 52.232, 53.153, 0.921, 1435, 2, 53.153, 53.357, 0.203, 369,     1.142,
 304, 0, 52.314, 52.314, 52.324, 0.01, 17, 52.324, 53.244, 0.921, 1275, 2, 53.244, 53.357, 0.112, 186,     1.043,
 306, 0, 52.368, 52.368, 52.368, 0, 2, 52.368, 53.403, 1.035, 1290, 2, 53.403, 53.433, 0.029, 59,     1.064,
 305, 0, 52.359, 52.359, 52.371, 0.012, 24, 52.371, 53.509, 1.137, 1728, 2, 53.509, 53.58, 0.071, 142,     1.220,
 295, 0, 50.232, 50.232, 50.275, 0.043, 86, 50.275, 50.991, 0.716, 931, 2, 50.991, 53.9, 2.91, 5820,     3.668,
 308, 0, 53.02, 53.02, 53.032, 0.011, 23, 53.032, 53.952, 0.92, 2008, 2, 53.952, 53.982, 0.03, 49,     0.962,
 307, 0, 53.009, 53.009, 53.052, 0.043, 56, 53.052, 53.986, 0.934, 1769, 2, 53.986, 54.025, 0.038, 86,     1.016,
 309, 0, 53.112, 53.112, 53.126, 0.014, 27, 53.126, 54.046, 0.921, 1508, 2, 54.046, 54.085, 0.039, 78,     0.973,
 310, 0, 53.204, 53.204, 53.204, 0, 4, 53.204, 54.202, 0.998, 1491, 2, 54.202, 54.251, 0.049, 98,     1.047,
 312, 0, 53.509, 53.509, 53.597, 0.088, 176, 53.597, 54.51, 0.913, 1680, 2, 54.51, 54.589, 0.079, 123,     1.080,
 313, 0, 53.533, 53.533, 53.615, 0.082, 5, 53.615, 54.536, 0.92, 1238, 2, 54.536, 54.589, 0.053, 78,     1.056,
 314, 0, 53.865, 53.865, 53.878, 0.014, 27, 53.878, 54.6, 0.722, 1135, 2, 54.6, 54.61, 0.01, 2,     0.746,
 315, 0, 53.914, 53.914, 54.124, 0.21, 398, 54.124, 54.839, 0.715, 1685, 2, 54.839, 54.869, 0.029, 59,     0.955,
 316, 0, 54.256, 54.256, 54.266, 0.01, 5, 54.266, 55.186, 0.92, 1277, 2, 55.186, 55.212, 0.026, 34,     0.956,
 317, 0, 54.294, 54.294, 54.304, 0.01, 12, 54.304, 55.236, 0.932, 1942, 2, 55.236, 55.331, 0.095, 173,     1.037,
 318, 0, 54.39, 54.39, 54.4, 0.01, 21, 54.4, 55.321, 0.921, 1105, 2, 55.321, 55.386, 0.065, 131,     0.996,
 321, 0, 54.638, 54.638, 54.685, 0.047, 100, 54.685, 55.606, 0.921, 1556, 2, 55.606, 55.616, 0.01, 5,     0.978,
 319, 0, 54.467, 54.467, 54.744, 0.276, 553, 54.744, 55.664, 0.92, 1180, 2, 55.664, 55.683, 0.019, 38,     1.216,
 320, 0, 54.519, 54.519, 54.547, 0.028, 55, 54.547, 55.273, 0.726, 1642, 2, 55.273, 55.695, 0.422, 845,     1.176,
 323, 0, 55.083, 55.083, 55.137, 0.054, 112, 55.137, 56.069, 0.931, 1503, 2, 56.069, 56.103, 0.034, 69,     1.020,
 311, 0, 53.472, 53.472, 53.615, 0.144, 291, 53.615, 54.536, 0.92, 1600, 2, 54.536, 56.227, 1.691, 3383,     2.755,
 324, 0, 55.375, 55.375, 55.398, 0.022, 37, 55.398, 56.319, 0.921, 1089, 2, 56.319, 56.337, 0.019, 37,     0.962,
 322, 0, 55.045, 55.045, 55.553, 0.508, 1016, 55.553, 56.474, 0.921, 1718, 2, 56.474, 56.765, 0.291, 583,     1.720,
 325, 0, 55.955, 55.955, 56.046, 0.091, 182, 56.046, 56.967, 0.921, 1241, 2, 56.967, 56.977, 0.01, 2,     1.022,
 326, 0, 56.232, 56.232, 56.311, 0.079, 135, 56.311, 57.241, 0.93, 1277, 2, 57.241, 57.332, 0.092, 183,     1.101,
 329, 0, 56.449, 56.449, 56.464, 0.015, 27, 56.464, 57.38, 0.916, 1757, 2, 57.38, 57.39, 0.01, 8,     0.941,
 330, 0, 56.654, 56.654, 56.654, 0, 12, 56.654, 57.574, 0.92, 1354, 2, 57.574, 57.605, 0.032, 44,     0.951,
 328, 0, 56.41, 56.41, 56.865, 0.454, 904, 56.865, 57.585, 0.721, 1830, 2, 57.585, 57.625, 0.04, 78,     1.215,
 331, 0, 56.669, 56.669, 56.699, 0.031, 60, 56.699, 57.62, 0.92, 1532, 2, 57.62, 57.635, 0.016, 26,     0.967,
 333, 0, 56.771, 56.771, 56.781, 0.01, 5, 56.781, 57.585, 0.805, 1837, 2, 57.585, 57.669, 0.084, 168,     0.899,
 337, 0, 57.317, 57.317, 57.541, 0.224, 450, 57.541, 58.259, 0.718, 1452, 2, 58.259, 58.273, 0.014, 32,     0.956,
 335, 0, 57.285, 57.285, 57.317, 0.032, 67, 57.317, 58.237, 0.92, 1213, 2, 58.237, 58.31, 0.072, 132,     1.024,
 338, 0, 57.581, 57.581, 57.653, 0.073, 146, 57.653, 58.573, 0.92, 1558, 2, 58.573, 58.584, 0.011, 21,     1.003,
 327, 0, 56.311, 56.311, 56.321, 0.01, 3, 56.321, 57.241, 0.92, 1299, 2, 57.241, 58.766, 1.525, 3051,     2.455,
 336, 0, 57.304, 57.304, 57.327, 0.023, 33, 57.327, 58.257, 0.93, 1753, 2, 58.257, 58.796, 0.539, 1097,     1.491,
 332, 0, 56.689, 56.689, 56.754, 0.064, 109, 56.754, 57.674, 0.92, 1478, 2, 57.674, 59.116, 1.442, 2894,     2.427,
 339, 0, 57.591, 57.591, 57.982, 0.392, 758, 57.982, 58.903, 0.921, 1359, 2, 58.903, 59.209, 0.305, 611,     1.618,
 341, 0, 58.436, 58.436, 58.45, 0.014, 27, 58.45, 59.367, 0.917, 1344, 2, 59.367, 59.377, 0.01, 14,     0.940,
 342, 0, 58.461, 58.461, 58.481, 0.02, 41, 58.481, 59.401, 0.92, 542, 2, 59.401, 59.432, 0.031, 62,     0.972,
 334, 0, 57.169, 57.169, 57.195, 0.026, 52, 57.195, 58.13, 0.935, 1072, 2, 58.13, 59.517, 1.387, 2774,     2.348,
 344, 0, 58.701, 58.701, 58.867, 0.167, 48, 58.867, 59.583, 0.716, 1248, 2, 59.583, 59.612, 0.029, 57,     0.911,
 345, 0, 58.735, 58.735, 58.953, 0.218, 165, 58.953, 59.667, 0.714, 1571, 2, 59.667, 59.677, 0.01, 18,     0.942,
 340, 0, 58.146, 58.146, 58.843, 0.697, 1395, 58.843, 59.764, 0.92, 1636, 2, 59.764, 59.774, 0.01, 18,     1.627,
 347, 0, 58.943, 58.943, 59.244, 0.301, 166, 59.244, 60.165, 0.921, 1639, 2, 60.165, 60.176, 0.011, 22,     1.233,
 346, 0, 58.788, 58.788, 59.535, 0.747, 1164, 59.535, 60.251, 0.716, 1159, 2, 60.251, 60.261, 0.01, 1,     1.473,
 349, 0, 59.164, 59.164, 59.29, 0.125, 10, 59.29, 60.327, 1.037, 1370, 2, 60.327, 60.337, 0.01, 2,     1.173,
 343, 0, 58.642, 58.642, 59.157, 0.515, 1016, 59.157, 60.077, 0.92, 1473, 2, 60.077, 60.367, 0.29, 581,     1.726,
 350, 0, 59.28, 59.28, 59.438, 0.158, 297, 59.438, 60.415, 0.977, 1886, 2, 60.415, 60.423, 0.008, 17,     1.143,
 353, 0, 59.674, 59.674, 59.707, 0.033, 44, 59.707, 60.423, 0.716, 996, 2, 60.423, 60.523, 0.099, 216,     0.848,
 351, 0, 59.304, 59.304, 59.458, 0.153, 30, 59.458, 60.45, 0.992, 1609, 2, 60.45, 60.604, 0.154, 308,     1.299,
 352, 0, 59.586, 59.586, 59.707, 0.121, 242, 59.707, 60.423, 0.716, 1336, 2, 60.423, 60.626, 0.203, 405,     1.039,
 348, 0, 59.05, 59.05, 59.279, 0.229, 70, 59.279, 60.2, 0.921, 1790, 2, 60.2, 60.737, 0.537, 1075,     1.687,
 354, 0, 60.064, 60.064, 60.158, 0.094, 188, 60.158, 61.079, 0.921, 1438, 2, 61.079, 61.112, 0.033, 67,     1.048,
 355, 0, 60.214, 60.214, 60.214, 0, 2, 60.214, 61.16, 0.946, 1607, 2, 61.16, 61.188, 0.028, 31,     0.974,
 361, 0, 60.582, 60.582, 60.592, 0.01, 26, 60.592, 61.308, 0.715, 1802, 2, 61.308, 61.338, 0.031, 62,     0.756,
 360, 0, 60.487, 60.487, 60.507, 0.02, 2, 60.507, 61.322, 0.815, 1135, 2, 61.322, 61.358, 0.037, 42,     0.872,
 357, 0, 60.374, 60.374, 60.455, 0.081, 149, 60.455, 61.365, 0.91, 1353, 2, 61.365, 61.365, 0, 10,     0.992,
 359, 0, 60.431, 60.431, 60.74, 0.309, 549, 60.74, 61.66, 0.92, 1071, 2, 61.66, 61.67, 0.01, 14,     1.239,
 358, 0, 60.391, 60.391, 60.497, 0.105, 78, 60.497, 61.578, 1.082, 2019, 2, 61.578, 61.771, 0.193, 386,     1.380,
 363, 0, 60.806, 60.806, 60.837, 0.032, 58, 60.837, 61.758, 0.921, 1521, 2, 61.758, 61.827, 0.069, 156,     1.021,
 365, 0, 61.013, 61.013, 61.108, 0.095, 170, 61.108, 62.041, 0.934, 1986, 2, 62.041, 62.137, 0.096, 193,     1.125,
 362, 0, 60.793, 60.793, 61.023, 0.229, 455, 61.023, 61.943, 0.92, 1101, 2, 61.943, 62.157, 0.215, 403,     1.364,
 367, 0, 61.279, 61.279, 61.33, 0.051, 103, 61.33, 62.052, 0.723, 1143, 2, 62.052, 62.157, 0.105, 182,     0.879,
 366, 0, 61.098, 61.098, 61.156, 0.058, 88, 61.156, 62.192, 1.036, 778, 2, 62.192, 62.256, 0.064, 128,     1.158,
 368, 0, 61.348, 61.348, 61.356, 0.008, 13, 61.356, 62.291, 0.935, 1416, 2, 62.291, 62.301, 0.01, 1,     0.952,
 370, 0, 61.454, 61.454, 61.497, 0.043, 86, 61.497, 62.418, 0.921, 1277, 2, 62.418, 62.501, 0.084, 167,     1.047,
 371, 0, 61.821, 61.821, 61.821, 0, 3, 61.821, 62.532, 0.711, 1512, 2, 62.532, 62.555, 0.023, 47,     0.734,
 369, 0, 61.433, 61.433, 61.576, 0.143, 275, 61.576, 62.49, 0.914, 1216, 2, 62.49, 62.592, 0.103, 206,     1.160,
 364, 0, 60.936, 60.936, 61.128, 0.192, 358, 61.128, 62.041, 0.914, 1557, 2, 62.041, 62.75, 0.709, 1419,     1.814,
 372, 0, 61.925, 61.925, 61.935, 0.01, 15, 61.935, 62.659, 0.724, 1434, 2, 62.659, 62.773, 0.114, 228,     0.848,
 373, 0, 62.124, 62.124, 62.394, 0.27, 541, 62.394, 63.11, 0.715, 1079, 2, 63.11, 63.12, 0.01, 9,     0.996,
 356, 0, 60.244, 60.244, 60.466, 0.222, 427, 60.466, 61.41, 0.945, 1456, 2, 61.41, 63.148, 1.738, 3476,     2.904,
 375, 0, 62.554, 62.554, 62.755, 0.201, 402, 62.755, 63.471, 0.716, 859, 2, 63.471, 63.512, 0.041, 99,     0.959,
 378, 0, 62.676, 62.676, 62.691, 0.015, 30, 62.691, 63.612, 0.921, 1435, 2, 63.612, 63.659, 0.047, 95,     0.983,
 379, 0, 62.832, 62.832, 62.842, 0.01, 9, 62.842, 63.766, 0.924, 1622, 2, 63.766, 63.778, 0.012, 24,     0.946,
 377, 0, 62.627, 62.627, 62.637, 0.01, 19, 62.637, 63.557, 0.92, 1218, 2, 63.557, 63.942, 0.385, 770,     1.315,
 374, 0, 62.224, 62.224, 62.256, 0.032, 64, 62.256, 62.972, 0.716, 1521, 2, 62.972, 64.016, 1.045, 2090,     1.792,
 381, 0, 63.24, 63.24, 63.24, 0, 10, 63.24, 64.161, 0.921, 1545, 2, 64.161, 64.171, 0.01, 1,     0.931,
 382, 0, 63.605, 63.605, 63.648, 0.043, 69, 63.648, 64.568, 0.92, 1321, 2, 64.568, 64.599, 0.031, 62,     0.994,
 383, 0, 63.709, 63.709, 63.735, 0.026, 55, 63.735, 64.656, 0.92, 1841, 2, 64.656, 64.673, 0.017, 34,     0.964,
 380, 0, 63.19, 63.19, 63.774, 0.585, 1185, 63.774, 64.695, 0.92, 1803, 2, 64.695, 64.764, 0.069, 138,     1.574,
 384, 0, 63.881, 63.881, 63.94, 0.059, 109, 63.94, 64.865, 0.925, 1276, 2, 64.865, 64.89, 0.025, 61,     1.008,
 385, 0, 63.976, 63.976, 64.013, 0.037, 86, 64.013, 64.934, 0.921, 1964, 2, 64.934, 65.02, 0.086, 151,     1.044,
 387, 0, 64.174, 64.174, 64.184, 0.01, 18, 64.184, 65.104, 0.92, 1230, 2, 65.104, 65.126, 0.022, 43,     0.952,
 376, 0, 62.583, 62.583, 62.597, 0.014, 29, 62.597, 63.517, 0.92, 1722, 2, 63.517, 65.512, 1.995, 4000,     2.929,
 389, 0, 64.532, 64.532, 64.579, 0.046, 93, 64.579, 65.499, 0.921, 1204, 2, 65.499, 65.532, 0.033, 29,     1.000,
 388, 0, 64.511, 64.511, 64.511, 0, 11, 64.511, 65.431, 0.92, 1421, 2, 65.431, 65.572, 0.141, 249,     1.061,
 390, 0, 64.646, 64.646, 64.675, 0.029, 72, 64.675, 65.596, 0.921, 1459, 2, 65.596, 65.632, 0.037, 73,     0.987,
 391, 0, 64.967, 64.967, 64.977, 0.01, 20, 64.977, 65.692, 0.715, 1742, 2, 65.692, 65.81, 0.119, 237,     0.844,
 392, 0, 65.072, 65.072, 65.117, 0.045, 90, 65.117, 66.038, 0.921, 1849, 2, 66.038, 66.062, 0.024, 48,     0.990,
 386, 0, 63.992, 63.992, 65.451, 1.459, 2919, 65.451, 66.386, 0.935, 1072, 2, 66.386, 66.518, 0.132, 264,     2.526,
 393, 0, 65.624, 65.624, 65.645, 0.022, 50, 65.645, 66.573, 0.928, 1457, 2, 66.573, 66.583, 0.01, 17,     0.960,
 394, 0, 65.799, 65.799, 65.893, 0.095, 153, 65.893, 66.812, 0.919, 1035, 2, 66.812, 66.821, 0.009, 13,     1.022,
 398, 0, 66.099, 66.099, 66.109, 0.01, 4, 66.109, 66.821, 0.712, 1604, 2, 66.821, 66.838, 0.016, 51,     0.738,
 395, 0, 65.896, 65.896, 65.906, 0.01, 14, 65.906, 66.823, 0.917, 1853, 2, 66.823, 66.874, 0.051, 103,     0.978,
 396, 0, 65.93, 65.93, 65.94, 0.01, 10, 65.94, 66.86, 0.92, 1690, 2, 66.86, 66.893, 0.033, 66,     0.962,
 397, 0, 66.085, 66.085, 66.119, 0.034, 65, 66.119, 67.062, 0.943, 1567, 2, 67.062, 67.258, 0.196, 393,     1.173,
 400, 0, 66.704, 66.704, 66.722, 0.018, 36, 66.722, 67.636, 0.914, 1872, 2, 67.636, 67.664, 0.028, 55,     0.959,
 401, 0, 66.728, 66.728, 66.738, 0.01, 13, 66.738, 67.67, 0.933, 1022, 2, 67.67, 67.684, 0.014, 41,     0.957,
 399, 0, 66.534, 66.534, 66.757, 0.224, 455, 66.757, 67.69, 0.933, 1620, 2, 67.69, 67.914, 0.224, 459,     1.380,
 403, 0, 67.243, 67.243, 67.253, 0.01, 17, 67.253, 67.974, 0.72, 1552, 2, 67.974, 67.984, 0.01, 16,     0.740,
 402, 0, 66.893, 66.893, 66.903, 0.01, 1, 66.903, 67.621, 0.718, 1535, 2, 67.621, 68.002, 0.381, 762,     1.109,
 404, 0, 67.295, 67.295, 67.295, 0, 14, 67.295, 68.014, 0.719, 1436, 2, 68.014, 68.024, 0.01, 9,     0.729,
 406, 0, 67.544, 67.544, 67.563, 0.019, 21, 67.563, 68.483, 0.92, 1668, 2, 68.483, 68.52, 0.037, 74,     0.976,
 407, 0, 67.902, 67.902, 67.912, 0.01, 6, 67.912, 68.849, 0.937, 1257, 2, 68.849, 68.859, 0.01, 18,     0.957,
 411, 0, 68.135, 68.135, 68.294, 0.158, 63, 68.294, 69.032, 0.739, 1471, 2, 69.032, 69.042, 0.01, 20,     0.907,
 410, 0, 68.105, 68.105, 68.256, 0.151, 189, 68.256, 69.176, 0.92, 1501, 2, 69.176, 69.202, 0.025, 51,     1.097,
 408, 0, 68.038, 68.038, 68.318, 0.28, 576, 68.318, 69.239, 0.921, 1128, 2, 69.239, 69.249, 0.01, 17,     1.211,
 409, 0, 68.095, 68.095, 68.159, 0.064, 128, 68.159, 69.078, 0.919, 1848, 2, 69.078, 69.26, 0.181, 363,     1.165,
 413, 0, 68.257, 68.257, 68.428, 0.172, 221, 68.428, 69.282, 0.854, 1103, 2, 69.282, 69.326, 0.044, 87,     1.069,
 412, 0, 68.247, 68.247, 68.338, 0.091, 53, 68.338, 69.328, 0.99, 2039, 2, 69.328, 69.369, 0.04, 86,     1.121,
 414, 0, 68.314, 68.314, 68.395, 0.081, 114, 68.395, 69.426, 1.031, 1417, 2, 69.426, 69.503, 0.077, 154,     1.189,
 405, 0, 67.34, 67.34, 67.35, 0.01, 6, 67.35, 68.072, 0.722, 1184, 2, 68.072, 69.706, 1.634, 3255,     2.366,
 416, 0, 69.467, 69.467, 69.516, 0.049, 62, 69.516, 70.461, 0.946, 1663, 2, 70.461, 70.472, 0.01, 21,     1.005,
 421, 0, 70.078, 70.078, 70.078, 0, 10, 70.078, 70.808, 0.73, 1142, 2, 70.808, 70.821, 0.013, 26,     0.743,
 420, 0, 70.032, 70.032, 70.058, 0.025, 51, 70.058, 70.798, 0.74, 1573, 2, 70.798, 70.843, 0.045, 90,     0.810,
 418, 0, 69.767, 69.767, 69.84, 0.073, 146, 69.84, 70.761, 0.92, 1808, 2, 70.761, 70.906, 0.145, 298,     1.139,
 419, 0, 69.926, 69.926, 70.02, 0.094, 161, 70.02, 70.94, 0.92, 1379, 2, 70.94, 70.95, 0.01, 6,     1.024,
 422, 0, 70.145, 70.145, 70.155, 0.01, 21, 70.155, 71.076, 0.921, 1607, 2, 71.076, 71.096, 0.02, 59,     0.951,
 417, 0, 69.599, 69.599, 69.626, 0.027, 54, 69.626, 71.147, 1.521, 1379, 2, 71.147, 71.157, 0.01, 7,     1.558,
 423, 0, 70.173, 70.173, 70.397, 0.224, 422, 70.397, 71.316, 0.919, 1482, 2, 71.316, 71.332, 0.016, 52,     1.159,
 424, 0, 70.246, 70.246, 70.419, 0.173, 43, 70.419, 71.657, 1.239, 1288, 2, 71.657, 71.76, 0.102, 205,     1.514,
 425, 0, 70.886, 70.886, 71.006, 0.12, 240, 71.006, 71.94, 0.934, 1352, 2, 71.94, 72.01, 0.07, 141,     1.124,
 426, 0, 71.134, 71.134, 71.201, 0.067, 120, 71.201, 72.189, 0.989, 2113, 2, 72.189, 72.22, 0.031, 46,     1.086,
 427, 0, 71.238, 71.238, 71.248, 0.01, 14, 71.248, 72.371, 1.124, 2152, 2, 72.371, 72.411, 0.04, 99,     1.173,
 428, 0, 71.599, 71.599, 71.631, 0.031, 38, 71.631, 72.549, 0.918, 1747, 2, 72.549, 72.615, 0.067, 133,     1.016,
 429, 0, 71.865, 71.865, 71.921, 0.056, 101, 71.921, 72.833, 0.912, 1775, 2, 72.833, 72.833, 0, 5,     0.968,
 430, 0, 71.911, 71.911, 71.948, 0.037, 41, 71.948, 73.121, 1.173, 1760, 2, 73.121, 73.146, 0.025, 50,     1.235,
 415, 0, 69.359, 69.359, 72.807, 3.448, 6873, 72.807, 73.725, 0.919, 1024, 2, 73.725, 73.763, 0.038, 76,     4.404,
 431, 0, 72.543, 72.543, 72.597, 0.054, 98, 72.597, 73.745, 1.148, 1593, 2, 73.745, 73.795, 0.049, 116,     1.251,
 434, 0, 72.81, 72.81, 72.9, 0.09, 89, 72.9, 73.807, 0.907, 977, 2, 73.807, 73.892, 0.085, 170,     1.082,
 436, 0, 73.08, 73.08, 73.099, 0.019, 39, 73.099, 74.02, 0.92, 1638, 2, 74.02, 74.094, 0.074, 149,     1.014,
 433, 0, 72.777, 72.777, 72.837, 0.06, 62, 72.837, 74.006, 1.169, 1806, 2, 74.006, 74.111, 0.104, 209,     1.334,
 435, 0, 72.82, 72.82, 72.914, 0.094, 1, 72.914, 74.194, 1.281, 1540, 2, 74.194, 74.206, 0.011, 23,     1.386,
 438, 0, 73.261, 73.261, 73.38, 0.12, 240, 73.38, 74.301, 0.921, 1412, 2, 74.301, 74.321, 0.02, 40,     1.060,
 439, 0, 73.274, 73.274, 73.401, 0.126, 25, 73.401, 74.391, 0.991, 1331, 2, 74.391, 74.404, 0.013, 25,     1.129,
 441, 0, 73.332, 73.332, 73.615, 0.283, 58, 73.615, 74.35, 0.735, 1590, 2, 74.35, 74.446, 0.096, 193,     1.114,
 442, 0, 73.74, 73.74, 73.74, 0, 7, 73.74, 74.678, 0.938, 1599, 2, 74.678, 74.692, 0.014, 28,     0.952,
 440, 0, 73.281, 73.281, 73.586, 0.305, 361, 73.586, 74.772, 1.186, 1621, 2, 74.772, 74.807, 0.035, 71,     1.526,
 437, 0, 73.181, 73.181, 73.209, 0.028, 57, 73.209, 74.142, 0.932, 1408, 2, 74.142, 75.051, 0.91, 1820,     1.870,
 446, 0, 74.312, 74.312, 74.332, 0.02, 40, 74.332, 75.053, 0.721, 1098, 2, 75.053, 75.065, 0.012, 29,     0.753,
 443, 0, 73.901, 73.901, 73.953, 0.052, 95, 73.953, 74.874, 0.92, 1294, 2, 74.874, 75.085, 0.212, 395,     1.184,
 444, 0, 73.991, 73.991, 74.001, 0.01, 20, 74.001, 75.171, 1.169, 712, 2, 75.171, 75.193, 0.022, 27,     1.202,
 445, 0, 74.092, 74.092, 74.109, 0.016, 33, 74.109, 75.436, 1.328, 1579, 2, 75.436, 75.72, 0.284, 567,     1.628,
 447, 0, 74.802, 74.802, 74.812, 0.01, 7, 74.812, 75.731, 0.918, 1357, 2, 75.731, 75.832, 0.102, 203,     1.030,
 449, 0, 74.93, 74.93, 75.419, 0.49, 11, 75.419, 76.339, 0.92, 1582, 2, 76.339, 76.349, 0.01, 15,     1.420,
 448, 0, 74.918, 74.918, 75.409, 0.491, 965, 75.409, 76.325, 0.915, 838, 2, 76.325, 76.463, 0.138, 277,     1.545,
 450, 0, 75.047, 75.047, 75.439, 0.393, 32, 75.439, 76.167, 0.727, 2429, 2, 76.167, 76.592, 0.426, 852,     1.546,
 452, 0, 75.182, 75.182, 75.757, 0.575, 261, 75.757, 76.675, 0.918, 1681, 2, 76.675, 76.692, 0.017, 34,     1.510,
 453, 0, 75.195, 75.195, 75.79, 0.594, 44, 75.79, 76.968, 1.178, 1575, 2, 76.968, 77.179, 0.211, 423,     1.983,
 455, 0, 75.378, 75.378, 76.246, 0.868, 35, 76.246, 77.165, 0.918, 2051, 2, 77.165, 77.204, 0.039, 78,     1.826,
 432, 0, 72.768, 72.768, 76.226, 3.458, 6917, 76.226, 77.136, 0.909, 1910, 2, 77.136, 77.239, 0.103, 207,     4.471,
 458, 0, 75.936, 75.936, 76.491, 0.556, 144, 76.491, 77.227, 0.735, 1624, 2, 77.227, 77.312, 0.085, 171,     1.376,
 460, 0, 76.166, 76.166, 76.564, 0.398, 146, 76.564, 77.292, 0.727, 1775, 2, 77.292, 77.371, 0.08, 154,     1.205,
 454, 0, 75.24, 75.24, 76.401, 1.161, 1209, 76.401, 77.385, 0.984, 1494, 2, 77.385, 77.424, 0.039, 78,     2.184,
 457, 0, 75.906, 75.906, 76.401, 0.495, 228, 76.401, 77.414, 1.013, 1309, 2, 77.414, 77.581, 0.167, 335,     1.675,
 456, 0, 75.399, 75.399, 76.281, 0.881, 47, 76.281, 77.607, 1.326, 1492, 2, 77.607, 77.617, 0.01, 2,     2.217,
 459, 0, 76.097, 76.097, 76.491, 0.394, 6, 76.491, 77.207, 0.715, 1860, 2, 77.207, 77.68, 0.473, 953,     1.583,
 462, 0, 76.792, 76.792, 76.792, 0, 8, 76.792, 77.701, 0.909, 945, 2, 77.701, 77.711, 0.01, 12,     0.919,
 461, 0, 76.775, 76.775, 76.785, 0.01, 10, 76.785, 77.701, 0.916, 1380, 2, 77.701, 77.731, 0.03, 34,     0.956,
 465, 0, 76.94, 76.94, 77.051, 0.111, 188, 77.051, 77.767, 0.717, 1475, 2, 77.767, 77.778, 0.01, 20,     0.838,
 467, 0, 77.275, 77.275, 77.305, 0.031, 52, 77.305, 78.017, 0.712, 1701, 2, 78.017, 78.038, 0.02, 41,     0.763,
 466, 0, 77.198, 77.198, 77.208, 0.01, 17, 77.208, 77.931, 0.723, 1162, 2, 77.931, 78.068, 0.137, 274,     0.870,
 463, 0, 76.853, 76.853, 76.917, 0.063, 127, 76.917, 78.099, 1.182, 1362, 2, 78.099, 78.143, 0.044, 89,     1.290,
 468, 0, 77.295, 77.295, 77.325, 0.03, 28, 77.325, 78.253, 0.928, 1644, 2, 78.253, 78.263, 0.01, 18,     0.968,
 469, 0, 77.378, 77.378, 77.408, 0.029, 59, 77.408, 78.328, 0.92, 1386, 2, 78.328, 78.345, 0.017, 35,     0.967,
 464, 0, 76.899, 76.899, 77.71, 0.811, 1604, 77.71, 78.628, 0.918, 1438, 2, 78.628, 78.651, 0.022, 31,     1.751,
 471, 0, 77.788, 77.788, 77.798, 0.01, 5, 77.798, 78.716, 0.919, 2206, 2, 78.716, 78.743, 0.027, 54,     0.956,
 470, 0, 77.43, 77.43, 77.463, 0.033, 66, 77.463, 78.84, 1.377, 1510, 2, 78.84, 78.87, 0.03, 46,     1.440,
 472, 0, 77.811, 77.811, 77.838, 0.026, 42, 77.838, 78.914, 1.077, 1112, 2, 78.914, 78.985, 0.071, 142,     1.174,
 473, 0, 78.058, 78.058, 78.069, 0.011, 22, 78.069, 78.986, 0.917, 1490, 2, 78.986, 79.01, 0.024, 39,     0.952,
 451, 0, 75.158, 75.158, 75.618, 0.461, 341, 75.618, 76.574, 0.955, 1558, 2, 76.574, 79.174, 2.6, 5197,     4.016,
 475, 0, 78.224, 78.224, 78.247, 0.023, 32, 78.247, 79.164, 0.918, 1944, 2, 79.164, 79.174, 0.01, 5,     0.950,
 474, 0, 78.11, 78.11, 78.268, 0.158, 328, 78.268, 79.236, 0.968, 1238, 2, 79.236, 79.316, 0.081, 161,     1.207,
 476, 0, 78.268, 78.268, 78.299, 0.031, 51, 78.299, 79.471, 1.172, 1374, 2, 79.471, 79.539, 0.069, 122,     1.271,
 477, 0, 78.393, 78.393, 78.483, 0.09, 180, 78.483, 79.656, 1.172, 1850, 2, 79.656, 79.666, 0.01, 10,     1.272,
 478, 0, 78.487, 78.487, 78.738, 0.251, 510, 78.738, 79.656, 0.918, 1826, 2, 79.656, 79.736, 0.08, 160,     1.249,
 480, 0, 78.892, 78.892, 78.942, 0.05, 77, 78.942, 79.739, 0.797, 1168, 2, 79.739, 79.749, 0.01, 10,     0.857,
 479, 0, 78.878, 78.878, 78.942, 0.064, 104, 78.942, 79.862, 0.92, 1457, 2, 79.862, 79.872, 0.01, 18,     0.995,
 484, 0, 79.274, 79.274, 79.29, 0.016, 32, 79.29, 80.021, 0.731, 984, 2, 80.021, 80.031, 0.01, 21,     0.757,
 482, 0, 79.142, 79.142, 79.177, 0.035, 52, 79.177, 80.097, 0.92, 1627, 2, 80.097, 80.124, 0.027, 54,     0.981,
 485, 0, 79.314, 79.314, 79.387, 0.073, 110, 79.387, 80.103, 0.716, 1756, 2, 80.103, 80.134, 0.032, 71,     0.820,
 483, 0, 79.177, 79.177, 79.2, 0.022, 45, 79.2, 80.126, 0.926, 1306, 2, 80.126, 80.144, 0.018, 28,     0.967,
 481, 0, 79.03, 79.03, 79.041, 0.011, 23, 79.041, 80.356, 1.315, 1263, 2, 80.356, 80.366, 0.01, 19,     1.336,
 488, 0, 79.945, 79.945, 80.015, 0.07, 141, 80.015, 80.936, 0.921, 1544, 2, 80.936, 80.972, 0.037, 73,     1.028,
 489, 0, 79.97, 79.97, 79.98, 0.01, 13, 79.98, 81.145, 1.165, 1690, 2, 81.145, 81.155, 0.01, 2,     1.185,
 487, 0, 79.864, 79.864, 79.893, 0.029, 63, 79.893, 80.812, 0.919, 1957, 2, 80.812, 81.3, 0.488, 977,     1.436,
 486, 0, 79.429, 79.429, 79.721, 0.291, 584, 79.721, 80.657, 0.936, 1307, 2, 80.657, 81.32, 0.663, 1300,     1.891,
 490, 0, 80.65, 80.65, 80.65, 0, 10, 80.65, 81.572, 0.922, 1472, 2, 81.572, 81.582, 0.01, 17,     0.932,
 492, 0, 80.729, 80.729, 80.759, 0.03, 51, 80.759, 81.678, 0.919, 1480, 2, 81.678, 81.753, 0.076, 151,     1.024,
 493, 0, 80.916, 80.916, 80.926, 0.01, 6, 80.926, 81.859, 0.933, 2015, 2, 81.859, 81.962, 0.103, 195,     1.046,
 496, 0, 81.132, 81.132, 81.32, 0.188, 346, 81.32, 82.24, 0.92, 1475, 2, 82.24, 82.294, 0.055, 109,     1.163,
 494, 0, 80.98, 80.98, 80.99, 0.01, 1, 80.99, 82.163, 1.172, 1759, 2, 82.163, 82.315, 0.153, 318,     1.335,
 491, 0, 80.67, 80.67, 80.686, 0.016, 33, 80.686, 81.859, 1.173, 2030, 2, 81.859, 82.326, 0.467, 935,     1.656,
 497, 0, 81.178, 81.178, 81.208, 0.029, 41, 81.208, 82.394, 1.186, 904, 2, 82.394, 82.432, 0.037, 75,     1.253,
 495, 0, 81.043, 81.043, 81.102, 0.058, 130, 81.102, 82.331, 1.23, 1795, 2, 82.331, 82.469, 0.137, 285,     1.425,
 499, 0, 81.542, 81.542, 81.57, 0.028, 36, 81.57, 82.49, 0.92, 1679, 2, 82.49, 82.52, 0.03, 70,     0.978,
 498, 0, 81.198, 81.198, 81.853, 0.655, 1290, 81.853, 82.773, 0.92, 1190, 2, 82.773, 82.807, 0.034, 68,     1.609,
 500, 0, 81.856, 81.856, 81.869, 0.013, 32, 81.869, 82.807, 0.938, 774, 2, 82.807, 82.838, 0.031, 46,     0.983,
 501, 0, 82.058, 82.058, 82.106, 0.049, 97, 82.106, 82.828, 0.722, 1783, 2, 82.828, 83.062, 0.234, 468,     1.004,
 503, 0, 82.316, 82.316, 82.326, 0.01, 15, 82.326, 83.24, 0.915, 1235, 2, 83.24, 83.25, 0.01, 12,     0.935,
 504, 0, 82.341, 82.341, 82.379, 0.037, 71, 82.379, 83.31, 0.932, 1564, 2, 83.31, 83.358, 0.048, 114,     1.017,
 502, 0, 82.118, 82.118, 82.129, 0.011, 22, 82.129, 83.301, 1.173, 1263, 2, 83.301, 83.51, 0.208, 417,     1.392,
 506, 0, 82.423, 82.423, 82.457, 0.034, 52, 82.457, 83.19, 0.732, 1640, 2, 83.19, 83.549, 0.36, 720,     1.126,
 508, 0, 82.935, 82.935, 82.964, 0.03, 48, 82.964, 83.885, 0.92, 1353, 2, 83.885, 83.895, 0.01, 5,     0.960,
 509, 0, 83.153, 83.153, 83.204, 0.051, 89, 83.204, 84.122, 0.918, 1653, 2, 84.122, 84.164, 0.043, 85,     1.012,
 510, 0, 83.217, 83.217, 83.241, 0.024, 29, 83.241, 84.177, 0.937, 1785, 2, 84.177, 84.187, 0.01, 17,     0.971,
 511, 0, 83.296, 83.296, 83.744, 0.447, 903, 83.744, 84.67, 0.926, 1888, 2, 84.67, 84.75, 0.081, 161,     1.454,
 514, 0, 83.841, 83.841, 83.876, 0.035, 35, 83.876, 84.797, 0.921, 1231, 2, 84.797, 84.807, 0.01, 16,     0.966,
 512, 0, 83.631, 83.631, 83.7, 0.069, 138, 83.7, 84.872, 1.172, 1406, 2, 84.872, 85.076, 0.204, 409,     1.445,
 513, 0, 83.806, 83.806, 83.953, 0.147, 302, 83.953, 85.122, 1.169, 1884, 2, 85.122, 85.132, 0.01, 11,     1.326,
 515, 0, 83.943, 83.943, 83.992, 0.049, 98, 83.992, 85.17, 1.178, 1363, 2, 85.17, 85.253, 0.083, 166,     1.310,
 517, 0, 84.773, 84.773, 84.783, 0.01, 1, 84.783, 85.715, 0.931, 1729, 2, 85.715, 85.77, 0.055, 111,     0.997,
 519, 0, 85.227, 85.227, 85.237, 0.011, 22, 85.237, 86.156, 0.919, 1276, 2, 86.156, 86.196, 0.04, 70,     0.969,
 520, 0, 85.257, 85.257, 85.338, 0.081, 149, 85.338, 86.257, 0.919, 1756, 2, 86.257, 86.35, 0.093, 187,     1.093,
 507, 0, 82.537, 82.537, 82.569, 0.032, 64, 82.569, 83.489, 0.92, 1627, 2, 83.489, 86.396, 2.907, 5778,     3.859,
 521, 0, 85.289, 85.289, 85.348, 0.059, 18, 85.348, 86.406, 1.058, 1487, 2, 86.406, 86.416, 0.01, 31,     1.127,
 516, 0, 84.432, 84.432, 84.49, 0.058, 117, 84.49, 85.41, 0.92, 1643, 2, 85.41, 86.507, 1.097, 2157,     2.075,
 522, 0, 85.338, 85.338, 85.368, 0.03, 7, 85.368, 86.507, 1.139, 1054, 2, 86.507, 86.531, 0.024, 48,     1.193,
 523, 0, 85.421, 85.421, 85.437, 0.016, 32, 85.437, 86.297, 0.86, 1412, 2, 86.297, 86.579, 0.282, 565,     1.159,
 524, 0, 85.491, 85.491, 85.557, 0.066, 124, 85.557, 86.722, 1.165, 933, 2, 86.722, 86.792, 0.07, 124,     1.301,
 518, 0, 84.999, 84.999, 85.923, 0.924, 1861, 85.923, 86.905, 0.983, 1209, 2, 86.905, 86.918, 0.013, 26,     1.920,
 525, 0, 85.696, 85.696, 85.706, 0.01, 15, 85.706, 86.656, 0.949, 1295, 2, 86.656, 87.197, 0.541, 1083,     1.501,
 526, 0, 86.493, 86.493, 86.507, 0.014, 28, 86.507, 87.426, 0.919, 1377, 2, 87.426, 87.443, 0.017, 35,     0.950,
 528, 0, 86.612, 86.612, 86.622, 0.01, 13, 86.622, 87.677, 1.055, 1399, 2, 87.677, 87.765, 0.088, 172,     1.153,
 529, 0, 86.681, 86.681, 86.681, 0, 9, 86.681, 87.638, 0.957, 2139, 2, 87.638, 87.795, 0.157, 314,     1.114,
 532, 0, 86.946, 86.946, 86.991, 0.046, 105, 86.991, 87.927, 0.935, 1332, 2, 87.927, 87.94, 0.013, 26,     0.994,
 531, 0, 86.89, 86.89, 87.07, 0.18, 360, 87.07, 87.991, 0.921, 1033, 2, 87.991, 88.022, 0.031, 47,     1.132,
 530, 0, 86.724, 86.724, 86.75, 0.026, 29, 86.75, 88.022, 1.272, 1519, 2, 88.022, 88.058, 0.036, 72,     1.334,
 527, 0, 86.541, 86.541, 86.819, 0.278, 560, 86.819, 88.002, 1.183, 1665, 2, 88.002, 88.134, 0.132, 264,     1.593,
 534, 0, 87.288, 87.288, 87.343, 0.054, 123, 87.343, 88.527, 1.184, 1443, 2, 88.527, 88.547, 0.02, 40,     1.258,
 535, 0, 87.398, 87.398, 88.507, 1.11, 2220, 88.507, 89.49, 0.982, 1372, 2, 89.49, 89.54, 0.05, 101,     2.142,
 505, 0, 82.369, 82.369, 82.491, 0.123, 211, 82.491, 83.803, 1.312, 1466, 2, 83.803, 89.709, 5.906, 11812,     7.341,
 536, 0, 87.66, 87.66, 89.129, 1.469, 1243, 89.129, 90.047, 0.918, 1456, 2, 90.047, 90.057, 0.01, 17,     2.397,
 533, 0, 87.254, 87.254, 89.418, 2.164, 4313, 89.418, 90.343, 0.925, 1689, 2, 90.343, 90.353, 0.01, 32,     3.099,
 538, 0, 87.825, 87.825, 89.193, 1.368, 58, 89.193, 90.365, 1.172, 1941, 2, 90.365, 90.413, 0.049, 97,     2.589,
 540, 0, 88.053, 88.053, 89.596, 1.543, 356, 89.596, 90.508, 0.912, 1459, 2, 90.508, 90.527, 0.019, 37,     2.474,
 541, 0, 88.178, 88.178, 89.647, 1.468, 93, 89.647, 90.61, 0.963, 1680, 2, 90.61, 90.62, 0.01, 1,     2.442,
 544, 0, 88.51, 88.51, 89.76, 1.25, 31, 89.76, 90.72, 0.96, 1507, 2, 90.72, 90.73, 0.01, 10,     2.220,
 542, 0, 88.293, 88.293, 89.678, 1.384, 62, 89.678, 90.758, 1.08, 1891, 2, 90.758, 90.772, 0.014, 28,     2.478,
 537, 0, 87.741, 87.741, 89.149, 1.407, 33, 89.149, 90.087, 0.938, 1645, 2, 90.087, 90.805, 0.718, 1437,     3.064,
 550, 0, 89.531, 89.531, 89.905, 0.374, 3, 89.905, 90.788, 0.883, 1409, 2, 90.788, 90.825, 0.037, 48,     1.294,
 545, 0, 88.597, 88.597, 89.794, 1.197, 41, 89.794, 90.86, 1.066, 1595, 2, 90.86, 90.87, 0.01, 1,     2.273,
 543, 0, 88.335, 88.335, 89.733, 1.399, 111, 89.733, 90.922, 1.189, 1170, 2, 90.922, 90.941, 0.019, 39,     2.607,
 549, 0, 89.482, 89.482, 89.891, 0.409, 54, 89.891, 90.97, 1.079, 1390, 2, 90.97, 91.034, 0.064, 117,     1.552,
 546, 0, 88.7, 88.7, 89.808, 1.108, 1, 89.808, 91.008, 1.2, 1381, 2, 91.008, 91.08, 0.072, 144,     2.380,
 539, 0, 87.838, 87.838, 90.042, 2.204, 1692, 90.042, 91.11, 1.068, 866, 2, 91.11, 91.202, 0.092, 184,     3.364,
 547, 0, 88.856, 88.856, 89.844, 0.988, 67, 89.844, 91.179, 1.335, 1341, 2, 91.179, 91.222, 0.043, 62,     2.366,
 551, 0, 89.685, 89.685, 90.111, 0.426, 412, 90.111, 91.258, 1.147, 1067, 2, 91.258, 91.268, 0.01, 10,     1.582,
 554, 0, 90.395, 90.395, 90.466, 0.071, 142, 90.466, 91.385, 0.918, 1430, 2, 91.385, 91.395, 0.01, 12,     0.999,
 548, 0, 89.459, 89.459, 89.864, 0.405, 2, 89.864, 91.273, 1.409, 1413, 2, 91.273, 91.413, 0.141, 292,     1.954,
 552, 0, 90.099, 90.099, 90.191, 0.092, 189, 90.191, 91.428, 1.237, 1391, 2, 91.428, 91.463, 0.035, 70,     1.364,
 553, 0, 90.332, 90.332, 90.332, 0, 6, 90.332, 91.5, 1.168, 1115, 2, 91.5, 91.51, 0.01, 21,     1.179,
 555, 0, 90.62, 90.62, 90.671, 0.051, 96, 90.671, 91.597, 0.926, 1714, 2, 91.597, 91.628, 0.031, 62,     1.008,
 557, 0, 90.708, 90.708, 90.938, 0.23, 465, 90.938, 91.846, 0.908, 1612, 2, 91.846, 91.906, 0.06, 120,     1.198,
 556, 0, 90.661, 90.661, 90.783, 0.122, 228, 90.783, 91.954, 1.172, 1586, 2, 91.954, 91.964, 0.01, 12,     1.303,
 561, 0, 91.846, 91.846, 91.877, 0.031, 61, 91.877, 92.593, 0.716, 1295, 2, 92.593, 92.613, 0.02, 22,     0.767,
 559, 0, 91.673, 91.673, 91.683, 0.01, 6, 91.683, 92.603, 0.92, 1020, 2, 92.603, 92.623, 0.02, 36,     0.950,
 560, 0, 91.756, 91.756, 91.766, 0.01, 9, 91.766, 92.686, 0.92, 1482, 2, 92.686, 92.686, 0, 9,     0.930,
 562, 0, 91.937, 91.937, 92.066, 0.129, 258, 92.066, 92.783, 0.717, 935, 2, 92.783, 92.829, 0.046, 93,     0.892,
 564, 0, 92.068, 92.068, 92.068, 0, 1, 92.068, 92.803, 0.734, 1681, 2, 92.803, 92.851, 0.048, 96,     0.782,
 568, 0, 92.4, 92.4, 92.41, 0.01, 8, 92.41, 93.123, 0.713, 1425, 2, 93.123, 93.138, 0.015, 30,     0.738,
 566, 0, 92.308, 92.308, 92.476, 0.168, 336, 92.476, 93.192, 0.716, 1951, 2, 93.192, 93.203, 0.011, 23,     0.895,
 563, 0, 92.042, 92.042, 92.078, 0.036, 69, 92.078, 93.266, 1.188, 1335, 2, 93.266, 93.283, 0.016, 33,     1.241,
 567, 0, 92.379, 92.379, 92.389, 0.01, 10, 92.389, 93.305, 0.916, 1559, 2, 93.305, 93.315, 0.01, 14,     0.936,
 570, 0, 92.523, 92.523, 92.599, 0.076, 155, 92.599, 93.554, 0.956, 1641, 2, 93.554, 93.564, 0.01, 14,     1.041,
 569, 0, 92.457, 92.457, 92.49, 0.032, 65, 92.49, 93.408, 0.919, 1508, 2, 93.408, 93.606, 0.198, 397,     1.149,
 572, 0, 93.012, 93.012, 93.045, 0.033, 69, 93.045, 93.757, 0.711, 1565, 2, 93.757, 93.767, 0.01, 21,     0.755,
 573, 0, 93.082, 93.082, 93.098, 0.016, 32, 93.098, 93.815, 0.716, 1604, 2, 93.815, 93.853, 0.038, 67,     0.770,
 565, 0, 92.168, 92.168, 92.206, 0.038, 57, 92.206, 93.127, 0.921, 1714, 2, 93.127, 93.945, 0.818, 1644,     1.777,
 576, 0, 93.193, 93.193, 93.203, 0.01, 13, 93.203, 94.13, 0.928, 786, 2, 94.13, 94.212, 0.082, 178,     1.019,
 571, 0, 93.005, 93.005, 93.012, 0.007, 15, 93.012, 94.192, 1.18, 1442, 2, 94.192, 94.348, 0.156, 312,     1.343,
 574, 0, 93.105, 93.105, 93.126, 0.021, 56, 93.126, 93.843, 0.716, 901, 2, 93.843, 94.41, 0.568, 1136,     1.305,
 575, 0, 93.132, 93.132, 93.375, 0.243, 497, 93.375, 94.295, 0.92, 1821, 2, 94.295, 94.516, 0.221, 442,     1.384,
 578, 0, 93.791, 93.791, 93.825, 0.034, 49, 93.825, 94.742, 0.917, 790, 2, 94.742, 94.761, 0.019, 37,     0.970,
 577, 0, 93.475, 93.475, 93.505, 0.029, 59, 93.505, 94.918, 1.413, 1489, 2, 94.918, 94.93, 0.012, 24,     1.454,
 579, 0, 94.032, 94.032, 94.032, 0, 7, 94.032, 94.992, 0.961, 1601, 2, 94.992, 95.022, 0.029, 51,     0.990,
 580, 0, 94.126, 94.126, 94.161, 0.036, 60, 94.161, 95.192, 1.031, 1384, 2, 95.192, 95.203, 0.011, 22,     1.077,
 558, 0, 91.219, 91.219, 91.241, 0.022, 44, 91.241, 92.161, 0.92, 2029, 2, 92.161, 95.254, 3.093, 6186,     4.035,
 583, 0, 94.321, 94.321, 94.355, 0.034, 37, 94.355, 95.286, 0.931, 1517, 2, 95.286, 95.317, 0.031, 61,     0.996,
 581, 0, 94.162, 94.162, 94.199, 0.037, 77, 94.199, 95.405, 1.205, 1816, 2, 95.405, 95.467, 0.062, 124,     1.305,
 582, 0, 94.19, 94.19, 94.19, 0, 2, 94.19, 95.61, 1.42, 1511, 2, 95.61, 95.648, 0.038, 76,     1.458,
 584, 0, 95.011, 95.011, 95.025, 0.014, 28, 95.025, 95.943, 0.918, 1191, 2, 95.943, 95.996, 0.053, 77,     0.984,
 586, 0, 95.27, 95.27, 95.321, 0.051, 65, 95.321, 96.242, 0.921, 1081, 2, 96.242, 96.284, 0.042, 84,     1.014,
 585, 0, 95.148, 95.148, 95.196, 0.048, 75, 95.196, 96.145, 0.949, 1366, 2, 96.145, 96.366, 0.221, 442,     1.218,
 587, 0, 95.329, 95.329, 95.369, 0.04, 64, 95.369, 96.395, 1.026, 1653, 2, 96.395, 96.434, 0.039, 70,     1.105,
 588, 0, 95.383, 95.383, 95.393, 0.01, 3, 95.393, 96.492, 1.099, 998, 2, 96.492, 96.592, 0.1, 201,     1.209,
 589, 0, 95.649, 95.649, 95.659, 0.01, 19, 95.659, 96.645, 0.986, 1628, 2, 96.645, 96.655, 0.01, 19,     1.006,
 591, 0, 96.163, 96.163, 96.173, 0.01, 10, 96.173, 97.091, 0.918, 1054, 2, 97.091, 97.105, 0.014, 46,     0.942,
 590, 0, 96.149, 96.149, 96.282, 0.133, 267, 96.282, 97.203, 0.921, 1675, 2, 97.203, 97.213, 0.01, 17,     1.064,
 592, 0, 96.415, 96.415, 96.654, 0.239, 452, 96.654, 97.573, 0.919, 1452, 2, 97.573, 97.648, 0.075, 150,     1.233,
 594, 0, 96.587, 96.587, 96.73, 0.143, 286, 96.73, 97.668, 0.938, 1530, 2, 97.668, 97.684, 0.016, 33,     1.097,
 593, 0, 96.45, 96.45, 96.468, 0.017, 35, 96.468, 97.649, 1.181, 1437, 2, 97.649, 98.1, 0.451, 904,     1.650,
 596, 0, 97.304, 97.304, 97.335, 0.032, 49, 97.335, 98.275, 0.939, 1586, 2, 98.275, 98.298, 0.023, 47,     0.995,
 595, 0, 96.941, 96.941, 97.093, 0.152, 268, 97.093, 98.375, 1.282, 1363, 2, 98.375, 98.401, 0.025, 51,     1.460,
 598, 0, 97.556, 97.556, 97.584, 0.028, 56, 97.584, 98.504, 0.921, 1102, 2, 98.504, 98.514, 0.01, 7,     0.959,
 597, 0, 97.51, 97.51, 97.604, 0.094, 157, 97.604, 98.549, 0.945, 871, 2, 98.549, 98.592, 0.043, 95,     1.082,
 599, 0, 97.611, 97.611, 97.648, 0.037, 53, 97.648, 98.754, 1.106, 2092, 2, 98.754, 98.764, 0.01, 7,     1.154,
 601, 0, 98.037, 98.037, 98.072, 0.035, 71, 98.072, 98.993, 0.921, 1937, 2, 98.993, 99.003, 0.01, 19,     0.967,
 600, 0, 97.844, 97.844, 97.854, 0.01, 13, 97.854, 99.01, 1.155, 1703, 2, 99.01, 99.033, 0.023, 60,     1.188,
 602, 0, 98.111, 98.111, 98.21, 0.1, 199, 98.21, 99.131, 0.92, 1331, 2, 99.131, 99.141, 0.01, 16,     1.030,
 603, 0, 98.401, 98.401, 98.411, 0.01, 11, 98.411, 99.26, 0.849, 1354, 2, 99.26, 99.27, 0.01, 1,     0.869,
 604, 0, 98.468, 98.468, 98.52, 0.051, 65, 98.52, 99.439, 0.919, 1321, 2, 99.439, 99.531, 0.092, 168,     1.062,
 605, 0, 98.552, 98.552, 98.602, 0.05, 100, 98.602, 99.521, 0.919, 1642, 2, 99.521, 99.669, 0.148, 296,     1.117,
 606, 0, 98.868, 98.868, 98.968, 0.099, 162, 98.968, 100.14, 1.173, 1200, 2, 100.14, 100.16, 0.019, 39,     1.292,
 609, 0, 99.345, 99.345, 99.407, 0.062, 126, 99.407, 100.325, 0.918, 1671, 2, 100.325, 100.351, 0.026, 52,     1.006,
 608, 0, 99.299, 99.299, 99.563, 0.264, 544, 99.563, 100.499, 0.936, 1802, 2, 100.499, 100.57, 0.071, 143,     1.272,
 611, 0, 99.652, 99.652, 99.69, 0.038, 82, 99.69, 100.63, 0.94, 1107, 2, 100.63, 100.662, 0.032, 62,     1.010,
 610, 0, 99.409, 99.409, 99.471, 0.061, 128, 99.471, 100.652, 1.181, 1559, 2, 100.652, 100.682, 0.03, 59,     1.273,
 612, 0, 99.762, 99.762, 100.263, 0.502, 970, 100.263, 101.182, 0.919, 1772, 2, 101.182, 101.192, 0.01, 9,     1.430,
 614, 0, 100.057, 100.057, 100.293, 0.236, 60, 100.293, 101.27, 0.977, 1575, 2, 101.27, 101.319, 0.049, 95,     1.262,
 615, 0, 100.211, 100.211, 100.363, 0.152, 140, 100.363, 101.442, 1.079, 1682, 2, 101.442, 101.476, 0.034, 68,     1.265,
 613, 0, 99.812, 99.812, 100.489, 0.677, 1353, 100.489, 101.52, 1.031, 1454, 2, 101.52, 101.737, 0.217, 434,     1.924,
 618, 0, 100.546, 100.546, 100.839, 0.293, 120, 100.839, 101.787, 0.948, 1578, 2, 101.787, 101.797, 0.01, 2,     1.251,
 619, 0, 100.803, 100.803, 100.859, 0.056, 28, 100.859, 101.798, 0.939, 1096, 2, 101.798, 101.837, 0.039, 80,     1.034,
 617, 0, 100.487, 100.487, 100.773, 0.286, 568, 100.773, 101.709, 0.936, 1577, 2, 101.709, 101.996, 0.286, 573,     1.508,
 616, 0, 100.347, 100.347, 100.859, 0.512, 980, 100.859, 102.043, 1.184, 1514, 2, 102.043, 102.083, 0.04, 80,     1.736,
 621, 0, 101.222, 101.222, 101.232, 0.01, 20, 101.232, 102.152, 0.92, 1173, 2, 102.152, 102.165, 0.013, 26,     0.943,
 622, 0, 101.266, 101.266, 101.34, 0.073, 152, 101.34, 102.258, 0.919, 1121, 2, 102.258, 102.311, 0.053, 125,     1.045,
 620, 0, 101.07, 101.07, 101.11, 0.04, 80, 101.11, 102.36, 1.25, 1501, 2, 102.36, 102.391, 0.031, 34,     1.321,
 625, 0, 101.44, 101.44, 101.67, 0.23, 418, 101.67, 102.391, 0.721, 1621, 2, 102.391, 102.428, 0.037, 74,     0.988,
 624, 0, 101.402, 101.402, 101.469, 0.067, 131, 101.469, 102.402, 0.934, 1481, 2, 102.402, 102.492, 0.09, 179,     1.090,
 626, 0, 101.532, 101.532, 101.587, 0.055, 72, 101.587, 102.508, 0.921, 1942, 2, 102.508, 102.723, 0.215, 430,     1.191,
 623, 0, 101.371, 101.371, 101.449, 0.078, 164, 101.449, 102.641, 1.192, 1451, 2, 102.641, 102.741, 0.1, 202,     1.370,
 629, 0, 102.171, 102.171, 102.181, 0.01, 10, 102.181, 103.114, 0.932, 1467, 2, 103.114, 103.178, 0.064, 117,     1.006,
 630, 0, 102.288, 102.288, 102.32, 0.032, 25, 102.32, 103.363, 1.042, 1145, 2, 103.363, 103.412, 0.049, 99,     1.124,
 628, 0, 102.162, 102.162, 102.211, 0.049, 102, 102.211, 103.256, 1.044, 1872, 2, 103.256, 103.432, 0.177, 325,     1.270,
 631, 0, 102.413, 102.413, 102.424, 0.01, 9, 102.424, 103.505, 1.081, 1349, 2, 103.505, 103.57, 0.065, 131,     1.157,
 607, 0, 99.063, 99.063, 99.095, 0.032, 41, 99.095, 100.014, 0.918, 2020, 2, 100.014, 103.726, 3.713, 7426,     4.663,
 634, 0, 102.741, 102.741, 102.8, 0.059, 115, 102.8, 103.971, 1.171, 1477, 2, 103.971, 104.041, 0.07, 140,     1.300,
 632, 0, 102.564, 102.564, 102.736, 0.172, 345, 102.736, 103.9, 1.164, 999, 2, 103.9, 104.1, 0.201, 402,     1.537,
 635, 0, 102.79, 102.79, 103.3, 0.51, 1014, 103.3, 104.216, 0.916, 1615, 2, 104.216, 104.254, 0.038, 76,     1.465,
 639, 0, 103.36, 103.36, 103.395, 0.035, 70, 103.395, 104.315, 0.92, 1782, 2, 104.315, 104.325, 0.01, 3,     0.965,
 636, 0, 103.011, 103.011, 103.022, 0.011, 23, 103.022, 103.941, 0.919, 1410, 2, 103.941, 104.34, 0.398, 797,     1.329,
 638, 0, 103.331, 103.331, 103.331, 0, 1, 103.331, 104.494, 1.163, 1076, 2, 104.494, 104.578, 0.084, 168,     1.246,
 637, 0, 103.29, 103.29, 103.31, 0.02, 23, 103.31, 104.484, 1.174, 1765, 2, 104.484, 104.614, 0.13, 261,     1.324,
 627, 0, 102.069, 102.069, 102.069, 0, 9, 102.069, 103.006, 0.937, 1422, 2, 103.006, 104.73, 1.724, 3467,     2.661,
 640, 0, 103.838, 103.838, 103.849, 0.011, 29, 103.849, 104.769, 0.92, 1055, 2, 104.769, 104.779, 0.01, 1,     0.941,
 641, 0, 103.911, 103.911, 103.921, 0.01, 19, 103.921, 104.733, 0.812, 1746, 2, 104.733, 104.827, 0.094, 188,     0.916,
 633, 0, 102.619, 102.619, 102.657, 0.038, 92, 102.657, 103.613, 0.956, 1919, 2, 103.613, 104.993, 1.381, 2762,     2.375,
 642, 0, 103.95, 103.95, 104.116, 0.167, 334, 104.116, 105.302, 1.185, 1750, 2, 105.302, 105.315, 0.013, 27,     1.365,
 647, 0, 104.659, 104.659, 105.122, 0.462, 32, 105.122, 105.838, 0.716, 1187, 2, 105.838, 105.863, 0.025, 51,     1.204,
 648, 0, 104.858, 104.858, 105.18, 0.323, 118, 105.18, 105.897, 0.716, 1806, 2, 105.897, 105.922, 0.026, 52,     1.065,
 649, 0, 104.912, 104.912, 105.194, 0.283, 15, 105.194, 105.928, 0.733, 2143, 2, 105.928, 105.928, 0, 8,     1.016,
 645, 0, 104.149, 104.149, 105.082, 0.933, 22, 105.082, 106.04, 0.958, 1564, 2, 106.04, 106.085, 0.046, 91,     1.937,
 644, 0, 104.124, 104.124, 105.071, 0.946, 1906, 105.071, 106.103, 1.032, 1098, 2, 106.103, 106.133, 0.03, 43,     2.008,
 646, 0, 104.559, 104.559, 105.102, 0.543, 37, 105.102, 106.302, 1.201, 1381, 2, 106.302, 106.312, 0.01, 1,     1.753,
 650, 0, 105.071, 105.071, 105.511, 0.44, 619, 105.511, 106.43, 0.919, 1611, 2, 106.43, 106.441, 0.011, 23,     1.370,
 651, 0, 105.597, 105.597, 105.632, 0.035, 70, 105.632, 106.55, 0.919, 1242, 2, 106.55, 106.573, 0.022, 45,     0.976,
 652, 0, 105.736, 105.736, 105.746, 0.01, 17, 105.746, 106.679, 0.933, 1619, 2, 106.679, 106.791, 0.112, 224,     1.055,
 653, 0, 105.797, 105.797, 105.821, 0.024, 53, 105.821, 106.8, 0.979, 1713, 2, 106.8, 106.997, 0.197, 412,     1.200,
 656, 0, 106.041, 106.041, 106.081, 0.04, 46, 106.081, 107.012, 0.931, 1627, 2, 107.012, 107.07, 0.059, 93,     1.029,
 654, 0, 105.902, 105.902, 105.932, 0.03, 53, 105.932, 107.108, 1.176, 1223, 2, 107.108, 107.139, 0.031, 61,     1.237,
 655, 0, 105.975, 105.975, 105.985, 0.01, 9, 105.985, 107.158, 1.173, 1323, 2, 107.158, 107.215, 0.057, 114,     1.240,
 657, 0, 106.201, 106.201, 106.321, 0.12, 225, 106.321, 107.241, 0.92, 1294, 2, 107.241, 107.251, 0.01, 2,     1.050,
 660, 0, 106.463, 106.463, 106.702, 0.24, 93, 106.702, 107.62, 0.918, 1406, 2, 107.62, 107.63, 0.01, 3,     1.168,
 658, 0, 106.271, 106.271, 106.418, 0.148, 194, 106.418, 107.729, 1.311, 1557, 2, 107.729, 107.759, 0.03, 49,     1.489,
 659, 0, 106.296, 106.296, 106.656, 0.361, 477, 106.656, 107.574, 0.918, 1815, 2, 107.574, 107.779, 0.205, 405,     1.484,
 661, 0, 107.025, 107.025, 107.085, 0.06, 107, 107.085, 108.003, 0.918, 2090, 2, 108.003, 108.143, 0.139, 279,     1.118,
 662, 0, 107.061, 107.061, 107.419, 0.358, 669, 107.419, 108.355, 0.936, 1436, 2, 108.355, 108.374, 0.019, 37,     1.312,
 665, 0, 107.733, 107.733, 107.804, 0.072, 61, 107.804, 108.521, 0.716, 1407, 2, 108.521, 108.549, 0.028, 57,     0.817,
 664, 0, 107.711, 107.711, 107.77, 0.059, 66, 107.77, 108.701, 0.931, 1578, 2, 108.701, 108.711, 0.01, 8,     0.999,
 663, 0, 107.706, 107.706, 107.726, 0.02, 48, 107.726, 108.647, 0.92, 1548, 2, 108.647, 108.848, 0.201, 402,     1.142,
 670, 0, 108.176, 108.176, 108.188, 0.013, 27, 108.188, 108.904, 0.716, 1277, 2, 108.904, 108.941, 0.037, 63,     0.765,
 667, 0, 107.937, 107.937, 107.998, 0.061, 99, 107.998, 108.931, 0.933, 890, 2, 108.931, 108.967, 0.036, 72,     1.030,
 666, 0, 107.832, 107.832, 107.878, 0.046, 108, 107.878, 109.163, 1.285, 1421, 2, 109.163, 109.173, 0.01, 6,     1.341,
 668, 0, 108.027, 108.027, 108.051, 0.024, 53, 108.051, 108.985, 0.934, 1886, 2, 108.985, 109.367, 0.382, 771,     1.340,
 671, 0, 108.435, 108.435, 108.512, 0.076, 138, 108.512, 109.43, 0.919, 1610, 2, 109.43, 109.454, 0.024, 48,     1.019,
 675, 0, 109.135, 109.135, 109.135, 0, 10, 109.135, 110.063, 0.927, 1597, 2, 110.063, 110.078, 0.016, 31,     0.943,
 673, 0, 108.845, 108.845, 108.902, 0.057, 17, 108.902, 110.113, 1.211, 1688, 2, 110.113, 110.126, 0.013, 25,     1.281,
 680, 0, 109.386, 109.386, 109.504, 0.117, 4, 109.504, 110.241, 0.737, 1176, 2, 110.241, 110.293, 0.052, 106,     0.907,
 676, 0, 109.218, 109.218, 109.241, 0.023, 33, 109.241, 110.24, 0.999, 1878, 2, 110.24, 110.312, 0.072, 144,     1.094,
 677, 0, 109.268, 109.268, 109.278, 0.01, 21, 109.278, 110.312, 1.034, 1113, 2, 110.312, 110.476, 0.164, 328,     1.208,
 681, 0, 109.643, 109.643, 109.695, 0.052, 105, 109.695, 110.615, 0.92, 1955, 2, 110.615, 110.625, 0.01, 13,     0.982,
 678, 0, 109.293, 109.293, 109.323, 0.03, 60, 109.323, 110.507, 1.184, 1382, 2, 110.507, 110.757, 0.25, 484,     1.463,
 682, 0, 109.846, 109.846, 109.961, 0.115, 230, 109.961, 110.898, 0.937, 1516, 2, 110.898, 110.925, 0.027, 37,     1.079,
 679, 0, 109.361, 109.361, 109.484, 0.122, 216, 109.484, 110.649, 1.165, 1868, 2, 110.649, 110.934, 0.285, 559,     1.573,
 686, 0, 110.11, 110.11, 110.232, 0.122, 46, 110.232, 110.948, 0.716, 1226, 2, 110.948, 110.966, 0.017, 41,     0.856,
 672, 0, 108.837, 108.837, 108.882, 0.045, 90, 108.882, 109.813, 0.931, 1202, 2, 109.813, 111.001, 1.188, 2375,     2.163,
 684, 0, 110.051, 110.051, 110.178, 0.128, 221, 110.178, 111.096, 0.918, 1819, 2, 111.096, 111.147, 0.051, 102,     1.096,
 685, 0, 110.09, 110.09, 110.198, 0.109, 22, 110.198, 111.148, 0.95, 1509, 2, 111.148, 111.174, 0.026, 54,     1.084,
 674, 0, 109.063, 109.063, 109.073, 0.01, 14, 109.073, 109.991, 0.918, 1417, 2, 109.991, 111.345, 1.355, 2710,     2.282,
 683, 0, 109.912, 109.912, 109.981, 0.069, 20, 109.981, 111.204, 1.223, 1318, 2, 111.204, 111.532, 0.328, 656,     1.620,
 688, 0, 110.54, 110.54, 110.582, 0.041, 83, 110.582, 111.498, 0.916, 2121, 2, 111.498, 111.588, 0.09, 172,     1.048,
 690, 0, 110.839, 110.839, 110.849, 0.01, 15, 110.849, 111.578, 0.729, 1436, 2, 111.578, 111.588, 0.01, 12,     0.749,
 689, 0, 110.608, 110.608, 110.618, 0.01, 6, 110.618, 111.539, 0.921, 1767, 2, 111.539, 111.676, 0.137, 289,     1.068,
 687, 0, 110.368, 110.368, 110.378, 0.01, 12, 110.378, 111.558, 1.18, 1362, 2, 111.558, 111.698, 0.14, 280,     1.330,
 669, 0, 108.151, 108.151, 108.161, 0.01, 16, 108.161, 108.879, 0.718, 1537, 2, 108.879, 111.817, 2.939, 5877,     3.666,
 691, 0, 111.114, 111.114, 111.146, 0.032, 27, 111.146, 112.065, 0.919, 1141, 2, 112.065, 112.1, 0.035, 87,     0.986,
 692, 0, 111.17, 111.17, 111.17, 0, 1, 111.17, 112.089, 0.919, 1129, 2, 112.089, 112.152, 0.062, 125,     0.982,
 694, 0, 111.235, 111.235, 111.655, 0.42, 41, 111.655, 112.573, 0.918, 2005, 2, 112.573, 112.584, 0.01, 15,     1.348,
 693, 0, 111.195, 111.195, 111.615, 0.42, 841, 111.615, 112.544, 0.928, 1831, 2, 112.544, 112.666, 0.122, 245,     1.471,
 643, 0, 104.072, 104.072, 111.791, 7.719, 15457, 111.791, 112.793, 1.002, 1166, 2, 112.793, 112.834, 0.04, 68,     8.761,
 695, 0, 111.363, 111.363, 111.677, 0.314, 37, 111.677, 112.857, 1.18, 1687, 2, 112.857, 112.957, 0.1, 201,     1.594,
 696, 0, 111.501, 111.501, 111.791, 0.29, 221, 111.791, 112.823, 1.032, 1416, 2, 112.823, 112.977, 0.154, 274,     1.476,
 698, 0, 111.88, 111.88, 111.938, 0.058, 115, 111.938, 113.106, 1.169, 1635, 2, 113.106, 113.285, 0.179, 358,     1.405,
 700, 0, 112.032, 112.032, 113.237, 1.205, 198, 113.237, 114.166, 0.929, 1474, 2, 114.166, 114.304, 0.138, 276,     2.272,
 702, 0, 112.313, 112.313, 113.475, 1.162, 42, 113.475, 114.443, 0.967, 1632, 2, 114.443, 114.453, 0.01, 13,     2.139,
 708, 0, 113.725, 113.725, 113.736, 0.011, 33, 113.736, 114.459, 0.722, 1446, 2, 114.459, 114.494, 0.035, 83,     0.769,
 703, 0, 113.353, 113.353, 113.509, 0.156, 51, 113.509, 114.43, 0.92, 1407, 2, 114.43, 114.514, 0.084, 149,     1.160,
 709, 0, 113.841, 113.841, 113.851, 0.01, 1, 113.851, 114.587, 0.736, 1248, 2, 114.587, 114.644, 0.057, 114,     0.803,
 707, 0, 113.683, 113.683, 113.683, 0, 7, 113.683, 114.68, 0.996, 1819, 2, 114.68, 114.69, 0.01, 27,     1.006,
 706, 0, 113.575, 113.575, 113.651, 0.076, 59, 113.651, 114.7, 1.049, 1694, 2, 114.7, 114.71, 0.01, 21,     1.135,
 701, 0, 112.064, 112.064, 113.454, 1.39, 433, 113.454, 114.709, 1.254, 1673, 2, 114.709, 114.73, 0.022, 24,     2.666,
 705, 0, 113.543, 113.543, 113.619, 0.076, 63, 113.619, 114.857, 1.238, 1582, 2, 114.857, 114.867, 0.01, 11,     1.324,
 711, 0, 113.97, 113.97, 113.999, 0.029, 46, 113.999, 114.945, 0.946, 1588, 2, 114.945, 114.985, 0.04, 90,     1.015,
 697, 0, 111.717, 111.717, 113.132, 1.414, 2682, 113.132, 114.193, 1.061, 1419, 2, 114.193, 115.04, 0.848, 1696,     3.323,
 704, 0, 113.444, 113.444, 113.575, 0.131, 132, 113.575, 114.958, 1.383, 1683, 2, 114.958, 115.06, 0.103, 181,     1.616,
 710, 0, 113.867, 113.867, 113.917, 0.05, 111, 113.917, 114.965, 1.048, 1507, 2, 114.965, 115.126, 0.162, 328,     1.260,
 699, 0, 112.021, 112.021, 113.867, 1.846, 3687, 113.867, 115.126, 1.26, 1585, 2, 115.126, 115.365, 0.239, 477,     3.344,
 713, 0, 114.425, 114.425, 114.468, 0.043, 71, 114.468, 115.385, 0.917, 1408, 2, 115.385, 115.403, 0.018, 22,     0.978,
 712, 0, 114.031, 114.031, 114.111, 0.08, 152, 114.111, 115.209, 1.098, 1853, 2, 115.209, 115.59, 0.381, 735,     1.560,
 714, 0, 114.515, 114.515, 114.636, 0.12, 202, 114.636, 115.553, 0.917, 1173, 2, 115.553, 115.59, 0.037, 46,     1.075,
 715, 0, 114.831, 114.831, 114.842, 0.011, 22, 114.842, 115.753, 0.91, 1242, 2, 115.753, 115.884, 0.131, 263,     1.052,
 720, 0, 115.204, 115.204, 115.266, 0.063, 57, 115.266, 115.985, 0.718, 1380, 2, 115.985, 116.102, 0.117, 225,     0.898,
 716, 0, 114.929, 114.929, 115.002, 0.073, 142, 115.002, 115.923, 0.921, 1620, 2, 115.923, 116.21, 0.287, 575,     1.281,
 718, 0, 114.992, 114.992, 115.142, 0.15, 270, 115.142, 116.314, 1.173, 1961, 2, 116.314, 116.327, 0.013, 26,     1.335,
 717, 0, 114.949, 114.949, 115.238, 0.288, 556, 115.238, 116.401, 1.163, 1680, 2, 116.401, 116.411, 0.01, 9,     1.462,
 721, 0, 115.293, 115.293, 115.491, 0.199, 391, 115.491, 116.42, 0.928, 867, 2, 116.42, 116.436, 0.016, 51,     1.144,
 722, 0, 115.357, 115.357, 115.525, 0.168, 33, 115.525, 116.446, 0.92, 1517, 2, 116.446, 116.465, 0.019, 57,     1.107,
 723, 0, 115.421, 115.421, 115.545, 0.125, 17, 115.545, 116.732, 1.187, 974, 2, 116.732, 116.75, 0.018, 36,     1.329,
 719, 0, 115.142, 115.142, 115.896, 0.754, 1508, 115.896, 116.814, 0.919, 1281, 2, 116.814, 116.859, 0.044, 89,     1.717,
 724, 0, 116.016, 116.016, 116.026, 0.01, 12, 116.026, 116.947, 0.921, 1306, 2, 116.947, 116.969, 0.022, 44,     0.953,
 726, 0, 116.96, 116.96, 117.01, 0.05, 108, 117.01, 117.949, 0.939, 1202, 2, 117.949, 117.97, 0.022, 43,     1.010,
 728, 0, 117.023, 117.023, 117.033, 0.01, 5, 117.033, 118.164, 1.131, 1436, 2, 118.164, 118.208, 0.044, 82,     1.185,
 725, 0, 116.956, 116.956, 116.995, 0.039, 78, 116.995, 117.915, 0.92, 1441, 2, 117.915, 118.243, 0.328, 657,     1.287,
 729, 0, 117.05, 117.05, 117.05, 0, 3, 117.05, 118.198, 1.148, 986, 2, 118.198, 118.258, 0.06, 103,     1.208,
 731, 0, 117.521, 117.521, 117.547, 0.026, 32, 117.547, 118.482, 0.936, 1428, 2, 118.482, 118.492, 0.01, 5,     0.971,
 733, 0, 117.658, 117.658, 117.686, 0.028, 56, 117.686, 118.606, 0.92, 1307, 2, 118.606, 118.698, 0.091, 183,     1.039,
 732, 0, 117.647, 117.647, 117.757, 0.109, 235, 117.757, 118.626, 0.869, 1575, 2, 118.626, 118.718, 0.092, 161,     1.070,
 730, 0, 117.395, 117.395, 117.415, 0.02, 40, 117.415, 118.876, 1.46, 1700, 2, 118.876, 118.89, 0.014, 31,     1.495,
 734, 0, 118.074, 118.074, 118.112, 0.038, 79, 118.112, 119.031, 0.918, 1082, 2, 119.031, 119.105, 0.074, 164,     1.030,
 737, 0, 118.328, 118.328, 118.344, 0.016, 31, 118.344, 119.344, 1, 1830, 2, 119.344, 119.381, 0.037, 74,     1.053,
 736, 0, 118.199, 118.199, 118.226, 0.027, 54, 118.226, 119.28, 1.055, 1044, 2, 119.28, 119.519, 0.238, 477,     1.320,
 735, 0, 118.103, 118.103, 118.514, 0.411, 830, 118.514, 119.53, 1.016, 998, 2, 119.53, 119.543, 0.013, 26,     1.440,
 739, 0, 118.392, 118.392, 118.545, 0.153, 85, 118.545, 119.594, 1.049, 1305, 2, 119.594, 119.6, 0.006, 9,     1.208,
 738, 0, 118.368, 118.368, 118.503, 0.134, 240, 118.503, 119.669, 1.167, 1699, 2, 119.669, 119.689, 0.019, 39,     1.320,
 727, 0, 116.995, 116.995, 117.033, 0.039, 69, 117.033, 118.367, 1.334, 2185, 2, 118.367, 119.885, 1.518, 3037,     2.890,
 741, 0, 118.569, 118.569, 118.672, 0.103, 207, 118.672, 119.86, 1.188, 1623, 2, 119.86, 119.977, 0.117, 235,     1.408,
 740, 0, 118.514, 118.514, 118.559, 0.045, 85, 118.559, 119.936, 1.377, 1647, 2, 119.936, 120.125, 0.189, 379,     1.611,
 742, 0, 118.751, 118.751, 118.761, 0.01, 7, 118.761, 120.013, 1.252, 1646, 2, 120.013, 120.135, 0.123, 245,     1.384,
 744, 0, 119.118, 119.118, 119.151, 0.032, 65, 119.151, 120.069, 0.918, 1432, 2, 120.069, 120.211, 0.142, 285,     1.093,
 746, 0, 119.332, 119.332, 119.359, 0.028, 45, 119.359, 120.276, 0.917, 1630, 2, 120.276, 120.286, 0.01, 3,     0.954,
 743, 0, 118.903, 118.903, 119.075, 0.172, 347, 119.075, 119.992, 0.917, 1244, 2, 119.992, 120.326, 0.334, 669,     1.423,
 745, 0, 119.188, 119.188, 119.198, 0.01, 33, 119.198, 120.373, 1.175, 1316, 2, 120.373, 120.383, 0.01, 5,     1.195,
 752, 0, 120.071, 120.071, 120.118, 0.046, 93, 120.118, 120.834, 0.716, 1542, 2, 120.834, 120.845, 0.011, 23,     0.774,
 749, 0, 119.841, 119.841, 119.894, 0.053, 82, 119.894, 120.813, 0.919, 1529, 2, 120.813, 120.861, 0.048, 87,     1.020,
 750, 0, 119.928, 119.928, 119.942, 0.013, 26, 119.942, 120.861, 0.92, 1522, 2, 120.861, 120.871, 0.01, 8,     0.943,
 753, 0, 120.177, 120.177, 120.252, 0.075, 123, 120.252, 120.967, 0.716, 1870, 2, 120.967, 121.013, 0.046, 92,     0.836,
 748, 0, 119.801, 119.801, 119.841, 0.04, 70, 119.841, 121.092, 1.251, 1383, 2, 121.092, 121.102, 0.01, 20,     1.301,
 747, 0, 119.752, 119.752, 119.834, 0.082, 182, 119.834, 121.111, 1.277, 1546, 2, 121.111, 121.121, 0.01, 28,     1.369,
 754, 0, 120.356, 120.356, 120.366, 0.01, 4, 120.366, 121.276, 0.911, 1374, 2, 121.276, 121.278, 0.002, 19,     0.922,
 757, 0, 120.641, 120.641, 120.651, 0.01, 3, 120.651, 121.385, 0.734, 1093, 2, 121.385, 121.42, 0.035, 70,     0.779,
 751, 0, 119.977, 119.977, 120.512, 0.535, 1044, 120.512, 121.433, 0.921, 1462, 2, 121.433, 121.443, 0.01, 1,     1.466,
 755, 0, 120.418, 120.418, 120.512, 0.094, 189, 120.512, 121.349, 0.837, 1183, 2, 121.349, 121.463, 0.114, 228,     1.045,
 756, 0, 120.562, 120.562, 120.661, 0.099, 198, 120.661, 121.848, 1.187, 1822, 2, 121.848, 121.858, 0.01, 14,     1.296,
 759, 0, 121.027, 121.027, 121.057, 0.03, 57, 121.057, 121.975, 0.918, 1455, 2, 121.975, 121.999, 0.024, 48,     0.972,
 758, 0, 120.938, 120.938, 121.075, 0.138, 287, 121.075, 122.007, 0.932, 1225, 2, 122.007, 122.032, 0.025, 66,     1.095,
 760, 0, 121.05, 121.05, 121.075, 0.025, 8, 121.075, 122.225, 1.15, 1126, 2, 122.225, 122.235, 0.01, 17,     1.185,
 761, 0, 121.665, 121.665, 121.675, 0.01, 13, 121.675, 122.595, 0.92, 1626, 2, 122.595, 122.605, 0.01, 16,     0.940,
 763, 0, 121.899, 121.899, 121.943, 0.044, 88, 121.943, 122.653, 0.71, 988, 2, 122.653, 122.663, 0.01, 1,     0.764,
 767, 0, 122.1, 122.1, 122.1, 0, 1, 122.1, 122.834, 0.734, 1307, 2, 122.834, 122.937, 0.103, 207,     0.838,
 765, 0, 121.978, 121.978, 122.001, 0.023, 51, 122.001, 122.919, 0.918, 1551, 2, 122.919, 122.957, 0.038, 40,     0.979,
 766, 0, 122.028, 122.028, 122.082, 0.054, 85, 122.082, 123.001, 0.919, 1800, 2, 123.001, 123.049, 0.048, 96,     1.021,
 762, 0, 121.724, 121.724, 121.734, 0.01, 11, 121.734, 122.46, 0.726, 1741, 2, 122.46, 123.231, 0.771, 1543,     1.507,
 764, 0, 121.962, 121.962, 121.981, 0.019, 48, 121.981, 123.416, 1.435, 1910, 2, 123.416, 123.426, 0.01, 20,     1.464,
 768, 0, 122.467, 122.467, 122.472, 0.005, 22, 122.472, 123.392, 0.92, 1552, 2, 123.392, 123.503, 0.11, 221,     1.036,
 770, 0, 122.877, 122.877, 122.887, 0.01, 12, 122.887, 123.806, 0.919, 1481, 2, 123.806, 123.882, 0.076, 152,     1.005,
 769, 0, 122.645, 122.645, 122.653, 0.008, 13, 122.653, 123.642, 0.989, 1866, 2, 123.642, 123.936, 0.294, 589,     1.291,
 771, 0, 122.94, 122.94, 122.995, 0.055, 81, 122.995, 123.929, 0.934, 1597, 2, 123.929, 123.936, 0.007, 21,     0.996,
 776, 0, 124.048, 124.048, 124.076, 0.028, 55, 124.076, 124.792, 0.717, 1389, 2, 124.792, 124.829, 0.037, 73,     0.781,
 774, 0, 123.885, 123.885, 124.183, 0.298, 596, 124.183, 124.912, 0.73, 1463, 2, 124.912, 124.945, 0.033, 66,     1.060,
 778, 0, 124.238, 124.238, 124.248, 0.01, 1, 124.248, 124.959, 0.711, 1658, 2, 124.959, 124.959, 0, 8,     0.721,
 773, 0, 123.833, 123.833, 123.843, 0.01, 10, 123.843, 124.956, 1.113, 1431, 2, 124.956, 125.011, 0.056, 112,     1.178,
 775, 0, 123.939, 123.939, 124.048, 0.109, 1, 124.048, 125.006, 0.958, 994, 2, 125.006, 125.189, 0.184, 379,     1.250,
 772, 0, 123.816, 123.816, 124.04, 0.224, 455, 124.04, 125.205, 1.166, 1734, 2, 125.205, 125.374, 0.168, 336,     1.558,
 780, 0, 124.539, 124.539, 124.651, 0.112, 195, 124.651, 125.569, 0.918, 2073, 2, 125.569, 125.618, 0.049, 97,     1.078,
 777, 0, 124.211, 124.211, 124.279, 0.067, 97, 124.279, 125.519, 1.24, 1627, 2, 125.519, 125.681, 0.162, 325,     1.470,
 782, 0, 124.893, 124.893, 124.916, 0.023, 59, 124.916, 125.853, 0.937, 1904, 2, 125.853, 125.92, 0.067, 135,     1.027,
 781, 0, 124.796, 124.796, 124.809, 0.013, 25, 124.809, 125.825, 1.016, 1731, 2, 125.825, 125.94, 0.116, 196,     1.144,
 783, 0, 125.073, 125.073, 125.149, 0.076, 152, 125.149, 126.075, 0.926, 1156, 2, 126.075, 126.085, 0.01, 1,     1.012,
 785, 0, 125.855, 125.855, 125.885, 0.03, 33, 125.885, 126.605, 0.72, 1582, 2, 126.605, 126.705, 0.1, 175,     0.850,
 784, 0, 125.841, 125.841, 125.851, 0.01, 2, 125.851, 126.77, 0.919, 1764, 2, 126.77, 126.78, 0.01, 16,     0.939,
 786, 0, 125.893, 125.893, 125.938, 0.045, 107, 125.938, 126.666, 0.728, 1073, 2, 126.666, 126.819, 0.153, 307,     0.927,
 779, 0, 124.496, 124.496, 125.083, 0.587, 1174, 125.083, 126.254, 1.172, 1423, 2, 126.254, 126.985, 0.73, 1461,     2.488,
 788, 0, 126.11, 126.11, 126.14, 0.03, 44, 126.14, 127.065, 0.925, 950, 2, 127.065, 127.077, 0.011, 23,     0.967,
 787, 0, 125.923, 125.923, 126.154, 0.231, 444, 126.154, 127.087, 0.933, 1469, 2, 127.087, 127.149, 0.061, 123,     1.226,
 791, 0, 126.415, 126.415, 126.444, 0.029, 52, 126.444, 127.303, 0.859, 1597, 2, 127.303, 127.313, 0.01, 15,     0.898,
 790, 0, 126.395, 126.395, 126.395, 0, 4, 126.395, 127.342, 0.947, 1274, 2, 127.342, 127.365, 0.023, 49,     0.970,
 789, 0, 126.341, 126.341, 126.374, 0.034, 83, 126.374, 127.322, 0.948, 1511, 2, 127.322, 127.382, 0.06, 138,     1.041,
 792, 0, 126.436, 126.436, 126.653, 0.217, 437, 126.653, 127.571, 0.919, 1764, 2, 127.571, 127.625, 0.054, 112,     1.189,
 794, 0, 126.631, 126.631, 127.062, 0.431, 848, 127.062, 127.982, 0.92, 1798, 2, 127.982, 128.003, 0.021, 41,     1.372,
 793, 0, 126.513, 126.513, 126.567, 0.053, 107, 126.567, 127.816, 1.249, 1675, 2, 127.816, 128.094, 0.278, 575,     1.581,
 797, 0, 127.182, 127.182, 127.214, 0.031, 63, 127.214, 127.943, 0.729, 1579, 2, 127.943, 128.225, 0.282, 565,     1.043,
 799, 0, 127.254, 127.254, 127.264, 0.01, 9, 127.264, 128.271, 1.007, 1755, 2, 128.271, 128.297, 0.026, 65,     1.043,
 800, 0, 127.559, 127.559, 127.735, 0.176, 360, 127.735, 128.667, 0.933, 1421, 2, 128.667, 128.677, 0.01, 10,     1.119,
 798, 0, 127.234, 127.234, 127.244, 0.01, 15, 127.244, 128.441, 1.198, 1388, 2, 128.441, 128.729, 0.288, 577,     1.495,
 802, 0, 128.18, 128.18, 128.19, 0.01, 7, 128.19, 129.109, 0.919, 1958, 2, 129.109, 129.114, 0.005, 11,     0.934,
 803, 0, 128.263, 128.263, 128.273, 0.01, 13, 128.273, 129.193, 0.921, 1413, 2, 129.193, 129.35, 0.156, 313,     1.087,
 801, 0, 128.025, 128.025, 128.09, 0.065, 119, 128.09, 129.292, 1.201, 1606, 2, 129.292, 129.409, 0.117, 234,     1.384,
 804, 0, 128.37, 128.37, 128.739, 0.369, 753, 128.739, 129.656, 0.917, 1774, 2, 129.656, 129.698, 0.041, 83,     1.327,
 806, 0, 128.589, 128.589, 128.935, 0.346, 251, 128.935, 129.66, 0.725, 1421, 2, 129.66, 129.739, 0.078, 161,     1.150,
 805, 0, 128.453, 128.453, 128.808, 0.356, 103, 128.808, 129.729, 0.92, 1353, 2, 129.729, 129.759, 0.03, 49,     1.306,
 807, 0, 128.641, 128.641, 129.031, 0.389, 192, 129.031, 130.194, 1.163, 1523, 2, 130.194, 130.317, 0.124, 247,     1.676,
 810, 0, 129.233, 129.233, 130.04, 0.807, 30, 130.04, 130.752, 0.712, 1780, 2, 130.752, 130.752, 0, 3,     1.519,
 808, 0, 128.935, 128.935, 129.984, 1.048, 1906, 129.984, 130.902, 0.918, 1338, 2, 130.902, 130.922, 0.02, 40,     1.986,
 811, 0, 129.388, 129.388, 130.249, 0.861, 388, 130.249, 130.979, 0.73, 1396, 2, 130.979, 131.026, 0.047, 94,     1.638,
 815, 0, 130.04, 130.04, 130.629, 0.589, 3, 130.629, 131.364, 0.735, 1729, 2, 131.364, 131.466, 0.102, 204,     1.427,
 813, 0, 129.829, 129.829, 130.595, 0.766, 582, 130.595, 131.514, 0.919, 1924, 2, 131.514, 131.574, 0.06, 120,     1.745,
 814, 0, 129.903, 129.903, 130.615, 0.713, 20, 130.615, 131.563, 0.948, 1344, 2, 131.563, 131.594, 0.03, 41,     1.691,
 809, 0, 129.138, 129.138, 130.016, 0.878, 65, 130.016, 130.936, 0.92, 1503, 2, 130.936, 131.815, 0.88, 1743,     2.677,
 816, 0, 130.069, 130.069, 131.058, 0.989, 859, 131.058, 131.795, 0.737, 1528, 2, 131.795, 131.825, 0.03, 59,     1.756,
 817, 0, 130.457, 130.457, 131.072, 0.616, 4, 131.072, 131.805, 0.733, 1818, 2, 131.805, 131.932, 0.127, 254,     1.475,
 819, 0, 130.765, 130.765, 131.347, 0.582, 521, 131.347, 132.265, 0.918, 1291, 2, 132.265, 132.286, 0.021, 43,     1.522,
 818, 0, 130.501, 130.501, 131.086, 0.585, 3, 131.086, 132.275, 1.189, 1175, 2, 132.275, 132.286, 0.012, 43,     1.786,
 822, 0, 131.102, 131.102, 131.652, 0.55, 410, 131.652, 132.375, 0.723, 1006, 2, 132.375, 132.385, 0.01, 2,     1.283,
 820, 0, 130.822, 130.822, 131.361, 0.538, 11, 131.361, 132.515, 1.154, 1799, 2, 132.515, 132.595, 0.08, 160,     1.773,
 821, 0, 130.964, 130.964, 131.447, 0.483, 173, 131.447, 132.655, 1.208, 1875, 2, 132.655, 132.667, 0.012, 25,     1.703,
 823, 0, 131.197, 131.197, 131.711, 0.513, 104, 131.711, 132.429, 0.718, 1705, 2, 132.429, 132.702, 0.273, 547,     1.505,
 812, 0, 129.57, 129.57, 130.305, 0.734, 111, 130.305, 131.477, 1.173, 1105, 2, 131.477, 132.768, 1.291, 2582,     3.198,
 827, 0, 131.87, 131.87, 132.02, 0.15, 1, 132.02, 132.753, 0.733, 1494, 2, 132.753, 132.788, 0.035, 40,     0.918,
 829, 0, 132.022, 132.022, 132.12, 0.099, 1, 132.12, 132.855, 0.735, 1103, 2, 132.855, 132.865, 0.01, 9,     0.844,
 828, 0, 131.962, 131.962, 132.107, 0.144, 174, 132.107, 132.827, 0.721, 1446, 2, 132.827, 132.904, 0.077, 139,     0.942,
 824, 0, 131.285, 131.285, 131.722, 0.437, 2, 131.722, 132.895, 1.173, 1583, 2, 132.895, 132.915, 0.02, 25,     1.630,
 825, 0, 131.744, 131.744, 131.986, 0.242, 504, 131.986, 132.904, 0.918, 1585, 2, 132.904, 132.925, 0.021, 57,     1.182,
 826, 0, 131.757, 131.757, 132.006, 0.248, 13, 132.006, 132.936, 0.93, 1539, 2, 132.936, 133.003, 0.067, 137,     1.246,
 831, 0, 132.231, 132.231, 132.251, 0.019, 39, 132.251, 133.185, 0.934, 1957, 2, 133.185, 133.196, 0.011, 22,     0.965,
 832, 0, 132.295, 132.295, 132.372, 0.077, 155, 132.372, 133.292, 0.92, 1608, 2, 133.292, 133.335, 0.043, 73,     1.040,
 833, 0, 132.406, 132.406, 132.6, 0.194, 384, 132.6, 133.325, 0.725, 1017, 2, 133.325, 133.335, 0.01, 14,     0.929,
 830, 0, 132.178, 132.178, 132.188, 0.01, 17, 132.188, 133.358, 1.17, 1942, 2, 133.358, 133.388, 0.03, 60,     1.210,
 834, 0, 132.745, 132.745, 132.755, 0.01, 8, 132.755, 133.471, 0.716, 1586, 2, 133.471, 133.481, 0.01, 7,     0.736,
 835, 0, 132.763, 132.763, 132.769, 0.007, 19, 132.769, 133.496, 0.727, 1374, 2, 133.496, 133.512, 0.016, 32,     0.749,
 836, 0, 132.779, 132.779, 132.803, 0.024, 45, 132.803, 134.022, 1.219, 1675, 2, 134.022, 134.242, 0.22, 441,     1.463,
 837, 0, 133.181, 133.181, 133.244, 0.063, 101, 133.244, 134.388, 1.144, 1130, 2, 134.388, 134.398, 0.01, 4,     1.217,
 839, 0, 133.437, 133.437, 133.471, 0.034, 46, 133.471, 134.637, 1.166, 2037, 2, 134.637, 134.685, 0.048, 97,     1.248,
 841, 0, 133.661, 133.661, 133.683, 0.022, 30, 133.683, 134.773, 1.09, 1632, 2, 134.773, 134.834, 0.061, 98,     1.174,
 840, 0, 133.55, 133.55, 133.584, 0.034, 47, 133.584, 134.887, 1.303, 1408, 2, 134.887, 134.939, 0.053, 105,     1.389,
 842, 0, 134.055, 134.055, 134.083, 0.028, 66, 134.083, 135.169, 1.087, 1419, 2, 135.169, 135.179, 0.01, 1,     1.125,
 838, 0, 133.314, 133.314, 133.324, 0.01, 20, 133.324, 134.274, 0.95, 1562, 2, 134.274, 135.425, 1.151, 2309,     2.111,
 843, 0, 134.49, 134.49, 134.692, 0.203, 420, 134.692, 135.61, 0.918, 1521, 2, 135.61, 135.647, 0.036, 73,     1.157,
 845, 0, 134.931, 134.931, 134.968, 0.037, 74, 134.968, 135.681, 0.713, 1865, 2, 135.681, 135.686, 0.004, 2,     0.755,
 844, 0, 134.575, 134.575, 134.758, 0.183, 132, 134.758, 135.686, 0.927, 1197, 2, 135.686, 135.736, 0.05, 109,     1.161,
 846, 0, 134.989, 134.989, 135.077, 0.088, 178, 135.077, 135.793, 0.716, 1332, 2, 135.793, 135.962, 0.169, 339,     0.973,
 851, 0, 135.521, 135.521, 135.531, 0.01, 15, 135.531, 136.243, 0.712, 1538, 2, 136.243, 136.253, 0.01, 13,     0.732,
 847, 0, 135.077, 135.077, 135.128, 0.051, 102, 135.128, 136.3, 1.172, 1131, 2, 136.3, 136.3, 0, 12,     1.223,
 850, 0, 135.308, 135.308, 135.377, 0.07, 150, 135.377, 136.294, 0.917, 1800, 2, 136.294, 136.304, 0.01, 18,     0.996,
 796, 0, 126.862, 126.862, 127.153, 0.291, 181, 127.153, 128.158, 1.006, 1712, 2, 128.158, 136.389, 8.231, 16462,     9.527,
 852, 0, 135.856, 135.856, 135.936, 0.08, 124, 135.936, 136.663, 0.727, 1062, 2, 136.663, 136.677, 0.014, 28,     0.821,
 848, 0, 135.168, 135.168, 135.208, 0.039, 79, 135.208, 136.126, 0.918, 855, 2, 136.126, 137.128, 1.002, 2003,     1.960,
 853, 0, 136.276, 136.276, 136.298, 0.022, 44, 136.298, 137.232, 0.934, 1934, 2, 137.232, 137.269, 0.036, 73,     0.992,
 795, 0, 126.715, 126.715, 135.053, 8.338, 16679, 135.053, 135.772, 0.719, 1648, 2, 135.772, 137.511, 1.74, 3480,    10.796,
 855, 0, 136.453, 136.453, 136.492, 0.039, 78, 136.492, 137.523, 1.031, 2089, 2, 137.523, 137.55, 0.027, 54,     1.097,
 854, 0, 136.409, 136.409, 136.409, 0, 7, 136.409, 137.43, 1.021, 1233, 2, 137.43, 137.57, 0.14, 256,     1.161,
 856, 0, 136.477, 136.477, 136.518, 0.042, 84, 136.518, 137.699, 1.181, 2133, 2, 137.699, 137.762, 0.062, 127,     1.285,
 857, 0, 136.599, 136.599, 136.628, 0.029, 48, 136.628, 137.786, 1.158, 1460, 2, 137.786, 137.808, 0.022, 44,     1.209,
 858, 0, 136.618, 136.618, 136.917, 0.299, 598, 136.917, 138.036, 1.119, 1695, 2, 138.036, 138.126, 0.09, 180,     1.508,
 860, 0, 137.154, 137.154, 137.322, 0.168, 346, 137.322, 138.217, 0.895, 1311, 2, 138.217, 138.245, 0.029, 57,     1.092,
 859, 0, 137.128, 137.128, 137.137, 0.009, 6, 137.137, 138.286, 1.149, 1558, 2, 138.286, 138.302, 0.017, 33,     1.174,
 861, 0, 137.212, 137.212, 137.222, 0.01, 14, 137.222, 138.448, 1.225, 1519, 2, 138.448, 138.52, 0.073, 110,     1.308,
 862, 0, 137.587, 137.587, 137.587, 0, 9, 137.587, 138.536, 0.949, 1694, 2, 138.536, 138.579, 0.043, 86,     0.992,
 865, 0, 137.903, 137.903, 137.913, 0.01, 10, 137.913, 138.629, 0.716, 1011, 2, 138.629, 138.641, 0.012, 24,     0.738,
 864, 0, 137.827, 137.827, 137.848, 0.022, 43, 137.848, 138.724, 0.876, 1214, 2, 138.724, 138.734, 0.01, 5,     0.908,
 863, 0, 137.793, 137.793, 137.817, 0.024, 47, 137.817, 138.755, 0.938, 1412, 2, 138.755, 138.944, 0.189, 378,     1.151,
 868, 0, 138.138, 138.138, 138.15, 0.012, 23, 138.15, 139.068, 0.918, 1671, 2, 139.068, 139.117, 0.049, 98,     0.979,
 867, 0, 138.114, 138.114, 138.243, 0.129, 257, 138.243, 139.164, 0.921, 1245, 2, 139.164, 139.325, 0.161, 323,     1.211,
 869, 0, 138.524, 138.524, 138.569, 0.044, 104, 138.569, 139.287, 0.718, 1369, 2, 139.287, 139.383, 0.096, 210,     0.859,
 866, 0, 138.067, 138.067, 138.086, 0.019, 30, 138.086, 139.469, 1.383, 1870, 2, 139.469, 139.601, 0.132, 265,     1.534,
 849, 0, 135.238, 135.238, 135.388, 0.149, 299, 135.388, 136.117, 0.73, 1082, 2, 136.117, 139.992, 3.875, 7750,     4.754,
 871, 0, 138.686, 138.686, 139.337, 0.65, 1275, 139.337, 140.266, 0.929, 1675, 2, 140.266, 140.287, 0.021, 35,     1.600,
 873, 0, 139.036, 139.036, 139.357, 0.32, 3, 139.357, 140.277, 0.92, 1843, 2, 140.277, 140.307, 0.03, 57,     1.270,
 878, 0, 139.25, 139.25, 139.51, 0.26, 16, 139.51, 140.342, 0.832, 2601, 2, 140.342, 140.404, 0.062, 124,     1.154,
 876, 0, 139.102, 139.102, 139.478, 0.376, 11, 139.478, 140.516, 1.038, 1746, 2, 140.516, 140.532, 0.016, 32,     1.430,
 877, 0, 139.204, 139.204, 139.498, 0.294, 5, 139.498, 140.536, 1.038, 1751, 2, 140.536, 140.565, 0.029, 66,     1.361,
 875, 0, 139.095, 139.095, 139.458, 0.363, 160, 139.458, 140.712, 1.255, 1230, 2, 140.712, 140.794, 0.082, 164,     1.700,
 870, 0, 138.557, 138.557, 138.583, 0.026, 32, 138.583, 140.005, 1.422, 1671, 2, 140.005, 140.92, 0.915, 1831,     2.363,
 879, 0, 139.274, 139.274, 140.246, 0.971, 1473, 140.246, 140.966, 0.72, 1714, 2, 140.966, 140.976, 0.01, 9,     1.702,
 883, 0, 140.301, 140.301, 140.35, 0.048, 37, 140.35, 141.082, 0.732, 1157, 2, 141.082, 141.109, 0.027, 54,     0.807,
 881, 0, 140.187, 140.187, 140.28, 0.093, 15, 140.28, 141.198, 0.919, 1055, 2, 141.198, 141.212, 0.013, 29,     1.025,
 882, 0, 140.296, 140.296, 140.327, 0.031, 63, 140.327, 141.247, 0.92, 1602, 2, 141.247, 141.3, 0.053, 107,     1.005,
 874, 0, 139.074, 139.074, 139.377, 0.303, 7, 139.377, 140.093, 0.716, 1683, 2, 140.093, 141.592, 1.5, 3000,     2.518,
 884, 0, 140.35, 140.35, 140.721, 0.371, 735, 140.721, 141.645, 0.923, 1684, 2, 141.645, 141.65, 0.005, 10,     1.300,
 887, 0, 140.762, 140.762, 141.012, 0.25, 12, 141.012, 141.736, 0.724, 1298, 2, 141.736, 141.815, 0.079, 139,     1.053,
 880, 0, 139.754, 139.754, 140.26, 0.506, 1, 140.26, 141.786, 1.526, 1250, 2, 141.786, 141.883, 0.098, 196,     2.130,
 885, 0, 140.625, 140.625, 140.878, 0.253, 314, 140.878, 141.895, 1.016, 922, 2, 141.895, 142.065, 0.17, 330,     1.439,
 886, 0, 140.721, 140.721, 140.992, 0.27, 218, 140.992, 142.054, 1.062, 1303, 2, 142.054, 142.065, 0.011, 34,     1.344,
 892, 0, 141.343, 141.343, 141.382, 0.038, 77, 141.382, 142.097, 0.715, 1607, 2, 142.097, 142.107, 0.01, 7,     0.764,
 889, 0, 141.043, 141.043, 141.192, 0.149, 299, 141.192, 142.144, 0.952, 1497, 2, 142.144, 142.159, 0.015, 30,     1.116,
 891, 0, 141.258, 141.258, 141.272, 0.014, 32, 141.272, 142.251, 0.979, 1374, 2, 142.251, 142.261, 0.01, 5,     1.003,
 888, 0, 140.841, 140.841, 141.039, 0.198, 36, 141.039, 142.347, 1.308, 1702, 2, 142.347, 142.373, 0.026, 53,     1.532,
 890, 0, 141.106, 141.106, 141.212, 0.106, 39, 141.212, 142.304, 1.092, 1836, 2, 142.304, 142.477, 0.173, 346,     1.371,
 896, 0, 141.74, 141.74, 142.159, 0.419, 299, 142.159, 142.889, 0.73, 1000, 2, 142.889, 142.902, 0.013, 26,     1.162,
 872, 0, 138.983, 138.983, 141.99, 3.007, 6023, 141.99, 142.908, 0.918, 827, 2, 142.908, 142.908, 0, 11,     3.925,
 897, 0, 141.778, 141.778, 142.173, 0.396, 14, 142.173, 142.903, 0.73, 1502, 2, 142.903, 142.917, 0.014, 31,     1.140,
 895, 0, 141.656, 141.656, 142.01, 0.354, 1, 142.01, 142.93, 0.92, 1015, 2, 142.93, 142.94, 0.01, 9,     1.284,
 893, 0, 141.434, 141.434, 141.495, 0.061, 140, 141.495, 142.694, 1.199, 1095, 2, 142.694, 143.237, 0.543, 1087,     1.804,
 898, 0, 142.12, 142.12, 142.34, 0.22, 305, 142.34, 143.26, 0.92, 1440, 2, 143.26, 143.331, 0.071, 157,     1.211,
 903, 0, 142.774, 142.774, 142.97, 0.196, 30, 142.97, 143.686, 0.716, 2247, 2, 143.686, 143.717, 0.03, 61,     0.943,
 901, 0, 142.501, 142.501, 142.926, 0.425, 51, 142.926, 143.861, 0.934, 1573, 2, 143.861, 143.875, 0.014, 28,     1.374,
 902, 0, 142.714, 142.714, 142.946, 0.233, 16, 142.946, 144.006, 1.059, 1334, 2, 144.006, 144.053, 0.047, 65,     1.340,
 894, 0, 141.499, 141.499, 142.901, 1.402, 2812, 142.901, 144.111, 1.21, 1955, 2, 144.111, 144.147, 0.036, 73,     2.649,
 904, 0, 143.164, 143.164, 143.37, 0.206, 413, 143.37, 144.361, 0.991, 1664, 2, 144.361, 144.371, 0.01, 9,     1.207,
 905, 0, 143.236, 143.236, 143.849, 0.613, 958, 143.849, 144.769, 0.92, 1116, 2, 144.769, 144.779, 0.01, 9,     1.542,
 899, 0, 142.29, 142.29, 142.433, 0.143, 186, 142.433, 143.353, 0.92, 1730, 2, 143.353, 144.823, 1.47, 2941,     2.533,
 910, 0, 144.107, 144.107, 144.129, 0.022, 51, 144.129, 144.862, 0.733, 1248, 2, 144.862, 144.872, 0.01, 28,     0.765,
 906, 0, 143.506, 143.506, 143.938, 0.432, 144, 143.938, 144.859, 0.92, 1467, 2, 144.859, 144.989, 0.131, 262,     1.483,
 907, 0, 143.864, 143.864, 143.961, 0.097, 45, 143.961, 145.018, 1.058, 1423, 2, 145.018, 145.049, 0.03, 68,     1.185,
 911, 0, 144.327, 144.327, 144.36, 0.033, 66, 144.36, 145.073, 0.713, 1612, 2, 145.073, 145.154, 0.081, 161,     0.827,
 900, 0, 142.455, 142.455, 144.058, 1.602, 3202, 144.058, 145.166, 1.109, 1712, 2, 145.166, 145.23, 0.064, 128,     2.775,
 909, 0, 144.048, 144.048, 144.058, 0.01, 5, 144.058, 145.268, 1.21, 1875, 2, 145.268, 145.278, 0.011, 21,     1.231,
 912, 0, 144.447, 144.447, 144.51, 0.062, 140, 144.51, 145.43, 0.92, 685, 2, 145.43, 145.443, 0.013, 43,     0.996,
 908, 0, 143.951, 143.951, 144.001, 0.05, 45, 144.001, 145.316, 1.315, 1688, 2, 145.316, 145.455, 0.139, 283,     1.504,
 916, 0, 145.167, 145.167, 145.177, 0.01, 8, 145.177, 146.094, 0.917, 973, 2, 146.094, 146.118, 0.023, 47,     0.950,
 917, 0, 145.257, 145.257, 145.285, 0.028, 51, 145.285, 146.222, 0.937, 1374, 2, 146.222, 146.251, 0.029, 57,     0.994,
 913, 0, 144.861, 144.861, 144.87, 0.01, 18, 144.87, 145.79, 0.92, 2442, 2, 145.79, 146.465, 0.675, 1351,     1.605,
 918, 0, 145.454, 145.454, 145.604, 0.15, 301, 145.604, 146.523, 0.918, 1729, 2, 146.523, 146.533, 0.01, 13,     1.079,
 915, 0, 144.988, 144.988, 145.578, 0.59, 1180, 145.578, 146.751, 1.173, 847, 2, 146.751, 146.761, 0.01, 15,     1.773,
 914, 0, 144.917, 144.917, 144.927, 0.01, 18, 144.927, 146.095, 1.168, 1255, 2, 146.095, 146.891, 0.796, 1594,     1.974,
 919, 0, 145.788, 145.788, 146.01, 0.223, 446, 146.01, 146.93, 0.919, 1820, 2, 146.93, 146.945, 0.015, 40,     1.157,
 921, 0, 145.989, 145.989, 146.045, 0.056, 69, 146.045, 147, 0.955, 1484, 2, 147, 147.036, 0.036, 72,     1.047,
 920, 0, 145.916, 145.916, 146.178, 0.262, 522, 146.178, 147.096, 0.918, 1442, 2, 147.096, 147.106, 0.01, 6,     1.190,
 923, 0, 146.249, 146.249, 146.292, 0.043, 56, 146.292, 147.217, 0.925, 1861, 2, 147.217, 147.227, 0.01, 4,     0.978,
 922, 0, 146.066, 146.066, 146.066, 0, 12, 146.066, 147.3, 1.234, 1972, 2, 147.3, 147.31, 0.01, 20,     1.244,
 924, 0, 146.443, 146.443, 146.453, 0.01, 23, 146.453, 147.626, 1.173, 1723, 2, 147.626, 147.665, 0.039, 78,     1.222,
 925, 0, 146.617, 146.617, 146.627, 0.01, 9, 146.627, 147.546, 0.919, 1454, 2, 147.546, 147.921, 0.375, 750,     1.304,
 926, 0, 147.039, 147.039, 147.049, 0.01, 12, 147.049, 147.965, 0.917, 1466, 2, 147.965, 148.04, 0.074, 149,     1.001,
 927, 0, 147.657, 147.657, 147.668, 0.011, 21, 147.668, 148.588, 0.921, 907, 2, 148.588, 148.632, 0.044, 81,     0.975,
 928, 0, 147.662, 147.662, 147.688, 0.026, 49, 147.688, 148.622, 0.935, 929, 2, 148.622, 148.731, 0.109, 219,     1.070,
 930, 0, 147.897, 147.897, 147.992, 0.095, 196, 147.992, 148.911, 0.92, 1789, 2, 148.911, 149.004, 0.093, 186,     1.107,
 929, 0, 147.838, 147.838, 148.087, 0.249, 498, 148.087, 149.007, 0.92, 1363, 2, 149.007, 149.063, 0.056, 119,     1.225,
 931, 0, 147.935, 147.935, 148.143, 0.209, 273, 148.143, 148.857, 0.714, 1121, 2, 148.857, 149.096, 0.239, 476,     1.162,
 932, 0, 148.362, 148.362, 148.386, 0.024, 29, 148.386, 149.307, 0.921, 1446, 2, 149.307, 149.325, 0.018, 36,     0.963,
 934, 0, 148.457, 148.457, 148.467, 0.01, 30, 148.467, 149.387, 0.92, 1580, 2, 149.387, 149.416, 0.029, 57,     0.959,
 935, 0, 148.767, 148.767, 149.097, 0.329, 659, 149.097, 149.877, 0.78, 1939, 2, 149.877, 149.887, 0.01, 14,     1.120,
 937, 0, 149.143, 149.143, 149.154, 0.011, 22, 149.154, 149.877, 0.723, 1418, 2, 149.877, 149.895, 0.018, 31,     0.753,
 933, 0, 148.412, 148.412, 149.02, 0.608, 1232, 149.02, 149.938, 0.918, 1651, 2, 149.938, 149.964, 0.026, 52,     1.552,
 936, 0, 148.972, 148.972, 149.046, 0.075, 52, 149.046, 149.966, 0.92, 1508, 2, 149.966, 150.214, 0.247, 499,     1.242,
 939, 0, 149.437, 149.437, 149.554, 0.118, 236, 149.554, 150.46, 0.906, 1063, 2, 150.46, 150.482, 0.022, 44,     1.045,
 938, 0, 149.189, 149.189, 149.211, 0.023, 45, 149.211, 150.593, 1.382, 1339, 2, 150.593, 150.603, 0.01, 17,     1.414,
 940, 0, 149.626, 149.626, 149.674, 0.048, 105, 149.674, 150.605, 0.931, 1380, 2, 150.605, 150.691, 0.085, 137,     1.064,
 944, 0, 150.074, 150.074, 150.195, 0.121, 105, 150.195, 151.137, 0.942, 2096, 2, 151.137, 151.147, 0.01, 7,     1.073,
 943, 0, 150.049, 150.049, 150.128, 0.08, 135, 150.128, 151.047, 0.919, 1407, 2, 151.047, 151.2, 0.153, 307,     1.152,
 945, 0, 150.311, 150.311, 150.387, 0.076, 133, 150.387, 151.307, 0.92, 1339, 2, 151.307, 151.378, 0.071, 146,     1.067,
 947, 0, 150.423, 150.423, 150.452, 0.03, 5, 150.452, 151.387, 0.935, 1703, 2, 151.387, 151.549, 0.162, 344,     1.127,
 949, 0, 151.082, 151.082, 151.097, 0.015, 30, 151.097, 151.873, 0.776, 1399, 2, 151.873, 151.92, 0.047, 93,     0.838,
 948, 0, 150.656, 150.656, 150.677, 0.02, 41, 150.677, 151.598, 0.921, 1451, 2, 151.598, 152.04, 0.442, 885,     1.384,
 946, 0, 150.332, 150.332, 150.432, 0.1, 91, 150.432, 151.617, 1.185, 1525, 2, 151.617, 152.08, 0.463, 899,     1.748,
 942, 0, 149.943, 149.943, 149.953, 0.011, 21, 149.953, 150.887, 0.934, 1295, 2, 150.887, 152.393, 1.506, 3032,     2.450,
 951, 0, 151.636, 151.636, 151.661, 0.024, 57, 151.661, 152.594, 0.933, 1533, 2, 152.594, 152.652, 0.058, 115,     1.015,
 954, 0, 151.783, 151.783, 151.822, 0.039, 58, 151.822, 152.669, 0.847, 1292, 2, 152.669, 152.679, 0.01, 18,     0.896,
 950, 0, 151.219, 151.219, 151.229, 0.01, 19, 151.229, 152.583, 1.354, 1162, 2, 152.583, 152.699, 0.116, 214,     1.480,
 952, 0, 151.735, 151.735, 151.745, 0.01, 34, 151.745, 152.662, 0.917, 1410, 2, 152.662, 152.837, 0.175, 350,     1.102,
 953, 0, 151.763, 151.763, 151.793, 0.03, 52, 151.793, 152.844, 1.051, 1642, 2, 152.844, 152.844, 0, 9,     1.081,
 955, 0, 151.822, 151.822, 151.903, 0.081, 169, 151.903, 153.105, 1.201, 1592, 2, 153.105, 153.174, 0.069, 139,     1.352,
 957, 0, 151.918, 151.918, 152.469, 0.551, 1103, 152.469, 153.199, 0.729, 1238, 2, 153.199, 153.209, 0.01, 13,     1.291,
 958, 0, 152.396, 152.396, 152.506, 0.11, 204, 152.506, 153.218, 0.712, 1836, 2, 153.218, 153.218, 0, 2,     0.822,
 959, 0, 152.496, 152.496, 152.506, 0.01, 6, 152.506, 153.218, 0.712, 1845, 2, 153.218, 153.31, 0.092, 184,     0.814,
 963, 0, 152.879, 152.879, 152.892, 0.012, 38, 152.892, 153.606, 0.715, 1524, 2, 153.606, 153.616, 0.01, 11,     0.737,
 962, 0, 152.731, 152.731, 152.754, 0.023, 53, 152.754, 153.696, 0.942, 1057, 2, 153.696, 153.706, 0.01, 12,     0.975,
 960, 0, 152.521, 152.521, 152.633, 0.112, 213, 152.633, 153.546, 0.912, 1319, 2, 153.546, 153.78, 0.234, 452,     1.259,
 961, 0, 152.573, 152.573, 152.583, 0.011, 21, 152.583, 153.77, 1.187, 1477, 2, 153.77, 153.78, 0.01, 3,     1.207,
 964, 0, 153.197, 153.197, 153.207, 0.011, 21, 153.207, 154.126, 0.918, 1615, 2, 154.126, 154.174, 0.048, 97,     0.977,
 965, 0, 153.279, 153.279, 153.306, 0.027, 54, 153.306, 154.325, 1.019, 1539, 2, 154.325, 154.335, 0.01, 10,     1.056,
 941, 0, 149.872, 149.872, 151.813, 1.941, 3880, 151.813, 152.912, 1.099, 895, 2, 152.912, 154.585, 1.673, 3327,     4.713,
 967, 0, 153.509, 153.509, 153.549, 0.04, 46, 153.549, 154.575, 1.025, 1680, 2, 154.575, 154.654, 0.079, 159,     1.145,
 968, 0, 153.673, 153.673, 153.744, 0.07, 153, 153.744, 154.655, 0.911, 1824, 2, 154.655, 154.665, 0.01, 21,     0.991,
 966, 0, 153.463, 153.463, 153.498, 0.035, 81, 153.498, 154.417, 0.918, 1013, 2, 154.417, 154.916, 0.499, 999,     1.453,
 956, 0, 151.856, 151.856, 151.968, 0.112, 206, 151.968, 153.162, 1.194, 1864, 2, 153.162, 155.182, 2.021, 4042,     3.326,
 969, 0, 154.648, 154.648, 154.66, 0.012, 24, 154.66, 155.58, 0.92, 1179, 2, 155.58, 155.743, 0.162, 325,     1.094,
 970, 0, 154.726, 154.726, 154.756, 0.03, 32, 154.756, 155.829, 1.073, 1669, 2, 155.829, 155.849, 0.02, 31,     1.123,
 975, 0, 155.079, 155.079, 155.146, 0.066, 39, 155.146, 155.866, 0.72, 1522, 2, 155.866, 155.893, 0.028, 68,     0.814,
 971, 0, 154.778, 154.778, 154.82, 0.042, 81, 154.82, 155.977, 1.158, 1876, 2, 155.977, 156.02, 0.042, 60,     1.242,
 973, 0, 154.867, 154.867, 155.146, 0.279, 519, 155.146, 156.03, 0.884, 1402, 2, 156.03, 156.089, 0.06, 129,     1.222,
 972, 0, 154.81, 154.81, 155.093, 0.284, 568, 155.093, 156.079, 0.986, 1521, 2, 156.079, 156.24, 0.161, 322,     1.431,
 974, 0, 154.893, 154.893, 155.112, 0.219, 38, 155.112, 156.227, 1.115, 1304, 2, 156.227, 156.26, 0.033, 57,     1.367,
 976, 0, 155.417, 155.417, 155.427, 0.01, 8, 155.427, 156.363, 0.936, 1437, 2, 156.363, 156.373, 0.01, 1,     0.956,
 977, 0, 155.526, 155.526, 155.605, 0.078, 157, 155.605, 156.525, 0.92, 1217, 2, 156.525, 156.552, 0.027, 63,     1.025,
 979, 0, 155.957, 155.957, 156.027, 0.07, 138, 156.027, 156.961, 0.934, 1455, 2, 156.961, 156.961, 0, 15,     1.004,
 978, 0, 155.546, 155.546, 155.789, 0.242, 494, 155.789, 156.953, 1.164, 1011, 2, 156.953, 156.998, 0.045, 91,     1.452,
 980, 0, 155.986, 155.986, 156.027, 0.041, 72, 156.027, 156.961, 0.934, 1300, 2, 156.961, 157.021, 0.06, 120,     1.034,
 983, 0, 156.131, 156.131, 156.156, 0.025, 50, 156.156, 157.211, 1.055, 1455, 2, 157.211, 157.237, 0.026, 49,     1.106,
 984, 0, 156.223, 156.223, 156.223, 0, 13, 156.223, 157.211, 0.988, 1577, 2, 157.211, 157.309, 0.098, 196,     1.086,
 981, 0, 156.075, 156.075, 156.085, 0.01, 9, 156.085, 157.252, 1.167, 1271, 2, 157.252, 157.345, 0.093, 168,     1.270,
 982, 0, 156.111, 156.111, 156.29, 0.179, 345, 156.29, 157.751, 1.461, 1547, 2, 157.751, 157.807, 0.055, 111,     1.696,
 987, 0, 157.611, 157.611, 157.621, 0.01, 2, 157.621, 158.337, 0.716, 1352, 2, 158.337, 158.358, 0.022, 43,     0.747,
 986, 0, 157.54, 157.54, 157.55, 0.01, 1, 157.55, 158.47, 0.921, 1393, 2, 158.47, 158.496, 0.025, 50,     0.956,
 985, 0, 157.147, 157.147, 157.156, 0.01, 11, 157.156, 158.237, 1.08, 1393, 2, 158.237, 158.592, 0.356, 712,     1.446,
 988, 0, 157.67, 157.67, 157.786, 0.116, 232, 157.786, 158.7, 0.914, 1589, 2, 158.7, 158.747, 0.047, 95,     1.078,
 990, 0, 157.961, 157.961, 158.038, 0.077, 154, 158.038, 158.776, 0.737, 910, 2, 158.776, 158.786, 0.01, 11,     0.824,
 989, 0, 157.908, 157.908, 157.928, 0.02, 34, 157.928, 158.85, 0.921, 1792, 2, 158.85, 158.888, 0.038, 77,     0.980,
 992, 0, 158.056, 158.056, 158.066, 0.01, 12, 158.066, 158.987, 0.921, 1312, 2, 158.987, 158.997, 0.01, 15,     0.941,
 995, 0, 158.139, 158.139, 158.203, 0.064, 24, 158.203, 159.006, 0.803, 1457, 2, 159.006, 159.006, 0, 6,     0.866,
 991, 0, 158.028, 158.028, 158.189, 0.161, 291, 158.189, 159.026, 0.837, 1944, 2, 159.026, 159.036, 0.01, 14,     1.007,
 993, 0, 158.082, 158.082, 158.169, 0.087, 148, 158.169, 159.1, 0.931, 1752, 2, 159.1, 159.133, 0.033, 67,     1.051,
 994, 0, 158.124, 158.124, 158.245, 0.121, 129, 158.245, 159.237, 0.992, 1882, 2, 159.237, 159.247, 0.01, 8,     1.123,
 996, 0, 158.631, 158.631, 158.66, 0.029, 53, 158.66, 159.593, 0.933, 1452, 2, 159.593, 159.648, 0.055, 107,     1.017,
 998, 0, 158.802, 158.802, 158.852, 0.05, 100, 158.852, 159.773, 0.92, 1083, 2, 159.773, 159.862, 0.089, 154,     1.059,
 997, 0, 158.662, 158.662, 159.161, 0.499, 1003, 159.161, 159.891, 0.73, 1382, 2, 159.891, 159.913, 0.022, 44,     1.250,
 999, 0, 159.076, 159.076, 159.239, 0.162, 325, 159.239, 160.443, 1.204, 1708, 2, 160.443, 160.512, 0.07, 140,     1.436,
 1002, 0, 159.672, 159.672, 159.737, 0.065, 11, 159.737, 160.698, 0.961, 1552, 2, 160.698, 160.71, 0.012, 25,     1.039,
 1003, 0, 159.756, 159.756, 160.007, 0.251, 483, 160.007, 160.723, 0.716, 1497, 2, 160.723, 160.733, 0.01, 2,     0.977,
 1001, 0, 159.596, 159.596, 159.717, 0.121, 243, 159.717, 160.794, 1.077, 1302, 2, 160.794, 160.805, 0.011, 22,     1.209,
 1007, 0, 160.132, 160.132, 160.142, 0.01, 1, 160.142, 160.98, 0.838, 1797, 2, 160.98, 161, 0.02, 40,     0.868,
 1005, 0, 159.923, 159.923, 160.041, 0.117, 18, 160.041, 161.043, 1.002, 1097, 2, 161.043, 161.053, 0.01, 1,     1.130,
 1008, 0, 160.269, 160.269, 160.346, 0.077, 153, 160.346, 161.06, 0.715, 1668, 2, 161.06, 161.06, 0, 6,     0.791,
 1006, 0, 160.062, 160.062, 160.082, 0.019, 39, 160.082, 161.144, 1.062, 1709, 2, 161.144, 161.154, 0.01, 18,     1.091,
 1000, 0, 159.469, 159.469, 160.683, 1.214, 2428, 160.683, 161.402, 0.719, 1314, 2, 161.402, 161.415, 0.013, 27,     1.946,
 1011, 0, 160.683, 160.683, 160.693, 0.01, 10, 160.693, 161.425, 0.731, 1336, 2, 161.425, 161.442, 0.017, 53,     0.758,
 1004, 0, 159.824, 159.824, 160.021, 0.196, 1, 160.021, 161.309, 1.289, 1768, 2, 161.309, 161.537, 0.228, 456,     1.713,
 1012, 0, 160.709, 160.709, 160.728, 0.019, 42, 160.728, 161.559, 0.831, 1493, 2, 161.559, 161.559, 0, 8,     0.850,
 1010, 0, 160.645, 160.645, 160.645, 0, 3, 160.645, 161.566, 0.921, 1928, 2, 161.566, 161.576, 0.01, 7,     0.931,
 1009, 0, 160.625, 160.625, 160.635, 0.01, 19, 160.635, 161.551, 0.916, 1511, 2, 161.551, 161.621, 0.07, 141,     0.996,
 1016, 0, 160.922, 160.922, 160.977, 0.055, 82, 160.977, 161.7, 0.722, 1881, 2, 161.7, 161.765, 0.065, 131,     0.843,
 1014, 0, 160.744, 160.744, 160.769, 0.024, 59, 160.769, 161.801, 1.032, 1496, 2, 161.801, 161.817, 0.017, 33,     1.073,
 1015, 0, 160.901, 160.901, 160.977, 0.076, 136, 160.977, 161.905, 0.927, 1582, 2, 161.905, 161.994, 0.089, 143,     1.093,
 1017, 0, 161.014, 161.014, 161.052, 0.038, 76, 161.052, 162.255, 1.203, 1781, 2, 162.255, 162.265, 0.01, 12,     1.251,
 1013, 0, 160.728, 160.728, 160.728, 0, 1, 160.728, 162.169, 1.441, 1014, 2, 162.169, 162.598, 0.429, 840,     1.870,
 1022, 0, 161.862, 161.862, 161.891, 0.029, 34, 161.891, 162.611, 0.72, 1183, 2, 162.611, 162.634, 0.023, 51,     0.771,
 1018, 0, 161.03, 161.03, 161.648, 0.619, 1238, 161.648, 162.568, 0.92, 1410, 2, 162.568, 162.645, 0.077, 135,     1.616,
 1021, 0, 161.82, 161.82, 161.857, 0.038, 2, 161.857, 162.783, 0.926, 1673, 2, 162.783, 162.852, 0.069, 140,     1.032,
 1020, 0, 161.333, 161.333, 161.838, 0.505, 379, 161.838, 162.818, 0.981, 1512, 2, 162.818, 162.925, 0.107, 191,     1.592,
 1019, 0, 161.222, 161.222, 161.997, 0.775, 1550, 161.997, 163.068, 1.071, 450, 2, 163.068, 163.124, 0.056, 113,     1.902,
 1027, 0, 162.655, 162.655, 162.655, 0, 2, 162.655, 163.372, 0.717, 1610, 2, 163.372, 163.409, 0.037, 63,     0.754,
 1025, 0, 162.529, 162.529, 162.601, 0.071, 143, 162.601, 163.529, 0.929, 1420, 2, 163.529, 163.555, 0.025, 51,     1.026,
 1026, 0, 162.618, 162.618, 162.628, 0.01, 7, 162.628, 163.339, 0.71, 1500, 2, 163.339, 163.631, 0.293, 579,     1.013,
 1024, 0, 162.483, 162.483, 162.519, 0.036, 71, 162.519, 163.439, 0.921, 1624, 2, 163.439, 163.655, 0.216, 431,     1.172,
 1028, 0, 162.848, 162.848, 162.858, 0.01, 1, 162.858, 163.779, 0.921, 2127, 2, 163.779, 163.81, 0.031, 62,     0.962,
 1032, 0, 163.292, 163.292, 163.302, 0.01, 10, 163.302, 164.026, 0.725, 1320, 2, 164.026, 164.036, 0.01, 15,     0.745,
 1029, 0, 162.942, 162.942, 162.964, 0.023, 52, 162.964, 164.028, 1.064, 1354, 2, 164.028, 164.056, 0.028, 39,     1.115,
 1030, 0, 163.039, 163.039, 163.145, 0.106, 202, 163.145, 164.101, 0.956, 1848, 2, 164.101, 164.127, 0.026, 52,     1.088,
 1035, 0, 163.472, 163.472, 163.478, 0.006, 4, 163.478, 164.391, 0.913, 1474, 2, 164.391, 164.413, 0.023, 32,     0.941,
 1031, 0, 163.106, 163.106, 163.428, 0.323, 631, 163.428, 164.154, 0.725, 1769, 2, 164.154, 164.535, 0.382, 747,     1.430,
 1034, 0, 163.363, 163.363, 163.612, 0.249, 348, 163.612, 164.525, 0.914, 1604, 2, 164.525, 164.572, 0.046, 93,     1.209,
 1023, 0, 162.055, 162.055, 162.065, 0.01, 14, 162.065, 163.033, 0.967, 1352, 2, 163.033, 164.592, 1.559, 3099,     2.537,
 1033, 0, 163.358, 163.358, 163.46, 0.102, 208, 163.46, 164.645, 1.185, 1317, 2, 164.645, 164.708, 0.063, 126,     1.351,
 1036, 0, 163.478, 163.478, 163.482, 0.004, 4, 163.482, 164.422, 0.939, 1454, 2, 164.422, 164.944, 0.523, 1063,     1.466,
 1038, 0, 164.874, 164.874, 164.884, 0.01, 21, 164.884, 165.895, 1.012, 1434, 2, 165.895, 165.905, 0.01, 12,     1.032,
 1040, 0, 165.171, 165.171, 165.189, 0.018, 37, 165.189, 165.905, 0.716, 1149, 2, 165.905, 166.037, 0.132, 284,     0.867,
 1039, 0, 164.967, 164.967, 165.016, 0.049, 99, 165.016, 166.023, 1.006, 1572, 2, 166.023, 166.059, 0.036, 73,     1.092,
 1041, 0, 165.357, 165.357, 165.367, 0.01, 1, 165.367, 166.104, 0.737, 939, 2, 166.104, 166.28, 0.176, 353,     0.923,
 1042, 0, 165.469, 165.469, 165.479, 0.01, 9, 165.479, 166.399, 0.921, 1673, 2, 166.399, 166.419, 0.02, 36,     0.951,
 1043, 0, 165.616, 165.616, 165.806, 0.19, 401, 165.806, 166.522, 0.715, 1439, 2, 166.522, 166.532, 0.01, 2,     0.916,
 1044, 0, 165.746, 165.746, 165.756, 0.01, 15, 165.756, 166.676, 0.92, 661, 2, 166.676, 166.686, 0.01, 1,     0.940,
 1046, 0, 166.175, 166.175, 166.197, 0.022, 43, 166.197, 167.115, 0.919, 1037, 2, 167.115, 167.14, 0.024, 49,     0.965,
 1045, 0, 166.083, 166.083, 166.083, 0, 9, 166.083, 167.241, 1.158, 1280, 2, 167.241, 167.251, 0.01, 6,     1.168,
 1047, 0, 166.429, 166.429, 166.482, 0.053, 106, 166.482, 167.402, 0.92, 1956, 2, 167.402, 167.412, 0.01, 11,     0.983,
 1048, 0, 166.734, 166.734, 166.751, 0.017, 33, 166.751, 167.467, 0.716, 1641, 2, 167.467, 167.477, 0.01, 15,     0.742,
 1049, 0, 166.766, 166.766, 166.873, 0.108, 182, 166.873, 167.595, 0.722, 961, 2, 167.595, 167.605, 0.01, 18,     0.840,
 1050, 0, 166.825, 166.825, 166.839, 0.014, 28, 166.839, 167.555, 0.716, 1737, 2, 167.555, 167.615, 0.06, 102,     0.790,
 1053, 0, 167.294, 167.294, 167.334, 0.04, 48, 167.334, 168.253, 0.918, 1479, 2, 168.253, 168.263, 0.01, 1,     0.968,
 1051, 0, 167.068, 167.068, 167.119, 0.051, 80, 167.119, 168.306, 1.187, 1567, 2, 168.306, 168.44, 0.134, 268,     1.372,
 1055, 0, 167.529, 167.529, 167.652, 0.124, 250, 167.652, 168.368, 0.716, 1585, 2, 168.368, 168.451, 0.083, 146,     0.923,
 1056, 0, 167.548, 167.548, 167.666, 0.118, 23, 167.666, 168.4, 0.734, 1388, 2, 168.4, 168.461, 0.061, 107,     0.913,
 1052, 0, 167.259, 167.259, 167.513, 0.255, 510, 167.513, 168.451, 0.938, 1167, 2, 168.451, 168.461, 0.01, 20,     1.203,
 1054, 0, 167.432, 167.432, 167.7, 0.268, 501, 167.7, 168.42, 0.72, 1268, 2, 168.42, 168.483, 0.063, 127,     1.051,
 1058, 0, 168.016, 168.016, 168.031, 0.014, 29, 168.031, 168.95, 0.919, 1248, 2, 168.95, 169.058, 0.108, 217,     1.042,
 1037, 0, 164.716, 164.716, 164.726, 0.01, 8, 164.726, 165.645, 0.92, 1237, 2, 165.645, 169.246, 3.601, 7203,     4.531,
 1057, 0, 167.725, 167.725, 167.942, 0.217, 435, 167.942, 169.125, 1.183, 1470, 2, 169.125, 169.267, 0.142, 284,     1.543,
 1060, 0, 168.819, 168.819, 168.828, 0.01, 4, 168.828, 169.551, 0.723, 1494, 2, 169.551, 169.561, 0.01, 14,     0.743,
 1059, 0, 168.191, 168.191, 168.651, 0.46, 921, 168.651, 169.571, 0.92, 1424, 2, 169.571, 169.589, 0.018, 36,     1.399,
 1063, 0, 169.041, 169.041, 169.051, 0.01, 15, 169.051, 169.767, 0.716, 1771, 2, 169.767, 169.814, 0.048, 95,     0.773,
 1061, 0, 168.907, 168.907, 168.933, 0.026, 53, 168.933, 169.649, 0.716, 1644, 2, 169.649, 170.136, 0.487, 975,     1.229,
 1065, 0, 169.229, 169.229, 169.25, 0.021, 42, 169.25, 170.168, 0.919, 1328, 2, 170.168, 170.24, 0.071, 143,     1.011,
 1064, 0, 169.16, 169.16, 169.17, 0.01, 17, 169.17, 170.528, 1.357, 1391, 2, 170.528, 170.54, 0.012, 25,     1.380,
 1066, 0, 169.631, 169.631, 169.664, 0.033, 49, 169.664, 170.584, 0.92, 1590, 2, 170.584, 170.627, 0.043, 81,     0.996,
 1062, 0, 168.989, 168.989, 169.929, 0.94, 1879, 169.929, 170.867, 0.938, 1569, 2, 170.867, 170.891, 0.024, 33,     1.901,
 1067, 0, 169.794, 169.794, 169.804, 0.01, 5, 169.804, 170.867, 1.063, 1370, 2, 170.867, 170.921, 0.054, 91,     1.127,
 1068, 0, 169.92, 169.92, 169.929, 0.009, 36, 169.929, 171.131, 1.202, 1886, 2, 171.131, 171.141, 0.01, 9,     1.221,
 1070, 0, 170.406, 170.406, 170.621, 0.215, 441, 170.621, 171.787, 1.166, 1756, 2, 171.787, 171.816, 0.029, 37,     1.410,
 1069, 0, 170.327, 170.327, 171.197, 0.87, 1711, 171.197, 171.947, 0.75, 1848, 2, 171.947, 172.023, 0.076, 152,     1.696,
 1071, 0, 170.619, 170.619, 170.654, 0.035, 46, 170.654, 171.884, 1.23, 1311, 2, 171.884, 172.075, 0.191, 383,     1.457,
 1074, 0, 170.905, 170.905, 170.918, 0.013, 30, 170.918, 172.134, 1.216, 1030, 2, 172.134, 172.144, 0.01, 20,     1.239,
 1073, 0, 170.705, 170.705, 170.717, 0.012, 23, 170.717, 172.036, 1.319, 1556, 2, 172.036, 172.368, 0.332, 654,     1.663,
 1072, 0, 170.659, 170.659, 170.679, 0.02, 38, 170.679, 172.2, 1.521, 1474, 2, 172.2, 172.535, 0.335, 671,     1.876,
 1076, 0, 171.44, 171.44, 171.44, 0, 1, 171.44, 172.607, 1.168, 1549, 2, 172.607, 172.67, 0.063, 126,     1.231,
 1078, 0, 171.736, 171.736, 172.187, 0.451, 181, 172.187, 173.107, 0.92, 1399, 2, 173.107, 173.117, 0.01, 8,     1.381,
 1077, 0, 171.63, 171.63, 172.091, 0.462, 933, 172.091, 173.129, 1.038, 1595, 2, 173.129, 173.193, 0.065, 128,     1.564,
 1075, 0, 171.367, 171.367, 172.288, 0.922, 1844, 172.288, 173.396, 1.108, 1694, 2, 173.396, 173.406, 0.01, 2,     2.040,
 1082, 0, 171.988, 171.988, 172.503, 0.515, 157, 172.503, 173.414, 0.912, 1622, 2, 173.414, 173.431, 0.017, 50,     1.443,
 1084, 0, 172.189, 172.189, 172.483, 0.294, 12, 172.483, 173.434, 0.952, 1916, 2, 173.434, 173.62, 0.186, 379,     1.431,
 1083, 0, 172.035, 172.035, 172.473, 0.438, 3, 172.473, 173.606, 1.133, 1986, 2, 173.606, 173.64, 0.034, 49,     1.606,
 1080, 0, 171.838, 171.838, 172.463, 0.625, 474, 172.463, 173.646, 1.183, 1322, 2, 173.646, 173.679, 0.032, 77,     1.841,
 1087, 0, 172.815, 172.815, 172.825, 0.01, 1, 172.825, 173.855, 1.03, 1415, 2, 173.855, 173.865, 0.01, 3,     1.050,
 1086, 0, 172.557, 172.557, 172.567, 0.01, 19, 172.567, 173.895, 1.328, 1206, 2, 173.895, 173.928, 0.033, 66,     1.371,
 1088, 0, 172.837, 172.837, 172.918, 0.081, 154, 172.918, 173.947, 1.029, 1806, 2, 173.947, 173.957, 0.01, 4,     1.119,
 1079, 0, 171.75, 171.75, 172.219, 0.469, 32, 172.219, 173.683, 1.465, 1640, 2, 173.683, 173.996, 0.312, 635,     2.246,
 1085, 0, 172.519, 172.519, 172.529, 0.01, 19, 172.529, 174.084, 1.555, 1205, 2, 174.084, 174.125, 0.041, 82,     1.606,
 1093, 0, 173.138, 173.138, 173.375, 0.237, 1, 173.375, 174.196, 0.822, 1040, 2, 174.196, 174.21, 0.014, 28,     1.072,
 1092, 0, 173.088, 173.088, 173.363, 0.275, 10, 173.363, 174.281, 0.918, 1866, 2, 174.281, 174.292, 0.012, 23,     1.204,
 1089, 0, 172.908, 172.908, 173.155, 0.247, 498, 173.155, 174.338, 1.183, 1225, 2, 174.338, 174.348, 0.01, 17,     1.440,
 1091, 0, 173.02, 173.02, 173.343, 0.323, 377, 173.343, 174.261, 0.918, 1353, 2, 174.261, 174.358, 0.098, 186,     1.338,
 1095, 0, 173.467, 173.467, 173.477, 0.01, 10, 173.477, 174.531, 1.054, 1180, 2, 174.531, 174.573, 0.042, 84,     1.106,
 1094, 0, 173.199, 173.199, 173.385, 0.185, 1, 173.385, 174.837, 1.453, 1533, 2, 174.837, 174.866, 0.029, 57,     1.666,
 1097, 0, 174.101, 174.101, 174.124, 0.023, 53, 174.124, 175.044, 0.92, 1456, 2, 175.044, 175.054, 0.01, 10,     0.953,
 1096, 0, 174.033, 174.033, 174.144, 0.111, 199, 174.144, 175.078, 0.934, 1300, 2, 175.078, 175.133, 0.055, 110,     1.100,
 1098, 0, 174.461, 174.461, 174.558, 0.097, 204, 174.558, 175.867, 1.309, 1762, 2, 175.867, 175.907, 0.04, 43,     1.446,
 1090, 0, 172.989, 172.989, 173.404, 0.415, 821, 173.404, 174.511, 1.106, 2010, 2, 174.511, 176.067, 1.557, 3114,     3.078,
 1100, 0, 175.007, 175.007, 175.199, 0.192, 399, 175.199, 176.118, 0.918, 1435, 2, 176.118, 176.128, 0.01, 20,     1.121,
 1105, 0, 175.698, 175.698, 175.698, 0, 3, 175.698, 176.69, 0.992, 1743, 2, 176.69, 176.741, 0.051, 102,     1.043,
 1101, 0, 175.517, 175.517, 175.926, 0.409, 829, 175.926, 176.642, 0.716, 1800, 2, 176.642, 176.769, 0.127, 255,     1.251,
 1103, 0, 175.629, 175.629, 175.683, 0.054, 70, 175.683, 176.954, 1.271, 1523, 2, 176.954, 177.123, 0.168, 337,     1.493,
 1109, 0, 176.356, 176.356, 176.371, 0.015, 30, 176.371, 177.145, 0.775, 1213, 2, 177.145, 177.164, 0.018, 37,     0.808,
 1108, 0, 176.229, 176.229, 176.266, 0.037, 74, 176.266, 177.184, 0.918, 1242, 2, 177.184, 177.231, 0.047, 80,     1.002,
 1106, 0, 176.044, 176.044, 176.058, 0.013, 26, 176.058, 177.222, 1.165, 1644, 2, 177.222, 177.232, 0.01, 18,     1.188,
 1107, 0, 176.214, 176.214, 176.313, 0.098, 194, 176.313, 177.231, 0.918, 1370, 2, 177.231, 177.265, 0.034, 85,     1.051,
 1111, 0, 176.436, 176.436, 176.47, 0.034, 45, 176.47, 177.434, 0.964, 911, 2, 177.434, 177.475, 0.041, 82,     1.039,
 1110, 0, 176.418, 176.418, 176.45, 0.032, 64, 176.45, 177.612, 1.163, 1496, 2, 177.612, 177.622, 0.01, 10,     1.204,
 1113, 0, 176.867, 176.867, 176.955, 0.088, 186, 176.955, 177.675, 0.72, 1655, 2, 177.675, 177.695, 0.019, 39,     0.828,
 1102, 0, 175.536, 175.536, 175.64, 0.104, 208, 175.64, 176.56, 0.92, 1550, 2, 176.56, 177.772, 1.212, 2425,     2.236,
 1112, 0, 176.833, 176.833, 176.872, 0.039, 76, 176.872, 177.8, 0.928, 1594, 2, 177.8, 177.81, 0.01, 17,     0.977,
 1104, 0, 175.683, 175.683, 175.693, 0.01, 3, 175.693, 176.809, 1.116, 1469, 2, 176.809, 177.943, 1.133, 2267,     2.259,
 1114, 0, 177.029, 177.029, 177.073, 0.044, 69, 177.073, 177.994, 0.921, 1783, 2, 177.994, 178.019, 0.025, 50,     0.990,
 1081, 0, 171.906, 171.906, 172.416, 0.51, 248, 172.416, 173.356, 0.94, 1328, 2, 173.356, 178.426, 5.07, 10138,     6.520,
 1115, 0, 177.496, 177.496, 177.506, 0.011, 21, 177.506, 178.426, 0.92, 1541, 2, 178.426, 178.436, 0.01, 16,     0.940,
 1119, 0, 178.194, 178.194, 178.204, 0.01, 18, 178.204, 179.124, 0.92, 1423, 2, 179.124, 179.25, 0.126, 252,     1.056,
 1120, 0, 178.366, 178.366, 178.366, 0, 6, 178.366, 179.322, 0.956, 1703, 2, 179.322, 179.34, 0.018, 35,     0.973,
 1117, 0, 177.703, 177.703, 177.744, 0.041, 100, 177.744, 178.681, 0.937, 1610, 2, 178.681, 179.381, 0.7, 1400,     1.677,
 1121, 0, 178.402, 178.402, 178.412, 0.01, 1, 178.412, 179.488, 1.075, 1549, 2, 179.488, 179.514, 0.026, 53,     1.112,
 1123, 0, 178.855, 178.855, 178.945, 0.09, 39, 178.945, 179.783, 0.838, 1516, 2, 179.783, 179.798, 0.014, 29,     0.943,
 1122, 0, 178.777, 178.777, 178.925, 0.148, 300, 178.925, 179.843, 0.918, 1133, 2, 179.843, 179.94, 0.097, 194,     1.163,
 1126, 0, 179.124, 179.124, 179.158, 0.034, 11, 179.158, 180.092, 0.934, 1742, 2, 180.092, 180.102, 0.01, 3,     0.978,
 1124, 0, 178.915, 178.915, 179.011, 0.096, 132, 179.011, 180.182, 1.172, 1891, 2, 180.182, 180.194, 0.012, 23,     1.279,
 1125, 0, 179.098, 179.098, 179.147, 0.048, 102, 179.147, 180.064, 0.917, 1090, 2, 180.064, 180.36, 0.296, 592,     1.262,
 1116, 0, 177.621, 177.621, 179.472, 1.851, 3692, 179.472, 180.393, 0.921, 1512, 2, 180.393, 180.546, 0.153, 282,     2.925,
 1099, 0, 174.488, 174.488, 174.498, 0.01, 3, 174.498, 175.219, 0.721, 1818, 2, 175.219, 180.566, 5.346, 10657,     6.078,
 1128, 0, 179.758, 179.758, 179.803, 0.044, 89, 179.803, 180.73, 0.927, 1419, 2, 180.73, 180.74, 0.01, 1,     0.981,
 1127, 0, 179.349, 179.349, 179.364, 0.015, 30, 179.364, 180.314, 0.95, 1619, 2, 180.314, 180.763, 0.449, 891,     1.415,
 1129, 0, 179.834, 179.834, 179.996, 0.162, 318, 179.996, 180.713, 0.717, 1742, 2, 180.713, 180.807, 0.094, 189,     0.973,
 1131, 0, 179.97, 179.97, 180.01, 0.04, 28, 180.01, 180.741, 0.731, 1130, 2, 180.741, 180.827, 0.086, 140,     0.857,
 1133, 0, 180.4, 180.4, 180.448, 0.048, 86, 180.448, 181.368, 0.92, 1903, 2, 181.368, 181.381, 0.013, 34,     0.981,
 1130, 0, 179.953, 179.953, 179.984, 0.031, 63, 179.984, 180.905, 0.92, 1489, 2, 180.905, 181.589, 0.685, 1370,     1.636,
 1135, 0, 180.874, 180.874, 180.915, 0.042, 86, 180.915, 181.831, 0.916, 1020, 2, 181.831, 181.902, 0.071, 141,     1.028,
 1140, 0, 181.143, 181.143, 181.174, 0.031, 81, 181.174, 181.902, 0.729, 1561, 2, 181.902, 181.934, 0.032, 64,     0.792,
 1138, 0, 181.081, 181.081, 181.103, 0.022, 49, 181.103, 182.017, 0.914, 1104, 2, 182.017, 182.027, 0.01, 10,     0.947,
 1139, 0, 181.093, 181.093, 181.368, 0.275, 549, 181.368, 182.11, 0.742, 1501, 2, 182.11, 182.11, 0, 3,     1.017,
 1136, 0, 180.95, 180.95, 181.031, 0.082, 176, 181.031, 182.081, 1.05, 1829, 2, 182.081, 182.122, 0.041, 82,     1.173,
 1137, 0, 181.019, 181.019, 181.019, 0, 3, 181.019, 182.267, 1.248, 1568, 2, 182.267, 182.277, 0.01, 10,     1.258,
 1141, 0, 181.722, 181.722, 181.732, 0.01, 9, 181.732, 182.652, 0.92, 1580, 2, 182.652, 182.662, 0.01, 3,     0.940,
 1132, 0, 180.039, 180.039, 180.049, 0.01, 17, 180.049, 180.98, 0.931, 1188, 2, 180.98, 182.709, 1.73, 3458,     2.670,
 1118, 0, 177.952, 177.952, 178.006, 0.054, 108, 178.006, 178.944, 0.938, 1469, 2, 178.944, 182.742, 3.797, 7595,     4.790,
 1142, 0, 181.736, 181.736, 181.768, 0.031, 72, 181.768, 182.688, 0.92, 1826, 2, 182.688, 182.905, 0.217, 447,     1.169,
 1144, 0, 182.22, 182.22, 182.231, 0.011, 22, 182.231, 183.148, 0.917, 1445, 2, 183.148, 183.158, 0.01, 16,     0.938,
 1145, 0, 182.303, 182.303, 182.314, 0.011, 22, 182.314, 183.235, 0.921, 1158, 2, 183.235, 183.245, 0.01, 1,     0.942,
 1143, 0, 182.119, 182.119, 182.129, 0.01, 12, 182.129, 183.303, 1.174, 1250, 2, 183.303, 183.313, 0.01, 5,     1.194,
 1134, 0, 180.59, 180.59, 180.6, 0.01, 1, 180.6, 181.316, 0.716, 1561, 2, 181.316, 183.483, 2.166, 4333,     2.892,
 1148, 0, 182.812, 182.812, 182.826, 0.013, 45, 182.826, 183.542, 0.716, 1111, 2, 183.542, 183.555, 0.013, 26,     0.742,
 1146, 0, 182.535, 182.535, 182.59, 0.055, 123, 182.59, 183.558, 0.968, 1546, 2, 183.558, 183.591, 0.034, 73,     1.056,
 1147, 0, 182.75, 182.75, 182.998, 0.248, 487, 182.998, 183.916, 0.918, 1494, 2, 183.916, 183.976, 0.06, 120,     1.226,
 1150, 0, 183.577, 183.577, 183.665, 0.088, 176, 183.665, 184.585, 0.92, 1548, 2, 184.585, 184.614, 0.029, 57,     1.037,
 1151, 0, 183.68, 183.68, 183.744, 0.064, 127, 183.744, 184.664, 0.921, 1414, 2, 184.664, 184.796, 0.132, 265,     1.116,
 1153, 0, 184.068, 184.068, 184.11, 0.042, 92, 184.11, 185.028, 0.918, 1362, 2, 185.028, 185.156, 0.128, 261,     1.088,
 1152, 0, 183.824, 183.824, 183.891, 0.067, 134, 183.891, 185.275, 1.384, 1927, 2, 185.275, 185.297, 0.023, 46,     1.473,
 1156, 0, 184.905, 184.905, 184.915, 0.01, 19, 184.915, 185.629, 0.715, 1322, 2, 185.629, 185.639, 0.01, 3,     0.735,
 1154, 0, 184.636, 184.636, 184.646, 0.01, 17, 184.646, 185.566, 0.92, 1448, 2, 185.566, 185.66, 0.094, 200,     1.024,
 1159, 0, 185.693, 185.693, 185.703, 0.01, 5, 185.703, 186.62, 0.916, 1334, 2, 186.62, 186.63, 0.01, 18,     0.936,
 1161, 0, 185.808, 185.808, 185.821, 0.013, 26, 185.821, 186.698, 0.877, 1704, 2, 186.698, 186.713, 0.015, 30,     0.905,
 1158, 0, 185.623, 185.623, 185.693, 0.07, 140, 185.693, 186.61, 0.916, 1481, 2, 186.61, 186.764, 0.154, 318,     1.140,
 1160, 0, 185.741, 185.741, 185.76, 0.019, 39, 185.76, 186.859, 1.099, 1248, 2, 186.859, 186.869, 0.01, 4,     1.128,
 1157, 0, 185.534, 185.534, 185.79, 0.256, 512, 185.79, 186.879, 1.089, 1201, 2, 186.879, 186.907, 0.029, 57,     1.374,
 1155, 0, 184.84, 184.84, 184.85, 0.009, 12, 184.85, 185.766, 0.916, 1597, 2, 185.766, 187.212, 1.446, 2893,     2.372,
 1162, 0, 186.366, 186.366, 186.376, 0.01, 2, 186.376, 187.606, 1.23, 1702, 2, 187.606, 187.616, 0.01, 10,     1.250,
 1164, 0, 186.956, 186.956, 187.01, 0.053, 68, 187.01, 187.726, 0.716, 1625, 2, 187.726, 187.772, 0.046, 104,     0.816,
 1165, 0, 186.978, 186.978, 186.99, 0.012, 24, 186.99, 187.954, 0.964, 1135, 2, 187.954, 188.066, 0.112, 224,     1.088,
 1166, 0, 187.349, 187.349, 187.375, 0.026, 35, 187.375, 188.086, 0.711, 1328, 2, 188.086, 188.221, 0.134, 269,     0.872,
 1168, 0, 187.519, 187.519, 187.547, 0.028, 56, 187.547, 188.466, 0.919, 1055, 2, 188.466, 188.476, 0.01, 10,     0.957,
 1149, 0, 182.849, 182.849, 182.859, 0.01, 35, 182.859, 184.031, 1.172, 1143, 2, 184.031, 188.577, 4.546, 9083,     5.728,
 1167, 0, 187.365, 187.365, 187.395, 0.03, 42, 187.395, 188.567, 1.172, 1568, 2, 188.567, 188.601, 0.034, 68,     1.236,
 1163, 0, 186.887, 186.887, 186.956, 0.07, 118, 186.956, 188.024, 1.068, 1240, 2, 188.024, 188.621, 0.597, 1162,     1.734,
 1169, 0, 187.861, 187.861, 187.995, 0.134, 269, 187.995, 188.913, 0.918, 1918, 2, 188.913, 189.036, 0.123, 246,     1.175,
 1170, 0, 188.389, 188.389, 188.52, 0.131, 263, 188.52, 189.438, 0.918, 1425, 2, 189.438, 189.448, 0.01, 14,     1.059,
 1171, 0, 188.448, 188.448, 188.551, 0.103, 206, 188.551, 189.471, 0.92, 1743, 2, 189.471, 189.481, 0.01, 4,     1.033,
 1173, 0, 188.789, 188.789, 188.842, 0.053, 98, 188.842, 189.761, 0.919, 2095, 2, 189.761, 189.812, 0.051, 102,     1.023,
 1172, 0, 188.613, 188.613, 188.623, 0.01, 7, 188.623, 189.803, 1.18, 1489, 2, 189.803, 189.812, 0.01, 32,     1.200,
 1175, 0, 188.963, 188.963, 190.079, 1.117, 2234, 190.079, 190.999, 0.92, 1471, 2, 190.999, 191.016, 0.017, 34,     2.054,
 1181, 0, 189.732, 189.732, 190.544, 0.812, 19, 190.544, 191.263, 0.719, 1765, 2, 191.263, 191.313, 0.05, 92,     1.581,
 1178, 0, 189.333, 189.333, 190.423, 1.09, 187, 190.423, 191.344, 0.921, 1213, 2, 191.344, 191.354, 0.01, 27,     2.020,
 1180, 0, 189.599, 189.599, 190.534, 0.935, 181, 190.534, 191.303, 0.769, 1627, 2, 191.303, 191.403, 0.1, 201,     1.804,
 1179, 0, 189.473, 189.473, 190.443, 0.97, 40, 190.443, 191.378, 0.935, 1922, 2, 191.378, 191.44, 0.062, 125,     1.967,
 1176, 0, 189.147, 189.147, 190.121, 0.975, 81, 190.121, 191.042, 0.921, 1734, 2, 191.042, 191.491, 0.449, 899,     2.345,
 1182, 0, 189.843, 189.843, 190.576, 0.733, 33, 190.576, 191.337, 0.761, 1370, 2, 191.337, 191.532, 0.195, 390,     1.689,
 1186, 0, 190.364, 190.364, 190.753, 0.388, 38, 190.753, 191.566, 0.813, 1684, 2, 191.566, 191.576, 0.01, 4,     1.211,
 1187, 0, 190.4, 190.4, 190.773, 0.373, 34, 190.773, 191.587, 0.814, 1586, 2, 191.587, 191.606, 0.019, 39,     1.207,
 1184, 0, 190.112, 190.112, 190.709, 0.597, 249, 190.709, 191.627, 0.918, 1166, 2, 191.627, 191.65, 0.023, 46,     1.538,
 1185, 0, 190.197, 190.197, 190.729, 0.532, 12, 190.729, 191.659, 0.93, 1008, 2, 191.659, 191.722, 0.063, 133,     1.525,
 1191, 0, 190.837, 190.837, 190.985, 0.148, 289, 190.985, 191.816, 0.831, 1675, 2, 191.816, 191.877, 0.061, 122,     1.039,
 1189, 0, 190.584, 190.584, 190.803, 0.218, 1, 190.803, 191.877, 1.074, 1975, 2, 191.877, 191.971, 0.094, 189,     1.387,
 1190, 0, 190.658, 190.658, 190.823, 0.165, 38, 190.823, 191.909, 1.086, 1473, 2, 191.909, 191.991, 0.082, 140,     1.333,
 1183, 0, 189.97, 189.97, 190.584, 0.614, 4, 190.584, 191.958, 1.374, 2255, 2, 191.958, 192.025, 0.067, 126,     2.055,
 1193, 0, 191.019, 191.019, 191.096, 0.077, 76, 191.096, 192.127, 1.031, 1999, 2, 192.127, 192.137, 0.01, 1,     1.118,
 1192, 0, 190.897, 190.897, 191.047, 0.15, 124, 191.047, 192.219, 1.172, 630, 2, 192.219, 192.285, 0.066, 132,     1.388,
 1188, 0, 190.512, 190.512, 190.793, 0.281, 34, 190.793, 192.207, 1.414, 1333, 2, 192.207, 192.868, 0.661, 1323,     2.356,
 1177, 0, 189.297, 189.297, 190.33, 1.033, 389, 190.33, 191.054, 0.724, 1903, 2, 191.054, 193.283, 2.23, 4460,     3.986,
 1194, 0, 191.051, 191.051, 194.597, 3.546, 7002, 194.597, 195.518, 0.921, 1404, 2, 195.518, 195.556, 0.039, 69,     4.505,
 1196, 0, 191.661, 191.661, 194.668, 3.007, 103, 194.668, 195.546, 0.878, 1415, 2, 195.546, 195.576, 0.03, 38,     3.916,
 1195, 0, 191.099, 191.099, 194.617, 3.517, 20, 194.617, 195.552, 0.935, 1152, 2, 195.552, 195.993, 0.441, 893,     4.893,
 1174, 0, 188.918, 188.918, 196.425, 7.507, 14986, 196.425, 197.345, 0.921, 1181, 2, 197.345, 197.355, 0.01, 16,     8.437,
 1199, 0, 192.521, 192.521, 196.608, 4.087, 328, 196.608, 197.595, 0.987, 1827, 2, 197.595, 197.627, 0.032, 68,     5.106,
 1201, 0, 193.256, 193.256, 197.075, 3.818, 12, 197.075, 197.827, 0.753, 1578, 2, 197.827, 197.879, 0.052, 104,     4.623,
 1200, 0, 192.981, 192.981, 197.061, 4.079, 905, 197.061, 197.987, 0.926, 1532, 2, 197.987, 197.997, 0.01, 22,     5.015,
 1203, 0, 193.384, 193.384, 197.375, 3.991, 522, 197.375, 198.294, 0.919, 1949, 2, 198.294, 198.312, 0.018, 37,     4.928,
 1198, 0, 192.35, 192.35, 196.445, 4.095, 31, 196.445, 197.555, 1.111, 1430, 2, 197.555, 198.394, 0.838, 1677,     6.044,
 1202, 0, 193.282, 193.282, 197.114, 3.832, 80, 197.114, 198.493, 1.379, 1465, 2, 198.493, 198.54, 0.048, 95,     5.258,
 1204, 0, 193.405, 193.405, 197.754, 4.348, 747, 197.754, 198.673, 0.919, 1693, 2, 198.673, 198.699, 0.026, 55,     5.294,
 1205, 0, 193.63, 193.63, 197.816, 4.185, 93, 197.816, 198.735, 0.919, 1110, 2, 198.735, 198.803, 0.068, 136,     5.172,
 1206, 0, 193.64, 193.64, 198.947, 5.306, 2263, 198.947, 199.876, 0.929, 1466, 2, 199.876, 199.886, 0.01, 12,     6.245,
 1210, 0, 194.337, 194.337, 199.199, 4.861, 182, 199.199, 199.928, 0.729, 1129, 2, 199.928, 199.953, 0.025, 50,     5.616,
 1207, 0, 193.897, 193.897, 199.053, 5.156, 214, 199.053, 200.065, 1.011, 1776, 2, 200.065, 200.136, 0.071, 124,     6.239,
 1208, 0, 194.125, 194.125, 199.067, 4.943, 17, 199.067, 200.126, 1.058, 1747, 2, 200.126, 200.166, 0.04, 69,     6.041,
 1209, 0, 194.304, 194.304, 199.108, 4.804, 82, 199.108, 200.314, 1.206, 1425, 2, 200.314, 200.441, 0.127, 254,     6.137,
 1213, 0, 194.577, 194.577, 200.036, 5.459, 22, 200.036, 200.757, 0.721, 2088, 2, 200.757, 200.839, 0.082, 164,     6.262,
 1214, 0, 194.844, 194.844, 200.15, 5.306, 229, 200.15, 200.868, 0.718, 1722, 2, 200.868, 200.878, 0.01, 8,     6.035,
 1211, 0, 194.5, 194.5, 199.996, 5.496, 1595, 199.996, 200.91, 0.914, 936, 2, 200.91, 200.92, 0.01, 3,     6.420,
 1215, 0, 194.912, 194.912, 200.192, 5.28, 84, 200.192, 200.928, 0.736, 1441, 2, 200.928, 200.939, 0.011, 39,     6.027,
 1212, 0, 194.53, 194.53, 200.016, 5.486, 28, 200.016, 200.95, 0.934, 1791, 2, 200.95, 201.006, 0.056, 113,     6.476,
 1221, 0, 195.644, 195.644, 200.495, 4.851, 43, 200.495, 201.28, 0.785, 1743, 2, 201.28, 201.289, 0.009, 7,     5.645,
 1217, 0, 195.179, 195.179, 200.371, 5.193, 202, 200.371, 201.289, 0.918, 1751, 2, 201.289, 201.314, 0.024, 68,     6.135,
 1222, 0, 196.034, 196.034, 200.506, 4.472, 48, 200.506, 201.385, 0.88, 1288, 2, 201.385, 201.44, 0.054, 109,     5.406,
 1223, 0, 196.384, 196.384, 200.506, 4.121, 7, 200.506, 201.44, 0.934, 1889, 2, 201.44, 201.55, 0.11, 221,     5.166,
 1218, 0, 195.192, 195.192, 200.431, 5.239, 114, 200.431, 201.353, 0.923, 1381, 2, 201.353, 201.56, 0.207, 414,     6.368,
 1197, 0, 191.679, 191.679, 200.461, 8.782, 11551, 200.461, 201.538, 1.077, 1552, 2, 201.538, 201.589, 0.051, 119,     9.910,
 1227, 0, 197.248, 197.248, 200.667, 3.419, 213, 200.667, 201.703, 1.035, 1044, 2, 201.703, 201.729, 0.026, 52,     4.481,
 1219, 0, 195.224, 195.224, 200.441, 5.217, 21, 200.441, 201.794, 1.353, 1422, 2, 201.794, 201.817, 0.023, 59,     6.593,
 1228, 0, 197.281, 197.281, 200.627, 3.347, 109, 200.627, 201.53, 0.902, 1592, 2, 201.53, 201.833, 0.303, 607,     4.552,
 1225, 0, 196.575, 196.575, 200.536, 3.96, 7, 200.536, 201.788, 1.252, 1834, 2, 201.788, 201.866, 0.078, 156,     5.290,
 1216, 0, 195.111, 195.111, 200.261, 5.15, 123, 200.261, 201.45, 1.189, 1202, 2, 201.45, 201.946, 0.496, 993,     6.835,
 1226, 0, 196.649, 196.649, 200.556, 3.907, 2, 200.556, 201.853, 1.297, 2170, 2, 201.853, 201.952, 0.1, 198,     5.303,
 1229, 0, 197.345, 197.345, 200.637, 3.292, 14, 200.637, 201.651, 1.013, 1883, 2, 201.651, 202.027, 0.376, 752,     4.681,
 1224, 0, 196.553, 196.553, 200.516, 3.963, 17, 200.516, 201.996, 1.48, 1548, 2, 201.996, 202.038, 0.042, 68,     5.485,
 1231, 0, 197.666, 197.666, 200.751, 3.085, 141, 200.751, 202.102, 1.351, 1866, 2, 202.102, 202.117, 0.015, 30,     4.451,
 1232, 0, 197.69, 197.69, 200.735, 3.044, 14, 200.735, 202.038, 1.303, 1615, 2, 202.038, 202.178, 0.14, 276,     4.487,
 1234, 0, 197.73, 197.73, 200.795, 3.065, 70, 200.795, 202.235, 1.44, 1948, 2, 202.235, 202.245, 0.01, 10,     4.515,
 1233, 0, 197.712, 197.712, 200.751, 3.038, 15, 200.751, 202.044, 1.293, 1735, 2, 202.044, 202.275, 0.231, 465,     4.563,
 1235, 0, 197.924, 197.924, 200.912, 2.989, 296, 200.912, 202.287, 1.374, 948, 2, 202.287, 202.305, 0.018, 27,     4.381,
 1220, 0, 195.481, 195.481, 200.461, 4.98, 5, 200.461, 201.603, 1.142, 1410, 2, 201.603, 202.376, 0.773, 1546,     6.894,
 1237, 0, 198.201, 198.201, 201.087, 2.886, 340, 201.087, 202.364, 1.276, 1118, 2, 202.364, 202.443, 0.079, 159,     4.242,
 1230, 0, 197.42, 197.42, 200.723, 3.303, 149, 200.723, 202.505, 1.782, 1602, 2, 202.505, 202.515, 0.01, 17,     5.095,
 1236, 0, 197.984, 197.984, 202.034, 4.05, 2442, 202.034, 203.03, 0.996, 1601, 2, 203.03, 203.112, 0.082, 137,     5.128,
 1245, 0, 199.315, 199.315, 202.404, 3.089, 184, 202.404, 203.12, 0.716, 1352, 2, 203.12, 203.12, 0, 4,     3.805,
 1240, 0, 198.528, 198.528, 202.212, 3.685, 81, 202.212, 203.134, 0.921, 1144, 2, 203.134, 203.161, 0.028, 55,     4.634,
 1239, 0, 198.469, 198.469, 202.161, 3.692, 220, 202.161, 203.279, 1.117, 1813, 2, 203.279, 203.289, 0.01, 9,     4.819,
 1246, 0, 199.454, 199.454, 202.517, 3.063, 210, 202.517, 203.455, 0.938, 1487, 2, 203.455, 203.516, 0.061, 121,     4.062,
 1244, 0, 199.28, 199.28, 202.312, 3.032, 22, 202.312, 203.316, 1.004, 1528, 2, 203.316, 203.538, 0.223, 443,     4.259,
 1242, 0, 198.886, 198.886, 202.251, 3.365, 64, 202.251, 203.528, 1.278, 1555, 2, 203.528, 203.558, 0.03, 47,     4.673,
 1243, 0, 198.966, 198.966, 202.298, 3.331, 87, 202.298, 203.383, 1.086, 1322, 2, 203.383, 203.568, 0.185, 369,     4.602,
 1248, 0, 199.548, 199.548, 202.653, 3.105, 1, 202.653, 203.633, 0.98, 2059, 2, 203.633, 203.685, 0.052, 104,     4.137,
 1250, 0, 199.699, 199.699, 202.791, 3.093, 169, 202.791, 203.705, 0.913, 1177, 2, 203.705, 203.715, 0.01, 1,     4.016,
 1247, 0, 199.526, 199.526, 202.639, 3.113, 245, 202.639, 203.777, 1.138, 1532, 2, 203.777, 203.825, 0.047, 80,     4.298,
 1241, 0, 198.606, 198.606, 202.219, 3.613, 2, 202.219, 203.815, 1.596, 1437, 2, 203.815, 203.825, 0.01, 17,     5.219,
 1251, 0, 199.804, 199.804, 203.017, 3.213, 447, 203.017, 204.194, 1.177, 2113, 2, 204.194, 204.21, 0.016, 33,     4.407,
 1253, 0, 200.318, 200.318, 203.275, 2.957, 87, 203.275, 204.196, 0.921, 908, 2, 204.196, 204.23, 0.034, 48,     3.912,
 1249, 0, 199.619, 199.619, 202.707, 3.088, 76, 202.707, 203.565, 0.858, 1180, 2, 203.565, 204.556, 0.991, 1997,     4.938,
 1252, 0, 199.936, 199.936, 203.231, 3.296, 430, 203.231, 204.15, 0.918, 1425, 2, 204.15, 204.576, 0.427, 821,     4.641,
 1255, 0, 200.4, 200.4, 203.841, 3.44, 86, 203.841, 204.76, 0.919, 1806, 2, 204.76, 204.781, 0.022, 43,     4.381,
 1238, 0, 198.355, 198.355, 204.412, 6.057, 6651, 204.412, 205.332, 0.92, 1490, 2, 205.332, 205.379, 0.047, 94,     7.024,
 1256, 0, 200.431, 200.431, 204.883, 4.452, 2085, 204.883, 205.795, 0.913, 1033, 2, 205.795, 205.858, 0.063, 126,     5.428,
 1258, 0, 200.827, 200.827, 204.903, 4.075, 39, 204.903, 205.823, 0.921, 1327, 2, 205.823, 205.892, 0.069, 138,     5.065,
 1254, 0, 200.362, 200.362, 203.798, 3.436, 1033, 203.798, 204.971, 1.173, 1349, 2, 204.971, 206.055, 1.084, 2169,     5.693,
 1257, 0, 200.617, 200.617, 205.188, 4.57, 1551, 205.188, 206.108, 0.921, 924, 2, 206.108, 206.118, 0.01, 16,     5.501,
 1260, 0, 201.04, 201.04, 205.558, 4.519, 705, 205.558, 206.278, 0.72, 1776, 2, 206.278, 206.411, 0.133, 266,     5.371,
 1259, 0, 201.027, 201.027, 205.538, 4.511, 1272, 205.538, 206.455, 0.916, 2139, 2, 206.455, 206.477, 0.022, 44,     5.449,
 1265, 0, 201.622, 201.622, 205.772, 4.151, 42, 205.772, 206.533, 0.761, 1256, 2, 206.533, 206.547, 0.013, 27,     4.925,
 1262, 0, 201.164, 201.164, 205.605, 4.441, 93, 205.605, 206.316, 0.711, 1615, 2, 206.316, 206.685, 0.369, 738,     5.521,
 1264, 0, 201.581, 201.581, 205.748, 4.167, 116, 205.748, 206.705, 0.956, 1229, 2, 206.705, 206.715, 0.01, 13,     5.133,
 1263, 0, 201.504, 201.504, 205.69, 4.187, 156, 205.69, 206.619, 0.928, 1579, 2, 206.619, 206.739, 0.12, 249,     5.235,
 1268, 0, 202.06, 202.06, 205.951, 3.89, 88, 205.951, 206.743, 0.792, 1378, 2, 206.743, 206.78, 0.037, 84,     4.720,
 1266, 0, 201.889, 201.889, 205.919, 4.03, 281, 205.919, 206.793, 0.874, 824, 2, 206.793, 206.806, 0.013, 26,     4.917,
 1261, 0, 201.111, 201.111, 205.879, 4.768, 666, 205.879, 206.868, 0.99, 1545, 2, 206.868, 206.868, 0, 8,     5.757,
 1267, 0, 201.973, 201.973, 205.899, 3.925, 36, 205.899, 206.954, 1.056, 1856, 2, 206.954, 206.989, 0.035, 67,     5.016,
 1272, 0, 203.019, 203.019, 206.765, 3.746, 37, 206.765, 207.495, 0.73, 1739, 2, 207.495, 207.505, 0.01, 9,     4.486,
 1271, 0, 202.562, 202.562, 206.738, 4.176, 395, 206.738, 207.665, 0.927, 862, 2, 207.665, 207.675, 0.01, 18,     5.113,
 1277, 0, 203.528, 203.528, 206.817, 3.289, 4, 206.817, 207.706, 0.888, 1226, 2, 207.706, 207.731, 0.025, 51,     4.203,
 1270, 0, 202.219, 202.219, 206.532, 4.313, 1148, 206.532, 207.693, 1.161, 1442, 2, 207.693, 207.791, 0.097, 195,     5.572,
 1274, 0, 203.284, 203.284, 206.795, 3.511, 31, 206.795, 207.914, 1.119, 1945, 2, 207.914, 207.924, 0.01, 9,     4.640,
 1281, 0, 203.788, 203.788, 206.953, 3.165, 39, 206.953, 207.746, 0.792, 1741, 2, 207.746, 207.934, 0.189, 374,     4.147,
 1280, 0, 203.763, 203.763, 206.939, 3.176, 90, 206.939, 207.955, 1.016, 1256, 2, 207.955, 207.966, 0.011, 21,     4.203,
 1269, 0, 202.185, 202.185, 206.785, 4.6, 1728, 206.785, 207.962, 1.176, 1592, 2, 207.962, 208.005, 0.043, 86,     5.820,
 1275, 0, 203.434, 203.434, 206.795, 3.361, 9, 206.795, 207.995, 1.2, 1124, 2, 207.995, 208.005, 0.01, 14,     4.571,
 1279, 0, 203.699, 203.699, 206.894, 3.195, 94, 206.894, 208.164, 1.269, 1794, 2, 208.164, 208.21, 0.047, 93,     4.511,
 1278, 0, 203.536, 203.536, 206.894, 3.359, 154, 206.894, 208.215, 1.32, 1475, 2, 208.215, 208.232, 0.018, 45,     4.697,
 1303, 0, 206.896, 206.896, 206.928, 0.033, 37, 206.928, 208.244, 1.316, 1486, 2, 208.244, 208.314, 0.07, 139,     1.418,
 1273, 0, 203.176, 203.176, 206.775, 3.599, 19, 206.775, 208.084, 1.309, 993, 2, 208.084, 208.351, 0.266, 514,     5.175,
 1291, 0, 205.279, 205.279, 207.242, 1.964, 35, 207.242, 208.341, 1.098, 1091, 2, 208.341, 208.351, 0.01, 8,     3.072,
 1285, 0, 204.481, 204.481, 207.094, 2.612, 67, 207.094, 208.413, 1.32, 1238, 2, 208.413, 208.438, 0.025, 50,     3.957,
 1283, 0, 204.438, 204.438, 207.031, 2.593, 157, 207.031, 208.494, 1.462, 1572, 2, 208.494, 208.509, 0.015, 30,     4.070,
 1286, 0, 204.507, 204.507, 207.184, 2.677, 182, 207.184, 208.494, 1.309, 1389, 2, 208.494, 208.529, 0.035, 54,     4.022,
 1284, 0, 204.457, 204.457, 207.056, 2.599, 49, 207.056, 208.464, 1.409, 1351, 2, 208.464, 208.578, 0.114, 228,     4.121,
 1288, 0, 204.757, 204.757, 207.203, 2.447, 2, 207.203, 208.663, 1.459, 1920, 2, 208.663, 208.679, 0.016, 32,     3.922,
 1282, 0, 204.024, 204.024, 207.203, 3.179, 520, 207.203, 208.714, 1.51, 1686, 2, 208.714, 208.724, 0.01, 1,     4.700,
 1289, 0, 205.036, 205.036, 207.212, 2.176, 2, 207.212, 208.745, 1.533, 1227, 2, 208.745, 208.779, 0.034, 68,     3.742,
 1296, 0, 206.125, 206.125, 207.465, 1.34, 9, 207.465, 208.84, 1.375, 1892, 2, 208.84, 208.85, 0.01, 19,     2.725,
 1294, 0, 205.762, 205.762, 207.357, 1.594, 47, 207.357, 208.912, 1.555, 1475, 2, 208.912, 208.929, 0.017, 34,     3.167,
 1295, 0, 205.962, 205.962, 207.455, 1.492, 181, 207.455, 208.995, 1.54, 1458, 2, 208.995, 209.005, 0.01, 3,     3.043,
 1301, 0, 206.663, 206.663, 207.62, 0.958, 49, 207.62, 208.995, 1.375, 1841, 2, 208.995, 209.025, 0.03, 21,     2.362,
 1293, 0, 205.629, 205.629, 207.333, 1.704, 11, 207.333, 208.963, 1.63, 1814, 2, 208.963, 209.052, 0.09, 180,     3.423,
 1292, 0, 205.431, 205.431, 207.313, 1.882, 109, 207.313, 209.039, 1.726, 1673, 2, 209.039, 209.077, 0.038, 76,     3.646,
 1302, 0, 206.692, 206.692, 207.634, 0.942, 4, 207.634, 209.089, 1.455, 1232, 2, 209.089, 209.112, 0.023, 46,     2.419,
 1298, 0, 206.534, 206.534, 207.536, 1.002, 103, 207.536, 209.213, 1.677, 1721, 2, 209.213, 209.234, 0.021, 42,     2.699,
 1300, 0, 206.644, 206.644, 207.594, 0.95, 76, 207.594, 209.257, 1.662, 915, 2, 209.257, 209.299, 0.043, 74,     2.655,
 1299, 0, 206.624, 206.624, 207.556, 0.932, 38, 207.556, 209.162, 1.606, 1606, 2, 209.162, 209.374, 0.213, 426,     2.751,
 1287, 0, 204.549, 204.549, 207.198, 2.649, 8, 207.198, 209.35, 2.152, 1867, 2, 209.35, 209.394, 0.044, 52,     4.846,
 1276, 0, 203.439, 203.439, 206.837, 3.398, 66, 206.837, 208.591, 1.753, 1198, 2, 208.591, 209.442, 0.851, 1703,     6.003,
 1297, 0, 206.446, 206.446, 207.485, 1.038, 24, 207.485, 209.289, 1.805, 1268, 2, 209.289, 209.462, 0.172, 327,     3.015,
 1305, 0, 207.103, 207.103, 207.754, 0.651, 151, 207.754, 209.462, 1.708, 1569, 2, 209.462, 209.472, 0.01, 8,     2.370,
 1307, 0, 207.68, 207.68, 207.788, 0.108, 2, 207.788, 209.511, 1.722, 1262, 2, 209.511, 209.571, 0.06, 96,     1.891,
 1306, 0, 207.203, 207.203, 207.774, 0.571, 13, 207.774, 209.411, 1.637, 1281, 2, 209.411, 209.622, 0.21, 421,     2.418,
 1309, 0, 207.959, 207.959, 208.178, 0.219, 438, 208.178, 209.66, 1.482, 1154, 2, 209.66, 209.67, 0.01, 15,     1.711,
 1308, 0, 207.938, 207.938, 207.948, 0.01, 6, 207.948, 209.711, 1.763, 1205, 2, 209.711, 209.749, 0.038, 76,     1.811,
 1310, 0, 208.018, 208.018, 208.194, 0.175, 32, 208.194, 209.76, 1.566, 1838, 2, 209.76, 209.77, 0.01, 14,     1.751,
 1313, 0, 208.717, 208.717, 208.727, 0.01, 8, 208.727, 209.91, 1.183, 1601, 2, 209.91, 209.92, 0.01, 5,     1.203,
 1312, 0, 208.434, 208.434, 208.443, 0.009, 15, 208.443, 209.961, 1.518, 970, 2, 209.961, 209.989, 0.028, 56,     1.555,
 1311, 0, 208.18, 208.18, 208.243, 0.062, 98, 208.243, 210.13, 1.887, 1399, 2, 210.13, 210.14, 0.01, 18,     1.960,
 1314, 0, 208.906, 208.906, 208.916, 0.01, 5, 208.916, 210.258, 1.343, 1433, 2, 210.258, 210.268, 0.01, 13,     1.363,
 1315, 0, 209.035, 209.035, 209.058, 0.023, 35, 209.058, 210.206, 1.148, 1688, 2, 210.206, 210.278, 0.072, 136,     1.243,
 1316, 0, 209.06, 209.06, 209.309, 0.249, 501, 209.309, 210.243, 0.934, 1553, 2, 210.243, 210.357, 0.114, 229,     1.297,
 1317, 0, 209.089, 209.089, 209.329, 0.24, 22, 209.329, 210.46, 1.131, 1747, 2, 210.46, 210.499, 0.04, 79,     1.410,
 1319, 0, 209.607, 209.607, 209.889, 0.282, 37, 209.889, 210.619, 0.73, 1626, 2, 210.619, 210.656, 0.036, 73,     1.049,
 1290, 0, 205.224, 205.224, 209.943, 4.719, 5480, 209.943, 210.875, 0.932, 1430, 2, 210.875, 210.911, 0.036, 65,     5.687,
 1321, 0, 210.075, 210.075, 210.179, 0.104, 201, 210.179, 210.901, 0.722, 909, 2, 210.901, 210.931, 0.03, 52,     0.856,
 1318, 0, 209.52, 209.52, 209.855, 0.335, 673, 209.855, 210.778, 0.923, 893, 2, 210.778, 210.951, 0.173, 330,     1.431,
 1323, 0, 210.191, 210.191, 210.219, 0.028, 42, 210.219, 210.941, 0.722, 2034, 2, 210.941, 210.951, 0.01, 8,     0.760,
 1304, 0, 207.043, 207.043, 207.672, 0.629, 75, 207.672, 210.037, 2.365, 2111, 2, 210.037, 210.991, 0.954, 1897,     3.948,
 1322, 0, 210.142, 210.142, 210.165, 0.024, 54, 210.165, 211.105, 0.94, 1146, 2, 211.105, 211.134, 0.029, 57,     0.992,
 1320, 0, 209.669, 209.669, 209.917, 0.247, 56, 209.917, 211.194, 1.277, 1708, 2, 211.194, 211.297, 0.103, 226,     1.628,
 1326, 0, 210.358, 210.358, 210.398, 0.04, 51, 210.398, 211.316, 0.918, 2072, 2, 211.316, 211.333, 0.017, 33,     0.975,
 1325, 0, 210.291, 210.291, 210.499, 0.207, 419, 210.499, 211.427, 0.928, 1703, 2, 211.427, 211.498, 0.072, 144,     1.207,
 1324, 0, 210.219, 210.219, 210.253, 0.034, 38, 210.253, 211.592, 1.339, 1122, 2, 211.592, 211.609, 0.017, 34,     1.389,
 1327, 0, 210.893, 210.893, 210.903, 0.01, 15, 210.903, 211.823, 0.92, 1269, 2, 211.823, 211.84, 0.017, 34,     0.947,
 1329, 0, 211.152, 211.152, 211.198, 0.047, 76, 211.198, 212.118, 0.92, 1501, 2, 212.118, 212.339, 0.221, 442,     1.187,
 1330, 0, 211.391, 211.391, 211.401, 0.011, 33, 211.401, 212.316, 0.915, 1001, 2, 212.316, 212.418, 0.101, 203,     1.027,
 1328, 0, 211.129, 211.129, 211.232, 0.103, 188, 211.232, 212.527, 1.296, 1418, 2, 212.527, 212.551, 0.024, 47,     1.422,
 1332, 0, 211.536, 211.536, 212.058, 0.523, 1046, 212.058, 212.979, 0.92, 1576, 2, 212.979, 213.055, 0.076, 163,     1.519,
 1333, 0, 211.561, 211.561, 212.078, 0.517, 1, 212.078, 213.055, 0.976, 1779, 2, 213.055, 213.122, 0.067, 147,     1.560,
 1335, 0, 211.631, 211.631, 212.118, 0.487, 15, 212.118, 213.229, 1.11, 1769, 2, 213.229, 213.239, 0.01, 14,     1.608,
 1336, 0, 211.687, 211.687, 212.138, 0.451, 2, 212.138, 213.305, 1.166, 1535, 2, 213.305, 213.363, 0.058, 97,     1.675,
 1334, 0, 211.581, 211.581, 212.098, 0.517, 40, 212.098, 213.43, 1.332, 2018, 2, 213.43, 213.466, 0.036, 71,     1.885,
 1337, 0, 211.81, 211.81, 212.911, 1.101, 1547, 212.911, 213.847, 0.936, 1458, 2, 213.847, 213.875, 0.028, 56,     2.065,
 1340, 0, 212.386, 212.386, 213.126, 0.74, 16, 213.126, 213.859, 0.733, 1670, 2, 213.859, 213.906, 0.047, 95,     1.520,
 1339, 0, 212.356, 212.356, 213.112, 0.756, 27, 213.112, 213.946, 0.835, 1476, 2, 213.946, 213.956, 0.01, 1,     1.600,
 1338, 0, 212.263, 212.263, 213.092, 0.828, 361, 213.092, 214.019, 0.927, 1974, 2, 214.019, 214.031, 0.012, 39,     1.767,
 1343, 0, 212.7, 212.7, 213.382, 0.683, 35, 213.382, 214.201, 0.819, 1928, 2, 214.201, 214.211, 0.01, 2,     1.511,
 1348, 0, 213.236, 213.236, 213.47, 0.234, 37, 213.47, 214.247, 0.777, 1658, 2, 214.247, 214.281, 0.034, 60,     1.045,
 1331, 0, 211.401, 211.401, 213.35, 1.949, 3910, 213.35, 214.268, 0.918, 1181, 2, 214.268, 214.281, 0.013, 38,     2.880,
 1341, 0, 212.486, 212.486, 213.16, 0.674, 29, 213.16, 214.343, 1.183, 1088, 2, 214.343, 214.409, 0.066, 133,     1.923,
 1347, 0, 213.066, 213.066, 213.45, 0.384, 27, 213.45, 214.45, 1, 1321, 2, 214.45, 214.463, 0.012, 25,     1.397,
 1346, 0, 213.045, 213.045, 213.43, 0.385, 16, 213.43, 214.518, 1.088, 1354, 2, 214.518, 214.528, 0.01, 9,     1.483,
 1342, 0, 212.631, 212.631, 213.382, 0.751, 410, 213.382, 214.302, 0.92, 2027, 2, 214.302, 214.693, 0.391, 782,     2.061,
 1344, 0, 212.735, 212.735, 213.45, 0.715, 118, 213.45, 214.552, 1.102, 1258, 2, 214.552, 214.777, 0.225, 451,     2.042,
 1345, 0, 212.802, 212.802, 213.42, 0.618, 33, 213.42, 214.761, 1.341, 968, 2, 214.761, 214.857, 0.096, 181,     2.055,
 1349, 0, 213.453, 213.453, 213.47, 0.017, 34, 213.47, 214.847, 1.377, 1618, 2, 214.847, 214.857, 0.01, 4,     1.403,
 1351, 0, 213.747, 213.747, 213.784, 0.037, 89, 213.784, 214.802, 1.018, 1397, 2, 214.802, 214.945, 0.143, 287,     1.199,
 1354, 0, 214.148, 214.148, 214.168, 0.02, 22, 214.168, 214.962, 0.794, 1098, 2, 214.962, 214.976, 0.013, 27,     0.827,
 1353, 0, 214.115, 214.115, 214.158, 0.043, 83, 214.158, 215.075, 0.916, 1740, 2, 215.075, 215.094, 0.019, 38,     0.978,
 1352, 0, 213.893, 213.893, 213.928, 0.036, 70, 213.928, 215.017, 1.089, 1474, 2, 215.017, 215.114, 0.096, 172,     1.221,
 1356, 0, 214.419, 214.419, 214.435, 0.016, 32, 214.435, 215.158, 0.724, 1822, 2, 215.158, 215.25, 0.091, 183,     0.831,
 1357, 0, 214.5, 214.5, 214.531, 0.03, 61, 214.531, 215.258, 0.727, 1809, 2, 215.258, 215.273, 0.015, 47,     0.773,
 1359, 0, 214.563, 214.563, 214.594, 0.03, 61, 214.594, 215.515, 0.921, 1154, 2, 215.515, 215.57, 0.054, 117,     1.006,
 1360, 0, 214.736, 214.736, 214.755, 0.019, 39, 214.755, 215.684, 0.929, 1424, 2, 215.684, 215.788, 0.104, 208,     1.052,
 1358, 0, 214.522, 214.522, 214.563, 0.041, 32, 214.563, 215.874, 1.311, 1318, 2, 215.874, 215.884, 0.01, 7,     1.362,
 1361, 0, 214.788, 214.788, 214.836, 0.049, 67, 214.836, 215.765, 0.929, 1528, 2, 215.765, 215.929, 0.164, 337,     1.141,
 1362, 0, 214.791, 214.791, 214.861, 0.07, 49, 214.861, 215.933, 1.072, 1001, 2, 215.933, 216.02, 0.086, 178,     1.229,
 1363, 0, 215.319, 215.319, 215.328, 0.01, 2, 215.328, 216.247, 0.918, 1850, 2, 216.247, 216.345, 0.098, 197,     1.027,
 1355, 0, 214.269, 214.269, 215.535, 1.266, 2532, 215.535, 216.447, 0.912, 1946, 2, 216.447, 216.485, 0.039, 73,     2.216,
 1364, 0, 215.438, 215.438, 215.689, 0.251, 503, 215.689, 216.608, 0.919, 1045, 2, 216.608, 216.618, 0.01, 3,     1.180,
 1368, 0, 216.095, 216.095, 216.095, 0, 7, 216.095, 216.816, 0.721, 1330, 2, 216.816, 216.844, 0.029, 57,     0.750,
 1365, 0, 215.782, 215.782, 215.798, 0.016, 32, 215.798, 216.722, 0.924, 1568, 2, 216.722, 216.897, 0.175, 338,     1.115,
 1366, 0, 215.892, 215.892, 215.902, 0.01, 5, 215.902, 216.861, 0.959, 831, 2, 216.861, 217.066, 0.205, 420,     1.174,
 1367, 0, 216.047, 216.047, 216.076, 0.029, 58, 216.076, 216.996, 0.92, 1463, 2, 216.996, 217.076, 0.08, 152,     1.029,
 1369, 0, 216.142, 216.142, 216.181, 0.038, 68, 216.181, 217.111, 0.93, 1433, 2, 217.111, 217.158, 0.047, 94,     1.015,
 1370, 0, 216.235, 216.235, 216.245, 0.01, 8, 216.245, 217.246, 1.001, 1767, 2, 217.246, 217.301, 0.055, 110,     1.066,
 1372, 0, 217.203, 217.203, 217.26, 0.056, 115, 217.26, 218.178, 0.918, 1423, 2, 218.178, 218.22, 0.042, 104,     1.017,
 1371, 0, 217.188, 217.188, 217.198, 0.01, 13, 217.198, 218.363, 1.165, 1696, 2, 218.363, 218.421, 0.058, 116,     1.233,
 1373, 0, 217.319, 217.319, 217.358, 0.039, 78, 217.358, 218.299, 0.941, 1386, 2, 218.299, 218.441, 0.142, 262,     1.122,
 1374, 0, 217.472, 217.472, 217.544, 0.071, 150, 217.544, 218.734, 1.19, 1470, 2, 218.734, 218.794, 0.06, 119,     1.321,
 1375, 0, 217.616, 217.616, 217.631, 0.014, 29, 217.631, 218.549, 0.918, 1447, 2, 218.549, 219.007, 0.458, 917,     1.391,
 1350, 0, 213.624, 213.624, 213.685, 0.061, 135, 213.685, 214.768, 1.083, 1103, 2, 214.768, 219.022, 4.254, 8522,     5.398,
 1377, 0, 217.767, 217.767, 217.89, 0.123, 237, 217.89, 218.809, 0.918, 1666, 2, 218.809, 219.154, 0.345, 681,     1.387,
 1379, 0, 218.182, 218.182, 218.226, 0.044, 10, 218.226, 219.144, 0.918, 1153, 2, 219.144, 219.174, 0.03, 47,     0.992,
 1380, 0, 218.269, 218.269, 218.294, 0.025, 38, 218.294, 219.212, 0.918, 1814, 2, 219.212, 219.409, 0.196, 393,     1.139,
 1378, 0, 218.122, 218.122, 218.207, 0.085, 147, 218.207, 219.414, 1.208, 859, 2, 219.414, 219.424, 0.01, 31,     1.303,
 1382, 0, 218.676, 218.676, 218.821, 0.145, 293, 218.821, 219.741, 0.921, 1531, 2, 219.741, 219.81, 0.069, 138,     1.135,
 1383, 0, 219.021, 219.021, 219.135, 0.114, 230, 219.135, 219.882, 0.746, 700, 2, 219.882, 219.892, 0.01, 16,     0.870,
 1381, 0, 218.498, 218.498, 218.557, 0.059, 94, 218.557, 219.512, 0.954, 1140, 2, 219.512, 220.145, 0.633, 1267,     1.647,
 1385, 0, 219.113, 219.113, 219.213, 0.1, 31, 219.213, 220.132, 0.918, 1066, 2, 220.132, 220.165, 0.033, 46,     1.051,
 1388, 0, 219.498, 219.498, 219.542, 0.044, 95, 219.542, 220.258, 0.716, 1133, 2, 220.258, 220.268, 0.01, 10,     0.770,
 1386, 0, 219.226, 219.226, 219.391, 0.166, 332, 219.391, 220.327, 0.936, 1139, 2, 220.327, 220.366, 0.039, 78,     1.140,
 1384, 0, 219.086, 219.086, 219.193, 0.107, 113, 219.193, 220.518, 1.324, 1877, 2, 220.518, 220.528, 0.01, 4,     1.442,
 1387, 0, 219.464, 219.464, 219.481, 0.017, 34, 219.481, 220.197, 0.717, 1305, 2, 220.197, 221.112, 0.915, 1830,     1.648,
 1389, 0, 220.45, 220.45, 220.514, 0.064, 127, 220.514, 221.434, 0.92, 1015, 2, 221.434, 221.579, 0.145, 276,     1.129,
 1391, 0, 220.879, 220.879, 220.919, 0.04, 94, 220.919, 221.854, 0.935, 1948, 2, 221.854, 221.883, 0.03, 59,     1.004,
 1390, 0, 220.685, 220.685, 220.792, 0.107, 176, 220.792, 221.713, 0.921, 1592, 2, 221.713, 222.11, 0.397, 794,     1.425,
 1392, 0, 221.028, 221.028, 221.099, 0.071, 143, 221.099, 221.913, 0.814, 1082, 2, 221.913, 222.184, 0.271, 543,     1.157,
 1393, 0, 221.367, 221.367, 221.377, 0.01, 7, 221.377, 222.297, 0.92, 1462, 2, 222.297, 222.337, 0.04, 78,     0.970,
 1394, 0, 221.409, 221.409, 221.598, 0.189, 370, 221.598, 222.511, 0.913, 1691, 2, 222.511, 222.563, 0.052, 103,     1.154,
 1396, 0, 221.748, 221.748, 221.81, 0.062, 104, 221.81, 222.722, 0.912, 1481, 2, 222.722, 222.735, 0.012, 25,     0.987,
 1397, 0, 221.929, 221.929, 222.008, 0.079, 156, 222.008, 222.924, 0.917, 1303, 2, 222.924, 223.061, 0.136, 273,     1.132,
 1399, 0, 222.051, 222.051, 222.155, 0.105, 14, 222.155, 223.074, 0.919, 1728, 2, 223.074, 223.185, 0.111, 221,     1.134,
 1395, 0, 221.61, 221.61, 221.652, 0.042, 54, 221.652, 222.825, 1.172, 1235, 2, 222.825, 223.198, 0.374, 748,     1.588,
 1400, 0, 222.43, 222.43, 222.621, 0.191, 382, 222.621, 223.542, 0.921, 1091, 2, 223.542, 223.575, 0.033, 66,     1.144,
 1398, 0, 221.998, 221.998, 222.135, 0.138, 233, 222.135, 223.308, 1.172, 1128, 2, 223.308, 223.596, 0.289, 578,     1.599,
 1401, 0, 222.543, 222.543, 222.678, 0.135, 114, 222.678, 224.045, 1.367, 1450, 2, 224.045, 224.056, 0.011, 22,     1.513,
 1407, 0, 223.205, 223.205, 223.52, 0.315, 25, 223.52, 224.237, 0.717, 1627, 2, 224.237, 224.247, 0.01, 15,     1.042,
 1406, 0, 223.109, 223.109, 223.506, 0.397, 25, 223.506, 224.237, 0.731, 1556, 2, 224.237, 224.327, 0.091, 182,     1.219,
 1405, 0, 222.983, 222.983, 223.492, 0.51, 1, 223.492, 224.294, 0.802, 1410, 2, 224.294, 224.347, 0.053, 67,     1.365,
 1402, 0, 222.557, 222.557, 223.394, 0.837, 1434, 223.394, 224.314, 0.92, 1199, 2, 224.314, 224.347, 0.033, 47,     1.790,
 1404, 0, 222.857, 222.857, 223.478, 0.621, 43, 223.478, 224.399, 0.921, 1099, 2, 224.399, 224.428, 0.029, 57,     1.570,
 1403, 0, 222.646, 222.646, 223.457, 0.81, 123, 223.457, 224.579, 1.123, 1577, 2, 224.579, 224.619, 0.04, 79,     1.973,
 1409, 0, 223.622, 223.622, 223.718, 0.096, 12, 223.718, 224.829, 1.111, 1473, 2, 224.829, 224.962, 0.132, 249,     1.339,
 1410, 0, 223.898, 223.898, 224.017, 0.118, 237, 224.017, 224.952, 0.935, 1257, 2, 224.952, 224.962, 0.01, 3,     1.063,
 1408, 0, 223.283, 223.283, 223.706, 0.423, 348, 223.706, 224.929, 1.222, 1524, 2, 224.929, 225.035, 0.107, 213,     1.752,
 1412, 0, 224.025, 224.025, 224.102, 0.077, 23, 224.102, 225.079, 0.976, 1529, 2, 225.079, 225.301, 0.222, 458,     1.275,
 1413, 0, 224.043, 224.043, 224.122, 0.079, 10, 224.122, 225.202, 1.079, 1552, 2, 225.202, 225.334, 0.133, 265,     1.291,
 1411, 0, 223.951, 223.951, 224.082, 0.131, 132, 224.082, 225.378, 1.296, 1413, 2, 225.378, 225.4, 0.023, 45,     1.449,
 1414, 0, 224.797, 224.797, 224.813, 0.017, 33, 224.813, 225.733, 0.92, 1424, 2, 225.733, 225.775, 0.042, 84,     0.978,
 1415, 0, 224.854, 224.854, 224.875, 0.021, 42, 224.875, 225.796, 0.921, 1530, 2, 225.796, 225.989, 0.194, 387,     1.135,
 1416, 0, 224.929, 224.929, 224.955, 0.026, 57, 224.955, 226.184, 1.229, 1788, 2, 226.184, 226.207, 0.023, 46,     1.278,
 1417, 0, 225.09, 225.09, 225.1, 0.01, 12, 225.1, 226.019, 0.919, 1180, 2, 226.019, 226.239, 0.22, 441,     1.149,
 1418, 0, 225.418, 225.418, 225.511, 0.093, 187, 225.511, 226.429, 0.918, 943, 2, 226.429, 226.439, 0.01, 13,     1.021,
 1423, 0, 225.742, 225.742, 226.333, 0.591, 46, 226.333, 227.056, 0.722, 1515, 2, 227.056, 227.066, 0.01, 7,     1.323,
 1424, 0, 226.232, 226.232, 226.347, 0.115, 6, 226.347, 227.066, 0.718, 1250, 2, 227.066, 227.169, 0.104, 208,     0.937,
 1422, 0, 225.534, 225.534, 226.299, 0.765, 80, 226.299, 227.238, 0.938, 1222, 2, 227.238, 227.381, 0.144, 288,     1.847,
 1421, 0, 225.523, 225.523, 226.242, 0.719, 20, 226.242, 227.386, 1.143, 1517, 2, 227.386, 227.396, 0.01, 13,     1.872,
 1425, 0, 226.249, 226.249, 226.361, 0.112, 1, 226.361, 227.277, 0.915, 1492, 2, 227.277, 227.43, 0.153, 306,     1.180,
 1420, 0, 225.468, 225.468, 226.232, 0.764, 37, 226.232, 227.487, 1.254, 1469, 2, 227.487, 227.506, 0.019, 38,     2.038,
 1376, 0, 217.622, 217.622, 226.212, 8.589, 17191, 226.212, 227.133, 0.922, 1732, 2, 227.133, 227.556, 0.422, 845,     9.933,
 1426, 0, 226.649, 226.649, 226.741, 0.091, 183, 226.741, 227.666, 0.925, 1817, 2, 227.666, 227.677, 0.011, 22,     1.028,
 1427, 0, 226.703, 226.703, 226.761, 0.057, 12, 226.761, 227.737, 0.976, 1867, 2, 227.737, 227.747, 0.01, 20,     1.044,
 1431, 0, 227.149, 227.149, 227.199, 0.05, 44, 227.199, 227.92, 0.721, 1182, 2, 227.92, 227.92, 0, 2,     0.771,
 1429, 0, 226.909, 226.909, 226.929, 0.02, 1, 226.929, 227.916, 0.987, 2023, 2, 227.916, 227.94, 0.024, 38,     1.031,
 1430, 0, 227.048, 227.048, 227.165, 0.116, 233, 227.165, 228.106, 0.942, 1410, 2, 228.106, 228.132, 0.026, 52,     1.084,
 1432, 0, 227.448, 227.448, 227.498, 0.05, 101, 227.498, 228.418, 0.92, 1601, 2, 228.418, 228.461, 0.043, 87,     1.013,
 1428, 0, 226.893, 226.893, 226.919, 0.026, 41, 226.919, 228.17, 1.251, 1930, 2, 228.17, 228.524, 0.354, 709,     1.631,
 1435, 0, 227.888, 227.888, 227.902, 0.014, 28, 227.902, 228.617, 0.716, 1721, 2, 228.617, 228.627, 0.01, 24,     0.740,
 1419, 0, 225.46, 225.46, 227.629, 2.169, 4236, 227.629, 228.668, 1.038, 1916, 2, 228.668, 228.795, 0.127, 255,     3.335,
 1434, 0, 227.669, 227.669, 227.679, 0.01, 1, 227.679, 228.866, 1.186, 1220, 2, 228.866, 228.886, 0.02, 34,     1.216,
 1436, 0, 227.982, 227.982, 228.078, 0.096, 193, 228.078, 228.795, 0.717, 1445, 2, 228.795, 228.926, 0.13, 262,     0.944,
 1433, 0, 227.461, 227.461, 227.586, 0.125, 165, 227.586, 228.616, 1.03, 1370, 2, 228.616, 229.028, 0.412, 825,     1.567,
 1438, 0, 228.223, 228.223, 228.233, 0.01, 3, 228.233, 229.153, 0.92, 1512, 2, 229.153, 229.166, 0.013, 26,     0.943,
 1437, 0, 228.201, 228.201, 228.233, 0.032, 45, 228.233, 229.153, 0.92, 1598, 2, 229.153, 229.186, 0.033, 29,     0.985,
 1439, 0, 228.275, 228.275, 228.285, 0.01, 5, 228.285, 229.131, 0.846, 1713, 2, 229.131, 229.218, 0.086, 173,     0.943,
 1443, 0, 228.722, 228.722, 228.732, 0.01, 4, 228.732, 229.466, 0.734, 1501, 2, 229.466, 229.477, 0.011, 22,     0.755,
 1441, 0, 228.574, 228.574, 228.584, 0.01, 11, 228.584, 229.502, 0.918, 1831, 2, 229.502, 229.512, 0.01, 4,     0.938,
 1442, 0, 228.651, 228.651, 228.686, 0.036, 80, 228.686, 229.607, 0.921, 2036, 2, 229.607, 229.648, 0.041, 67,     0.997,
 1440, 0, 228.41, 228.41, 228.467, 0.057, 114, 228.467, 229.638, 1.171, 1519, 2, 229.638, 229.902, 0.263, 527,     1.492,
 1444, 0, 228.911, 228.911, 228.921, 0.01, 17, 228.921, 230.147, 1.225, 970, 2, 230.147, 230.243, 0.096, 193,     1.332,
 1445, 0, 229.08, 229.08, 229.099, 0.019, 39, 229.099, 230.017, 0.918, 1976, 2, 230.017, 230.372, 0.355, 711,     1.292,
 1448, 0, 229.487, 229.487, 229.487, 0, 17, 229.487, 230.408, 0.921, 1067, 2, 230.408, 230.504, 0.096, 193,     1.017,
 1446, 0, 229.173, 229.173, 229.868, 0.695, 1393, 229.868, 230.785, 0.917, 1634, 2, 230.785, 230.908, 0.123, 246,     1.735,
 1450, 0, 230.033, 230.033, 230.033, 0, 6, 230.033, 230.951, 0.918, 1859, 2, 230.951, 230.961, 0.01, 4,     0.928,
 1447, 0, 229.209, 229.209, 229.209, 0, 6, 229.209, 230.128, 0.919, 1727, 2, 230.128, 231.288, 1.16, 2321,     2.079,
 1451, 0, 230.415, 230.415, 230.495, 0.079, 159, 230.495, 231.411, 0.916, 1864, 2, 231.411, 231.515, 0.105, 209,     1.100,
 1452, 0, 230.567, 230.567, 230.827, 0.26, 516, 230.827, 231.745, 0.918, 1784, 2, 231.745, 231.794, 0.049, 84,     1.226,
 1454, 0, 230.768, 230.768, 230.977, 0.209, 251, 230.977, 231.817, 0.84, 2053, 2, 231.817, 231.886, 0.069, 138,     1.117,
 1449, 0, 229.858, 229.858, 231.248, 1.39, 2760, 231.248, 232.066, 0.818, 1829, 2, 232.066, 232.076, 0.01, 5,     2.218,
 1456, 0, 231.128, 231.128, 231.128, 0, 1, 231.128, 232.065, 0.937, 1546, 2, 232.065, 232.164, 0.099, 191,     1.036,
 1457, 0, 231.149, 231.149, 231.234, 0.085, 134, 231.234, 232.154, 0.92, 1481, 2, 232.154, 232.225, 0.07, 141,     1.076,
 1455, 0, 230.864, 230.864, 231.039, 0.174, 100, 231.039, 232.211, 1.172, 1709, 2, 232.211, 232.279, 0.067, 135,     1.414,
 1459, 0, 231.348, 231.348, 231.428, 0.08, 160, 231.428, 232.346, 0.918, 1441, 2, 232.346, 232.356, 0.01, 14,     1.008,
 1458, 0, 231.182, 231.182, 231.307, 0.125, 138, 231.307, 232.491, 1.184, 1824, 2, 232.491, 232.535, 0.044, 88,     1.353,
 1460, 0, 231.603, 231.603, 231.63, 0.027, 69, 231.63, 232.55, 0.92, 1487, 2, 232.55, 232.56, 0.01, 2,     0.957,
 1453, 0, 230.686, 230.686, 230.852, 0.166, 26, 230.852, 231.784, 0.932, 1408, 2, 231.784, 232.702, 0.919, 1838,     2.017,
 1461, 0, 232.367, 232.367, 232.377, 0.01, 4, 232.377, 233.298, 0.921, 1761, 2, 233.298, 233.308, 0.01, 12,     0.941,
 1463, 0, 232.556, 232.556, 232.609, 0.052, 87, 232.609, 233.324, 0.715, 1706, 2, 233.324, 233.334, 0.01, 4,     0.778,
 1464, 0, 232.616, 232.616, 232.66, 0.044, 84, 232.66, 233.377, 0.716, 1659, 2, 233.377, 233.387, 0.01, 17,     0.770,
 1462, 0, 232.439, 232.439, 232.535, 0.096, 188, 232.535, 233.456, 0.921, 1580, 2, 233.456, 233.466, 0.01, 1,     1.027,
 1465, 0, 232.765, 232.765, 232.775, 0.01, 5, 232.775, 233.696, 0.921, 1455, 2, 233.696, 233.771, 0.076, 151,     1.006,
 1467, 0, 233.136, 233.136, 233.323, 0.187, 374, 233.323, 234.241, 0.918, 1122, 2, 234.241, 234.27, 0.03, 60,     1.135,
 1469, 0, 233.554, 233.554, 233.621, 0.068, 144, 233.621, 234.35, 0.729, 1742, 2, 234.35, 234.36, 0.01, 9,     0.807,
 1466, 0, 232.936, 232.936, 233.435, 0.499, 999, 233.435, 234.37, 0.934, 1335, 2, 234.37, 234.391, 0.021, 61,     1.455,
 1468, 0, 233.325, 233.325, 233.464, 0.139, 283, 233.464, 234.491, 1.027, 1083, 2, 234.491, 234.65, 0.16, 320,     1.325,
 1470, 0, 233.606, 233.606, 233.635, 0.029, 52, 233.635, 234.815, 1.179, 1422, 2, 234.815, 234.825, 0.01, 9,     1.219,
 1472, 0, 233.897, 233.897, 233.907, 0.011, 30, 233.907, 234.83, 0.923, 1682, 2, 234.83, 234.841, 0.011, 32,     0.944,
 1471, 0, 233.791, 233.791, 233.893, 0.101, 175, 233.893, 234.811, 0.919, 1904, 2, 234.811, 234.874, 0.062, 118,     1.082,
 1474, 0, 234.325, 234.325, 234.363, 0.038, 86, 234.363, 235.286, 0.923, 1539, 2, 235.286, 235.321, 0.035, 70,     0.996,
 1478, 0, 234.65, 234.65, 234.66, 0.01, 3, 234.66, 235.398, 0.738, 1915, 2, 235.398, 235.408, 0.01, 15,     0.758,
 1473, 0, 234.111, 234.111, 234.912, 0.801, 1605, 234.912, 235.628, 0.716, 1018, 2, 235.628, 235.77, 0.142, 284,     1.659,
 1481, 0, 234.825, 234.825, 234.865, 0.04, 80, 234.865, 235.909, 1.045, 1479, 2, 235.909, 235.919, 0.01, 12,     1.095,
 1475, 0, 234.414, 234.414, 234.424, 0.01, 20, 234.424, 235.477, 1.053, 1770, 2, 235.477, 235.985, 0.508, 1017,     1.571,
 1480, 0, 234.707, 234.707, 234.809, 0.102, 46, 234.809, 235.977, 1.168, 1351, 2, 235.977, 236.005, 0.028, 63,     1.299,
 1484, 0, 235.128, 235.128, 235.137, 0.009, 12, 235.137, 236.068, 0.931, 1102, 2, 236.068, 236.125, 0.058, 115,     0.998,
 1477, 0, 234.539, 234.539, 234.56, 0.021, 54, 234.56, 235.727, 1.167, 1359, 2, 235.727, 236.145, 0.418, 805,     1.606,
 1482, 0, 234.981, 234.981, 234.99, 0.01, 5, 234.99, 235.742, 0.752, 1999, 2, 235.742, 236.145, 0.403, 798,     1.165,
 1476, 0, 234.448, 234.448, 234.458, 0.01, 7, 234.458, 235.536, 1.078, 1254, 2, 235.536, 236.286, 0.75, 1500,     1.838,
 1483, 0, 235.08, 235.08, 235.107, 0.028, 59, 235.107, 236.294, 1.187, 1508, 2, 236.294, 236.304, 0.01, 19,     1.224,
 1485, 0, 235.2, 235.2, 235.571, 0.371, 743, 235.571, 236.49, 0.919, 1502, 2, 236.49, 236.5, 0.01, 15,     1.300,
 1486, 0, 235.644, 235.644, 235.654, 0.01, 17, 235.654, 236.378, 0.724, 914, 2, 236.378, 236.705, 0.326, 639,     1.060,
 1488, 0, 235.953, 235.953, 235.963, 0.01, 28, 235.963, 236.882, 0.918, 1475, 2, 236.882, 236.908, 0.026, 34,     0.955,
 1489, 0, 235.979, 235.979, 236.011, 0.031, 68, 236.011, 236.94, 0.929, 2380, 2, 236.94, 236.959, 0.019, 39,     0.980,
 1490, 0, 236.428, 236.428, 236.438, 0.009, 14, 236.438, 237.359, 0.921, 1220, 2, 237.359, 237.386, 0.028, 55,     0.958,
 1491, 0, 236.454, 236.454, 236.454, 0, 12, 236.454, 237.556, 1.102, 1212, 2, 237.556, 237.586, 0.03, 61,     1.133,
 1493, 0, 236.685, 236.685, 236.802, 0.116, 221, 236.802, 237.661, 0.859, 1593, 2, 237.661, 237.673, 0.012, 24,     0.987,
 1492, 0, 236.617, 236.617, 236.657, 0.04, 55, 236.657, 237.608, 0.951, 1688, 2, 237.608, 237.843, 0.235, 470,     1.225,
 1487, 0, 235.88, 235.88, 235.89, 0.01, 18, 235.89, 237.293, 1.403, 986, 2, 237.293, 237.858, 0.566, 1132,     1.978,
 1494, 0, 236.692, 236.692, 236.768, 0.076, 162, 236.768, 237.818, 1.05, 1294, 2, 237.818, 237.901, 0.083, 167,     1.208,
 1495, 0, 236.985, 236.985, 236.995, 0.01, 18, 236.995, 237.712, 0.717, 1796, 2, 237.712, 238.084, 0.372, 745,     1.099,
 1496, 0, 237.232, 237.232, 237.341, 0.109, 218, 237.341, 238.513, 1.173, 1702, 2, 238.513, 238.523, 0.01, 20,     1.292,
 1497, 0, 237.655, 237.655, 237.676, 0.022, 43, 237.676, 238.595, 0.919, 1797, 2, 238.595, 238.622, 0.027, 52,     0.967,
 1500, 0, 237.887, 237.887, 237.897, 0.01, 16, 237.897, 238.612, 0.714, 1460, 2, 238.612, 238.652, 0.04, 81,     0.765,
 1499, 0, 237.883, 237.883, 237.941, 0.058, 135, 237.941, 238.665, 0.724, 1339, 2, 238.665, 238.775, 0.111, 221,     0.892,
 1498, 0, 237.687, 237.687, 237.874, 0.187, 374, 237.874, 238.798, 0.924, 1223, 2, 238.798, 238.808, 0.01, 3,     1.121,
 1501, 0, 237.947, 237.947, 237.974, 0.028, 67, 237.974, 238.688, 0.714, 1884, 2, 238.688, 238.844, 0.156, 313,     0.898,
 1479, 0, 234.661, 234.661, 234.786, 0.126, 253, 234.786, 235.786, 1, 1759, 2, 235.786, 238.955, 3.169, 6334,     4.294,
 1503, 0, 238.024, 238.024, 238.034, 0.01, 7, 238.034, 238.952, 0.918, 1411, 2, 238.952, 238.987, 0.035, 85,     0.963,
 1504, 0, 238.172, 238.172, 238.26, 0.088, 195, 238.26, 239.201, 0.942, 1267, 2, 239.201, 239.213, 0.012, 24,     1.041,
 1506, 0, 238.197, 238.197, 238.599, 0.401, 679, 238.599, 239.314, 0.716, 1860, 2, 239.314, 239.352, 0.038, 76,     1.155,
 1502, 0, 237.99, 237.99, 238.034, 0.044, 79, 238.034, 239.372, 1.339, 1371, 2, 239.372, 239.392, 0.02, 40,     1.402,
 1505, 0, 238.182, 238.182, 238.299, 0.117, 249, 238.299, 239.235, 0.936, 1167, 2, 239.235, 239.41, 0.175, 351,     1.228,
 1507, 0, 238.359, 238.359, 238.767, 0.409, 815, 238.767, 239.574, 0.807, 1004, 2, 239.574, 239.604, 0.03, 59,     1.245,
 1509, 0, 238.696, 238.696, 238.711, 0.015, 30, 238.711, 239.629, 0.918, 1926, 2, 239.629, 239.629, 0, 2,     0.933,
 1510, 0, 238.704, 238.704, 238.757, 0.053, 92, 238.757, 239.734, 0.977, 1831, 2, 239.734, 239.749, 0.015, 30,     1.045,
 1508, 0, 238.477, 238.477, 238.613, 0.136, 2, 238.613, 239.932, 1.319, 1373, 2, 239.932, 239.992, 0.06, 120,     1.516,
 1513, 0, 239.782, 239.782, 240.052, 0.27, 3, 240.052, 240.968, 0.916, 909, 2, 240.968, 240.989, 0.02, 41,     1.207,
 1514, 0, 239.816, 239.816, 240.062, 0.246, 15, 240.062, 241.009, 0.947, 1263, 2, 241.009, 241.053, 0.044, 89,     1.238,
 1517, 0, 240.249, 240.249, 240.259, 0.01, 18, 240.259, 241.218, 0.959, 1726, 2, 241.218, 241.232, 0.014, 28,     0.983,
 1516, 0, 240.058, 240.058, 240.124, 0.066, 15, 240.124, 241.198, 1.075, 1920, 2, 241.198, 241.259, 0.061, 100,     1.201,
 1518, 0, 240.316, 240.316, 240.319, 0.003, 17, 240.319, 241.259, 0.94, 1423, 2, 241.259, 241.269, 0.01, 3,     0.953,
 1512, 0, 239.569, 239.569, 240.032, 0.463, 911, 240.032, 240.948, 0.916, 1089, 2, 240.948, 241.293, 0.344, 689,     1.724,
 1515, 0, 239.852, 239.852, 240.104, 0.251, 83, 240.104, 241.403, 1.3, 881, 2, 241.403, 241.439, 0.036, 71,     1.587,
 1520, 0, 240.431, 240.431, 240.441, 0.01, 12, 240.441, 241.448, 1.007, 1198, 2, 241.448, 241.484, 0.036, 90,     1.052,
 1519, 0, 240.344, 240.344, 240.354, 0.01, 10, 240.354, 241.653, 1.298, 955, 2, 241.653, 241.738, 0.085, 171,     1.394,
 1521, 0, 240.45, 240.45, 240.985, 0.536, 1077, 240.985, 241.897, 0.912, 1601, 2, 241.897, 241.925, 0.028, 56,     1.476,
 1523, 0, 240.535, 240.535, 241.044, 0.509, 84, 241.044, 241.962, 0.918, 1177, 2, 241.962, 241.978, 0.016, 39,     1.443,
 1522, 0, 240.503, 240.503, 240.995, 0.492, 15, 240.995, 242.213, 1.218, 1515, 2, 242.213, 242.228, 0.016, 33,     1.726,
 1525, 0, 241.145, 241.145, 241.266, 0.121, 7, 241.266, 242.212, 0.946, 1179, 2, 242.212, 242.342, 0.13, 261,     1.197,
 1527, 0, 241.708, 241.708, 241.718, 0.01, 9, 241.718, 242.467, 0.749, 1797, 2, 242.467, 242.514, 0.047, 94,     0.806,
 1526, 0, 241.382, 241.382, 241.48, 0.098, 197, 241.48, 242.428, 0.948, 1054, 2, 242.428, 242.527, 0.099, 198,     1.145,
 1524, 0, 241.104, 241.104, 241.246, 0.143, 286, 241.246, 242.179, 0.933, 1375, 2, 242.179, 242.636, 0.457, 931,     1.532,
 1530, 0, 241.962, 241.962, 241.972, 0.01, 1, 241.972, 242.888, 0.916, 1305, 2, 242.888, 243.058, 0.17, 349,     1.096,
 1529, 0, 241.846, 241.846, 241.938, 0.092, 195, 241.938, 242.857, 0.918, 1396, 2, 242.857, 243.08, 0.223, 446,     1.233,
 1534, 0, 242.383, 242.383, 242.393, 0.01, 24, 242.393, 243.109, 0.716, 1861, 2, 243.109, 243.119, 0.01, 6,     0.736,
 1533, 0, 242.361, 242.361, 242.371, 0.01, 3, 242.371, 243.133, 0.762, 1397, 2, 243.133, 243.147, 0.014, 29,     0.786,
 1531, 0, 242.142, 242.142, 242.206, 0.064, 126, 242.206, 243.137, 0.931, 1397, 2, 243.137, 243.177, 0.04, 86,     1.035,
 1532, 0, 242.196, 242.196, 242.246, 0.05, 54, 242.246, 243.167, 0.921, 1687, 2, 243.167, 243.244, 0.077, 154,     1.048,
 1528, 0, 241.777, 241.777, 241.807, 0.03, 32, 241.807, 243.059, 1.252, 1540, 2, 243.059, 243.687, 0.628, 1259,     1.910,
 1536, 0, 242.694, 242.694, 242.818, 0.124, 242, 242.818, 243.736, 0.918, 1405, 2, 243.736, 243.746, 0.01, 13,     1.052,
 1535, 0, 242.409, 242.409, 242.42, 0.011, 27, 242.42, 243.732, 1.311, 1290, 2, 243.732, 243.798, 0.066, 114,     1.389,
 1537, 0, 243.014, 243.014, 243.097, 0.084, 135, 243.097, 244.018, 0.921, 1554, 2, 244.018, 244.029, 0.011, 21,     1.015,
 1538, 0, 243.159, 243.159, 243.169, 0.01, 10, 243.169, 244.159, 0.99, 1272, 2, 244.159, 244.169, 0.01, 16,     1.010,
 1540, 0, 243.492, 243.492, 243.547, 0.054, 113, 243.547, 244.465, 0.919, 1560, 2, 244.465, 244.465, 0, 8,     0.973,
 1541, 0, 243.629, 243.629, 243.638, 0.01, 8, 243.638, 244.555, 0.917, 1523, 2, 244.555, 244.565, 0.01, 16,     0.937,
 1539, 0, 243.408, 243.408, 243.453, 0.044, 79, 243.453, 244.631, 1.178, 1350, 2, 244.631, 244.704, 0.073, 147,     1.296,
 1511, 0, 239.248, 239.248, 244.33, 5.083, 10179, 244.33, 245.61, 1.279, 1220, 2, 245.61, 245.649, 0.039, 79,     6.401,
 1544, 0, 244.7, 244.7, 244.749, 0.049, 113, 244.749, 245.669, 0.92, 1272, 2, 245.669, 245.679, 0.01, 4,     0.979,
 1543, 0, 244.683, 244.683, 244.693, 0.01, 9, 244.693, 245.63, 0.937, 1491, 2, 245.63, 245.689, 0.059, 119,     1.006,
 1545, 0, 244.988, 244.988, 245.003, 0.015, 25, 245.003, 245.919, 0.916, 801, 2, 245.919, 245.996, 0.077, 155,     1.008,
 1546, 0, 245.012, 245.012, 245.012, 0, 14, 245.012, 245.951, 0.939, 1681, 2, 245.951, 246.021, 0.07, 140,     1.009,
 1548, 0, 245.109, 245.109, 245.278, 0.169, 305, 245.278, 246.108, 0.83, 1690, 2, 246.108, 246.126, 0.018, 36,     1.017,
 1549, 0, 245.173, 245.173, 245.212, 0.039, 76, 245.212, 246.201, 0.989, 1840, 2, 246.201, 246.211, 0.01, 2,     1.038,
 1542, 0, 244.045, 244.045, 245.153, 1.108, 2217, 245.153, 246.169, 1.016, 1443, 2, 246.169, 246.221, 0.053, 105,     2.177,
 1550, 0, 245.96, 245.96, 245.974, 0.014, 28, 245.974, 246.894, 0.92, 1264, 2, 246.894, 246.945, 0.052, 113,     0.985,
 1551, 0, 246.003, 246.003, 246.032, 0.03, 68, 246.032, 246.954, 0.921, 1833, 2, 246.954, 246.964, 0.01, 12,     0.961,
 1556, 0, 246.156, 246.156, 246.238, 0.082, 14, 246.238, 247.013, 0.775, 1197, 2, 247.013, 247.149, 0.136, 271,     0.993,
 1554, 0, 246.117, 246.117, 246.238, 0.121, 233, 246.238, 247.204, 0.966, 1966, 2, 247.204, 247.231, 0.027, 51,     1.114,
 1555, 0, 246.128, 246.128, 246.228, 0.1, 193, 246.228, 247.175, 0.947, 1504, 2, 247.175, 247.251, 0.076, 130,     1.123,
 1558, 0, 246.175, 246.175, 246.268, 0.093, 22, 246.268, 247.425, 1.157, 1042, 2, 247.425, 247.452, 0.027, 54,     1.277,
 1557, 0, 246.159, 246.159, 246.288, 0.128, 88, 246.288, 247.454, 1.166, 1807, 2, 247.454, 247.552, 0.098, 201,     1.393,
 1553, 0, 246.063, 246.063, 246.107, 0.043, 87, 246.107, 247.603, 1.497, 1920, 2, 247.603, 247.634, 0.031, 51,     1.571,
 1547, 0, 245.031, 245.031, 245.067, 0.036, 81, 245.067, 245.859, 0.792, 1552, 2, 245.859, 247.867, 2.008, 4017,     2.836,
 1552, 0, 246.02, 246.02, 246.052, 0.032, 35, 246.052, 246.758, 0.705, 1498, 2, 246.758, 248.158, 1.401, 2802,     2.138,
 1560, 0, 247.394, 247.394, 247.404, 0.01, 28, 247.404, 248.324, 0.92, 1301, 2, 248.324, 248.357, 0.032, 31,     0.963,
 1561, 0, 247.428, 247.428, 247.438, 0.01, 9, 247.438, 248.463, 1.025, 2421, 2, 248.463, 248.595, 0.131, 245,     1.167,
 1562, 0, 247.633, 247.633, 247.651, 0.018, 37, 247.651, 248.823, 1.171, 1936, 2, 248.823, 248.853, 0.03, 60,     1.220,
 1563, 0, 247.956, 247.956, 248.018, 0.062, 139, 248.018, 248.937, 0.918, 1105, 2, 248.937, 249.075, 0.138, 277,     1.119,
 1564, 0, 248.389, 248.389, 248.389, 0, 3, 248.389, 249.304, 0.915, 1840, 2, 249.304, 249.4, 0.096, 193,     1.011,
 1559, 0, 247.034, 247.034, 247.08, 0.046, 70, 247.08, 248, 0.92, 1453, 2, 248, 249.52, 1.519, 3039,     2.485,
 1568, 0, 248.871, 248.871, 248.891, 0.02, 40, 248.891, 249.926, 1.035, 1481, 2, 249.926, 249.973, 0.047, 94,     1.102,
 1566, 0, 248.798, 248.798, 248.808, 0.01, 13, 248.808, 249.726, 0.917, 1435, 2, 249.726, 249.987, 0.261, 523,     1.189,
 1567, 0, 248.809, 248.809, 248.819, 0.01, 3, 248.819, 249.995, 1.176, 1124, 2, 249.995, 249.995, 0, 10,     1.186,
 1569, 0, 249.698, 249.698, 249.71, 0.012, 26, 249.71, 250.642, 0.932, 1131, 2, 250.642, 250.652, 0.01, 5,     0.955,
 1570, 0, 249.78, 249.78, 249.948, 0.169, 326, 249.948, 250.868, 0.92, 1597, 2, 250.868, 250.885, 0.017, 44,     1.105,
 1575, 0, 250.156, 250.156, 250.278, 0.121, 64, 250.278, 250.993, 0.716, 844, 2, 250.993, 251.137, 0.144, 288,     0.980,
 1571, 0, 249.804, 249.804, 250.092, 0.288, 258, 250.092, 251.012, 0.92, 1196, 2, 251.012, 251.157, 0.144, 254,     1.353,
 1573, 0, 249.983, 249.983, 250.236, 0.252, 17, 250.236, 251.21, 0.975, 1588, 2, 251.21, 251.22, 0.01, 14,     1.237,
 1576, 0, 250.643, 250.643, 250.675, 0.031, 63, 250.675, 251.404, 0.729, 1557, 2, 251.404, 251.43, 0.025, 51,     0.786,
 1572, 0, 249.939, 249.939, 250.216, 0.278, 249, 250.216, 251.404, 1.188, 1662, 2, 251.404, 251.622, 0.218, 437,     1.684,
 1578, 0, 251.303, 251.303, 251.323, 0.019, 39, 251.323, 252.045, 0.723, 1671, 2, 252.045, 252.076, 0.03, 61,     0.773,
 1565, 0, 248.402, 248.402, 251.196, 2.794, 5588, 251.196, 252.117, 0.921, 1683, 2, 252.117, 252.127, 0.01, 8,     3.725,
 1577, 0, 251.143, 251.143, 251.183, 0.04, 51, 251.183, 252.102, 0.919, 1577, 2, 252.102, 252.197, 0.095, 191,     1.054,
 1574, 0, 250.132, 250.132, 250.246, 0.113, 1, 250.246, 251.262, 1.016, 1701, 2, 251.262, 252.273, 1.011, 2022,     2.140,
 1579, 0, 251.357, 251.357, 251.357, 0, 3, 251.357, 252.797, 1.44, 1212, 2, 252.797, 252.928, 0.13, 261,     1.571,
 1581, 0, 251.744, 251.744, 252.458, 0.714, 1419, 252.458, 253.379, 0.921, 1441, 2, 253.379, 253.398, 0.019, 38,     1.654,
 1582, 0, 251.796, 251.796, 253.228, 1.432, 1522, 253.228, 254.166, 0.939, 1416, 2, 254.166, 254.266, 0.1, 200,     2.471,
 1583, 0, 251.845, 251.845, 253.248, 1.403, 36, 253.248, 254.18, 0.933, 1714, 2, 254.18, 254.34, 0.16, 320,     2.496,
 1585, 0, 251.934, 251.934, 253.367, 1.432, 74, 253.367, 254.436, 1.07, 1530, 2, 254.436, 254.456, 0.019, 39,     2.522,
 1587, 0, 252.138, 252.138, 253.398, 1.261, 6, 253.398, 254.666, 1.268, 1149, 2, 254.666, 254.714, 0.048, 95,     2.576,
 1586, 0, 252.038, 252.038, 253.379, 1.341, 7, 253.379, 254.809, 1.431, 1385, 2, 254.809, 254.819, 0.01, 1,     2.782,
 1584, 0, 251.882, 251.882, 253.329, 1.448, 164, 253.329, 254.416, 1.087, 1507, 2, 254.416, 254.829, 0.413, 810,     2.948,
 1590, 0, 252.5, 252.5, 254.137, 1.637, 110, 254.137, 255.056, 0.919, 1608, 2, 255.056, 255.133, 0.077, 153,     2.632,
 1589, 0, 252.448, 252.448, 254.082, 1.634, 79, 254.082, 255.255, 1.173, 1707, 2, 255.255, 255.265, 0.01, 9,     2.817,
 1588, 0, 252.416, 252.416, 254.04, 1.623, 1262, 254.04, 254.976, 0.936, 1609, 2, 254.976, 255.409, 0.433, 866,     2.992,
 1591, 0, 252.539, 252.539, 256.048, 3.509, 3811, 256.048, 256.967, 0.919, 1650, 2, 256.967, 257.29, 0.323, 646,     4.751,
 1596, 0, 253.037, 253.037, 256.955, 3.918, 9, 256.955, 257.679, 0.723, 1843, 2, 257.679, 257.709, 0.03, 35,     4.672,
 1580, 0, 251.422, 251.422, 256.761, 5.339, 10678, 256.761, 257.681, 0.92, 1443, 2, 257.681, 257.709, 0.028, 41,     6.287,
 1593, 0, 252.883, 252.883, 256.781, 3.898, 6, 256.781, 258.148, 1.367, 1664, 2, 258.148, 258.158, 0.01, 2,     5.275,
 1602, 0, 253.597, 253.597, 257.338, 3.741, 60, 257.338, 258.3, 0.962, 1114, 2, 258.3, 258.311, 0.012, 23,     4.715,
 1608, 0, 255.159, 255.159, 257.538, 2.379, 261, 257.538, 258.3, 0.762, 1949, 2, 258.3, 258.371, 0.071, 143,     3.212,
 1592, 0, 252.857, 252.857, 257.207, 4.349, 2305, 257.207, 258.334, 1.127, 1137, 2, 258.334, 258.437, 0.103, 207,     5.580,
 1600, 0, 253.369, 253.369, 257.328, 3.959, 141, 257.328, 258.442, 1.114, 1224, 2, 258.442, 258.461, 0.019, 49,     5.093,
 1601, 0, 253.575, 253.575, 257.303, 3.727, 57, 257.303, 258.397, 1.094, 1672, 2, 258.397, 258.483, 0.086, 173,     4.908,
 1607, 0, 254.818, 254.818, 257.408, 2.59, 62, 257.408, 258.559, 1.151, 1442, 2, 258.559, 258.572, 0.013, 26,     3.754,
 1597, 0, 253.054, 253.054, 257.274, 4.22, 599, 257.274, 258.583, 1.309, 1335, 2, 258.583, 258.635, 0.052, 104,     5.581,
 1594, 0, 252.922, 252.922, 256.887, 3.965, 213, 256.887, 258.711, 1.823, 1791, 2, 258.711, 258.725, 0.014, 29,     5.803,
 1612, 0, 256.29, 256.29, 257.784, 1.494, 40, 257.784, 258.815, 1.03, 1611, 2, 258.815, 258.826, 0.012, 23,     2.536,
 1598, 0, 253.19, 253.19, 257.234, 4.044, 55, 257.234, 258.897, 1.663, 2079, 2, 258.897, 259.013, 0.116, 249,     5.824,
 1613, 0, 256.374, 256.374, 257.797, 1.423, 2, 257.797, 258.815, 1.017, 1436, 2, 258.815, 259.033, 0.219, 414,     2.660,
 1610, 0, 256.126, 256.126, 257.758, 1.632, 342, 257.758, 258.96, 1.202, 1317, 2, 258.96, 259.033, 0.074, 109,     2.908,
 1599, 0, 253.299, 253.299, 257.254, 3.955, 11, 257.254, 259.064, 1.81, 1414, 2, 259.064, 259.106, 0.042, 85,     5.807,
 1609, 0, 255.953, 255.953, 257.587, 1.634, 65, 257.587, 259.082, 1.494, 932, 2, 259.082, 259.157, 0.075, 146,     3.204,
 1623, 0, 257.682, 257.682, 258.25, 0.568, 23, 258.25, 259.147, 0.897, 1320, 2, 259.147, 259.167, 0.02, 32,     1.485,
 1604, 0, 254.04, 254.04, 257.348, 3.308, 17, 257.348, 258.832, 1.484, 1295, 2, 258.832, 259.224, 0.392, 797,     5.184,
 1618, 0, 257.186, 257.186, 257.946, 0.759, 7, 257.946, 259.064, 1.118, 1566, 2, 259.064, 259.307, 0.243, 486,     2.120,
 1603, 0, 253.635, 253.635, 257.338, 3.703, 20, 257.338, 259.321, 1.984, 1382, 2, 259.321, 259.333, 0.012, 24,     5.699,
 1614, 0, 256.539, 256.539, 257.936, 1.396, 278, 257.936, 259.321, 1.386, 1401, 2, 259.321, 259.378, 0.057, 114,     2.839,
 1611, 0, 256.19, 256.19, 257.83, 1.64, 245, 257.83, 259.347, 1.517, 1794, 2, 259.347, 259.398, 0.051, 101,     3.208,
 1605, 0, 254.569, 254.569, 257.707, 3.139, 683, 257.707, 259.411, 1.704, 1065, 2, 259.411, 259.421, 0.01, 21,     4.853,
 1621, 0, 257.604, 257.604, 258.201, 0.596, 69, 258.201, 259.571, 1.37, 1721, 2, 259.571, 259.607, 0.036, 56,     2.002,
 1616, 0, 256.961, 256.961, 257.864, 0.902, 10, 257.864, 259.708, 1.844, 1558, 2, 259.708, 259.718, 0.01, 1,     2.756,
 1619, 0, 257.328, 257.328, 257.966, 0.638, 32, 257.966, 259.597, 1.631, 1412, 2, 259.597, 259.904, 0.307, 587,     2.576,
 1627, 0, 258.354, 258.354, 258.6, 0.246, 53, 258.6, 259.91, 1.31, 1336, 2, 259.91, 259.91, 0, 6,     1.556,
 1606, 0, 254.741, 254.741, 257.368, 2.627, 3, 257.368, 258.647, 1.279, 1533, 2, 258.647, 259.931, 1.285, 2570,     5.190,
 1624, 0, 257.877, 257.877, 258.502, 0.625, 479, 258.502, 260.072, 1.57, 1460, 2, 260.072, 260.114, 0.042, 84,     2.237,
 1626, 0, 258.097, 258.097, 258.574, 0.476, 13, 258.574, 260.095, 1.522, 1370, 2, 260.095, 260.158, 0.063, 126,     2.061,
 1620, 0, 257.503, 257.503, 258.156, 0.653, 350, 258.156, 260.177, 2.021, 1275, 2, 260.177, 260.187, 0.01, 1,     2.684,
 1625, 0, 257.936, 257.936, 258.564, 0.628, 109, 258.564, 260.321, 1.758, 1583, 2, 260.321, 260.331, 0.01, 1,     2.395,
 1630, 0, 258.638, 258.638, 258.823, 0.184, 125, 258.823, 260.439, 1.616, 1268, 2, 260.439, 260.481, 0.042, 75,     1.843,
 1629, 0, 258.627, 258.627, 258.76, 0.134, 221, 258.76, 260.344, 1.584, 1659, 2, 260.344, 260.569, 0.225, 450,     1.943,
 1615, 0, 256.89, 256.89, 257.844, 0.953, 8, 257.844, 259.661, 1.817, 1311, 2, 259.661, 260.581, 0.921, 1842,     3.691,
 1631, 0, 258.677, 258.677, 258.87, 0.193, 94, 258.87, 260.594, 1.724, 1825, 2, 260.594, 260.604, 0.01, 15,     1.927,
 1632, 0, 259.106, 259.106, 259.14, 0.034, 67, 259.14, 260.689, 1.549, 1308, 2, 260.689, 260.761, 0.072, 144,     1.655,
 1633, 0, 259.186, 259.186, 259.272, 0.086, 155, 259.272, 260.844, 1.572, 1433, 2, 260.844, 260.922, 0.078, 174,     1.736,
 1634, 0, 259.368, 259.368, 259.397, 0.029, 63, 259.397, 260.939, 1.542, 1763, 2, 260.939, 260.976, 0.036, 73,     1.608,
 1636, 0, 259.55, 259.55, 259.609, 0.06, 25, 259.609, 260.835, 1.226, 1678, 2, 260.835, 261.013, 0.178, 356,     1.464,
 1635, 0, 259.546, 259.546, 259.589, 0.043, 78, 259.589, 261.084, 1.495, 1862, 2, 261.084, 261.093, 0.009, 10,     1.547,
 1637, 0, 260.039, 260.039, 260.184, 0.145, 290, 260.184, 261.189, 1.005, 1956, 2, 261.189, 261.207, 0.018, 36,     1.167,
 1617, 0, 257.096, 257.096, 259.978, 2.882, 4203, 259.978, 261.093, 1.115, 1297, 2, 261.093, 261.318, 0.225, 468,     4.222,
 1642, 0, 260.155, 260.155, 260.399, 0.244, 334, 260.399, 261.334, 0.935, 1332, 2, 261.334, 261.363, 0.029, 59,     1.208,
 1639, 0, 260.104, 260.104, 260.14, 0.037, 67, 260.14, 261.343, 1.203, 1969, 2, 261.343, 261.383, 0.04, 84,     1.279,
 1644, 0, 260.301, 260.301, 260.375, 0.074, 24, 260.375, 261.452, 1.077, 2404, 2, 261.452, 261.462, 0.01, 16,     1.161,
 1622, 0, 257.659, 257.659, 258.236, 0.577, 65, 258.236, 259.846, 1.61, 1821, 2, 259.846, 261.571, 1.725, 3451,     3.912,
 1641, 0, 260.145, 260.145, 260.269, 0.124, 170, 260.269, 261.583, 1.314, 1727, 2, 261.583, 261.605, 0.022, 45,     1.460,
 1640, 0, 260.13, 260.13, 260.23, 0.1, 146, 260.23, 261.583, 1.353, 907, 2, 261.583, 261.676, 0.093, 187,     1.546,
 1595, 0, 253.011, 253.011, 256.942, 3.931, 110, 256.942, 257.669, 0.727, 1178, 2, 257.669, 261.857, 4.188, 8377,     8.846,
 1645, 0, 260.305, 260.305, 260.479, 0.174, 190, 260.479, 261.832, 1.353, 1503, 2, 261.832, 261.857, 0.024, 35,     1.552,
 1628, 0, 258.392, 258.392, 258.637, 0.244, 72, 258.637, 260.321, 1.685, 909, 2, 260.321, 261.91, 1.589, 3179,     3.518,
 1650, 0, 261.192, 261.192, 261.231, 0.039, 55, 261.231, 261.985, 0.754, 2014, 2, 261.985, 261.995, 0.01, 14,     0.803,
 1643, 0, 260.23, 260.23, 260.361, 0.131, 153, 260.361, 261.593, 1.232, 1334, 2, 261.593, 262.049, 0.456, 913,     1.820,
 1638, 0, 260.073, 260.073, 260.08, 0.007, 9, 260.08, 261.71, 1.63, 1559, 2, 261.71, 262.069, 0.359, 718,     1.996,
 1652, 0, 261.356, 261.356, 261.366, 0.01, 19, 261.366, 262.082, 0.715, 2006, 2, 262.082, 262.122, 0.041, 81,     0.766,
 1651, 0, 261.254, 261.254, 261.254, 0, 4, 261.254, 262.082, 0.828, 1669, 2, 262.082, 262.172, 0.091, 181,     0.918,
 1648, 0, 261.148, 261.148, 261.175, 0.027, 54, 261.175, 262.092, 0.916, 1731, 2, 262.092, 262.192, 0.101, 162,     1.044,
 1646, 0, 260.517, 260.517, 260.594, 0.077, 131, 260.594, 261.842, 1.248, 1248, 2, 261.842, 262.225, 0.383, 786,     1.708,
 1647, 0, 261.079, 261.079, 261.581, 0.502, 1005, 261.581, 262.331, 0.75, 1524, 2, 262.331, 262.374, 0.043, 86,     1.295,
 1649, 0, 261.181, 261.181, 261.191, 0.01, 24, 261.191, 262.379, 1.188, 1588, 2, 262.379, 262.397, 0.018, 47,     1.216,
 1653, 0, 261.423, 261.423, 261.507, 0.083, 167, 261.507, 262.426, 0.919, 1002, 2, 262.426, 262.436, 0.01, 13,     1.012,
 1654, 0, 261.445, 261.445, 261.568, 0.123, 122, 261.568, 262.733, 1.166, 1123, 2, 262.733, 262.743, 0.01, 6,     1.299,
 1655, 0, 262.067, 262.067, 262.201, 0.134, 269, 262.201, 263.118, 0.917, 1397, 2, 263.118, 263.156, 0.038, 88,     1.090,
 1658, 0, 262.43, 262.43, 262.44, 0.01, 9, 262.44, 263.156, 0.717, 1718, 2, 263.156, 263.178, 0.022, 44,     0.749,
 1657, 0, 262.367, 262.367, 262.416, 0.048, 97, 262.416, 263.368, 0.952, 1897, 2, 263.368, 263.377, 0.01, 18,     1.010,
 1659, 0, 262.832, 262.832, 262.841, 0.01, 20, 262.841, 263.76, 0.918, 1501, 2, 263.76, 263.782, 0.022, 44,     0.950,
 1663, 0, 263.213, 263.213, 263.466, 0.254, 507, 263.466, 264.182, 0.716, 850, 2, 264.182, 264.193, 0.011, 22,     0.980,
 1660, 0, 262.958, 262.958, 263.326, 0.368, 737, 263.326, 264.247, 0.921, 1537, 2, 264.247, 264.273, 0.026, 51,     1.315,
 1662, 0, 263.181, 263.181, 263.191, 0.01, 9, 263.191, 264.363, 1.172, 1379, 2, 264.363, 264.379, 0.016, 32,     1.198,
 1661, 0, 263.065, 263.065, 263.091, 0.026, 52, 263.091, 264.433, 1.342, 1993, 2, 264.433, 264.446, 0.012, 25,     1.381,
 1664, 0, 264.076, 264.076, 264.111, 0.034, 78, 264.111, 265.029, 0.918, 1736, 2, 265.029, 265.18, 0.151, 303,     1.104,
 1666, 0, 264.331, 264.331, 264.383, 0.052, 99, 264.383, 265.299, 0.916, 1780, 2, 265.299, 265.392, 0.093, 186,     1.061,
 1665, 0, 264.192, 264.192, 264.226, 0.034, 30, 264.226, 265.408, 1.181, 1590, 2, 265.408, 265.427, 0.019, 50,     1.234,
 1667, 0, 264.479, 264.479, 264.486, 0.007, 24, 264.486, 265.658, 1.172, 1429, 2, 265.658, 265.673, 0.015, 31,     1.194,
 1668, 0, 264.883, 264.883, 264.9, 0.017, 36, 264.9, 265.817, 0.917, 1709, 2, 265.817, 265.84, 0.023, 47,     0.957,
 1670, 0, 264.918, 264.918, 264.928, 0.01, 26, 264.928, 266.066, 1.138, 1238, 2, 266.066, 266.093, 0.026, 53,     1.174,
 1669, 0, 264.9, 264.9, 264.908, 0.008, 31, 264.908, 266.103, 1.195, 1912, 2, 266.103, 266.169, 0.066, 132,     1.269,
 1671, 0, 265.181, 265.181, 265.208, 0.027, 54, 265.208, 266.383, 1.176, 1100, 2, 266.383, 266.422, 0.039, 78,     1.242,
 1656, 0, 262.209, 262.209, 262.209, 0, 12, 262.209, 263.406, 1.197, 1289, 2, 263.406, 266.508, 3.102, 6205,     4.299,
 1672, 0, 265.7, 265.7, 265.729, 0.029, 75, 265.729, 266.644, 0.915, 1176, 2, 266.644, 266.656, 0.012, 23,     0.955,
 1676, 0, 266.018, 266.018, 266.033, 0.015, 27, 266.033, 266.747, 0.714, 1699, 2, 266.747, 266.788, 0.041, 82,     0.770,
 1673, 0, 265.876, 265.876, 266.023, 0.147, 295, 266.023, 266.747, 0.724, 1675, 2, 266.747, 266.808, 0.061, 97,     0.932,
 1677, 0, 266.072, 266.072, 266.106, 0.034, 41, 266.106, 266.821, 0.715, 1841, 2, 266.821, 266.904, 0.082, 147,     0.831,
 1674, 0, 265.926, 265.926, 265.963, 0.037, 62, 265.963, 266.894, 0.931, 1360, 2, 266.894, 266.934, 0.04, 68,     1.008,
 1675, 0, 265.953, 265.953, 265.983, 0.03, 25, 265.983, 266.944, 0.961, 1810, 2, 266.944, 267.105, 0.161, 324,     1.152,
 1679, 0, 266.203, 266.203, 266.213, 0.01, 1, 266.213, 267.144, 0.931, 1526, 2, 267.144, 267.167, 0.023, 61,     0.964,
 1681, 0, 266.307, 266.307, 266.4, 0.093, 18, 266.4, 267.116, 0.716, 1506, 2, 267.116, 267.185, 0.068, 137,     0.878,
 1680, 0, 266.259, 266.259, 266.389, 0.13, 241, 266.389, 267.572, 1.183, 1561, 2, 267.572, 267.601, 0.029, 58,     1.342,
 1683, 0, 266.735, 266.735, 266.785, 0.05, 80, 266.785, 267.957, 1.171, 1285, 2, 267.957, 267.981, 0.024, 48,     1.246,
 1687, 0, 267.303, 267.303, 267.331, 0.028, 31, 267.331, 268.214, 0.883, 1699, 2, 268.214, 268.271, 0.058, 115,     0.969,
 1690, 0, 267.46, 267.46, 267.479, 0.019, 37, 267.479, 268.214, 0.735, 1514, 2, 268.214, 268.347, 0.133, 267,     0.887,
 1678, 0, 266.15, 266.15, 267.256, 1.106, 2227, 267.256, 268.306, 1.05, 1256, 2, 268.306, 268.394, 0.088, 176,     2.243,
 1685, 0, 267.178, 267.178, 267.188, 0.01, 15, 267.188, 268.463, 1.275, 1781, 2, 268.463, 268.506, 0.043, 86,     1.328,
 1693, 0, 267.673, 267.673, 267.704, 0.03, 22, 267.704, 268.717, 1.014, 1041, 2, 268.717, 268.752, 0.035, 70,     1.079,
 1692, 0, 267.627, 267.627, 267.627, 0, 12, 267.627, 268.805, 1.178, 1855, 2, 268.805, 268.805, 0, 4,     1.178,
 1691, 0, 267.569, 267.569, 267.617, 0.049, 98, 267.617, 268.801, 1.183, 1187, 2, 268.801, 268.813, 0.012, 24,     1.244,
 1689, 0, 267.379, 267.379, 267.927, 0.548, 1096, 267.927, 268.717, 0.791, 1942, 2, 268.717, 268.823, 0.105, 211,     1.444,
 1688, 0, 267.31, 267.31, 267.317, 0.006, 23, 267.317, 268.556, 1.239, 1454, 2, 268.556, 268.953, 0.397, 795,     1.643,
 1686, 0, 267.232, 267.232, 267.276, 0.043, 70, 267.276, 268.97, 1.694, 1789, 2, 268.97, 269, 0.029, 59,     1.767,
 1697, 0, 268.296, 268.296, 268.306, 0.01, 2, 268.306, 269.03, 0.724, 1591, 2, 269.03, 269.108, 0.078, 156,     0.812,
 1694, 0, 268.087, 268.087, 268.151, 0.065, 129, 268.151, 269.086, 0.935, 1048, 2, 269.086, 269.108, 0.022, 44,     1.021,
 1695, 0, 268.099, 268.099, 268.109, 0.01, 10, 268.109, 269.05, 0.941, 1069, 2, 269.05, 269.166, 0.116, 232,     1.067,
 1698, 0, 268.38, 268.38, 268.501, 0.121, 242, 268.501, 269.299, 0.798, 1475, 2, 269.299, 269.332, 0.033, 66,     0.952,
 1696, 0, 268.25, 268.25, 268.25, 0, 13, 268.25, 269.423, 1.173, 1699, 2, 269.423, 269.433, 0.01, 4,     1.183,
 1699, 0, 268.465, 268.465, 268.514, 0.049, 77, 268.514, 269.436, 0.922, 1502, 2, 269.436, 269.476, 0.039, 85,     1.011,
 1684, 0, 267.023, 267.023, 267.131, 0.108, 216, 267.131, 268.056, 0.925, 1367, 2, 268.056, 269.583, 1.527, 3055,     2.560,
 1702, 0, 268.654, 268.654, 268.664, 0.01, 12, 268.664, 269.686, 1.022, 1449, 2, 269.686, 269.696, 0.01, 14,     1.042,
 1700, 0, 268.476, 268.476, 268.514, 0.037, 14, 268.514, 269.682, 1.169, 1209, 2, 269.682, 269.716, 0.034, 31,     1.240,
 1701, 0, 268.566, 268.566, 268.576, 0.01, 33, 268.576, 269.744, 1.168, 1715, 2, 269.744, 269.762, 0.018, 36,     1.196,
 1704, 0, 269.621, 269.621, 269.734, 0.113, 240, 269.734, 270.47, 0.736, 1471, 2, 270.47, 270.48, 0.01, 3,     0.859,
 1703, 0, 269.418, 269.418, 269.428, 0.01, 21, 269.428, 270.459, 1.031, 1143, 2, 270.459, 270.49, 0.031, 58,     1.072,
 1705, 0, 269.633, 269.633, 269.661, 0.027, 47, 269.661, 270.708, 1.048, 1814, 2, 270.708, 270.738, 0.029, 59,     1.104,
 1682, 0, 266.647, 266.647, 266.731, 0.084, 168, 266.731, 267.665, 0.934, 1826, 2, 267.665, 270.75, 3.085, 6171,     4.103,
 1710, 0, 269.86, 269.86, 270.042, 0.183, 385, 270.042, 270.759, 0.717, 1537, 2, 270.759, 270.759, 0, 15,     0.899,
 1709, 0, 269.75, 269.75, 269.782, 0.032, 3, 269.782, 270.719, 0.937, 1490, 2, 270.719, 270.796, 0.076, 153,     1.046,
 1708, 0, 269.692, 269.692, 269.762, 0.07, 29, 269.762, 270.958, 1.196, 1566, 2, 270.958, 270.968, 0.01, 9,     1.276,
 1707, 0, 269.651, 269.651, 269.748, 0.098, 14, 269.748, 271.019, 1.27, 1492, 2, 271.019, 271.068, 0.05, 99,     1.418,
 1712, 0, 269.977, 269.977, 270.11, 0.133, 105, 270.11, 271.208, 1.098, 1472, 2, 271.208, 271.221, 0.013, 26,     1.244,
 1706, 0, 269.639, 269.639, 270.572, 0.933, 1824, 270.572, 271.349, 0.777, 1707, 2, 271.349, 271.359, 0.01, 7,     1.720,
 1713, 0, 270.209, 270.209, 270.219, 0.01, 2, 270.219, 271.402, 1.183, 876, 2, 271.402, 271.434, 0.031, 63,     1.225,
 1714, 0, 270.362, 270.362, 270.488, 0.126, 244, 270.488, 271.458, 0.97, 1809, 2, 271.458, 271.468, 0.01, 19,     1.106,
 1715, 0, 270.372, 270.372, 270.508, 0.137, 24, 270.508, 271.692, 1.184, 1398, 2, 271.692, 271.728, 0.036, 64,     1.356,
 1711, 0, 269.951, 269.951, 270.056, 0.106, 5, 270.056, 270.769, 0.713, 1536, 2, 270.769, 271.793, 1.023, 2028,     1.842,
 1718, 0, 271.066, 271.066, 271.176, 0.11, 220, 271.176, 272.296, 1.12, 1501, 2, 272.296, 272.306, 0.01, 14,     1.240,
 1717, 0, 271.053, 271.053, 271.289, 0.236, 474, 271.289, 272.448, 1.159, 1455, 2, 272.448, 272.509, 0.061, 122,     1.457,
 1722, 0, 271.761, 271.761, 271.761, 0, 14, 271.761, 272.671, 0.909, 1548, 2, 272.671, 272.727, 0.056, 104,     0.965,
 1723, 0, 271.876, 271.876, 271.98, 0.104, 208, 271.98, 272.717, 0.737, 1865, 2, 272.717, 272.727, 0.01, 1,     0.851,
 1719, 0, 271.522, 271.522, 271.555, 0.034, 47, 271.555, 272.741, 1.186, 1719, 2, 272.741, 272.756, 0.014, 39,     1.234,
 1721, 0, 271.745, 271.745, 271.755, 0.01, 15, 271.755, 272.941, 1.186, 1722, 2, 272.941, 272.979, 0.038, 77,     1.235,
 1725, 0, 272.031, 272.031, 272.079, 0.048, 68, 272.079, 272.998, 0.919, 1525, 2, 272.998, 273.007, 0.01, 12,     0.977,
 1724, 0, 271.965, 271.965, 272.031, 0.065, 94, 272.031, 272.999, 0.969, 1738, 2, 272.999, 273.007, 0.008, 11,     1.042,
 1726, 0, 272.284, 272.284, 272.298, 0.014, 29, 272.298, 273.249, 0.951, 1841, 2, 273.249, 273.259, 0.01, 10,     0.975,
 1727, 0, 272.566, 272.566, 272.58, 0.014, 28, 272.58, 273.498, 0.918, 1520, 2, 273.498, 273.557, 0.058, 117,     0.990,
 1720, 0, 271.555, 271.555, 272.203, 0.647, 1281, 272.203, 273.575, 1.372, 1728, 2, 273.575, 273.614, 0.039, 79,     2.059,
 1728, 0, 272.718, 272.718, 272.738, 0.02, 25, 272.738, 273.748, 1.01, 1258, 2, 273.748, 273.764, 0.016, 32,     1.046,
 1732, 0, 273.11, 273.11, 273.134, 0.024, 48, 273.134, 273.852, 0.718, 2016, 2, 273.852, 273.862, 0.01, 8,     0.752,
 1731, 0, 272.908, 272.908, 273.048, 0.14, 258, 273.048, 273.998, 0.95, 1603, 2, 273.998, 274.042, 0.045, 89,     1.134,
 1730, 0, 272.747, 272.747, 272.747, 0, 11, 272.747, 274.102, 1.355, 1479, 2, 274.102, 274.207, 0.105, 210,     1.460,
 1735, 0, 273.35, 273.35, 273.459, 0.109, 3, 273.459, 274.375, 0.916, 1878, 2, 274.375, 274.385, 0.01, 1,     1.035,
 1736, 0, 273.581, 273.581, 273.657, 0.075, 151, 273.657, 274.625, 0.968, 1544, 2, 274.625, 274.717, 0.092, 150,     1.136,
 1734, 0, 273.3, 273.3, 273.442, 0.142, 11, 273.442, 274.723, 1.282, 1303, 2, 274.723, 274.723, 0, 8,     1.423,
 1739, 0, 274.041, 274.041, 274.106, 0.065, 128, 274.106, 274.818, 0.713, 1346, 2, 274.818, 274.893, 0.075, 168,     0.852,
 1740, 0, 274.096, 274.096, 274.207, 0.111, 203, 274.207, 275.157, 0.95, 1651, 2, 275.157, 275.185, 0.028, 57,     1.090,
 1737, 0, 273.828, 273.828, 273.956, 0.128, 257, 273.956, 275.136, 1.18, 1407, 2, 275.136, 275.205, 0.069, 114,     1.377,
 1741, 0, 274.14, 274.14, 274.228, 0.088, 37, 274.228, 275.158, 0.93, 1727, 2, 275.158, 275.205, 0.047, 64,     1.065,
 1742, 0, 274.189, 274.189, 274.246, 0.057, 36, 274.246, 275.439, 1.193, 1673, 2, 275.439, 275.531, 0.092, 184,     1.342,
 1733, 0, 273.195, 273.195, 273.422, 0.227, 454, 273.422, 274.595, 1.174, 1551, 2, 274.595, 275.606, 1.01, 2021,     2.411,
 1745, 0, 274.526, 274.526, 274.867, 0.341, 6, 274.867, 275.668, 0.801, 1487, 2, 275.668, 275.817, 0.148, 297,     1.291,
 1746, 0, 274.709, 274.709, 274.881, 0.172, 3, 274.881, 275.606, 0.725, 802, 2, 275.606, 276.029, 0.423, 841,     1.320,
 1744, 0, 274.228, 274.228, 274.847, 0.619, 28, 274.847, 276.023, 1.176, 1358, 2, 276.023, 276.057, 0.034, 77,     1.829,
 1747, 0, 274.724, 274.724, 274.944, 0.221, 127, 274.944, 275.995, 1.05, 1324, 2, 275.995, 276.077, 0.083, 159,     1.354,
 1738, 0, 273.911, 273.911, 273.988, 0.077, 28, 273.988, 274.908, 0.921, 1821, 2, 274.908, 276.143, 1.234, 2471,     2.232,
 1716, 0, 270.431, 270.431, 270.548, 0.117, 73, 270.548, 271.517, 0.969, 1349, 2, 271.517, 276.168, 4.651, 9303,     5.738,
 1750, 0, 275.389, 275.389, 275.399, 0.01, 1, 275.399, 276.318, 0.919, 1567, 2, 276.318, 276.339, 0.021, 42,     0.950,
 1751, 0, 275.474, 275.474, 275.483, 0.01, 18, 275.483, 276.281, 0.797, 1467, 2, 276.281, 276.494, 0.213, 426,     1.020,
 1743, 0, 274.207, 274.207, 275.106, 0.899, 1709, 275.106, 276.53, 1.424, 1689, 2, 276.53, 276.562, 0.031, 63,     2.355,
 1753, 0, 275.548, 275.548, 275.599, 0.051, 19, 275.599, 276.568, 0.969, 1698, 2, 276.568, 276.568, 0, 6,     1.020,
 1752, 0, 275.516, 275.516, 275.646, 0.13, 256, 275.646, 276.78, 1.134, 1740, 2, 276.78, 276.796, 0.015, 31,     1.280,
 1749, 0, 275.376, 275.376, 275.579, 0.203, 383, 275.579, 276.95, 1.371, 1098, 2, 276.95, 276.966, 0.016, 32,     1.590,
 1754, 0, 275.751, 275.751, 275.764, 0.014, 31, 275.764, 276.829, 1.064, 1593, 2, 276.829, 276.994, 0.165, 330,     1.243,
 1748, 0, 275.329, 275.329, 275.34, 0.01, 21, 275.34, 276.701, 1.361, 809, 2, 276.701, 277.082, 0.381, 762,     1.752,
 1755, 0, 275.773, 275.773, 275.792, 0.019, 46, 275.792, 277.033, 1.241, 1045, 2, 277.033, 277.106, 0.074, 137,     1.334,
 1756, 0, 276.086, 276.086, 276.175, 0.09, 174, 276.175, 277.199, 1.024, 1630, 2, 277.199, 277.281, 0.081, 157,     1.195,
 1757, 0, 276.331, 276.331, 276.352, 0.021, 41, 276.352, 277.271, 0.919, 1540, 2, 277.271, 277.319, 0.048, 96,     0.988,
 1759, 0, 276.745, 276.745, 276.802, 0.056, 116, 276.802, 277.721, 0.919, 1184, 2, 277.721, 277.738, 0.017, 46,     0.993,
 1758, 0, 276.529, 276.529, 276.539, 0.01, 7, 276.539, 277.709, 1.17, 1542, 2, 277.709, 277.745, 0.036, 76,     1.216,
 1729, 0, 272.728, 272.728, 274.827, 2.098, 4170, 274.827, 275.745, 0.918, 1236, 2, 275.745, 277.974, 2.229, 4447,     5.246,
 1760, 0, 276.774, 276.774, 276.802, 0.028, 59, 276.802, 277.966, 1.164, 1341, 2, 277.966, 277.974, 0.009, 16,     1.201,
 1761, 0, 276.808, 276.808, 276.812, 0.004, 14, 276.812, 277.981, 1.17, 1692, 2, 277.981, 278.009, 0.027, 69,     1.201,
 1763, 0, 277.267, 277.267, 277.277, 0.01, 16, 277.277, 278.23, 0.953, 1190, 2, 278.23, 278.304, 0.073, 147,     1.036,
 1766, 0, 277.368, 277.368, 277.385, 0.017, 33, 277.385, 278.48, 1.095, 2003, 2, 278.48, 278.512, 0.032, 64,     1.144,
 1762, 0, 277.089, 277.089, 277.099, 0.01, 10, 277.099, 278.481, 1.383, 1686, 2, 278.481, 278.567, 0.086, 173,     1.478,
 1768, 0, 277.454, 277.454, 277.464, 0.01, 13, 277.464, 278.204, 0.74, 2166, 2, 278.204, 278.579, 0.375, 751,     1.125,
 1765, 0, 277.316, 277.316, 277.368, 0.052, 92, 277.368, 278.655, 1.286, 1769, 2, 278.655, 278.665, 0.01, 10,     1.348,
 1769, 0, 277.48, 277.48, 277.524, 0.045, 89, 277.524, 278.713, 1.188, 1220, 2, 278.713, 278.723, 0.01, 16,     1.243,
 1770, 0, 277.539, 277.539, 277.725, 0.185, 381, 277.725, 278.73, 1.006, 1200, 2, 278.73, 278.743, 0.012, 29,     1.204,
 1764, 0, 277.289, 277.289, 277.299, 0.01, 4, 277.299, 278.731, 1.432, 1638, 2, 278.731, 278.774, 0.043, 88,     1.485,
 1767, 0, 277.414, 277.414, 277.443, 0.029, 72, 277.443, 278.224, 0.781, 1624, 2, 278.224, 278.952, 0.728, 1459,     1.538,
 1772, 0, 278.196, 278.196, 278.226, 0.031, 36, 278.226, 278.942, 0.716, 1497, 2, 278.942, 278.978, 0.036, 72,     0.782,
 1771, 0, 278.148, 278.148, 278.178, 0.03, 26, 278.178, 278.986, 0.808, 1714, 2, 278.986, 279.063, 0.077, 171,     0.915,
 1773, 0, 278.567, 278.567, 278.615, 0.048, 95, 278.615, 279.533, 0.918, 1145, 2, 279.533, 279.546, 0.013, 34,     0.979,
 1776, 0, 278.761, 278.761, 278.808, 0.048, 69, 278.808, 279.529, 0.721, 1664, 2, 279.529, 279.566, 0.037, 44,     0.805,
 1775, 0, 278.712, 278.712, 278.722, 0.01, 2, 278.722, 279.446, 0.724, 1109, 2, 279.446, 279.611, 0.165, 331,     0.899,
 1778, 0, 279, 279, 279.054, 0.054, 96, 279.054, 279.972, 0.918, 1997, 2, 279.972, 280.093, 0.121, 242,     1.093,
 1774, 0, 278.654, 278.654, 278.712, 0.058, 94, 278.712, 280.027, 1.315, 1451, 2, 280.027, 280.208, 0.18, 361,     1.553,
 1779, 0, 279.077, 279.077, 279.131, 0.054, 110, 279.131, 280.236, 1.105, 1553, 2, 280.236, 280.287, 0.051, 101,     1.210,
 1777, 0, 278.969, 278.969, 279.381, 0.412, 800, 279.381, 280.277, 0.896, 1680, 2, 280.277, 280.297, 0.02, 29,     1.328,
 1780, 0, 279.185, 279.185, 279.221, 0.036, 72, 279.221, 280.545, 1.324, 1259, 2, 280.545, 280.555, 0.01, 4,     1.370,
 1781, 0, 279.262, 279.262, 279.361, 0.099, 198, 279.361, 280.486, 1.125, 1563, 2, 280.486, 280.571, 0.085, 170,     1.308,
 1784, 0, 279.624, 279.624, 279.735, 0.111, 218, 279.735, 280.545, 0.81, 1956, 2, 280.545, 280.571, 0.026, 34,     0.947,
 1785, 0, 279.644, 279.644, 279.654, 0.01, 15, 279.654, 280.47, 0.815, 1132, 2, 280.47, 280.608, 0.138, 238,     0.964,
 1783, 0, 279.574, 279.574, 279.621, 0.047, 78, 279.621, 280.738, 1.117, 1440, 2, 280.738, 280.783, 0.045, 90,     1.209,
 1782, 0, 279.551, 279.551, 279.632, 0.081, 162, 279.632, 280.812, 1.18, 1582, 2, 280.812, 280.837, 0.025, 50,     1.286,
 1786, 0, 280.059, 280.059, 280.069, 0.01, 2, 280.069, 280.988, 0.919, 1207, 2, 280.988, 281.001, 0.014, 27,     0.942,
 1789, 0, 280.541, 280.541, 280.571, 0.03, 64, 280.571, 281.49, 0.919, 1644, 2, 281.49, 281.514, 0.024, 31,     0.974,
 1791, 0, 280.613, 280.613, 280.751, 0.138, 272, 280.751, 281.504, 0.753, 1206, 2, 281.504, 281.514, 0.01, 8,     0.901,
 1787, 0, 280.163, 280.163, 280.411, 0.247, 495, 280.411, 281.583, 1.172, 1470, 2, 281.583, 281.593, 0.01, 10,     1.430,
 1790, 0, 280.551, 280.551, 280.584, 0.033, 9, 280.584, 281.833, 1.249, 1476, 2, 281.833, 281.864, 0.031, 62,     1.313,
 1797, 0, 281.796, 281.796, 281.847, 0.052, 45, 281.847, 282.701, 0.854, 1594, 2, 282.701, 282.748, 0.047, 94,     0.952,
 1792, 0, 281.052, 281.052, 281.716, 0.664, 1328, 281.716, 282.633, 0.918, 1428, 2, 282.633, 282.855, 0.222, 444,     1.803,
 1794, 0, 281.132, 281.132, 281.77, 0.638, 50, 281.77, 282.883, 1.114, 1892, 2, 282.883, 282.931, 0.048, 96,     1.800,
 1796, 0, 281.23, 281.23, 281.822, 0.591, 76, 281.822, 283.133, 1.311, 1627, 2, 283.133, 283.145, 0.012, 25,     1.915,
 1793, 0, 281.086, 281.086, 281.736, 0.65, 20, 281.736, 282.95, 1.215, 1369, 2, 282.95, 283.176, 0.226, 452,     2.091,
 1795, 0, 281.211, 281.211, 281.784, 0.573, 14, 281.784, 283.206, 1.422, 1808, 2, 283.206, 283.222, 0.017, 33,     2.012,
 1799, 0, 281.865, 281.865, 281.865, 0, 7, 281.865, 283.333, 1.468, 1866, 2, 283.333, 283.353, 0.019, 39,     1.488,
 1800, 0, 282.288, 282.288, 282.35, 0.061, 107, 282.35, 283.383, 1.033, 1158, 2, 283.383, 283.393, 0.01, 3,     1.104,
 1798, 0, 281.837, 281.837, 281.857, 0.02, 10, 281.857, 283.431, 1.574, 2171, 2, 283.431, 283.441, 0.01, 8,     1.604,
 1801, 0, 282.374, 282.374, 282.404, 0.03, 60, 282.404, 283.455, 1.051, 2004, 2, 283.455, 283.658, 0.203, 399,     1.284,
 1802, 0, 282.44, 282.44, 282.503, 0.062, 98, 282.503, 283.632, 1.13, 1526, 2, 283.632, 283.658, 0.026, 43,     1.218,
 1806, 0, 282.688, 282.688, 284.494, 1.806, 37, 284.494, 285.212, 0.718, 1173, 2, 285.212, 285.228, 0.016, 32,     2.540,
 1805, 0, 282.564, 282.564, 284.461, 1.897, 18, 284.461, 285.195, 0.734, 1262, 2, 285.195, 285.268, 0.073, 147,     2.705,
 1803, 0, 282.503, 282.503, 284.389, 1.886, 3773, 284.389, 285.306, 0.917, 1484, 2, 285.306, 285.472, 0.166, 332,     2.969,
 1807, 0, 282.736, 282.736, 284.508, 1.772, 1, 284.508, 285.555, 1.047, 2195, 2, 285.555, 285.568, 0.013, 26,     2.832,
 1808, 0, 283.047, 283.047, 284.522, 1.475, 25, 284.522, 285.854, 1.332, 1172, 2, 285.854, 285.895, 0.041, 81,     2.848,
 1811, 0, 283.332, 283.332, 285, 1.667, 5, 285, 286.168, 1.169, 1710, 2, 286.168, 286.198, 0.03, 43,     2.866,
 1788, 0, 280.313, 280.313, 285.377, 5.064, 10146, 285.377, 286.439, 1.063, 1262, 2, 286.439, 286.5, 0.061, 122,     6.187,
 1814, 0, 284.306, 284.306, 285.523, 1.217, 253, 285.523, 286.542, 1.019, 1449, 2, 286.542, 286.542, 0, 4,     2.236,
 1813, 0, 283.447, 283.447, 285.397, 1.949, 2, 285.397, 286.667, 1.27, 1509, 2, 286.667, 286.677, 0.01, 11,     3.229,
 1815, 0, 284.663, 284.663, 285.579, 0.916, 113, 285.579, 286.688, 1.109, 2253, 2, 286.688, 286.705, 0.017, 33,     2.042,
 1818, 0, 284.855, 284.855, 285.748, 0.894, 148, 285.748, 286.791, 1.043, 1411, 2, 286.791, 286.82, 0.028, 57,     1.965,
 1816, 0, 284.801, 284.801, 285.633, 0.832, 105, 285.633, 286.916, 1.283, 1991, 2, 286.916, 286.926, 0.01, 15,     2.125,
 1819, 0, 284.902, 284.902, 285.829, 0.926, 161, 285.829, 286.938, 1.109, 1696, 2, 286.938, 286.976, 0.038, 77,     2.074,
 1828, 0, 285.962, 285.962, 286.197, 0.235, 9, 286.197, 287.051, 0.854, 2179, 2, 287.051, 287.085, 0.034, 39,     1.123,
 1817, 0, 284.833, 284.833, 285.664, 0.831, 37, 285.664, 286.45, 0.786, 1140, 2, 286.45, 287.125, 0.675, 1348,     2.292,
 1820, 0, 284.958, 284.958, 286.079, 1.121, 473, 286.079, 287.041, 0.961, 1249, 2, 287.041, 287.125, 0.084, 132,     2.167,
 1825, 0, 285.354, 285.354, 286.124, 0.77, 8, 286.124, 287.165, 1.041, 1889, 2, 287.165, 287.187, 0.022, 43,     1.833,
 1810, 0, 283.282, 283.282, 284.991, 1.709, 766, 284.991, 285.908, 0.917, 1209, 2, 285.908, 287.197, 1.289, 2576,     3.915,
 1822, 0, 285.063, 285.063, 286.079, 1.016, 14, 286.079, 286.802, 0.722, 1207, 2, 286.802, 287.223, 0.421, 843,     2.160,
 1823, 0, 285.112, 285.112, 286.11, 0.998, 61, 286.11, 287.187, 1.077, 1645, 2, 287.187, 287.32, 0.133, 256,     2.208,
 1821, 0, 285, 285, 286.06, 1.06, 86, 286.06, 287.3, 1.241, 1462, 2, 287.3, 287.32, 0.02, 36,     2.321,
 1829, 0, 286.043, 286.043, 286.397, 0.354, 402, 286.397, 287.417, 1.02, 1208, 2, 287.417, 287.427, 0.01, 10,     1.384,
 1826, 0, 285.748, 285.748, 286.264, 0.515, 279, 286.264, 287.452, 1.188, 1258, 2, 287.452, 287.462, 0.01, 16,     1.713,
 1809, 0, 283.067, 283.067, 284.59, 1.523, 136, 284.59, 286.04, 1.449, 1739, 2, 286.04, 287.499, 1.459, 2919,     4.431,
 1812, 0, 283.409, 283.409, 286.017, 2.607, 2034, 286.017, 287.667, 1.65, 1571, 2, 287.667, 287.677, 0.01, 15,     4.267,
 1827, 0, 285.88, 285.88, 286.177, 0.296, 3, 286.177, 287.59, 1.413, 1307, 2, 287.59, 287.791, 0.201, 403,     1.910,
 1833, 0, 286.885, 286.885, 286.941, 0.055, 81, 286.941, 287.839, 0.898, 1484, 2, 287.839, 287.926, 0.087, 175,     1.041,
 1836, 0, 287.055, 287.055, 287.059, 0.004, 18, 287.059, 287.916, 0.857, 1820, 2, 287.916, 287.936, 0.02, 36,     0.881,
 1830, 0, 286.589, 286.589, 286.599, 0.01, 1, 286.599, 287.701, 1.102, 1501, 2, 287.701, 288.083, 0.382, 764,     1.494,
 1831, 0, 286.76, 286.76, 286.76, 0, 8, 286.76, 288.174, 1.414, 1274, 2, 288.174, 288.188, 0.014, 28,     1.428,
 1832, 0, 286.87, 286.87, 286.975, 0.105, 189, 286.975, 288.142, 1.167, 1633, 2, 288.142, 288.224, 0.082, 165,     1.354,
 1835, 0, 287.039, 287.039, 287.049, 0.01, 18, 287.049, 287.985, 0.935, 1277, 2, 287.985, 288.259, 0.274, 549,     1.220,
 1804, 0, 282.525, 282.525, 284.441, 1.916, 104, 284.441, 285.605, 1.164, 1373, 2, 285.605, 288.401, 2.796, 5580,     5.877,
 1838, 0, 287.545, 287.545, 287.554, 0.009, 5, 287.554, 288.361, 0.807, 1629, 2, 288.361, 288.423, 0.062, 124,     0.878,
 1824, 0, 285.321, 285.321, 286.16, 0.838, 132, 286.16, 287.816, 1.656, 1576, 2, 287.816, 288.477, 0.661, 1323,     3.156,
 1837, 0, 287.407, 287.407, 287.453, 0.046, 89, 287.453, 288.631, 1.178, 1618, 2, 288.631, 288.846, 0.216, 422,     1.439,
 1841, 0, 287.651, 287.651, 287.665, 0.014, 28, 287.665, 288.836, 1.171, 1394, 2, 288.836, 288.846, 0.01, 14,     1.195,
 1840, 0, 287.612, 287.612, 287.625, 0.013, 32, 287.625, 288.886, 1.262, 939, 2, 288.886, 288.896, 0.01, 14,     1.285,
 1834, 0, 287.014, 287.014, 287.22, 0.207, 401, 287.22, 288.241, 1.021, 1469, 2, 288.241, 288.907, 0.666, 1332,     1.893,
 1839, 0, 287.565, 287.565, 287.565, 0, 1, 287.565, 288.491, 0.927, 1538, 2, 288.491, 288.913, 0.422, 842,     1.349,
 1842, 0, 288.166, 288.166, 288.185, 0.019, 38, 288.185, 289.103, 0.918, 1630, 2, 289.103, 289.321, 0.217, 407,     1.154,
 1843, 0, 288.5, 288.5, 288.527, 0.027, 55, 288.527, 289.447, 0.92, 1451, 2, 289.447, 289.457, 0.01, 3,     0.958,
 1844, 0, 288.909, 288.909, 288.916, 0.007, 4, 288.916, 289.835, 0.918, 1353, 2, 289.835, 289.887, 0.053, 105,     0.978,
 1846, 0, 288.957, 288.957, 288.979, 0.022, 49, 288.979, 290.151, 1.172, 1334, 2, 290.151, 290.161, 0.01, 14,     1.204,
 1848, 0, 289.191, 289.191, 289.201, 0.01, 6, 289.201, 290.121, 0.92, 1388, 2, 290.121, 290.183, 0.062, 124,     0.992,
 1849, 0, 289.296, 289.296, 289.48, 0.183, 367, 289.48, 290.409, 0.929, 2002, 2, 290.409, 290.44, 0.031, 63,     1.144,
 1845, 0, 288.916, 288.916, 289.081, 0.164, 344, 289.081, 290.491, 1.41, 1140, 2, 290.491, 290.501, 0.01, 12,     1.584,
 1850, 0, 289.606, 289.606, 289.616, 0.01, 19, 289.616, 290.534, 0.918, 1751, 2, 290.534, 290.544, 0.01, 24,     0.938,
 1852, 0, 289.787, 289.787, 289.797, 0.01, 14, 289.797, 290.525, 0.728, 1384, 2, 290.525, 290.561, 0.036, 72,     0.774,
 1853, 0, 289.916, 289.916, 289.955, 0.039, 91, 289.955, 290.756, 0.801, 1678, 2, 290.756, 290.766, 0.01, 7,     0.850,
 1851, 0, 289.66, 289.66, 289.685, 0.024, 49, 289.685, 290.865, 1.18, 1345, 2, 290.865, 290.875, 0.01, 30,     1.215,
 1854, 0, 289.988, 289.988, 290.018, 0.029, 65, 290.018, 290.937, 0.919, 1498, 2, 290.937, 291.007, 0.07, 141,     1.019,
 1855, 0, 290.065, 290.065, 290.131, 0.066, 146, 290.131, 291.309, 1.179, 1658, 2, 291.309, 291.465, 0.156, 312,     1.400,
 1857, 0, 290.624, 290.624, 290.648, 0.024, 30, 290.648, 291.564, 0.916, 1227, 2, 291.564, 291.574, 0.01, 21,     0.950,
 1856, 0, 290.092, 290.092, 290.25, 0.158, 231, 290.25, 291.674, 1.424, 1494, 2, 291.674, 291.709, 0.035, 44,     1.617,
 1860, 0, 291.302, 291.302, 291.323, 0.021, 26, 291.323, 292.083, 0.759, 1432, 2, 292.083, 292.094, 0.011, 22,     0.792,
 1858, 0, 290.977, 290.977, 291.22, 0.243, 486, 291.22, 292.138, 0.918, 1588, 2, 292.138, 292.157, 0.019, 38,     1.180,
 1859, 0, 291.267, 291.267, 291.277, 0.01, 5, 291.277, 292.388, 1.11, 1263, 2, 292.388, 292.502, 0.114, 229,     1.235,
 1847, 0, 289.141, 289.141, 291.872, 2.731, 5467, 291.872, 292.79, 0.919, 1209, 2, 292.79, 292.8, 0.01, 19,     3.660,
 1865, 0, 292.214, 292.214, 292.224, 0.01, 17, 292.224, 292.949, 0.725, 1964, 2, 292.949, 292.959, 0.01, 1,     0.745,
 1861, 0, 291.862, 291.862, 291.872, 0.01, 9, 291.872, 293.044, 1.173, 1673, 2, 293.044, 293.044, 0, 10,     1.183,
 1864, 0, 292.122, 292.122, 292.18, 0.058, 115, 292.18, 292.994, 0.815, 1416, 2, 292.994, 293.066, 0.071, 143,     0.944,
 1863, 0, 292.013, 292.013, 292.058, 0.045, 103, 292.058, 293.04, 0.982, 1132, 2, 293.04, 293.147, 0.108, 215,     1.134,
 1866, 0, 292.303, 292.303, 292.303, 0, 1, 292.303, 293.29, 0.987, 1561, 2, 293.29, 293.29, 0, 14,     0.987,
 1862, 0, 291.985, 291.985, 292.076, 0.091, 182, 292.076, 293.294, 1.218, 1854, 2, 293.294, 293.632, 0.338, 677,     1.647,
 1867, 0, 292.408, 292.408, 292.473, 0.064, 107, 292.473, 293.638, 1.166, 864, 2, 293.638, 293.648, 0.01, 14,     1.240,
 1868, 0, 292.861, 292.861, 292.922, 0.062, 110, 292.922, 293.843, 0.921, 1072, 2, 293.843, 293.874, 0.031, 55,     1.013,
 1869, 0, 292.892, 292.892, 293.003, 0.111, 223, 293.003, 293.888, 0.885, 1196, 2, 293.888, 293.898, 0.01, 9,     1.006,
 1870, 0, 293.1, 293.1, 293.297, 0.197, 395, 293.297, 294.216, 0.919, 738, 2, 294.216, 294.234, 0.019, 37,     1.135,
 1873, 0, 293.653, 293.653, 293.663, 0.01, 18, 293.663, 294.402, 0.739, 836, 2, 294.402, 294.488, 0.086, 172,     0.835,
 1876, 0, 294.035, 294.035, 294.045, 0.01, 16, 294.045, 294.761, 0.716, 675, 2, 294.761, 294.823, 0.062, 124,     0.788,
 1874, 0, 293.853, 293.853, 294.004, 0.152, 288, 294.004, 294.922, 0.918, 1314, 2, 294.922, 295.125, 0.203, 407,     1.273,
 1878, 0, 294.187, 294.187, 294.202, 0.015, 36, 294.202, 294.998, 0.796, 1936, 2, 294.998, 295.151, 0.153, 306,     0.964,
 1880, 0, 294.37, 294.37, 294.38, 0.01, 3, 294.38, 295.091, 0.711, 1299, 2, 295.091, 295.198, 0.107, 214,     0.828,
 1875, 0, 293.875, 293.875, 294.024, 0.149, 17, 294.024, 295.256, 1.232, 1425, 2, 295.256, 295.266, 0.01, 12,     1.391,
 1882, 0, 294.469, 294.469, 294.647, 0.178, 356, 294.647, 295.363, 0.716, 1750, 2, 295.363, 295.373, 0.01, 5,     0.904,
 1879, 0, 294.298, 294.298, 294.437, 0.138, 261, 294.437, 295.421, 0.984, 2014, 2, 295.421, 295.431, 0.01, 13,     1.133,
 1877, 0, 294.121, 294.121, 294.131, 0.01, 16, 294.131, 295.389, 1.258, 1759, 2, 295.389, 295.492, 0.103, 207,     1.371,
 1872, 0, 293.496, 293.496, 294.185, 0.689, 1378, 294.185, 295.172, 0.987, 1634, 2, 295.172, 295.617, 0.446, 892,     2.122,
 1881, 0, 294.437, 294.437, 294.459, 0.022, 25, 294.459, 295.638, 1.179, 1676, 2, 295.638, 295.752, 0.115, 229,     1.316,
 1885, 0, 295.32, 295.32, 295.33, 0.01, 5, 295.33, 296.052, 0.722, 1188, 2, 296.052, 296.062, 0.01, 13,     0.742,
 1883, 0, 295.081, 295.081, 295.148, 0.066, 113, 295.148, 296.066, 0.919, 1131, 2, 296.066, 296.076, 0.01, 23,     0.995,
 1886, 0, 295.508, 295.508, 295.546, 0.038, 59, 295.546, 296.465, 0.918, 1344, 2, 296.465, 296.494, 0.029, 59,     0.986,
 1888, 0, 295.623, 295.623, 295.655, 0.031, 51, 295.655, 296.626, 0.972, 1460, 2, 296.626, 296.839, 0.213, 426,     1.216,
 1884, 0, 295.16, 295.16, 295.201, 0.041, 82, 295.201, 296.875, 1.675, 1648, 2, 296.875, 296.909, 0.034, 67,     1.749,
 1890, 0, 296.046, 296.046, 296.057, 0.011, 22, 296.057, 296.978, 0.921, 1742, 2, 296.978, 297.001, 0.023, 46,     0.955,
 1889, 0, 295.711, 295.711, 295.711, 0, 3, 295.711, 297.125, 1.414, 1898, 2, 297.125, 297.375, 0.25, 498,     1.664,
 1891, 0, 296.591, 296.591, 296.701, 0.111, 240, 296.701, 297.617, 0.916, 1677, 2, 297.617, 297.638, 0.021, 49,     1.048,
 1894, 0, 296.716, 296.716, 296.736, 0.02, 50, 296.736, 297.867, 1.131, 1133, 2, 297.867, 297.877, 0.01, 8,     1.161,
 1892, 0, 296.64, 296.64, 296.711, 0.071, 154, 296.711, 297.892, 1.181, 1396, 2, 297.892, 297.902, 0.01, 8,     1.262,
 1897, 0, 297.091, 297.091, 297.101, 0.01, 12, 297.101, 297.911, 0.811, 1565, 2, 297.911, 298.151, 0.24, 485,     1.061,
 1895, 0, 296.899, 296.899, 296.988, 0.09, 166, 296.988, 298.117, 1.128, 1316, 2, 298.117, 298.151, 0.034, 67,     1.253,
 1893, 0, 296.702, 296.702, 296.748, 0.046, 94, 296.748, 298.141, 1.393, 1965, 2, 298.141, 298.171, 0.03, 45,     1.470,
 1871, 0, 293.475, 293.475, 293.566, 0.091, 182, 293.566, 294.749, 1.183, 1546, 2, 294.749, 298.431, 3.682, 7379,     4.956,
 1899, 0, 297.372, 297.372, 297.459, 0.087, 164, 297.459, 298.377, 0.918, 1418, 2, 298.377, 298.508, 0.131, 262,     1.136,
 1901, 0, 297.507, 297.507, 297.517, 0.01, 29, 297.517, 298.686, 1.168, 1464, 2, 298.686, 298.696, 0.01, 7,     1.188,
 1902, 0, 297.797, 297.797, 297.844, 0.046, 102, 297.844, 298.652, 0.808, 931, 2, 298.652, 298.706, 0.054, 101,     0.909,
 1887, 0, 295.591, 295.591, 295.655, 0.064, 134, 295.655, 296.728, 1.073, 1285, 2, 296.728, 298.765, 2.038, 4090,     3.174,
 1898, 0, 297.286, 297.286, 297.768, 0.482, 964, 297.768, 298.701, 0.933, 1506, 2, 298.701, 298.814, 0.113, 237,     1.528,
 1906, 0, 298.035, 298.035, 298.045, 0.01, 30, 298.045, 298.85, 0.805, 2010, 2, 298.85, 298.961, 0.111, 219,     0.926,
 1904, 0, 297.824, 297.824, 297.92, 0.097, 131, 297.92, 298.951, 1.03, 1679, 2, 298.951, 298.971, 0.02, 27,     1.147,
 1907, 0, 298.061, 298.061, 298.079, 0.018, 45, 298.079, 298.935, 0.856, 1825, 2, 298.935, 299.017, 0.082, 165,     0.956,
 1905, 0, 297.998, 297.998, 298.015, 0.017, 41, 298.015, 299.15, 1.135, 1802, 2, 299.15, 299.16, 0.01, 12,     1.162,
 1908, 0, 298.141, 298.141, 298.256, 0.114, 191, 298.256, 299.2, 0.944, 733, 2, 299.2, 299.229, 0.029, 67,     1.088,
 1903, 0, 297.817, 297.817, 297.92, 0.104, 200, 297.92, 299.196, 1.276, 1308, 2, 299.196, 299.327, 0.131, 263,     1.511,
 1910, 0, 298.567, 298.567, 298.567, 0, 4, 298.567, 299.41, 0.842, 1502, 2, 299.41, 299.42, 0.01, 2,     0.852,
 1909, 0, 298.171, 298.171, 298.195, 0.024, 68, 298.195, 299.508, 1.313, 1512, 2, 299.508, 299.518, 0.01, 10,     1.347,
 1911, 0, 298.599, 298.599, 298.609, 0.01, 13, 298.609, 299.543, 0.934, 1636, 2, 299.543, 299.594, 0.051, 102,     0.995,
 1900, 0, 297.471, 297.471, 297.491, 0.02, 40, 297.491, 298.901, 1.41, 1271, 2, 298.901, 299.694, 0.793, 1587,     2.223,
 1912, 0, 298.706, 298.706, 298.804, 0.098, 197, 298.804, 299.793, 0.989, 2077, 2, 299.793, 299.962, 0.17, 339,     1.256,
 1896, 0, 296.978, 296.978, 296.988, 0.01, 15, 296.988, 298.402, 1.414, 1376, 2, 298.402, 300.016, 1.614, 3229,     3.038,
 1916, 0, 299.324, 299.324, 299.324, 0, 7, 299.324, 300.044, 0.72, 1576, 2, 300.044, 300.088, 0.044, 92,     0.764,
 1914, 0, 299.069, 299.069, 299.287, 0.217, 421, 299.287, 300.206, 0.919, 1747, 2, 300.206, 300.217, 0.011, 22,     1.148,
 1919, 0, 299.553, 299.553, 299.574, 0.021, 52, 299.574, 300.304, 0.73, 1653, 2, 300.304, 300.337, 0.034, 67,     0.785,
 1917, 0, 299.416, 299.416, 299.49, 0.074, 111, 299.49, 300.466, 0.976, 1701, 2, 300.466, 300.476, 0.01, 8,     1.060,
 1913, 0, 298.997, 298.997, 299.121, 0.124, 260, 299.121, 300.304, 1.183, 1163, 2, 300.304, 300.701, 0.397, 794,     1.703,
 1921, 0, 299.6, 299.6, 299.753, 0.153, 304, 299.753, 300.568, 0.815, 2029, 2, 300.568, 300.773, 0.205, 410,     1.173,
 1924, 0, 299.9, 299.9, 299.91, 0.01, 15, 299.91, 300.748, 0.838, 1729, 2, 300.748, 300.83, 0.082, 155,     0.930,
 1918, 0, 299.494, 299.494, 299.506, 0.012, 32, 299.506, 300.82, 1.314, 1078, 2, 300.82, 300.848, 0.028, 49,     1.354,
 1915, 0, 299.084, 299.084, 299.169, 0.085, 57, 299.169, 300.499, 1.331, 1427, 2, 300.499, 300.884, 0.385, 770,     1.800,
 1923, 0, 299.703, 299.703, 299.723, 0.02, 21, 299.723, 300.716, 0.993, 1460, 2, 300.716, 300.904, 0.188, 352,     1.201,
 1922, 0, 299.683, 299.683, 299.693, 0.01, 6, 299.693, 301.164, 1.47, 2364, 2, 301.164, 301.216, 0.052, 97,     1.532,
 1930, 0, 300.327, 300.327, 300.479, 0.152, 25, 300.479, 301.206, 0.726, 1673, 2, 301.206, 301.216, 0.01, 10,     0.889,
 1920, 0, 299.579, 299.579, 299.586, 0.006, 23, 299.586, 301.251, 1.665, 1570, 2, 301.251, 301.472, 0.221, 443,     1.892,
 1926, 0, 300.116, 300.116, 300.311, 0.194, 374, 300.311, 301.5, 1.189, 1083, 2, 301.5, 301.51, 0.01, 9,     1.393,
 1928, 0, 300.239, 300.239, 300.396, 0.157, 172, 300.396, 301.315, 0.918, 1159, 2, 301.315, 301.59, 0.275, 550,     1.350,
 1931, 0, 300.358, 300.358, 300.565, 0.207, 171, 300.565, 301.5, 0.935, 682, 2, 301.5, 301.661, 0.161, 322,     1.303,
 1929, 0, 300.301, 300.301, 300.459, 0.159, 126, 300.459, 301.765, 1.305, 1425, 2, 301.765, 301.793, 0.028, 56,     1.492,
 1933, 0, 301.21, 301.21, 301.221, 0.011, 22, 301.221, 302.142, 0.921, 1357, 2, 302.142, 302.235, 0.093, 186,     1.025,
 1936, 0, 301.349, 301.349, 301.419, 0.07, 31, 301.419, 302.286, 0.867, 1355, 2, 302.286, 302.298, 0.012, 25,     0.950,
 1937, 0, 301.471, 301.471, 301.524, 0.053, 105, 301.524, 302.237, 0.713, 1379, 2, 302.237, 302.361, 0.125, 254,     0.890,
 1935, 0, 301.323, 301.323, 301.399, 0.076, 50, 301.399, 302.392, 0.993, 1151, 2, 302.392, 302.416, 0.024, 49,     1.093,
 1934, 0, 301.234, 301.234, 301.374, 0.139, 258, 301.374, 302.546, 1.172, 1338, 2, 302.546, 302.556, 0.01, 1,     1.322,
 1940, 0, 301.798, 301.798, 301.813, 0.014, 29, 301.813, 302.732, 0.919, 1407, 2, 302.732, 302.742, 0.01, 12,     0.943,
 1938, 0, 301.648, 301.648, 301.648, 0, 1, 301.648, 302.808, 1.159, 1331, 2, 302.808, 302.82, 0.012, 24,     1.171,
 1939, 0, 301.74, 301.74, 301.767, 0.026, 28, 301.767, 302.939, 1.173, 1171, 2, 302.939, 302.985, 0.046, 92,     1.245,
 1942, 0, 302.188, 302.188, 302.292, 0.104, 208, 302.292, 303.057, 0.765, 1447, 2, 303.057, 303.069, 0.012, 25,     0.881,
 1941, 0, 302.089, 302.089, 302.128, 0.039, 92, 302.128, 302.848, 0.719, 1360, 2, 302.848, 303.105, 0.257, 515,     1.016,
 1943, 0, 302.552, 302.552, 302.587, 0.035, 34, 302.587, 303.764, 1.177, 1646, 2, 303.764, 303.774, 0.01, 9,     1.222,
 1944, 0, 302.629, 302.629, 302.962, 0.332, 665, 302.962, 303.882, 0.92, 1896, 2, 303.882, 304.062, 0.181, 367,     1.433,
 1932, 0, 301.086, 301.086, 303.203, 2.117, 4206, 303.203, 304.138, 0.935, 1753, 2, 304.138, 304.148, 0.01, 17,     3.062,
 1946, 0, 303.336, 303.336, 303.459, 0.123, 246, 303.459, 304.387, 0.928, 1603, 2, 304.387, 304.5, 0.113, 238,     1.163,
 1947, 0, 303.378, 303.378, 303.562, 0.184, 193, 303.562, 304.734, 1.172, 1144, 2, 304.734, 304.744, 0.01, 20,     1.366,
 1950, 0, 303.774, 303.774, 303.774, 0, 1, 303.774, 304.763, 0.988, 1542, 2, 304.763, 304.773, 0.01, 1,     0.998,
 1948, 0, 303.427, 303.427, 303.632, 0.204, 126, 303.632, 304.824, 1.192, 2206, 2, 304.824, 304.834, 0.01, 3,     1.406,
 1949, 0, 303.687, 303.687, 303.709, 0.022, 51, 303.709, 304.929, 1.219, 1915, 2, 304.929, 304.939, 0.01, 1,     1.251,
 1953, 0, 304.022, 304.022, 304.393, 0.37, 119, 304.393, 305.107, 0.714, 1891, 2, 305.107, 305.117, 0.01, 2,     1.095,
 1945, 0, 302.66, 302.66, 304.333, 1.673, 2744, 304.333, 305.049, 0.716, 1359, 2, 305.049, 305.322, 0.272, 539,     2.661,
 1925, 0, 300.025, 300.025, 300.049, 0.025, 25, 300.049, 300.965, 0.916, 1738, 2, 300.965, 305.34, 4.374, 8749,     5.315,
 1951, 0, 303.892, 303.892, 303.904, 0.012, 24, 303.904, 304.904, 0.999, 1693, 2, 304.904, 305.479, 0.576, 1152,     1.587,
 1954, 0, 304.11, 304.11, 304.427, 0.317, 35, 304.427, 305.599, 1.173, 1469, 2, 305.599, 305.679, 0.08, 160,     1.569,
 1955, 0, 304.682, 304.682, 304.988, 0.306, 613, 304.988, 305.701, 0.714, 1458, 2, 305.701, 305.713, 0.012, 24,     1.032,
 1952, 0, 303.954, 303.954, 304.71, 0.757, 1514, 304.71, 305.63, 0.92, 1133, 2, 305.63, 305.733, 0.103, 170,     1.780,
 1956, 0, 304.756, 304.756, 305.078, 0.323, 646, 305.078, 305.849, 0.77, 1583, 2, 305.849, 305.859, 0.01, 16,     1.103,
 1957, 0, 304.818, 304.818, 305.153, 0.335, 312, 305.153, 306.074, 0.921, 1102, 2, 306.074, 306.096, 0.022, 43,     1.278,
 1959, 0, 305.468, 305.468, 305.478, 0.01, 25, 305.478, 306.21, 0.732, 1606, 2, 306.21, 306.329, 0.118, 237,     0.861,
 1961, 0, 305.903, 305.903, 305.939, 0.036, 69, 305.939, 307.008, 1.069, 1681, 2, 307.008, 307.03, 0.022, 42,     1.127,
 1962, 0, 306.077, 306.077, 306.077, 0, 4, 306.077, 307.343, 1.267, 1756, 2, 307.343, 307.353, 0.01, 19,     1.277,
 1960, 0, 305.586, 305.586, 306.138, 0.553, 1106, 306.138, 307.554, 1.416, 1600, 2, 307.554, 307.611, 0.057, 114,     2.026,
 1966, 0, 306.927, 306.927, 307.013, 0.087, 192, 307.013, 307.73, 0.717, 800, 2, 307.73, 307.746, 0.016, 32,     0.819,
 1971, 0, 307.252, 307.252, 307.279, 0.027, 39, 307.279, 308.006, 0.726, 1187, 2, 308.006, 308.016, 0.01, 3,     0.764,
 1967, 0, 307.078, 307.078, 307.088, 0.01, 33, 307.088, 308.053, 0.964, 1684, 2, 308.053, 308.247, 0.195, 390,     1.169,
 1964, 0, 306.824, 306.824, 306.981, 0.157, 315, 306.981, 308.255, 1.274, 1322, 2, 308.255, 308.255, 0, 14,     1.431,
 1969, 0, 307.166, 307.166, 307.205, 0.04, 78, 307.205, 308.302, 1.096, 964, 2, 308.302, 308.312, 0.01, 7,     1.146,
 1970, 0, 307.195, 307.195, 307.195, 0, 1, 307.195, 308.367, 1.171, 1392, 2, 308.367, 308.406, 0.039, 87,     1.211,
 1965, 0, 306.861, 306.861, 306.885, 0.024, 49, 306.885, 307.803, 0.918, 1276, 2, 307.803, 308.504, 0.701, 1402,     1.643,
 1963, 0, 306.27, 306.27, 306.303, 0.034, 77, 306.303, 307.02, 0.717, 1379, 2, 307.02, 308.532, 1.512, 3025,     2.262,
 1968, 0, 307.159, 307.159, 307.175, 0.017, 33, 307.175, 308.522, 1.347, 1825, 2, 308.522, 308.562, 0.039, 79,     1.403,
 1973, 0, 307.619, 307.619, 307.74, 0.121, 243, 307.74, 308.623, 0.882, 1815, 2, 308.623, 308.632, 0.01, 10,     1.013,
 1975, 0, 308.106, 308.106, 308.156, 0.05, 71, 308.156, 308.872, 0.716, 1878, 2, 308.872, 308.927, 0.055, 92,     0.822,
 1976, 0, 308.225, 308.225, 308.247, 0.022, 44, 308.247, 308.977, 0.73, 1626, 2, 308.977, 308.987, 0.01, 12,     0.762,
 1972, 0, 307.411, 307.411, 307.799, 0.388, 776, 307.799, 309.049, 1.25, 1588, 2, 309.049, 309.066, 0.017, 33,     1.655,
 1974, 0, 308.017, 308.017, 308.059, 0.042, 55, 308.059, 308.98, 0.921, 1508, 2, 308.98, 309.103, 0.123, 252,     1.086,
 1958, 0, 304.854, 304.854, 305.138, 0.284, 120, 305.138, 306.308, 1.169, 1415, 2, 306.308, 309.235, 2.928, 5856,     4.381,
 1980, 0, 308.712, 308.712, 308.754, 0.041, 83, 308.754, 309.683, 0.93, 1635, 2, 309.683, 309.703, 0.02, 40,     0.991,
 1978, 0, 308.527, 308.527, 308.537, 0.01, 3, 308.537, 309.707, 1.17, 900, 2, 309.707, 309.729, 0.022, 52,     1.203,
 1979, 0, 308.69, 308.69, 308.785, 0.095, 190, 308.785, 309.956, 1.172, 1758, 2, 309.956, 309.966, 0.01, 15,     1.276,
 1981, 0, 308.785, 308.785, 308.795, 0.01, 16, 308.795, 310.034, 1.24, 1686, 2, 310.034, 310.065, 0.03, 65,     1.280,
 1983, 0, 309.02, 309.02, 309.134, 0.113, 223, 309.134, 310.05, 0.916, 1345, 2, 310.05, 310.139, 0.089, 178,     1.119,
 1977, 0, 308.455, 308.455, 308.504, 0.049, 98, 308.504, 309.422, 0.918, 1476, 2, 309.422, 310.229, 0.807, 1615,     1.774,
 1986, 0, 309.197, 309.197, 309.216, 0.02, 10, 309.216, 310.206, 0.99, 1797, 2, 310.206, 310.294, 0.087, 168,     1.097,
 1927, 0, 300.204, 300.204, 300.826, 0.622, 1245, 300.826, 301.745, 0.919, 501, 2, 301.745, 310.345, 8.6, 17201,    10.141,
 1985, 0, 309.162, 309.162, 309.207, 0.045, 99, 309.207, 310.299, 1.093, 1520, 2, 310.299, 310.415, 0.116, 244,     1.254,
 1984, 0, 309.109, 309.109, 309.144, 0.034, 14, 309.144, 310.456, 1.312, 1416, 2, 310.456, 310.562, 0.106, 213,     1.453,
 1988, 0, 309.618, 309.618, 309.657, 0.039, 42, 309.657, 310.714, 1.056, 1782, 2, 310.714, 310.728, 0.014, 28,     1.110,
 1982, 0, 308.905, 308.905, 309.397, 0.492, 983, 309.397, 310.652, 1.255, 1912, 2, 310.652, 310.748, 0.096, 157,     1.843,
 1987, 0, 309.298, 309.298, 309.417, 0.119, 229, 309.417, 310.549, 1.132, 1830, 2, 310.549, 310.778, 0.229, 476,     1.480,
 1991, 0, 310.073, 310.073, 310.146, 0.073, 146, 310.146, 311.081, 0.935, 1522, 2, 311.081, 311.091, 0.01, 18,     1.018,
 1989, 0, 309.816, 309.816, 309.816, 0, 18, 309.816, 310.799, 0.982, 1058, 2, 310.799, 311.195, 0.396, 795,     1.378,
 1993, 0, 310.463, 310.463, 310.473, 0.009, 13, 310.473, 311.206, 0.734, 1139, 2, 311.206, 311.216, 0.01, 14,     0.753,
 1992, 0, 310.234, 310.234, 310.244, 0.01, 12, 310.244, 311.481, 1.237, 1104, 2, 311.481, 311.491, 0.01, 14,     1.257,
 1990, 0, 310.037, 310.037, 310.059, 0.021, 34, 310.059, 311.231, 1.173, 1618, 2, 311.231, 311.574, 0.343, 686,     1.537,
 1994, 0, 310.84, 310.84, 310.858, 0.018, 36, 310.858, 311.776, 0.918, 1148, 2, 311.776, 311.817, 0.041, 83,     0.978,
 1995, 0, 310.913, 310.913, 310.945, 0.032, 64, 310.945, 312.025, 1.08, 1871, 2, 312.025, 312.035, 0.01, 6,     1.122,
 1998, 0, 311.229, 311.229, 311.25, 0.021, 42, 311.25, 312.275, 1.025, 1132, 2, 312.275, 312.296, 0.021, 41,     1.066,
 1997, 0, 311.128, 311.128, 311.194, 0.066, 102, 311.194, 312.383, 1.189, 1163, 2, 312.383, 312.393, 0.01, 7,     1.265,
 1996, 0, 311.07, 311.07, 311.138, 0.068, 137, 311.138, 312.311, 1.173, 1423, 2, 312.311, 312.501, 0.19, 381,     1.431,
 2000, 0, 311.925, 311.925, 312.097, 0.172, 345, 312.097, 313.119, 1.021, 1359, 2, 313.119, 313.137, 0.019, 37,     1.212,
 1999, 0, 311.424, 311.424, 311.45, 0.026, 27, 311.45, 312.623, 1.172, 1268, 2, 312.623, 313.405, 0.783, 1566,     1.981,
 2003, 0, 312.303, 312.303, 312.566, 0.263, 83, 312.566, 313.484, 0.918, 1487, 2, 313.484, 313.517, 0.033, 46,     1.215,
 2005, 0, 312.817, 312.817, 312.827, 0.01, 7, 312.827, 313.562, 0.734, 1451, 2, 313.562, 313.625, 0.063, 126,     0.807,
 2006, 0, 312.95, 312.95, 312.96, 0.01, 16, 312.96, 313.878, 0.917, 1591, 2, 313.878, 313.918, 0.041, 89,     0.968,
 2004, 0, 312.576, 312.576, 312.586, 0.01, 7, 312.586, 313.947, 1.361, 1519, 2, 313.947, 313.957, 0.01, 14,     1.381,
 2008, 0, 313.122, 313.122, 313.196, 0.073, 133, 313.196, 314.128, 0.932, 1689, 2, 314.128, 314.175, 0.047, 104,     1.053,
 2001, 0, 311.967, 311.967, 312.522, 0.555, 1126, 312.522, 313.686, 1.164, 1584, 2, 313.686, 314.268, 0.582, 1165,     2.302,
 2007, 0, 313.06, 313.06, 313.091, 0.031, 63, 313.091, 314.273, 1.182, 1505, 2, 314.273, 314.303, 0.029, 69,     1.242,
 2010, 0, 313.651, 313.651, 313.686, 0.035, 70, 313.686, 314.604, 0.918, 1497, 2, 314.604, 314.615, 0.01, 21,     0.963,
 2009, 0, 313.186, 313.186, 313.206, 0.02, 7, 313.206, 314.523, 1.317, 1332, 2, 314.523, 314.651, 0.128, 257,     1.466,
 2012, 0, 313.951, 313.951, 313.961, 0.01, 10, 313.961, 315.134, 1.173, 1611, 2, 315.134, 315.144, 0.01, 15,     1.193,
 2014, 0, 314.297, 314.297, 314.49, 0.193, 147, 314.49, 315.319, 0.829, 1942, 2, 315.319, 315.329, 0.01, 14,     1.032,
 2013, 0, 314.012, 314.012, 314.416, 0.404, 809, 314.416, 315.336, 0.92, 1118, 2, 315.336, 315.336, 0, 1,     1.324,
 2011, 0, 313.809, 313.809, 313.898, 0.089, 177, 313.898, 315.07, 1.172, 1914, 2, 315.07, 315.516, 0.446, 892,     1.707,
 2015, 0, 314.51, 314.51, 315.851, 1.341, 2696, 315.851, 316.77, 0.918, 1165, 2, 316.77, 316.923, 0.154, 307,     2.413,
 2016, 0, 314.646, 314.646, 315.871, 1.226, 20, 315.871, 317.056, 1.184, 1881, 2, 317.056, 317.066, 0.01, 18,     2.420,
 2017, 0, 314.652, 314.652, 315.991, 1.339, 239, 315.991, 317.02, 1.029, 1296, 2, 317.02, 317.138, 0.118, 236,     2.486,
 2020, 0, 315.125, 315.125, 318.17, 3.044, 76, 318.17, 318.887, 0.717, 2162, 2, 318.887, 318.897, 0.01, 1,     3.771,
 2023, 0, 315.483, 315.483, 318.251, 2.769, 60, 318.251, 318.975, 0.724, 1677, 2, 318.975, 318.992, 0.017, 34,     3.510,
 2022, 0, 315.428, 315.428, 318.222, 2.793, 37, 318.222, 318.943, 0.722, 1594, 2, 318.943, 319.061, 0.117, 235,     3.632,
 2002, 0, 312.116, 312.116, 318.108, 5.992, 11985, 318.108, 319.065, 0.957, 1477, 2, 319.065, 319.099, 0.033, 76,     6.982,
 2021, 0, 315.411, 315.411, 318.203, 2.792, 67, 318.203, 319.317, 1.113, 1853, 2, 319.317, 319.383, 0.066, 131,     3.971,
 2019, 0, 314.974, 314.974, 318.128, 3.154, 38, 318.128, 319.467, 1.338, 1015, 2, 319.467, 319.487, 0.02, 40,     4.512,
 2029, 0, 316.537, 316.537, 318.702, 2.165, 4, 318.702, 319.419, 0.716, 1435, 2, 319.419, 319.564, 0.145, 303,     3.027,
 2026, 0, 316.082, 316.082, 318.628, 2.545, 593, 318.628, 319.566, 0.939, 1652, 2, 319.566, 319.566, 0, 2,     3.484,
 2024, 0, 315.553, 315.553, 318.305, 2.752, 70, 318.305, 319.668, 1.362, 1755, 2, 319.668, 319.682, 0.014, 29,     4.129,
 2028, 0, 316.52, 316.52, 318.691, 2.171, 92, 318.691, 319.743, 1.052, 1532, 2, 319.743, 319.753, 0.01, 20,     3.233,
 2027, 0, 316.284, 316.284, 318.646, 2.362, 4, 318.646, 319.828, 1.182, 1612, 2, 319.828, 319.886, 0.058, 108,     3.602,
 2025, 0, 315.672, 315.672, 318.325, 2.653, 19, 318.325, 319.876, 1.551, 569, 2, 319.876, 319.886, 0.01, 5,     4.214,
 2032, 0, 316.722, 316.722, 318.838, 2.116, 28, 318.838, 319.918, 1.081, 1017, 2, 319.918, 319.95, 0.032, 64,     3.228,
 2030, 0, 316.57, 316.57, 318.714, 2.145, 1, 318.714, 320.065, 1.35, 1229, 2, 320.065, 320.075, 0.01, 21,     3.506,
 2018, 0, 314.72, 314.72, 318.88, 4.16, 5763, 318.88, 320.14, 1.26, 1350, 2, 320.14, 320.189, 0.049, 95,     5.470,
 2033, 0, 317.164, 317.164, 319.107, 1.944, 540, 319.107, 320.179, 1.072, 1363, 2, 320.179, 320.199, 0.02, 22,     3.036,
 2039, 0, 318.16, 318.16, 319.166, 1.006, 8, 319.166, 320.077, 0.912, 1378, 2, 320.077, 320.223, 0.145, 296,     2.063,
 2034, 0, 317.2, 317.2, 318.956, 1.757, 144, 318.956, 320.314, 1.358, 1504, 2, 320.314, 320.324, 0.01, 3,     3.124,
 2031, 0, 316.656, 316.656, 318.818, 2.162, 189, 318.818, 320.33, 1.512, 1632, 2, 320.33, 320.33, 0, 6,     3.674,
 2037, 0, 318.024, 318.024, 319.121, 1.097, 4, 319.121, 320.39, 1.268, 1863, 2, 320.39, 320.4, 0.01, 25,     2.376,
 2045, 0, 319.056, 319.056, 319.284, 0.228, 15, 319.284, 320.511, 1.227, 1488, 2, 320.511, 320.521, 0.01, 9,     1.464,
 2038, 0, 318.045, 318.045, 319.152, 1.106, 49, 319.152, 320.564, 1.412, 1288, 2, 320.564, 320.597, 0.033, 53,     2.552,
 2044, 0, 318.87, 318.87, 319.27, 0.4, 20, 319.27, 320.587, 1.317, 1719, 2, 320.587, 320.597, 0.01, 3,     1.727,
 2042, 0, 318.256, 318.256, 319.246, 0.989, 96, 319.246, 320.652, 1.407, 1231, 2, 320.652, 320.664, 0.012, 23,     2.407,
 2036, 0, 317.61, 317.61, 319.198, 1.587, 360, 319.198, 320.692, 1.495, 1580, 2, 320.692, 320.726, 0.034, 68,     3.116,
 2043, 0, 318.397, 318.397, 319.26, 0.863, 1, 319.26, 320.814, 1.554, 1555, 2, 320.814, 320.903, 0.089, 179,     2.507,
 2035, 0, 317.502, 317.502, 319.01, 1.508, 97, 319.01, 320.836, 1.826, 1704, 2, 320.836, 320.913, 0.077, 148,     3.411,
 2040, 0, 318.222, 318.222, 319.178, 0.956, 1, 319.178, 321.025, 1.848, 1745, 2, 321.025, 321.06, 0.035, 70,     2.839,
 2047, 0, 319.478, 319.478, 319.49, 0.012, 23, 319.49, 321.063, 1.573, 1632, 2, 321.063, 321.077, 0.014, 34,     1.599,
 2050, 0, 319.667, 319.667, 319.697, 0.03, 12, 319.697, 321.086, 1.389, 1284, 2, 321.086, 321.102, 0.015, 50,     1.435,
 2051, 0, 320.027, 320.027, 320.169, 0.141, 264, 320.169, 321.191, 1.022, 1214, 2, 321.191, 321.223, 0.032, 64,     1.195,
 2046, 0, 319.26, 319.26, 319.332, 0.072, 74, 319.332, 320.941, 1.61, 1482, 2, 320.941, 321.284, 0.342, 685,     2.024,
 2048, 0, 319.554, 319.554, 319.677, 0.124, 244, 319.677, 321.344, 1.667, 987, 2, 321.344, 321.417, 0.073, 145,     1.863,
 2049, 0, 319.637, 319.637, 319.687, 0.05, 19, 319.687, 321.313, 1.625, 1064, 2, 321.313, 321.428, 0.115, 221,     1.791,
 2055, 0, 320.411, 320.411, 320.461, 0.05, 49, 320.461, 321.44, 0.979, 970, 2, 321.44, 321.45, 0.01, 8,     1.039,
 2054, 0, 320.387, 320.387, 320.431, 0.044, 11, 320.431, 321.537, 1.106, 1019, 2, 321.537, 321.548, 0.011, 22,     1.161,
 2053, 0, 320.079, 320.079, 320.421, 0.342, 2, 320.421, 321.594, 1.173, 1349, 2, 321.594, 321.66, 0.067, 133,     1.581,
 2052, 0, 320.075, 320.075, 320.672, 0.597, 996, 320.672, 321.812, 1.139, 1807, 2, 321.812, 321.927, 0.115, 229,     1.852,
 2058, 0, 321.062, 321.062, 321.072, 0.01, 2, 321.072, 322.061, 0.989, 1231, 2, 322.061, 322.117, 0.055, 111,     1.055,
 2056, 0, 320.748, 320.748, 320.758, 0.01, 20, 320.758, 321.942, 1.184, 1438, 2, 321.942, 322.215, 0.273, 522,     1.468,
 2061, 0, 321.646, 321.646, 321.687, 0.041, 82, 321.687, 322.403, 0.716, 1528, 2, 322.403, 322.413, 0.01, 6,     0.767,
 2060, 0, 321.558, 321.558, 321.597, 0.039, 56, 321.597, 322.509, 0.912, 1543, 2, 322.509, 322.519, 0.01, 1,     0.961,
 2059, 0, 321.389, 321.389, 321.389, 0, 7, 321.389, 322.653, 1.263, 1452, 2, 322.653, 322.663, 0.01, 14,     1.273,
 2062, 0, 321.691, 321.691, 321.745, 0.055, 117, 321.745, 322.917, 1.172, 1819, 2, 322.917, 322.944, 0.026, 66,     1.253,
 2041, 0, 318.23, 318.23, 320.411, 2.181, 2436, 320.411, 321.562, 1.151, 1939, 2, 321.562, 323.119, 1.557, 3115,     4.889,
 2065, 0, 321.959, 321.959, 322.752, 0.793, 28, 322.752, 323.492, 0.74, 1308, 2, 323.492, 323.502, 0.01, 13,     1.543,
 2064, 0, 321.929, 321.929, 322.781, 0.851, 347, 322.781, 323.512, 0.731, 1637, 2, 323.512, 323.611, 0.099, 198,     1.682,
 2063, 0, 321.764, 321.764, 322.596, 0.832, 1657, 322.596, 323.68, 1.083, 1378, 2, 323.68, 323.711, 0.031, 63,     1.947,
 2068, 0, 322.399, 322.399, 322.81, 0.411, 33, 322.81, 323.751, 0.941, 1221, 2, 323.751, 323.787, 0.036, 85,     1.388,
 2069, 0, 322.586, 322.586, 322.81, 0.224, 1, 322.81, 323.771, 0.961, 1207, 2, 323.771, 323.949, 0.178, 357,     1.363,
 2057, 0, 321.026, 321.026, 322.734, 1.708, 3416, 322.734, 323.914, 1.18, 1391, 2, 323.914, 323.969, 0.055, 71,     2.943,
 2066, 0, 322.019, 322.019, 322.781, 0.762, 37, 322.781, 323.929, 1.148, 1599, 2, 323.929, 323.989, 0.06, 88,     1.970,
 2071, 0, 322.781, 322.781, 322.801, 0.02, 28, 322.801, 323.934, 1.134, 1857, 2, 323.934, 324.095, 0.161, 333,     1.314,
 2075, 0, 323.144, 323.144, 323.284, 0.14, 280, 323.284, 324.168, 0.884, 1742, 2, 324.168, 324.188, 0.02, 36,     1.044,
 2074, 0, 323.102, 323.102, 323.113, 0.01, 21, 323.113, 324.428, 1.315, 2157, 2, 324.428, 324.438, 0.01, 14,     1.336,
 2072, 0, 322.81, 322.81, 322.821, 0.01, 20, 322.821, 324.68, 1.86, 2072, 2, 324.68, 324.69, 0.01, 17,     1.880,
 2070, 0, 322.742, 322.742, 322.821, 0.078, 13, 322.821, 324.179, 1.358, 1009, 2, 324.179, 324.97, 0.792, 1584,     2.228,
 2067, 0, 322.235, 322.235, 322.791, 0.556, 1, 322.791, 324.422, 1.632, 1704, 2, 324.422, 325.02, 0.598, 1167,     2.785,
 2073, 0, 322.851, 322.851, 322.948, 0.097, 194, 322.948, 324.011, 1.063, 1473, 2, 324.011, 325.112, 1.1, 2197,     2.260,
 2076, 0, 323.185, 323.185, 324.459, 1.274, 2566, 324.459, 325.185, 0.726, 1503, 2, 325.185, 325.195, 0.01, 6,     2.010,
 2077, 0, 323.634, 323.634, 324.306, 0.672, 1344, 324.306, 325.363, 1.057, 1807, 2, 325.363, 325.373, 0.01, 8,     1.739,
 2083, 0, 324.604, 324.604, 324.604, 0, 12, 324.604, 325.439, 0.835, 887, 2, 325.439, 325.478, 0.039, 78,     0.874,
 2079, 0, 323.695, 323.695, 324.395, 0.7, 116, 324.395, 325.618, 1.223, 1701, 2, 325.618, 325.634, 0.016, 32,     1.939,
 2084, 0, 324.682, 324.682, 324.694, 0.013, 34, 324.694, 325.704, 1.01, 1041, 2, 325.704, 325.737, 0.033, 66,     1.055,
 2080, 0, 323.904, 323.904, 324.473, 0.569, 133, 324.473, 325.439, 0.966, 1227, 2, 325.439, 325.756, 0.317, 603,     1.852,
 2078, 0, 323.653, 323.653, 324.334, 0.681, 57, 324.334, 325.704, 1.37, 1652, 2, 325.704, 325.756, 0.052, 68,     2.103,
 2081, 0, 324.059, 324.059, 324.499, 0.44, 72, 324.499, 325.868, 1.369, 1284, 2, 325.868, 325.924, 0.056, 112,     1.865,
 2082, 0, 324.551, 324.551, 324.561, 0.01, 8, 324.561, 325.953, 1.393, 1562, 2, 325.953, 325.963, 0.01, 7,     1.413,
 2085, 0, 324.872, 324.872, 324.93, 0.058, 94, 324.93, 326.117, 1.187, 1568, 2, 326.117, 326.17, 0.053, 105,     1.298,
 2087, 0, 325.053, 325.053, 325.066, 0.013, 26, 325.066, 326.235, 1.17, 1329, 2, 326.235, 326.266, 0.03, 61,     1.213,
 2088, 0, 325.161, 325.161, 325.184, 0.022, 46, 325.184, 326.376, 1.192, 1022, 2, 326.376, 326.39, 0.014, 28,     1.228,
 2089, 0, 325.426, 325.426, 325.463, 0.037, 41, 325.463, 326.47, 1.007, 1308, 2, 326.47, 326.527, 0.057, 108,     1.101,
 2086, 0, 324.954, 324.954, 324.954, 0, 11, 324.954, 326.203, 1.25, 1486, 2, 326.203, 326.566, 0.362, 725,     1.612,
 2090, 0, 325.485, 325.485, 325.495, 0.01, 21, 325.495, 326.739, 1.243, 2318, 2, 326.739, 326.749, 0.01, 12,     1.263,
 2091, 0, 325.691, 325.691, 325.701, 0.01, 17, 325.701, 326.629, 0.928, 1269, 2, 326.629, 326.866, 0.237, 474,     1.175,
 2093, 0, 325.847, 325.847, 325.951, 0.104, 222, 325.951, 326.879, 0.928, 1863, 2, 326.879, 326.899, 0.02, 24,     1.052,
 2095, 0, 325.944, 325.944, 326.064, 0.121, 13, 326.064, 327.001, 0.937, 1362, 2, 327.001, 327.033, 0.031, 63,     1.089,
 2092, 0, 325.717, 325.717, 326.414, 0.697, 1404, 326.414, 327.251, 0.837, 1952, 2, 327.251, 327.269, 0.017, 35,     1.551,
 2096, 0, 326.165, 326.165, 326.259, 0.095, 190, 326.259, 327.176, 0.917, 1868, 2, 327.176, 327.369, 0.193, 387,     1.204,
 2098, 0, 326.439, 326.439, 326.449, 0.01, 10, 326.449, 327.425, 0.976, 1244, 2, 327.425, 327.511, 0.085, 164,     1.071,
 2101, 0, 326.593, 326.593, 326.603, 0.01, 35, 326.603, 327.512, 0.909, 1542, 2, 327.512, 327.512, 0, 1,     0.919,
 2097, 0, 326.259, 326.259, 326.391, 0.131, 263, 326.391, 327.581, 1.191, 952, 2, 327.581, 327.591, 0.01, 12,     1.332,
 2094, 0, 325.857, 325.857, 326.053, 0.196, 205, 326.053, 327.218, 1.165, 1651, 2, 327.218, 327.635, 0.416, 833,     1.777,
 2102, 0, 326.611, 326.611, 326.611, 0, 10, 326.611, 327.675, 1.064, 1552, 2, 327.675, 327.685, 0.01, 10,     1.074,
 2104, 0, 326.685, 326.685, 327.031, 0.346, 692, 327.031, 327.83, 0.8, 1861, 2, 327.83, 327.871, 0.041, 82,     1.186,
 2099, 0, 326.504, 326.504, 326.685, 0.181, 354, 326.685, 327.962, 1.277, 1564, 2, 327.962, 328.044, 0.082, 164,     1.540,
 2100, 0, 326.551, 326.551, 326.562, 0.011, 22, 326.562, 328.08, 1.517, 1408, 2, 328.08, 328.094, 0.014, 28,     1.542,
 2106, 0, 326.813, 326.813, 326.996, 0.183, 374, 326.996, 327.925, 0.928, 2011, 2, 327.925, 328.107, 0.182, 365,     1.293,
 2109, 0, 327.361, 327.361, 327.395, 0.034, 85, 327.395, 328.332, 0.938, 1423, 2, 328.332, 328.342, 0.01, 11,     0.981,
 2103, 0, 326.661, 326.661, 326.673, 0.012, 36, 326.673, 328.334, 1.661, 2063, 2, 328.334, 328.362, 0.028, 32,     1.701,
 2107, 0, 327.176, 327.176, 327.239, 0.063, 135, 327.239, 328.411, 1.172, 1829, 2, 328.411, 328.431, 0.02, 31,     1.255,
 2110, 0, 327.444, 327.444, 327.531, 0.087, 175, 327.531, 328.583, 1.052, 1424, 2, 328.583, 328.593, 0.01, 5,     1.149,
 2112, 0, 327.722, 327.722, 327.741, 0.019, 41, 327.741, 328.662, 0.921, 925, 2, 328.662, 328.685, 0.023, 46,     0.963,
 2111, 0, 327.499, 327.499, 327.545, 0.046, 80, 327.545, 328.734, 1.189, 1483, 2, 328.734, 328.75, 0.017, 33,     1.251,
 2108, 0, 327.3, 327.3, 327.32, 0.021, 41, 327.32, 328.538, 1.218, 1536, 2, 328.538, 328.847, 0.309, 618,     1.547,
 2113, 0, 327.808, 327.808, 327.867, 0.06, 119, 327.867, 328.833, 0.966, 1433, 2, 328.833, 328.903, 0.07, 141,     1.096,
 2117, 0, 328.38, 328.38, 328.39, 0.01, 13, 328.39, 329.107, 0.717, 1695, 2, 329.107, 329.13, 0.023, 46,     0.750,
 2114, 0, 328.037, 328.037, 328.047, 0.01, 16, 328.047, 329.227, 1.18, 1179, 2, 329.227, 329.237, 0.01, 4,     1.200,
 2118, 0, 328.423, 328.423, 328.523, 0.1, 182, 328.523, 329.477, 0.954, 1306, 2, 329.477, 329.487, 0.01, 6,     1.064,
 2119, 0, 328.427, 328.427, 328.557, 0.13, 64, 328.557, 329.494, 0.937, 1267, 2, 329.494, 329.507, 0.012, 40,     1.080,
 2115, 0, 328.273, 328.273, 328.324, 0.051, 104, 328.324, 329.244, 0.92, 1201, 2, 329.244, 329.569, 0.325, 664,     1.295,
 2116, 0, 328.301, 328.301, 328.616, 0.315, 634, 328.616, 329.799, 1.183, 1517, 2, 329.799, 329.809, 0.01, 7,     1.508,
 2121, 0, 329.07, 329.07, 329.08, 0.01, 3, 329.08, 329.799, 0.719, 1288, 2, 329.799, 329.809, 0.01, 18,     0.739,
 2105, 0, 326.799, 326.799, 326.809, 0.01, 11, 326.809, 327.581, 0.772, 1778, 2, 327.581, 329.971, 2.39, 4780,     3.171,
 2120, 0, 328.674, 328.674, 329.278, 0.604, 1208, 329.278, 330.204, 0.926, 1323, 2, 330.204, 330.213, 0.008, 2,     1.539,
 2123, 0, 329.369, 329.369, 329.48, 0.111, 205, 329.48, 330.213, 0.732, 1072, 2, 330.213, 330.245, 0.033, 82,     0.876,
 2125, 0, 329.463, 329.463, 329.524, 0.061, 129, 329.524, 330.454, 0.93, 792, 2, 330.454, 330.457, 0.003, 2,     0.994,
 2122, 0, 329.268, 329.268, 329.278, 0.01, 19, 329.278, 330.457, 1.179, 1618, 2, 330.457, 330.464, 0.007, 8,     1.196,
 2127, 0, 329.496, 329.496, 329.538, 0.042, 6, 329.538, 330.707, 1.169, 1338, 2, 330.707, 330.717, 0.01, 2,     1.221,
 2126, 0, 329.47, 329.47, 329.524, 0.054, 67, 329.524, 330.707, 1.183, 1449, 2, 330.707, 330.88, 0.173, 346,     1.410,
 2124, 0, 329.43, 329.43, 329.441, 0.01, 21, 329.441, 330.172, 0.731, 1337, 2, 330.172, 330.9, 0.728, 1430,     1.470,
 2128, 0, 330.12, 330.12, 330.13, 0.01, 8, 330.13, 331.063, 0.932, 1730, 2, 331.063, 331.073, 0.01, 15,     0.952,
 2130, 0, 330.208, 330.208, 330.336, 0.127, 261, 330.336, 331.501, 1.165, 1409, 2, 331.501, 331.511, 0.01, 19,     1.302,
 2129, 0, 330.186, 330.186, 330.205, 0.019, 39, 330.205, 330.967, 0.761, 1218, 2, 330.967, 331.589, 0.623, 1246,     1.403,
 2133, 0, 330.836, 330.836, 330.846, 0.01, 10, 330.846, 331.577, 0.731, 1841, 2, 331.577, 331.697, 0.12, 241,     0.861,
 2131, 0, 330.756, 330.756, 330.766, 0.01, 8, 330.766, 331.686, 0.921, 1653, 2, 331.686, 331.927, 0.241, 485,     1.171,
 2136, 0, 331.462, 331.462, 331.474, 0.012, 24, 331.474, 332.19, 0.715, 1309, 2, 332.19, 332.369, 0.18, 360,     0.907,
 2137, 0, 331.51, 331.51, 331.544, 0.035, 60, 331.544, 332.463, 0.919, 796, 2, 332.463, 332.473, 0.01, 26,     0.964,
 2132, 0, 330.794, 330.794, 331.125, 0.331, 680, 331.125, 332.46, 1.335, 1367, 2, 332.46, 332.493, 0.033, 40,     1.699,
 2135, 0, 331.229, 331.229, 331.27, 0.041, 100, 331.27, 332.19, 0.92, 1047, 2, 332.19, 332.535, 0.344, 691,     1.306,
 2139, 0, 331.607, 331.607, 331.803, 0.196, 396, 331.803, 332.735, 0.932, 1527, 2, 332.735, 332.748, 0.013, 26,     1.141,
 2138, 0, 331.549, 331.549, 331.577, 0.027, 65, 331.577, 332.749, 1.172, 1645, 2, 332.749, 332.759, 0.01, 20,     1.210,
 2140, 0, 332.233, 332.233, 332.244, 0.011, 30, 332.244, 333.181, 0.937, 1585, 2, 333.181, 333.197, 0.015, 31,     0.963,
 2143, 0, 332.659, 332.659, 332.737, 0.079, 60, 332.737, 333.456, 0.719, 1362, 2, 333.456, 333.544, 0.088, 176,     0.885,
 2142, 0, 332.646, 332.646, 332.704, 0.058, 99, 332.704, 333.624, 0.92, 1864, 2, 333.624, 333.693, 0.069, 113,     1.047,
 2141, 0, 332.443, 332.443, 332.457, 0.014, 28, 332.457, 333.706, 1.249, 1436, 2, 333.706, 333.716, 0.01, 1,     1.273,
 2146, 0, 332.927, 332.927, 332.982, 0.055, 110, 332.982, 333.902, 0.921, 1913, 2, 333.902, 333.912, 0.01, 17,     0.985,
 2147, 0, 333.098, 333.098, 333.137, 0.039, 72, 333.137, 333.956, 0.818, 1430, 2, 333.956, 333.974, 0.018, 36,     0.876,
 2134, 0, 331.196, 331.196, 333.263, 2.067, 4150, 333.263, 333.98, 0.716, 2019, 2, 333.98, 334.124, 0.144, 300,     2.928,
 2148, 0, 333.317, 333.317, 333.333, 0.016, 32, 333.333, 334.252, 0.919, 981, 2, 334.252, 334.262, 0.01, 14,     0.945,
 2145, 0, 332.862, 332.862, 332.889, 0.027, 54, 332.889, 334.283, 1.394, 1275, 2, 334.283, 334.293, 0.01, 2,     1.431,
 2144, 0, 332.812, 332.812, 332.834, 0.022, 48, 332.834, 334.229, 1.394, 1710, 2, 334.229, 334.323, 0.095, 190,     1.511,
 2149, 0, 333.519, 333.519, 333.521, 0.003, 22, 333.521, 334.704, 1.183, 1419, 2, 334.704, 334.714, 0.01, 12,     1.196,
 2151, 0, 333.858, 333.858, 333.873, 0.015, 30, 333.873, 334.792, 0.919, 1375, 2, 334.792, 334.894, 0.102, 205,     1.036,
 2153, 0, 334.034, 334.034, 334.173, 0.139, 8, 334.173, 334.903, 0.73, 1528, 2, 334.903, 335.03, 0.127, 273,     0.996,
 2154, 0, 334.103, 334.103, 334.193, 0.09, 30, 334.193, 335.109, 0.916, 1326, 2, 335.109, 335.232, 0.123, 247,     1.129,
 2152, 0, 333.924, 333.924, 334.153, 0.229, 421, 334.153, 335.332, 1.179, 1170, 2, 335.332, 335.499, 0.167, 334,     1.575,
 2156, 0, 334.261, 334.261, 334.278, 0.017, 38, 334.278, 335.531, 1.253, 1926, 2, 335.531, 335.591, 0.06, 105,     1.330,
 2160, 0, 334.594, 334.594, 334.614, 0.02, 36, 334.614, 335.581, 0.967, 1597, 2, 335.581, 335.608, 0.027, 51,     1.014,
 2161, 0, 334.691, 334.691, 334.766, 0.075, 146, 334.766, 335.78, 1.015, 1390, 2, 335.78, 335.79, 0.01, 14,     1.100,
 2155, 0, 334.193, 334.193, 334.22, 0.027, 24, 334.22, 335.831, 1.612, 968, 2, 335.831, 335.841, 0.01, 9,     1.648,
 2150, 0, 333.621, 333.621, 334.298, 0.678, 1345, 334.298, 335.359, 1.06, 2025, 2, 335.359, 335.956, 0.597, 1195,     2.335,
 2162, 0, 334.766, 334.766, 334.999, 0.233, 467, 334.999, 335.933, 0.933, 1548, 2, 335.933, 335.976, 0.043, 87,     1.210,
 2157, 0, 334.288, 334.288, 334.318, 0.03, 53, 334.318, 336.088, 1.769, 1103, 2, 336.088, 336.118, 0.03, 60,     1.829,
 2165, 0, 335.144, 335.144, 335.168, 0.024, 38, 335.168, 336.202, 1.034, 1287, 2, 336.202, 336.322, 0.119, 238,     1.177,
 2163, 0, 335.048, 335.048, 335.081, 0.033, 61, 335.081, 336.344, 1.264, 1922, 2, 336.344, 336.354, 0.01, 1,     1.307,
 2164, 0, 335.071, 335.071, 335.091, 0.02, 34, 335.091, 336.374, 1.284, 1426, 2, 336.374, 336.384, 0.01, 9,     1.314,
 2169, 0, 335.631, 335.631, 335.641, 0.01, 5, 335.641, 336.563, 0.922, 2026, 2, 336.563, 336.624, 0.061, 107,     0.993,
 2166, 0, 335.399, 335.399, 335.406, 0.007, 15, 335.406, 336.603, 1.197, 2139, 2, 336.603, 336.644, 0.041, 73,     1.245,
 2170, 0, 335.803, 335.803, 335.837, 0.034, 68, 335.837, 336.812, 0.976, 1507, 2, 336.812, 336.93, 0.118, 236,     1.127,
 2167, 0, 335.413, 335.413, 335.456, 0.043, 99, 335.456, 337.143, 1.687, 1553, 2, 337.143, 337.155, 0.012, 25,     1.742,
 2171, 0, 335.946, 335.946, 335.963, 0.017, 35, 335.963, 337.062, 1.099, 1076, 2, 337.062, 337.179, 0.116, 233,     1.233,
 2168, 0, 335.623, 335.623, 335.68, 0.057, 121, 335.68, 336.863, 1.184, 1554, 2, 336.863, 337.606, 0.743, 1486,     1.983,
 2172, 0, 336.038, 336.038, 336.038, 0, 9, 336.038, 337.365, 1.327, 1691, 2, 337.365, 337.628, 0.264, 528,     1.590,
 2173, 0, 336.063, 336.063, 336.073, 0.01, 2, 336.073, 337.664, 1.591, 1893, 2, 337.664, 337.674, 0.01, 5,     1.611,
 2176, 0, 336.878, 336.878, 336.888, 0.01, 30, 336.888, 337.871, 0.984, 1830, 2, 337.871, 337.882, 0.01, 21,     1.004,
 2175, 0, 336.836, 336.836, 336.935, 0.099, 191, 336.935, 337.924, 0.989, 1731, 2, 337.924, 337.946, 0.022, 45,     1.110,
 2174, 0, 336.823, 336.823, 336.848, 0.026, 65, 336.848, 337.859, 1.01, 1411, 2, 337.859, 338.02, 0.162, 324,     1.198,
 2177, 0, 337.062, 337.062, 337.089, 0.027, 54, 337.089, 338.108, 1.02, 1398, 2, 338.108, 338.313, 0.205, 410,     1.252,
 2181, 0, 337.448, 337.448, 337.669, 0.221, 461, 337.669, 338.404, 0.735, 1512, 2, 338.404, 338.492, 0.088, 176,     1.043,
 2180, 0, 337.386, 337.386, 337.403, 0.017, 34, 337.403, 338.358, 0.955, 1225, 2, 338.358, 338.83, 0.472, 954,     1.444,
 2178, 0, 337.235, 337.235, 337.245, 0.01, 18, 337.245, 338.121, 0.876, 1938, 2, 338.121, 338.85, 0.729, 1455,     1.615,
 2179, 0, 337.344, 337.344, 338.101, 0.757, 1502, 338.101, 338.815, 0.714, 1199, 2, 338.815, 338.958, 0.143, 263,     1.614,
 2182, 0, 338.075, 338.075, 338.075, 0, 8, 338.075, 338.991, 0.916, 1195, 2, 338.991, 339.023, 0.032, 64,     0.948,
 2183, 0, 338.091, 338.091, 338.123, 0.031, 66, 338.123, 339.458, 1.335, 1243, 2, 339.458, 339.468, 0.01, 15,     1.377,
 2185, 0, 338.616, 338.616, 338.72, 0.104, 208, 338.72, 339.458, 0.738, 1580, 2, 339.458, 339.493, 0.034, 69,     0.877,
 2184, 0, 338.113, 338.113, 338.203, 0.09, 166, 338.203, 339.241, 1.038, 1201, 2, 339.241, 339.521, 0.28, 560,     1.408,
 2159, 0, 334.58, 334.58, 334.59, 0.01, 10, 334.59, 335.608, 1.018, 1167, 2, 335.608, 339.809, 4.201, 8402,     5.229,
 2187, 0, 338.902, 338.902, 338.973, 0.071, 109, 338.973, 339.904, 0.931, 1328, 2, 339.904, 339.914, 0.01, 1,     1.012,
 2186, 0, 338.688, 338.688, 338.82, 0.132, 265, 338.82, 340.007, 1.187, 1889, 2, 340.007, 340.053, 0.046, 106,     1.365,
 2190, 0, 339.258, 339.258, 339.363, 0.104, 205, 339.363, 340.108, 0.746, 966, 2, 340.108, 340.2, 0.092, 184,     0.942,
 2193, 0, 339.585, 339.585, 339.608, 0.022, 45, 339.608, 340.41, 0.802, 1567, 2, 340.41, 340.521, 0.112, 224,     0.936,
 2195, 0, 339.734, 339.734, 339.766, 0.032, 35, 339.766, 340.665, 0.899, 1375, 2, 340.665, 340.716, 0.051, 103,     0.982,
 2189, 0, 339.177, 339.177, 339.51, 0.333, 667, 339.51, 340.731, 1.221, 999, 2, 340.731, 340.741, 0.01, 12,     1.564,
 2194, 0, 339.708, 339.708, 339.746, 0.038, 77, 339.746, 340.733, 0.986, 1690, 2, 340.733, 340.755, 0.023, 35,     1.047,
 2196, 0, 339.842, 339.842, 339.897, 0.055, 111, 339.897, 340.621, 0.723, 1506, 2, 340.621, 340.919, 0.298, 597,     1.077,
 2192, 0, 339.397, 339.397, 339.563, 0.165, 105, 339.563, 340.483, 0.921, 1875, 2, 340.483, 340.947, 0.463, 943,     1.550,
 2188, 0, 339.128, 339.128, 339.217, 0.089, 152, 339.217, 340.153, 0.936, 1314, 2, 340.153, 341.095, 0.942, 1884,     1.967,
 2197, 0, 340.028, 340.028, 340.051, 0.022, 52, 340.051, 340.983, 0.932, 1608, 2, 340.983, 341.115, 0.132, 234,     1.087,
 2198, 0, 340.042, 340.042, 340.071, 0.028, 22, 340.071, 341.423, 1.352, 1817, 2, 341.423, 341.435, 0.012, 24,     1.393,
 2199, 0, 340.46, 340.46, 340.47, 0.01, 20, 340.47, 341.387, 0.916, 1303, 2, 341.387, 341.556, 0.17, 314,     1.096,
 2200, 0, 340.721, 340.721, 340.73, 0.009, 7, 340.73, 341.65, 0.921, 907, 2, 341.65, 341.673, 0.023, 46,     0.953,
 2202, 0, 340.746, 340.746, 340.787, 0.041, 3, 340.787, 341.749, 0.962, 744, 2, 341.749, 341.762, 0.013, 26,     1.016,
 2204, 0, 340.822, 340.822, 340.832, 0.01, 6, 340.832, 341.9, 1.068, 1563, 2, 341.9, 341.91, 0.01, 7,     1.088,
 2201, 0, 340.74, 340.74, 340.785, 0.045, 90, 340.785, 341.933, 1.148, 1697, 2, 341.933, 342.025, 0.091, 183,     1.285,
 2207, 0, 341.103, 341.103, 341.167, 0.063, 37, 341.167, 342.15, 0.983, 1338, 2, 342.15, 342.157, 0.008, 17,     1.054,
 2205, 0, 340.837, 340.837, 340.869, 0.032, 73, 340.869, 342.196, 1.327, 690, 2, 342.196, 342.214, 0.018, 36,     1.377,
 2203, 0, 340.787, 340.787, 340.797, 0.01, 1, 340.797, 342.236, 1.439, 1672, 2, 342.236, 342.312, 0.076, 152,     1.525,
 2206, 0, 341.092, 341.092, 341.146, 0.054, 107, 341.146, 342.398, 1.251, 1340, 2, 342.398, 342.408, 0.01, 20,     1.316,
 2158, 0, 334.495, 334.495, 334.522, 0.027, 37, 334.522, 336.037, 1.515, 1312, 2, 336.037, 342.568, 6.531, 13044,     8.073,
 2211, 0, 341.209, 341.209, 342.038, 0.829, 27, 342.038, 342.754, 0.716, 1603, 2, 342.754, 342.785, 0.031, 63,     1.576,
 2208, 0, 341.12, 341.12, 341.921, 0.8, 1475, 341.921, 342.842, 0.921, 1831, 2, 342.842, 342.874, 0.032, 43,     1.754,
 2212, 0, 342.147, 342.147, 342.177, 0.029, 23, 342.177, 342.901, 0.724, 1032, 2, 342.901, 342.932, 0.031, 40,     0.784,
 2210, 0, 341.167, 341.167, 342.015, 0.848, 85, 342.015, 343.092, 1.077, 1571, 2, 343.092, 343.108, 0.016, 32,     1.941,
 2209, 0, 341.146, 341.146, 341.955, 0.808, 63, 341.955, 343.301, 1.347, 1686, 2, 343.301, 343.311, 0.01, 8,     2.165,
 2213, 0, 342.191, 342.191, 342.201, 0.01, 19, 342.201, 343.493, 1.292, 1481, 2, 343.493, 343.503, 0.01, 10,     1.312,
 2215, 0, 343.186, 343.186, 343.196, 0.01, 17, 343.196, 343.94, 0.744, 1338, 2, 343.94, 343.95, 0.01, 4,     0.764,
 2214, 0, 343.104, 343.104, 343.178, 0.074, 115, 343.178, 344.115, 0.937, 1699, 2, 344.115, 344.125, 0.01, 16,     1.021,
 2217, 0, 343.548, 343.548, 343.655, 0.107, 215, 343.655, 344.576, 0.921, 1455, 2, 344.576, 344.601, 0.026, 51,     1.053,
 2191, 0, 339.275, 339.275, 343.393, 4.118, 8061, 343.393, 344.604, 1.211, 2191, 2, 344.604, 344.614, 0.01, 10,     5.339,
 2218, 0, 343.891, 343.891, 343.921, 0.029, 59, 343.921, 344.859, 0.938, 1285, 2, 344.859, 345.069, 0.21, 420,     1.178,
 2220, 0, 344.127, 344.127, 344.241, 0.114, 31, 344.241, 345.059, 0.818, 1817, 2, 345.059, 345.123, 0.064, 128,     0.996,
 2219, 0, 343.987, 343.987, 344.221, 0.234, 468, 344.221, 345.141, 0.92, 1279, 2, 345.141, 345.159, 0.017, 35,     1.171,
 2224, 0, 344.602, 344.602, 344.652, 0.05, 39, 344.652, 345.641, 0.989, 1975, 2, 345.641, 345.663, 0.022, 44,     1.061,
 2226, 0, 344.843, 344.843, 344.853, 0.01, 7, 344.853, 345.568, 0.715, 1540, 2, 345.568, 345.683, 0.115, 192,     0.840,
 2221, 0, 344.17, 344.17, 344.313, 0.143, 126, 344.313, 345.824, 1.511, 1431, 2, 345.824, 345.834, 0.01, 13,     1.664,
 2225, 0, 344.768, 344.768, 344.784, 0.016, 32, 344.784, 345.515, 0.73, 1890, 2, 345.515, 345.871, 0.356, 713,     1.103,
 2223, 0, 344.577, 344.577, 344.632, 0.056, 77, 344.632, 345.804, 1.172, 1361, 2, 345.804, 346.018, 0.214, 429,     1.442,
 2216, 0, 343.396, 343.396, 345.212, 1.816, 3638, 345.212, 346.38, 1.168, 1513, 2, 346.38, 346.39, 0.01, 12,     2.994,
 2227, 0, 345.45, 345.45, 345.46, 0.01, 13, 345.46, 346.38, 0.92, 1331, 2, 346.38, 346.39, 0.01, 6,     0.940,
 2228, 0, 345.721, 345.721, 345.721, 0, 9, 345.721, 346.436, 0.716, 1816, 2, 346.436, 346.553, 0.116, 253,     0.832,
 2231, 0, 345.943, 345.943, 345.946, 0.003, 23, 345.946, 346.666, 0.72, 598, 2, 346.666, 346.724, 0.058, 110,     0.781,
 2229, 0, 345.793, 345.793, 345.803, 0.01, 4, 345.803, 346.724, 0.921, 1608, 2, 346.724, 346.734, 0.01, 6,     0.941,
 2230, 0, 345.869, 345.869, 345.934, 0.065, 109, 345.934, 346.686, 0.753, 1451, 2, 346.686, 346.744, 0.058, 105,     0.875,
 2232, 0, 346.265, 346.265, 346.322, 0.057, 91, 346.322, 347.242, 0.92, 1789, 2, 347.242, 347.358, 0.116, 233,     1.093,
 2233, 0, 346.435, 346.435, 346.476, 0.041, 83, 346.476, 347.491, 1.015, 715, 2, 347.491, 347.521, 0.03, 57,     1.086,
 2235, 0, 346.797, 346.797, 346.807, 0.01, 21, 346.807, 347.528, 0.721, 1824, 2, 347.528, 347.56, 0.032, 77,     0.763,
 2238, 0, 346.969, 346.969, 347.124, 0.155, 123, 347.124, 347.848, 0.724, 1331, 2, 347.848, 347.86, 0.012, 23,     0.891,
 2234, 0, 346.662, 346.662, 347.062, 0.401, 813, 347.062, 347.982, 0.92, 1632, 2, 347.982, 347.992, 0.01, 27,     1.331,
 2241, 0, 347.349, 347.349, 347.359, 0.01, 4, 347.359, 348.117, 0.758, 1161, 2, 348.117, 348.145, 0.027, 55,     0.795,
 2236, 0, 346.839, 346.839, 346.925, 0.086, 149, 346.925, 348.117, 1.192, 1610, 2, 348.117, 348.174, 0.056, 113,     1.335,
 2240, 0, 347.326, 347.326, 347.349, 0.023, 24, 347.349, 348.266, 0.917, 1643, 2, 348.266, 348.276, 0.01, 12,     0.950,
 2243, 0, 347.561, 347.561, 347.583, 0.022, 39, 347.583, 348.374, 0.791, 1505, 2, 348.374, 348.384, 0.01, 5,     0.823,
 2239, 0, 347.287, 347.287, 347.583, 0.296, 586, 347.583, 348.516, 0.933, 1513, 2, 348.516, 348.539, 0.024, 36,     1.253,
 2237, 0, 346.891, 346.891, 347.229, 0.339, 608, 347.229, 348.404, 1.175, 1397, 2, 348.404, 348.553, 0.149, 298,     1.662,
 2242, 0, 347.431, 347.431, 347.471, 0.04, 63, 347.471, 348.656, 1.185, 1616, 2, 348.656, 348.674, 0.018, 36,     1.243,
 2245, 0, 347.962, 347.962, 348.085, 0.123, 246, 348.085, 349.005, 0.92, 1146, 2, 349.005, 349.015, 0.01, 19,     1.053,
 2246, 0, 348.157, 348.157, 348.183, 0.026, 59, 348.183, 348.905, 0.722, 1115, 2, 348.905, 349.164, 0.259, 505,     1.007,
 2248, 0, 348.509, 348.509, 348.523, 0.014, 29, 348.523, 349.443, 0.92, 1862, 2, 349.443, 349.47, 0.027, 54,     0.961,
 2250, 0, 348.707, 348.707, 348.725, 0.017, 35, 348.725, 349.46, 0.735, 1392, 2, 349.46, 349.49, 0.03, 57,     0.783,
 2244, 0, 347.924, 347.924, 347.984, 0.059, 119, 347.984, 349.505, 1.521, 1467, 2, 349.505, 349.535, 0.03, 66,     1.611,
 2253, 0, 348.989, 348.989, 348.994, 0.005, 16, 348.994, 349.709, 0.715, 1732, 2, 349.709, 349.776, 0.067, 128,     0.787,
 2251, 0, 348.888, 348.888, 348.899, 0.011, 22, 348.899, 349.766, 0.867, 829, 2, 349.766, 349.796, 0.03, 47,     0.908,
 2249, 0, 348.68, 348.68, 348.695, 0.015, 31, 348.695, 349.693, 0.998, 1736, 2, 349.693, 349.864, 0.171, 330,     1.184,
 2247, 0, 348.459, 348.459, 348.62, 0.161, 290, 348.62, 349.963, 1.343, 1574, 2, 349.963, 350.018, 0.055, 109,     1.559,
 2255, 0, 349.264, 349.264, 349.359, 0.095, 190, 349.359, 350.28, 0.921, 1768, 2, 350.28, 350.343, 0.063, 111,     1.079,
 2254, 0, 349.104, 349.104, 349.114, 0.01, 1, 349.114, 350.379, 1.265, 1521, 2, 350.379, 350.404, 0.025, 57,     1.301,
 2261, 0, 350.245, 350.245, 350.255, 0.01, 9, 350.255, 350.966, 0.711, 1521, 2, 350.966, 351.025, 0.059, 115,     0.780,
 2252, 0, 348.938, 348.938, 348.994, 0.056, 113, 348.994, 349.943, 0.949, 1260, 2, 349.943, 351.041, 1.098, 2196,     2.103,
 2257, 0, 349.944, 349.944, 350.035, 0.091, 183, 350.035, 351.098, 1.063, 1249, 2, 351.098, 351.108, 0.01, 2,     1.164,
 2258, 0, 349.967, 349.967, 349.977, 0.01, 14, 349.977, 350.693, 0.716, 1297, 2, 350.693, 351.252, 0.559, 1118,     1.285,
 2262, 0, 350.305, 350.305, 350.388, 0.083, 151, 350.388, 351.348, 0.96, 1745, 2, 351.348, 351.423, 0.075, 151,     1.118,
 2259, 0, 349.973, 349.973, 350.004, 0.031, 43, 350.004, 351.435, 1.431, 1524, 2, 351.435, 351.456, 0.021, 42,     1.483,
 2256, 0, 349.677, 349.677, 349.722, 0.045, 90, 349.722, 350.643, 0.921, 1069, 2, 350.643, 351.637, 0.994, 1985,     1.960,
 2265, 0, 350.858, 350.858, 350.914, 0.055, 126, 350.914, 351.627, 0.714, 1234, 2, 351.627, 351.671, 0.043, 87,     0.813,
 2260, 0, 349.994, 349.994, 350.334, 0.34, 661, 350.334, 351.693, 1.359, 1102, 2, 351.693, 351.703, 0.01, 15,     1.709,
 2263, 0, 350.415, 350.415, 350.493, 0.078, 163, 350.493, 351.89, 1.397, 1927, 2, 351.89, 351.901, 0.011, 22,     1.486,
 2266, 0, 350.957, 350.957, 350.967, 0.01, 18, 350.967, 352.14, 1.173, 1683, 2, 352.14, 352.175, 0.036, 71,     1.218,
 2267, 0, 351.169, 351.169, 351.243, 0.074, 152, 351.243, 352.179, 0.936, 1395, 2, 352.179, 352.189, 0.01, 17,     1.020,
 2268, 0, 351.174, 351.174, 351.276, 0.103, 176, 351.276, 352.14, 0.863, 2535, 2, 352.14, 352.231, 0.091, 182,     1.057,
 2269, 0, 351.376, 351.376, 351.43, 0.053, 107, 351.43, 352.429, 0.999, 788, 2, 352.429, 352.525, 0.096, 183,     1.149,
 2274, 0, 351.773, 351.773, 351.792, 0.019, 37, 351.792, 352.515, 0.723, 841, 2, 352.515, 352.571, 0.056, 112,     0.798,
 2273, 0, 351.735, 351.735, 351.747, 0.012, 24, 351.747, 352.644, 0.897, 1750, 2, 352.644, 352.717, 0.073, 146,     0.982,
 2272, 0, 351.61, 351.61, 351.62, 0.01, 5, 351.62, 352.719, 1.099, 1035, 2, 352.719, 352.75, 0.031, 67,     1.140,
 2276, 0, 352.149, 352.149, 352.149, 0, 3, 352.149, 352.9, 0.751, 1621, 2, 352.9, 352.91, 0.01, 1,     0.761,
 2264, 0, 350.579, 350.579, 350.589, 0.01, 12, 350.589, 351.598, 1.009, 995, 2, 351.598, 352.95, 1.352, 2705,     2.371,
 2271, 0, 351.559, 351.559, 351.609, 0.05, 107, 351.609, 353.025, 1.416, 1856, 2, 353.025, 353.087, 0.062, 124,     1.528,
 2275, 0, 352.133, 352.133, 352.143, 0.01, 20, 352.143, 353.06, 0.917, 1487, 2, 353.06, 353.21, 0.15, 300,     1.077,
 2277, 0, 352.477, 352.477, 352.487, 0.01, 13, 352.487, 353.408, 0.921, 1341, 2, 353.408, 353.949, 0.541, 1053,     1.471,
 2280, 0, 352.971, 352.971, 352.996, 0.025, 46, 352.996, 353.912, 0.916, 1080, 2, 353.912, 354.065, 0.153, 290,     1.093,
 2270, 0, 351.531, 351.531, 351.595, 0.064, 128, 351.595, 352.394, 0.799, 1671, 2, 352.394, 354.103, 1.709, 3401,     2.572,
 2222, 0, 344.264, 344.264, 344.333, 0.069, 32, 344.333, 345.391, 1.058, 1704, 2, 345.391, 354.155, 8.765, 17530,     9.891,
 2279, 0, 352.952, 352.952, 353.371, 0.419, 839, 353.371, 354.299, 0.928, 1517, 2, 354.299, 354.311, 0.012, 23,     1.359,
 2282, 0, 353.04, 353.04, 353.409, 0.368, 74, 353.409, 354.395, 0.987, 1312, 2, 354.395, 354.433, 0.038, 75,     1.393,
 2284, 0, 353.095, 353.095, 353.437, 0.342, 22, 353.437, 354.549, 1.112, 1387, 2, 354.549, 354.571, 0.022, 44,     1.476,
 2285, 0, 353.158, 353.158, 353.462, 0.304, 50, 353.462, 354.645, 1.183, 1594, 2, 354.645, 354.655, 0.01, 13,     1.497,
 2283, 0, 353.088, 353.088, 353.417, 0.329, 7, 353.417, 354.837, 1.42, 1319, 2, 354.837, 354.902, 0.065, 130,     1.815,
 2290, 0, 353.588, 353.588, 354.717, 1.129, 65, 354.717, 355.434, 0.717, 1501, 2, 355.434, 355.444, 0.01, 14,     1.856,
 2291, 0, 353.978, 353.978, 354.731, 0.753, 15, 354.731, 355.455, 0.724, 1765, 2, 355.455, 355.465, 0.01, 5,     1.487,
 2278, 0, 352.627, 352.627, 352.721, 0.094, 169, 352.721, 353.896, 1.175, 1341, 2, 353.896, 355.492, 1.596, 3193,     2.864,
 2289, 0, 353.548, 353.548, 354.684, 1.136, 1, 354.684, 355.403, 0.719, 1446, 2, 355.403, 355.512, 0.109, 218,     1.964,
 2281, 0, 352.986, 352.986, 354.633, 1.646, 3273, 354.633, 355.552, 0.92, 1392, 2, 355.552, 355.569, 0.017, 33,     2.582,
 2294, 0, 354.145, 354.145, 354.952, 0.807, 55, 354.952, 355.673, 0.721, 1787, 2, 355.673, 355.755, 0.082, 164,     1.610,
 2288, 0, 353.528, 353.528, 354.674, 1.147, 41, 354.674, 355.805, 1.13, 2088, 2, 355.805, 355.815, 0.01, 4,     2.287,
 2298, 0, 354.664, 354.664, 355.1, 0.436, 67, 355.1, 355.842, 0.741, 1427, 2, 355.842, 355.852, 0.01, 14,     1.187,
 2297, 0, 354.577, 354.577, 355.067, 0.49, 5, 355.067, 355.923, 0.856, 1266, 2, 355.923, 355.961, 0.039, 78,     1.385,
 2293, 0, 354.122, 354.122, 354.92, 0.798, 112, 354.92, 356.054, 1.135, 1696, 2, 356.054, 356.093, 0.038, 45,     1.971,
 2287, 0, 353.409, 353.409, 354.653, 1.244, 14, 354.653, 356.172, 1.52, 1604, 2, 356.172, 356.257, 0.085, 170,     2.848,
 2296, 0, 354.341, 354.341, 355.053, 0.712, 131, 355.053, 356.31, 1.257, 1296, 2, 356.31, 356.323, 0.012, 27,     1.981,
 2292, 0, 354.087, 354.087, 354.864, 0.777, 227, 354.864, 356.309, 1.446, 1212, 2, 356.309, 356.42, 0.11, 221,     2.333,
 2301, 0, 355.082, 355.082, 355.308, 0.225, 303, 355.308, 356.425, 1.117, 1112, 2, 356.425, 356.483, 0.058, 127,     1.401,
 2304, 0, 355.539, 355.539, 355.565, 0.026, 56, 355.565, 356.539, 0.975, 1032, 2, 356.539, 356.553, 0.014, 27,     1.014,
 2300, 0, 355.075, 355.075, 355.152, 0.077, 72, 355.152, 356.571, 1.419, 1414, 2, 356.571, 356.581, 0.01, 20,     1.506,
 2303, 0, 355.349, 355.349, 355.349, 0, 2, 355.349, 356.675, 1.325, 1586, 2, 356.675, 356.685, 0.01, 1,     1.335,
 2295, 0, 354.309, 354.309, 354.988, 0.679, 71, 354.988, 356.794, 1.806, 1770, 2, 356.794, 356.804, 0.01, 17,     2.495,
 2299, 0, 354.928, 354.928, 355.114, 0.187, 5, 355.114, 356.809, 1.695, 1679, 2, 356.809, 356.854, 0.045, 100,     1.926,
 2302, 0, 355.298, 355.298, 355.328, 0.03, 24, 355.328, 356.821, 1.493, 1533, 2, 356.821, 356.885, 0.064, 127,     1.587,
 2307, 0, 355.963, 355.963, 355.973, 0.01, 18, 355.973, 356.694, 0.721, 1857, 2, 356.694, 356.905, 0.21, 402,     0.942,
 2306, 0, 355.724, 355.724, 355.951, 0.227, 64, 355.951, 356.924, 0.973, 1516, 2, 356.924, 356.934, 0.01, 5,     1.210,
 2309, 0, 356.143, 356.143, 356.284, 0.141, 283, 356.284, 357.32, 1.035, 1307, 2, 357.32, 357.371, 0.051, 103,     1.228,
 2305, 0, 355.595, 355.595, 355.9, 0.305, 588, 355.9, 357.07, 1.17, 1652, 2, 357.07, 357.443, 0.372, 745,     1.848,
 2312, 0, 356.474, 356.474, 356.541, 0.067, 117, 356.541, 357.452, 0.911, 1903, 2, 357.452, 357.555, 0.102, 225,     1.081,
 2286, 0, 353.357, 353.357, 356.513, 3.156, 6102, 356.513, 357.57, 1.057, 1430, 2, 357.57, 357.58, 0.01, 13,     4.222,
 2311, 0, 356.332, 356.332, 356.453, 0.122, 212, 356.453, 357.772, 1.319, 1543, 2, 357.772, 357.806, 0.034, 68,     1.475,
 2313, 0, 356.544, 356.544, 357.007, 0.463, 933, 357.007, 357.752, 0.745, 1367, 2, 357.752, 357.853, 0.101, 202,     1.309,
 2314, 0, 356.606, 356.606, 356.671, 0.065, 129, 356.671, 357.832, 1.162, 1244, 2, 357.832, 357.894, 0.061, 123,     1.288,
 2316, 0, 357.261, 357.261, 357.433, 0.171, 316, 357.433, 358.154, 0.722, 1689, 2, 358.154, 358.164, 0.01, 1,     0.903,
 2317, 0, 357.405, 357.405, 357.419, 0.014, 27, 357.419, 358.339, 0.921, 944, 2, 358.339, 358.354, 0.015, 30,     0.949,
 2315, 0, 356.814, 356.814, 357.155, 0.341, 649, 357.155, 358.567, 1.412, 1621, 2, 358.567, 358.598, 0.031, 62,     1.784,
 2320, 0, 358.102, 358.102, 358.117, 0.015, 30, 358.117, 358.849, 0.732, 1736, 2, 358.849, 358.891, 0.042, 84,     0.789,
 2319, 0, 357.925, 357.925, 357.935, 0.01, 15, 357.935, 358.856, 0.921, 1288, 2, 358.856, 359.104, 0.248, 510,     1.178,
 2321, 0, 358.458, 358.458, 358.49, 0.032, 64, 358.49, 359.41, 0.92, 1324, 2, 359.41, 359.425, 0.014, 29,     0.967,
 2318, 0, 357.591, 357.591, 357.601, 0.01, 18, 357.601, 358.317, 0.716, 1690, 2, 358.317, 359.62, 1.303, 2607,     2.029,
 2310, 0, 356.249, 356.249, 356.318, 0.07, 54, 356.318, 357.187, 0.869, 1527, 2, 357.187, 359.777, 2.59, 5159,     3.528,
 2322, 0, 358.679, 358.679, 358.819, 0.14, 290, 358.819, 359.738, 0.919, 1277, 2, 359.738, 359.79, 0.052, 82,     1.111,
 2324, 0, 359.206, 359.206, 359.258, 0.052, 104, 359.258, 359.974, 0.716, 1589, 2, 359.974, 359.984, 0.01, 1,     0.777,
 2323, 0, 358.991, 358.991, 359.011, 0.019, 39, 359.011, 359.987, 0.976, 1142, 2, 359.987, 360.033, 0.046, 99,     1.042,
 2326, 0, 359.433, 359.433, 359.503, 0.07, 108, 359.503, 360.422, 0.919, 1369, 2, 360.422, 360.432, 0.01, 17,     0.999,
 2325, 0, 359.236, 359.236, 359.31, 0.074, 145, 359.31, 360.04, 0.729, 2009, 2, 360.04, 360.631, 0.591, 1196,     1.394,
 2328, 0, 359.648, 359.648, 359.705, 0.058, 95, 359.705, 360.432, 0.726, 1263, 2, 360.432, 360.8, 0.369, 757,     1.153,
 2329, 0, 359.68, 359.68, 359.691, 0.012, 23, 359.691, 360.408, 0.716, 1733, 2, 360.408, 360.841, 0.434, 867,     1.162,
 2327, 0, 359.481, 359.481, 359.481, 0, 1, 359.481, 360.716, 1.236, 2050, 2, 360.716, 360.871, 0.154, 309,     1.390,
 2330, 0, 360.212, 360.212, 360.235, 0.023, 49, 360.235, 361.155, 0.92, 1195, 2, 361.155, 361.165, 0.01, 12,     0.953,
 2334, 0, 360.411, 360.411, 360.455, 0.044, 11, 360.455, 361.171, 0.716, 1552, 2, 361.171, 361.171, 0, 9,     0.760,
 2335, 0, 360.516, 360.516, 360.56, 0.044, 94, 360.56, 361.283, 0.723, 1586, 2, 361.283, 361.333, 0.05, 100,     0.817,
 2332, 0, 360.344, 360.344, 360.441, 0.097, 208, 360.441, 361.438, 0.997, 1082, 2, 361.438, 361.448, 0.01, 18,     1.104,
 2331, 0, 360.314, 360.314, 360.337, 0.024, 47, 360.337, 361.623, 1.285, 1290, 2, 361.623, 361.788, 0.166, 332,     1.475,
 2336, 0, 360.585, 360.585, 360.681, 0.096, 185, 360.681, 361.852, 1.172, 1274, 2, 361.852, 361.852, 0, 3,     1.267,
 2337, 0, 360.813, 360.813, 360.846, 0.033, 39, 360.846, 361.773, 0.927, 1759, 2, 361.773, 361.882, 0.109, 214,     1.070,
 2338, 0, 361.073, 361.073, 361.103, 0.029, 74, 361.103, 361.872, 0.77, 1997, 2, 361.872, 361.97, 0.098, 196,     0.897,
 2333, 0, 360.393, 360.393, 361.167, 0.774, 1528, 361.167, 362.087, 0.92, 1757, 2, 362.087, 362.097, 0.01, 19,     1.704,
 2341, 0, 361.816, 361.816, 361.847, 0.031, 62, 361.847, 362.563, 0.716, 1702, 2, 362.563, 362.587, 0.024, 48,     0.771,
 2340, 0, 361.517, 361.517, 361.547, 0.03, 43, 361.547, 362.61, 1.062, 1487, 2, 362.61, 362.644, 0.034, 69,     1.127,
 2339, 0, 361.499, 361.499, 361.517, 0.018, 32, 361.517, 362.813, 1.296, 1094, 2, 362.813, 362.829, 0.017, 33,     1.330,
 2342, 0, 362.777, 362.777, 362.786, 0.009, 4, 362.786, 363.504, 0.718, 1033, 2, 363.504, 363.558, 0.055, 109,     0.782,
 2346, 0, 362.882, 362.882, 362.892, 0.01, 18, 362.892, 363.608, 0.716, 1574, 2, 363.608, 363.694, 0.087, 173,     0.812,
 2345, 0, 362.846, 362.846, 362.979, 0.133, 266, 362.979, 363.753, 0.774, 1810, 2, 363.753, 363.764, 0.012, 23,     0.918,
 2344, 0, 362.811, 362.811, 362.811, 0, 2, 362.811, 363.731, 0.921, 1754, 2, 363.731, 363.784, 0.053, 77,     0.974,
 2343, 0, 362.786, 362.786, 362.797, 0.011, 33, 362.797, 363.959, 1.163, 1194, 2, 363.959, 363.977, 0.018, 36,     1.192,
 2348, 0, 363.344, 363.344, 363.55, 0.207, 413, 363.55, 364.266, 0.715, 756, 2, 364.266, 364.287, 0.022, 43,     0.943,
 2349, 0, 363.445, 363.445, 363.455, 0.01, 16, 363.455, 364.375, 0.921, 1133, 2, 364.375, 364.403, 0.027, 53,     0.958,
 2347, 0, 363.22, 363.22, 363.22, 0, 1, 363.22, 364.393, 1.172, 1304, 2, 364.393, 364.423, 0.03, 55,     1.202,
 2351, 0, 363.776, 363.776, 363.876, 0.1, 202, 363.876, 364.608, 0.732, 1936, 2, 364.608, 364.646, 0.038, 76,     0.870,
 2350, 0, 363.743, 363.743, 363.943, 0.2, 401, 363.943, 364.675, 0.732, 1867, 2, 364.675, 364.685, 0.01, 3,     0.942,
 2354, 0, 364.086, 364.086, 364.118, 0.032, 51, 364.118, 365.038, 0.92, 1914, 2, 365.038, 365.048, 0.01, 4,     0.962,
 2352, 0, 363.783, 363.783, 364.045, 0.262, 332, 364.045, 365.212, 1.168, 2178, 2, 365.212, 365.395, 0.183, 366,     1.613,
 2308, 0, 356.092, 356.092, 356.102, 0.01, 5, 356.102, 357.272, 1.17, 1479, 2, 357.272, 366.208, 8.936, 17872,    10.116,
 2355, 0, 364.231, 364.231, 365.303, 1.072, 2144, 365.303, 366.224, 0.921, 1435, 2, 366.224, 366.236, 0.012, 25,     2.005,
 2358, 0, 364.775, 364.775, 365.545, 0.77, 381, 365.545, 366.276, 0.731, 1532, 2, 366.276, 366.299, 0.022, 45,     1.524,
 2353, 0, 363.853, 363.853, 365.579, 1.726, 3246, 365.579, 366.303, 0.724, 1478, 2, 366.303, 366.303, 0, 2,     2.450,
 2357, 0, 364.411, 364.411, 365.349, 0.938, 11, 365.349, 366.473, 1.124, 1844, 2, 366.473, 366.483, 0.01, 14,     2.072,
 2362, 0, 364.934, 364.934, 365.627, 0.693, 1, 365.627, 366.538, 0.911, 1389, 2, 366.538, 366.552, 0.014, 27,     1.618,
 2361, 0, 364.868, 364.868, 365.641, 0.773, 94, 365.641, 366.518, 0.877, 990, 2, 366.518, 366.576, 0.058, 115,     1.708,
 2360, 0, 364.849, 364.849, 365.593, 0.744, 22, 365.593, 366.722, 1.129, 1378, 2, 366.722, 366.735, 0.013, 26,     1.886,
 2364, 0, 365.048, 365.048, 365.916, 0.868, 531, 365.916, 366.79, 0.873, 1344, 2, 366.79, 366.806, 0.017, 33,     1.758,
 2359, 0, 364.821, 364.821, 365.579, 0.758, 62, 365.579, 366.88, 1.3, 1082, 2, 366.88, 366.942, 0.062, 125,     2.121,
 2363, 0, 365.016, 365.016, 365.896, 0.88, 539, 365.896, 366.972, 1.076, 1714, 2, 366.972, 367.019, 0.047, 94,     2.004,
 2365, 0, 365.646, 365.646, 365.916, 0.27, 29, 365.916, 366.89, 0.973, 1624, 2, 366.89, 367.03, 0.141, 282,     1.384,
 2356, 0, 364.308, 364.308, 365.337, 1.029, 48, 365.337, 367.039, 1.702, 1662, 2, 367.039, 367.106, 0.067, 135,     2.798,
 2367, 0, 365.844, 365.844, 365.96, 0.116, 60, 365.96, 367.222, 1.262, 963, 2, 367.222, 367.234, 0.012, 24,     1.391,
 2368, 0, 365.959, 365.959, 366.003, 0.044, 74, 366.003, 367.291, 1.288, 774, 2, 367.291, 367.332, 0.04, 80,     1.372,
 2369, 0, 366.062, 366.062, 366.072, 0.01, 2, 366.072, 367.472, 1.4, 890, 2, 367.472, 367.497, 0.025, 50,     1.435,
 2371, 0, 366.161, 366.161, 366.171, 0.01, 15, 366.171, 367.554, 1.382, 1660, 2, 367.554, 367.604, 0.05, 100,     1.442,
 2366, 0, 365.655, 365.655, 365.94, 0.285, 37, 365.94, 367.628, 1.688, 1156, 2, 367.628, 367.692, 0.065, 129,     2.037,
 2373, 0, 366.214, 366.214, 366.505, 0.29, 574, 366.505, 367.648, 1.143, 1888, 2, 367.648, 367.731, 0.083, 150,     1.517,
 2372, 0, 366.209, 366.209, 366.339, 0.13, 257, 366.339, 367.721, 1.382, 1586, 2, 367.721, 367.741, 0.02, 33,     1.532,
 2374, 0, 366.348, 366.348, 366.427, 0.079, 175, 366.427, 367.971, 1.544, 1682, 2, 367.971, 368.017, 0.046, 93,     1.670,
 2375, 0, 366.353, 366.353, 366.477, 0.124, 100, 366.477, 368.059, 1.583, 1951, 2, 368.059, 368.075, 0.015, 31,     1.722,
 2370, 0, 366.135, 366.135, 366.209, 0.074, 138, 366.209, 368.158, 1.949, 1364, 2, 368.158, 368.254, 0.095, 196,     2.118,
 2377, 0, 367.538, 367.538, 367.538, 0, 1, 367.538, 368.97, 1.432, 1742, 2, 368.97, 368.98, 0.01, 29,     1.442,
 2380, 0, 367.853, 367.853, 367.946, 0.092, 201, 367.946, 369.067, 1.121, 1295, 2, 369.067, 369.177, 0.11, 212,     1.323,
 2376, 0, 367.078, 367.078, 367.123, 0.046, 91, 367.123, 368.471, 1.347, 1647, 2, 368.471, 369.289, 0.819, 1638,     2.211,
 2381, 0, 368.05, 368.05, 368.165, 0.115, 236, 368.165, 369.33, 1.165, 1816, 2, 369.33, 369.404, 0.075, 149,     1.354,
 2379, 0, 367.836, 367.836, 367.846, 0.01, 8, 367.846, 369.22, 1.375, 1239, 2, 369.22, 369.534, 0.314, 636,     1.699,
 2382, 0, 368.107, 368.107, 368.118, 0.01, 21, 368.118, 369.47, 1.353, 1415, 2, 369.47, 369.554, 0.084, 159,     1.447,
 2378, 0, 367.632, 367.632, 367.632, 0, 6, 367.632, 369.58, 1.948, 2175, 2, 369.58, 369.593, 0.014, 27,     1.961,
 2386, 0, 368.392, 368.392, 368.399, 0.007, 12, 368.399, 369.58, 1.181, 1532, 2, 369.58, 369.611, 0.031, 63,     1.219,
 2385, 0, 368.389, 368.389, 368.392, 0.003, 5, 368.392, 369.829, 1.437, 1366, 2, 369.829, 369.921, 0.092, 184,     1.532,
 2383, 0, 368.276, 368.276, 368.291, 0.014, 29, 368.291, 369.423, 1.132, 1874, 2, 369.423, 370.302, 0.879, 1758,     2.025,
 2388, 0, 369.68, 369.68, 369.694, 0.014, 29, 369.694, 370.411, 0.716, 1190, 2, 370.411, 370.439, 0.029, 65,     0.759,
 2387, 0, 369.448, 369.448, 369.487, 0.039, 78, 369.487, 370.407, 0.92, 1336, 2, 370.407, 370.461, 0.054, 108,     1.013,
 2384, 0, 368.341, 368.341, 368.351, 0.01, 12, 368.351, 369.72, 1.369, 1783, 2, 369.72, 370.598, 0.878, 1757,     2.257,
 2391, 0, 369.824, 369.824, 369.837, 0.013, 26, 369.837, 370.66, 0.823, 2172, 2, 370.66, 370.67, 0.01, 7,     0.846,
 2389, 0, 369.767, 369.767, 369.824, 0.057, 111, 369.824, 370.833, 1.009, 1785, 2, 370.833, 370.843, 0.01, 10,     1.076,
 2395, 0, 370.245, 370.245, 370.313, 0.068, 136, 370.313, 371.034, 0.721, 1487, 2, 371.034, 371.068, 0.034, 68,     0.823,
 2392, 0, 369.937, 369.937, 370.17, 0.233, 456, 370.17, 371.082, 0.912, 1622, 2, 371.082, 371.097, 0.015, 30,     1.160,
 2393, 0, 369.993, 369.993, 370.013, 0.019, 39, 370.013, 371.234, 1.221, 1933, 2, 371.234, 371.263, 0.029, 59,     1.270,
 2398, 0, 370.558, 370.558, 370.632, 0.074, 20, 370.632, 371.348, 0.715, 1388, 2, 371.348, 371.358, 0.01, 13,     0.800,
 2390, 0, 369.791, 369.791, 369.808, 0.017, 34, 369.808, 370.984, 1.176, 1909, 2, 370.984, 371.368, 0.384, 761,     1.577,
 2396, 0, 370.284, 370.284, 370.327, 0.043, 23, 370.327, 371.497, 1.17, 1638, 2, 371.497, 371.509, 0.012, 24,     1.225,
 2397, 0, 370.533, 370.533, 370.622, 0.09, 152, 370.622, 371.539, 0.916, 1757, 2, 371.539, 371.573, 0.034, 68,     1.040,
 2400, 0, 370.904, 370.904, 370.993, 0.089, 155, 370.993, 371.721, 0.728, 1059, 2, 371.721, 371.769, 0.048, 96,     0.865,
 2399, 0, 370.622, 370.622, 370.652, 0.03, 22, 370.652, 371.823, 1.171, 1358, 2, 371.823, 371.843, 0.02, 26,     1.220,
 2394, 0, 370.207, 370.207, 370.914, 0.707, 1424, 370.914, 371.851, 0.937, 1706, 2, 371.851, 372.038, 0.187, 390,     1.831,
 2401, 0, 370.996, 370.996, 371.034, 0.038, 82, 371.034, 372.335, 1.301, 1157, 2, 372.335, 372.359, 0.024, 49,     1.363,
 2403, 0, 371.442, 371.442, 371.452, 0.01, 2, 371.452, 372.544, 1.092, 1761, 2, 372.544, 372.554, 0.01, 7,     1.112,
 2402, 0, 371.347, 371.347, 371.374, 0.027, 54, 371.374, 372.294, 0.92, 1790, 2, 372.294, 372.624, 0.329, 659,     1.277,
 2404, 0, 371.842, 371.842, 371.986, 0.144, 289, 371.986, 372.71, 0.725, 1442, 2, 372.71, 372.808, 0.097, 188,     0.966,
 2406, 0, 372.327, 372.327, 372.337, 0.01, 20, 372.337, 373.047, 0.71, 1595, 2, 373.047, 373.144, 0.097, 194,     0.817,
 2405, 0, 372.195, 372.195, 372.208, 0.013, 26, 372.208, 373.129, 0.921, 956, 2, 373.129, 373.3, 0.171, 342,     1.105,
 2407, 0, 372.364, 372.364, 372.377, 0.013, 31, 372.377, 373.379, 1.002, 1361, 2, 373.379, 373.397, 0.019, 37,     1.033,
 2408, 0, 372.768, 372.768, 372.778, 0.01, 14, 372.778, 373.494, 0.716, 1707, 2, 373.494, 373.536, 0.043, 85,     0.768,
 2410, 0, 373.106, 373.106, 373.138, 0.033, 52, 373.138, 373.85, 0.712, 1321, 2, 373.85, 373.919, 0.068, 137,     0.813,
 2411, 0, 373.128, 373.128, 373.163, 0.035, 47, 373.163, 374.087, 0.923, 1503, 2, 374.087, 374.097, 0.01, 11,     0.968,
 2412, 0, 373.163, 373.163, 373.188, 0.025, 60, 373.188, 374.054, 0.866, 1374, 2, 374.054, 374.174, 0.119, 239,     1.010,
 2413, 0, 373.277, 373.277, 374.038, 0.761, 1508, 374.038, 374.836, 0.798, 1325, 2, 374.836, 374.846, 0.01, 9,     1.569,
 2416, 0, 373.877, 373.877, 374.028, 0.151, 38, 374.028, 374.951, 0.924, 1305, 2, 374.951, 374.963, 0.012, 23,     1.086,
 2417, 0, 373.956, 373.956, 374.073, 0.117, 90, 374.073, 374.992, 0.92, 1412, 2, 374.992, 375.043, 0.05, 101,     1.087,
 2415, 0, 373.494, 373.494, 374.008, 0.513, 315, 374.008, 375.016, 1.008, 1925, 2, 375.016, 375.177, 0.162, 324,     1.683,
 2419, 0, 374.144, 374.144, 374.152, 0.008, 7, 374.152, 375.282, 1.129, 1507, 2, 375.282, 375.292, 0.01, 6,     1.148,
 2414, 0, 373.315, 373.315, 373.846, 0.531, 1042, 373.846, 374.766, 0.919, 1841, 2, 374.766, 375.528, 0.762, 1505,     2.212,
 2418, 0, 374.103, 374.103, 374.133, 0.03, 39, 374.133, 375.603, 1.47, 1179, 2, 375.603, 375.69, 0.087, 178,     1.587,
 2420, 0, 374.152, 374.152, 374.2, 0.047, 92, 374.2, 375.201, 1.001, 1211, 2, 375.201, 375.767, 0.566, 1114,     1.615,
 2423, 0, 374.977, 374.977, 374.997, 0.02, 40, 374.997, 375.757, 0.76, 1038, 2, 375.757, 375.857, 0.099, 199,     0.879,
 2422, 0, 374.645, 374.645, 374.655, 0.01, 20, 374.655, 375.821, 1.166, 1432, 2, 375.821, 375.877, 0.056, 101,     1.232,
 2426, 0, 375.301, 375.301, 375.311, 0.01, 29, 375.311, 376.141, 0.829, 1493, 2, 376.141, 376.157, 0.017, 42,     0.856,
 2425, 0, 375.22, 375.22, 375.23, 0.01, 16, 375.23, 376.136, 0.906, 1691, 2, 376.136, 376.169, 0.033, 65,     0.949,
 2424, 0, 375.2, 375.2, 375.23, 0.03, 47, 375.23, 376.59, 1.36, 1615, 2, 376.59, 376.6, 0.01, 8,     1.400,
 2428, 0, 375.69, 375.69, 375.848, 0.158, 306, 375.848, 376.57, 0.722, 1952, 2, 376.57, 376.61, 0.04, 67,     0.920,
 2427, 0, 375.651, 375.651, 375.743, 0.092, 187, 375.743, 376.663, 0.92, 1623, 2, 376.663, 376.673, 0.01, 10,     1.022,
 2429, 0, 375.717, 375.717, 375.924, 0.207, 352, 375.924, 376.977, 1.053, 1739, 2, 376.977, 377.013, 0.036, 72,     1.296,
 2421, 0, 374.602, 374.602, 374.927, 0.325, 648, 374.927, 375.642, 0.715, 1727, 2, 375.642, 377.201, 1.559, 3118,     2.599,
 2430, 0, 375.797, 375.797, 375.912, 0.115, 105, 375.912, 377.107, 1.195, 1205, 2, 377.107, 377.221, 0.114, 194,     1.424,
 2432, 0, 376.083, 376.083, 376.247, 0.163, 312, 376.247, 377.226, 0.98, 2138, 2, 377.226, 377.342, 0.115, 242,     1.258,
 2437, 0, 376.485, 376.485, 376.528, 0.043, 19, 376.528, 377.286, 0.758, 1312, 2, 377.286, 377.395, 0.109, 219,     0.910,
 2431, 0, 375.925, 375.925, 376.034, 0.109, 207, 376.034, 377.444, 1.411, 1340, 2, 377.444, 377.466, 0.022, 43,     1.541,
 2434, 0, 376.312, 376.312, 376.518, 0.205, 398, 376.518, 377.476, 0.958, 1416, 2, 377.476, 377.49, 0.014, 48,     1.177,
 2438, 0, 376.6, 376.6, 376.615, 0.015, 35, 376.615, 377.363, 0.748, 1647, 2, 377.363, 377.57, 0.206, 413,     0.970,
 2436, 0, 376.468, 376.468, 376.528, 0.06, 80, 376.528, 377.694, 1.166, 1521, 2, 377.694, 377.704, 0.01, 2,     1.236,
 2439, 0, 376.622, 376.622, 376.622, 0, 6, 376.622, 378.042, 1.42, 1128, 2, 378.042, 378.052, 0.01, 18,     1.430,
 2442, 0, 377.184, 377.184, 377.203, 0.02, 39, 377.203, 378.122, 0.919, 1498, 2, 378.122, 378.137, 0.015, 30,     0.953,
 2435, 0, 376.434, 376.434, 376.485, 0.051, 6, 376.485, 377.666, 1.181, 1764, 2, 377.666, 378.236, 0.57, 1140,     1.801,
 2447, 0, 377.567, 377.567, 377.576, 0.009, 12, 377.576, 378.312, 0.735, 1964, 2, 378.312, 378.322, 0.01, 3,     0.755,
 2443, 0, 377.285, 377.285, 377.562, 0.277, 569, 377.562, 378.354, 0.792, 836, 2, 378.354, 378.385, 0.031, 61,     1.100,
 2446, 0, 377.415, 377.415, 377.493, 0.078, 7, 377.493, 378.406, 0.913, 1356, 2, 378.406, 378.416, 0.01, 14,     1.000,
 2440, 0, 376.786, 376.786, 376.796, 0.01, 11, 376.796, 377.725, 0.93, 1569, 2, 377.725, 378.499, 0.774, 1549,     1.714,
 2444, 0, 377.337, 377.337, 377.347, 0.01, 3, 377.347, 378.105, 0.758, 1452, 2, 378.105, 378.568, 0.464, 928,     1.231,
 2441, 0, 377.166, 377.166, 377.203, 0.037, 59, 377.203, 378.604, 1.401, 1738, 2, 378.604, 378.625, 0.022, 43,     1.459,
 2433, 0, 376.227, 376.227, 376.478, 0.251, 502, 376.478, 377.19, 0.712, 2192, 2, 377.19, 378.678, 1.488, 2965,     2.451,
 2448, 0, 377.727, 377.727, 377.767, 0.039, 97, 377.767, 378.688, 0.921, 1816, 2, 378.688, 378.718, 0.03, 66,     0.990,
 2449, 0, 377.75, 377.75, 377.787, 0.037, 51, 377.787, 378.868, 1.081, 1423, 2, 378.868, 378.947, 0.079, 158,     1.197,
 2451, 0, 378.632, 378.632, 378.657, 0.026, 39, 378.657, 379.384, 0.727, 1595, 2, 379.384, 379.432, 0.048, 96,     0.801,
 2450, 0, 378.549, 378.549, 378.595, 0.046, 53, 378.595, 379.515, 0.92, 1701, 2, 379.515, 379.529, 0.014, 27,     0.980,
 2455, 0, 378.956, 378.956, 378.966, 0.01, 4, 378.966, 379.676, 0.709, 1619, 2, 379.676, 379.696, 0.02, 28,     0.739,
 2409, 0, 373.034, 373.034, 373.158, 0.125, 236, 373.158, 374.325, 1.166, 1843, 2, 374.325, 379.869, 5.545, 11090,     6.835,
 2445, 0, 377.39, 377.39, 377.473, 0.083, 144, 377.473, 378.898, 1.425, 2149, 2, 378.898, 379.912, 1.014, 2029,     2.522,
 2453, 0, 378.868, 378.868, 378.882, 0.014, 28, 378.882, 379.809, 0.927, 1558, 2, 379.809, 379.991, 0.182, 374,     1.123,
 2452, 0, 378.687, 378.687, 378.726, 0.039, 78, 378.726, 379.981, 1.254, 1263, 2, 379.981, 380.025, 0.044, 89,     1.337,
 2457, 0, 379.189, 379.189, 379.271, 0.082, 171, 379.271, 379.999, 0.729, 1886, 2, 379.999, 380.045, 0.046, 110,     0.857,
 2454, 0, 378.925, 378.925, 379.078, 0.153, 280, 379.078, 380.059, 0.98, 1992, 2, 380.059, 380.096, 0.038, 75,     1.171,
 2460, 0, 379.628, 379.628, 379.638, 0.01, 6, 379.638, 380.351, 0.713, 1036, 2, 380.351, 380.425, 0.074, 148,     0.797,
 2456, 0, 378.988, 378.988, 379.058, 0.07, 145, 379.058, 380.491, 1.432, 1305, 2, 380.491, 380.512, 0.021, 42,     1.523,
 2459, 0, 379.544, 379.544, 379.591, 0.047, 94, 379.591, 380.515, 0.923, 1789, 2, 380.515, 380.638, 0.123, 252,     1.093,
 2463, 0, 379.972, 379.972, 379.972, 0, 6, 379.972, 380.691, 0.719, 1751, 2, 380.691, 380.75, 0.059, 101,     0.778,
 2461, 0, 379.645, 379.645, 379.645, 0, 10, 379.645, 380.74, 1.095, 1578, 2, 380.74, 380.75, 0.01, 1,     1.105,
 2464, 0, 380.021, 380.021, 380.07, 0.049, 98, 380.07, 380.794, 0.724, 1531, 2, 380.794, 380.816, 0.022, 45,     0.795,
 2462, 0, 379.785, 379.785, 379.795, 0.01, 34, 379.795, 380.765, 0.969, 1180, 2, 380.765, 380.832, 0.067, 145,     1.047,
 2458, 0, 379.466, 379.466, 379.662, 0.196, 387, 379.662, 380.969, 1.307, 1735, 2, 380.969, 380.979, 0.01, 8,     1.513,
 2465, 0, 380.333, 380.333, 380.356, 0.022, 45, 380.356, 381.075, 0.719, 1425, 2, 381.075, 381.112, 0.036, 73,     0.778,
 2466, 0, 380.49, 380.49, 380.499, 0.009, 20, 380.499, 381.42, 0.921, 1673, 2, 381.42, 381.439, 0.019, 39,     0.949,
 2467, 0, 380.648, 380.648, 380.702, 0.054, 71, 380.702, 381.669, 0.968, 1252, 2, 381.669, 381.716, 0.047, 94,     1.069,
 2471, 0, 381.066, 381.066, 381.076, 0.01, 11, 381.076, 381.8, 0.724, 2079, 2, 381.8, 381.829, 0.029, 59,     0.763,
 2470, 0, 380.984, 380.984, 381.012, 0.028, 17, 381.012, 382.009, 0.997, 1258, 2, 382.009, 382.055, 0.046, 92,     1.070,
 2473, 0, 381.355, 381.355, 381.375, 0.02, 40, 381.375, 382.101, 0.727, 1632, 2, 382.101, 382.22, 0.119, 238,     0.866,
 2474, 0, 381.405, 381.405, 381.435, 0.03, 60, 381.435, 382.179, 0.744, 1747, 2, 382.179, 382.24, 0.061, 108,     0.835,
 2472, 0, 381.133, 381.133, 381.27, 0.137, 274, 381.27, 382.258, 0.988, 1382, 2, 382.258, 382.363, 0.105, 210,     1.230,
 2468, 0, 380.77, 380.77, 381.678, 0.908, 1806, 381.678, 382.435, 0.756, 1557, 2, 382.435, 382.455, 0.02, 22,     1.685,
 2469, 0, 380.94, 380.94, 380.996, 0.056, 116, 380.996, 382.353, 1.357, 1838, 2, 382.353, 382.506, 0.153, 306,     1.566,
 2476, 0, 381.435, 381.435, 381.559, 0.123, 46, 381.559, 382.508, 0.95, 1188, 2, 382.508, 382.66, 0.152, 309,     1.225,
 2475, 0, 381.414, 381.414, 381.532, 0.118, 174, 381.532, 382.714, 1.182, 1832, 2, 382.714, 382.724, 0.01, 8,     1.310,
 2481, 0, 382.276, 382.276, 382.375, 0.099, 64, 382.375, 383.105, 0.73, 1500, 2, 383.105, 383.115, 0.01, 16,     0.839,
 2480, 0, 382.266, 382.266, 382.341, 0.075, 10, 382.341, 383.105, 0.764, 924, 2, 383.105, 383.2, 0.094, 189,     0.934,
 2479, 0, 382.164, 382.164, 382.341, 0.177, 318, 382.341, 383.307, 0.966, 1737, 2, 383.307, 383.334, 0.026, 48,     1.170,
 2478, 0, 382.127, 382.127, 382.321, 0.194, 397, 382.321, 383.572, 1.251, 1482, 2, 383.572, 383.608, 0.036, 42,     1.481,
 2483, 0, 382.844, 382.844, 382.884, 0.04, 58, 382.884, 383.672, 0.788, 1655, 2, 383.672, 383.682, 0.01, 17,     0.837,
 2477, 0, 381.549, 381.549, 381.601, 0.052, 67, 381.601, 382.616, 1.016, 1818, 2, 382.616, 383.864, 1.248, 2497,     2.316,
 2482, 0, 382.72, 382.72, 382.802, 0.082, 164, 382.802, 383.822, 1.02, 1312, 2, 383.822, 383.922, 0.099, 181,     1.201,
 2489, 0, 383.151, 383.151, 383.161, 0.01, 12, 383.161, 384.185, 1.024, 1922, 2, 384.185, 384.195, 0.01, 3,     1.044,
 2485, 0, 382.926, 382.926, 382.936, 0.01, 2, 382.936, 384.072, 1.136, 1579, 2, 384.072, 384.257, 0.184, 371,     1.331,
 2488, 0, 383.096, 383.096, 383.119, 0.023, 28, 383.119, 384.322, 1.204, 1794, 2, 384.322, 384.335, 0.013, 26,     1.240,
 2493, 0, 383.582, 383.582, 383.638, 0.055, 18, 383.638, 384.37, 0.732, 1282, 2, 384.37, 384.384, 0.014, 29,     0.802,
 2487, 0, 383.054, 383.054, 383.096, 0.041, 77, 383.096, 384.434, 1.338, 1793, 2, 384.434, 384.444, 0.01, 1,     1.389,
 2484, 0, 382.909, 382.909, 382.987, 0.078, 156, 382.987, 383.922, 0.935, 1643, 2, 383.922, 384.512, 0.59, 1181,     1.603,
 2492, 0, 383.558, 383.558, 383.624, 0.066, 132, 383.624, 384.446, 0.822, 1641, 2, 384.446, 384.548, 0.102, 208,     0.989,
 2491, 0, 383.392, 383.392, 383.54, 0.148, 297, 383.54, 384.572, 1.031, 1187, 2, 384.572, 384.62, 0.048, 97,     1.228,
 2496, 0, 384.642, 384.642, 384.924, 0.282, 35, 384.924, 385.64, 0.716, 1794, 2, 385.64, 385.682, 0.042, 76,     1.040,
 2497, 0, 384.785, 384.785, 384.938, 0.153, 2, 384.938, 385.672, 0.734, 1249, 2, 385.672, 385.702, 0.03, 60,     0.917,
 2486, 0, 383.029, 383.029, 383.07, 0.042, 84, 383.07, 383.799, 0.729, 1680, 2, 383.799, 385.884, 2.085, 4171,     2.856,
 2501, 0, 385.004, 385.004, 385.082, 0.078, 58, 385.082, 385.923, 0.842, 1482, 2, 385.923, 385.933, 0.01, 14,     0.930,
 2499, 0, 384.859, 384.859, 385.053, 0.193, 83, 385.053, 385.889, 0.837, 1148, 2, 385.889, 385.946, 0.057, 125,     1.087,
 2500, 0, 384.938, 384.938, 385.116, 0.178, 142, 385.116, 385.909, 0.794, 1211, 2, 385.909, 386.258, 0.349, 699,     1.320,
 2498, 0, 384.803, 384.803, 385, 0.197, 108, 385, 386.355, 1.355, 1797, 2, 386.355, 386.366, 0.011, 22,     1.563,
 2495, 0, 384.55, 384.55, 384.89, 0.34, 67, 384.89, 385.812, 0.923, 1618, 2, 385.812, 386.486, 0.674, 1348,     1.937,
 2490, 0, 383.325, 383.325, 384.856, 1.531, 3069, 384.856, 386.062, 1.206, 1511, 2, 386.062, 386.667, 0.604, 1209,     3.342,
 2502, 0, 385.969, 385.969, 386.051, 0.082, 160, 386.051, 386.765, 0.715, 1302, 2, 386.765, 386.811, 0.045, 85,     0.842,
 2494, 0, 384.54, 384.54, 385.039, 0.499, 1010, 385.039, 386.312, 1.273, 1700, 2, 386.312, 387.025, 0.713, 1415,     2.485,
 2504, 0, 386.041, 386.041, 386.292, 0.251, 471, 386.292, 387.015, 0.723, 1102, 2, 387.015, 387.035, 0.02, 39,     0.994,
 2503, 0, 385.977, 385.977, 386.002, 0.026, 66, 386.002, 387.051, 1.049, 1964, 2, 387.051, 387.102, 0.051, 116,     1.126,
 2505, 0, 386.59, 386.59, 386.6, 0.01, 1, 386.6, 387.514, 0.915, 1529, 2, 387.514, 387.635, 0.121, 242,     1.046,
 2507, 0, 386.976, 386.976, 386.997, 0.021, 42, 386.997, 387.713, 0.716, 1826, 2, 387.713, 387.744, 0.031, 61,     0.768,
 2506, 0, 386.922, 386.922, 386.932, 0.01, 12, 386.932, 387.853, 0.921, 928, 2, 387.853, 387.926, 0.073, 146,     1.004,
 2510, 0, 387.414, 387.414, 387.424, 0.01, 1, 387.424, 388.187, 0.763, 1720, 2, 388.187, 388.242, 0.056, 111,     0.828,
 2509, 0, 387.372, 387.372, 387.403, 0.031, 41, 387.403, 388.32, 0.918, 1438, 2, 388.32, 388.33, 0.01, 18,     0.958,
 2511, 0, 387.485, 387.485, 387.587, 0.102, 165, 387.587, 388.31, 0.723, 1232, 2, 388.31, 388.347, 0.037, 75,     0.862,
 2508, 0, 387.341, 387.341, 387.351, 0.01, 7, 387.351, 388.565, 1.214, 1811, 2, 388.565, 388.575, 0.01, 15,     1.234,
 2513, 0, 387.72, 387.72, 387.777, 0.057, 115, 387.777, 388.499, 0.722, 1607, 2, 388.499, 388.632, 0.133, 266,     0.912,
 2515, 0, 387.796, 387.796, 387.808, 0.012, 35, 387.808, 388.815, 1.007, 1751, 2, 388.815, 388.868, 0.053, 106,     1.072,
 2516, 0, 387.95, 387.95, 387.96, 0.01, 27, 387.96, 388.917, 0.957, 665, 2, 388.917, 388.928, 0.011, 22,     0.978,
 2514, 0, 387.724, 387.724, 387.734, 0.01, 28, 387.734, 388.667, 0.933, 687, 2, 388.667, 389.148, 0.481, 962,     1.423,
 2519, 0, 388.414, 388.414, 388.44, 0.026, 27, 388.44, 389.186, 0.746, 1251, 2, 389.186, 389.201, 0.015, 30,     0.787,
 2512, 0, 387.642, 387.642, 387.652, 0.01, 9, 387.652, 389.206, 1.554, 1384, 2, 389.206, 389.217, 0.01, 31,     1.575,
 2523, 0, 388.737, 388.737, 388.767, 0.03, 60, 388.767, 389.488, 0.721, 1882, 2, 389.488, 389.498, 0.01, 9,     0.761,
 2524, 0, 388.795, 388.795, 388.808, 0.014, 27, 388.808, 389.528, 0.72, 1799, 2, 389.528, 389.552, 0.024, 48,     0.757,
 2521, 0, 388.616, 388.616, 388.637, 0.021, 23, 388.637, 389.593, 0.956, 1449, 2, 389.593, 389.695, 0.102, 204,     1.080,
 2517, 0, 388.373, 388.373, 388.392, 0.019, 54, 388.392, 389.737, 1.345, 1115, 2, 389.737, 389.763, 0.026, 51,     1.390,
 2520, 0, 388.601, 388.601, 388.637, 0.036, 73, 388.637, 389.802, 1.164, 1502, 2, 389.802, 389.812, 0.01, 5,     1.211,
 2522, 0, 388.669, 388.669, 389.007, 0.338, 677, 389.007, 389.928, 0.92, 1355, 2, 389.928, 389.987, 0.059, 106,     1.317,
 2525, 0, 389.076, 389.076, 389.103, 0.027, 41, 389.103, 389.987, 0.884, 1624, 2, 389.987, 390.038, 0.052, 104,     0.962,
 2529, 0, 389.571, 389.571, 389.575, 0.004, 6, 389.575, 390.296, 0.721, 1660, 2, 390.296, 390.306, 0.01, 19,     0.735,
 2527, 0, 389.417, 389.417, 389.427, 0.01, 3, 389.427, 390.604, 1.177, 1573, 2, 390.604, 390.614, 0.01, 15,     1.197,
 2530, 0, 390.084, 390.084, 390.084, 0, 2, 390.084, 391, 0.916, 1430, 2, 391, 391.01, 0.01, 4,     0.926,
 2534, 0, 390.211, 390.211, 390.313, 0.102, 180, 390.313, 391.049, 0.736, 1496, 2, 391.049, 391.061, 0.012, 25,     0.850,
 2533, 0, 390.193, 390.193, 390.282, 0.09, 180, 390.282, 391.079, 0.796, 1293, 2, 391.079, 391.221, 0.143, 286,     1.029,
 2531, 0, 390.099, 390.099, 390.109, 0.01, 16, 390.109, 390.829, 0.721, 1546, 2, 390.829, 391.266, 0.437, 874,     1.167,
 2532, 0, 390.159, 390.159, 390.159, 0, 5, 390.159, 391.25, 1.091, 1521, 2, 391.25, 391.321, 0.072, 144,     1.163,
 2536, 0, 390.396, 390.396, 390.406, 0.01, 21, 390.406, 391.366, 0.96, 1742, 2, 391.366, 391.38, 0.014, 29,     0.984,
 2528, 0, 389.545, 389.545, 389.695, 0.151, 271, 389.695, 391.109, 1.414, 1545, 2, 391.109, 391.437, 0.328, 657,     1.892,
 2537, 0, 390.432, 390.432, 390.558, 0.126, 243, 390.558, 391.738, 1.18, 1704, 2, 391.738, 391.752, 0.014, 28,     1.320,
 2538, 0, 391.055, 391.055, 391.075, 0.021, 41, 391.075, 391.995, 0.92, 1637, 2, 391.995, 392.005, 0.01, 5,     0.951,
 2540, 0, 391.366, 391.366, 391.417, 0.051, 57, 391.417, 392.133, 0.716, 1206, 2, 392.133, 392.153, 0.019, 39,     0.787,
 2526, 0, 389.348, 389.348, 389.571, 0.223, 440, 389.571, 390.5, 0.93, 1072, 2, 390.5, 392.173, 1.672, 3324,     2.825,
 2535, 0, 390.363, 390.363, 391.483, 1.119, 2239, 391.483, 392.205, 0.722, 1669, 2, 392.205, 392.218, 0.013, 26,     1.855,
 2539, 0, 391.24, 391.24, 391.389, 0.149, 298, 391.389, 392.31, 0.921, 1902, 2, 392.31, 392.332, 0.022, 45,     1.092,
 2518, 0, 388.392, 388.392, 388.414, 0.022, 44, 388.414, 389.344, 0.93, 1252, 2, 389.344, 392.757, 3.413, 6827,     4.365,
 2543, 0, 391.957, 391.957, 392.156, 0.199, 412, 392.156, 392.868, 0.712, 1779, 2, 392.868, 392.878, 0.01, 14,     0.921,
 2542, 0, 391.94, 391.94, 391.95, 0.01, 19, 391.95, 392.689, 0.739, 1156, 2, 392.689, 392.971, 0.283, 566,     1.031,
 2541, 0, 391.819, 391.819, 391.932, 0.112, 225, 391.932, 392.852, 0.921, 1430, 2, 392.852, 392.991, 0.139, 239,     1.172,
 2546, 0, 392.399, 392.399, 392.414, 0.014, 48, 392.414, 393.129, 0.716, 1381, 2, 393.129, 393.184, 0.054, 109,     0.785,
 2544, 0, 392.34, 392.34, 392.35, 0.01, 1, 392.35, 393.271, 0.92, 1074, 2, 393.271, 393.281, 0.01, 9,     0.940,
 2548, 0, 392.615, 392.615, 392.709, 0.094, 10, 392.709, 393.435, 0.726, 1274, 2, 393.435, 393.776, 0.34, 681,     1.161,
 2545, 0, 392.375, 392.375, 392.908, 0.534, 1047, 392.908, 393.866, 0.958, 1669, 2, 393.866, 393.933, 0.066, 133,     1.558,
 2553, 0, 393.318, 393.318, 393.329, 0.011, 22, 393.329, 394.064, 0.734, 1535, 2, 394.064, 394.074, 0.01, 12,     0.755,
 2547, 0, 392.599, 392.599, 392.697, 0.098, 196, 392.697, 393.616, 0.92, 1453, 2, 393.616, 394.084, 0.467, 924,     1.485,
 2549, 0, 392.798, 392.798, 392.827, 0.029, 58, 392.827, 394.074, 1.246, 1544, 2, 394.074, 394.126, 0.052, 93,     1.328,
 2551, 0, 393.02, 393.02, 393.065, 0.045, 103, 393.065, 394.116, 1.05, 1681, 2, 394.116, 394.26, 0.144, 288,     1.240,
 2552, 0, 393.078, 393.078, 393.363, 0.286, 548, 393.363, 394.324, 0.961, 2000, 2, 394.324, 394.334, 0.01, 4,     1.256,
 2550, 0, 392.879, 392.879, 393.046, 0.167, 340, 393.046, 394.314, 1.268, 1656, 2, 394.314, 394.36, 0.046, 93,     1.482,
 2555, 0, 393.621, 393.621, 393.633, 0.012, 25, 393.633, 394.563, 0.93, 1596, 2, 394.563, 394.573, 0.01, 1,     0.952,
 2556, 0, 393.735, 393.735, 393.803, 0.068, 124, 393.803, 394.779, 0.977, 1806, 2, 394.779, 394.788, 0.009, 26,     1.054,
 2554, 0, 393.569, 393.569, 393.609, 0.04, 87, 393.609, 394.53, 0.921, 2149, 2, 394.53, 394.831, 0.301, 616,     1.262,
 2557, 0, 393.899, 393.899, 393.991, 0.092, 159, 393.991, 394.814, 0.824, 1618, 2, 394.814, 394.94, 0.126, 252,     1.042,
 2560, 0, 394.154, 394.154, 394.188, 0.034, 68, 394.188, 395.118, 0.93, 1818, 2, 395.118, 395.136, 0.017, 35,     0.982,
 2563, 0, 394.406, 394.406, 394.497, 0.091, 198, 394.497, 395.231, 0.734, 1627, 2, 395.231, 395.419, 0.188, 377,     1.013,
 2558, 0, 393.991, 393.991, 394.053, 0.062, 110, 394.053, 395.231, 1.178, 978, 2, 395.231, 395.506, 0.275, 539,     1.515,
 2561, 0, 394.19, 394.19, 394.262, 0.072, 134, 394.262, 395.368, 1.106, 1755, 2, 395.368, 395.558, 0.19, 380,     1.369,
 2566, 0, 395.017, 395.017, 395.027, 0.01, 18, 395.027, 395.746, 0.719, 1323, 2, 395.746, 395.822, 0.076, 156,     0.805,
 2564, 0, 394.54, 394.54, 394.553, 0.014, 39, 394.553, 395.734, 1.18, 1431, 2, 395.734, 395.862, 0.128, 256,     1.322,
 2559, 0, 394.129, 394.129, 394.232, 0.104, 218, 394.232, 395.496, 1.264, 1756, 2, 395.496, 395.913, 0.417, 824,     1.785,
 2562, 0, 394.342, 394.342, 394.966, 0.625, 1250, 394.966, 395.903, 0.937, 1229, 2, 395.903, 395.923, 0.02, 40,     1.582,
 2569, 0, 395.324, 395.324, 395.334, 0.01, 9, 395.334, 396.05, 0.717, 1471, 2, 396.05, 396.05, 0, 1,     0.727,
 2567, 0, 395.123, 395.123, 395.135, 0.012, 23, 395.135, 396.31, 1.175, 1997, 2, 396.31, 396.455, 0.144, 289,     1.331,
 2565, 0, 394.796, 394.796, 395.312, 0.517, 1034, 395.312, 396.231, 0.919, 1437, 2, 396.231, 396.554, 0.323, 646,     1.759,
 2568, 0, 395.176, 395.176, 395.455, 0.279, 559, 395.455, 396.834, 1.378, 1428, 2, 396.834, 396.871, 0.037, 74,     1.694,
 2574, 0, 396.157, 396.157, 396.167, 0.01, 3, 396.167, 396.893, 0.726, 1641, 2, 396.893, 396.903, 0.01, 20,     0.746,
 2571, 0, 395.941, 395.941, 396.001, 0.06, 111, 396.001, 396.929, 0.928, 1682, 2, 396.929, 396.966, 0.038, 75,     1.026,
 2570, 0, 395.83, 395.83, 396.036, 0.206, 414, 396.036, 397.208, 1.172, 1461, 2, 397.208, 397.218, 0.01, 14,     1.388,
 2573, 0, 396.085, 396.085, 396.125, 0.04, 80, 396.125, 396.861, 0.736, 1574, 2, 396.861, 397.228, 0.368, 732,     1.144,
 2577, 0, 396.873, 396.873, 396.912, 0.039, 79, 396.912, 397.776, 0.863, 1205, 2, 397.776, 397.786, 0.01, 18,     0.913,
 2572, 0, 395.969, 395.969, 396.056, 0.087, 73, 396.056, 397.179, 1.123, 1422, 2, 397.179, 397.842, 0.663, 1339,     1.873,
 2576, 0, 396.836, 396.836, 396.873, 0.037, 68, 396.873, 397.794, 0.921, 1599, 2, 397.794, 397.885, 0.091, 199,     1.049,
 2581, 0, 397.392, 397.392, 397.441, 0.049, 7, 397.441, 398.176, 0.735, 1718, 2, 398.176, 398.186, 0.01, 8,     0.794,
 2578, 0, 396.875, 396.875, 397.334, 0.459, 844, 397.334, 398.28, 0.946, 1015, 2, 398.28, 398.29, 0.01, 1,     1.415,
 2575, 0, 396.83, 396.83, 397.081, 0.251, 502, 397.081, 398.433, 1.352, 1502, 2, 398.433, 398.502, 0.07, 139,     1.672,
 2583, 0, 397.722, 397.722, 397.789, 0.068, 147, 397.789, 398.526, 0.736, 1807, 2, 398.526, 398.568, 0.043, 85,     0.847,
 2579, 0, 396.928, 396.928, 397.427, 0.499, 693, 397.427, 398.161, 0.734, 1779, 2, 398.161, 398.634, 0.473, 947,     1.707,
 2582, 0, 397.697, 397.697, 397.716, 0.019, 39, 397.716, 398.636, 0.92, 1341, 2, 398.636, 398.646, 0.01, 10,     0.950,
 2586, 0, 398.068, 398.068, 398.078, 0.01, 2, 398.078, 398.807, 0.729, 1369, 2, 398.807, 398.819, 0.012, 25,     0.751,
 2580, 0, 397.313, 397.313, 397.824, 0.511, 980, 397.824, 398.929, 1.104, 1702, 2, 398.929, 398.939, 0.01, 13,     1.625,
 2585, 0, 397.945, 397.945, 397.945, 0, 8, 397.945, 398.776, 0.83, 1081, 2, 398.776, 399.027, 0.251, 503,     1.081,
 2588, 0, 398.361, 398.361, 398.384, 0.023, 46, 398.384, 399.121, 0.737, 1993, 2, 399.121, 399.141, 0.02, 29,     0.780,
 2587, 0, 398.119, 398.119, 398.119, 0, 2, 398.119, 399.179, 1.06, 1932, 2, 399.179, 399.189, 0.01, 28,     1.070,
 2584, 0, 397.749, 397.749, 397.803, 0.054, 21, 397.803, 399.08, 1.277, 1548, 2, 399.08, 399.34, 0.26, 516,     1.591,
 2589, 0, 398.589, 398.589, 398.687, 0.098, 195, 398.687, 399.412, 0.725, 1627, 2, 399.412, 399.469, 0.057, 114,     0.879,
 2591, 0, 398.755, 398.755, 398.765, 0.01, 16, 398.765, 399.486, 0.721, 961, 2, 399.486, 399.499, 0.012, 25,     0.744,
 2592, 0, 398.86, 398.86, 398.87, 0.01, 14, 398.87, 399.599, 0.729, 1992, 2, 399.599, 399.609, 0.01, 20,     0.749,
 2590, 0, 398.645, 398.645, 398.655, 0.01, 10, 398.655, 399.575, 0.92, 1459, 2, 399.575, 399.761, 0.186, 372,     1.116,
 2593, 0, 398.946, 398.946, 399.012, 0.066, 133, 399.012, 399.932, 0.92, 1321, 2, 399.932, 399.985, 0.052, 90,     1.039,
 2596, 0, 399.384, 399.384, 399.419, 0.035, 78, 399.419, 400.185, 0.766, 1933, 2, 400.185, 400.213, 0.029, 62,     0.830,
 2594, 0, 399.221, 399.221, 399.265, 0.044, 66, 399.265, 400.182, 0.917, 1283, 2, 400.182, 400.225, 0.043, 86,     1.004,
 2595, 0, 399.348, 399.348, 399.358, 0.01, 12, 399.358, 400.231, 0.873, 1706, 2, 400.231, 400.25, 0.019, 48,     0.901,
 2598, 0, 399.809, 399.809, 399.809, 0, 6, 399.809, 400.515, 0.706, 1490, 2, 400.515, 400.595, 0.08, 161,     0.786,
 2597, 0, 399.72, 399.72, 399.765, 0.045, 102, 399.765, 400.679, 0.914, 1525, 2, 400.679, 400.689, 0.01, 9,     0.969,
 2599, 0, 399.979, 399.979, 399.992, 0.012, 30, 399.992, 401.216, 1.224, 1181, 2, 401.216, 401.238, 0.022, 38,     1.258,
 2600, 0, 400.588, 400.588, 400.598, 0.01, 1, 400.598, 401.516, 0.918, 1244, 2, 401.516, 401.538, 0.022, 45,     0.950,
 2601, 0, 400.714, 400.714, 400.864, 0.15, 282, 400.864, 401.634, 0.77, 1598, 2, 401.634, 401.68, 0.046, 92,     0.966,
 2603, 0, 400.854, 400.854, 400.904, 0.05, 86, 400.904, 401.714, 0.81, 961, 2, 401.714, 401.751, 0.037, 74,     0.897,
 2602, 0, 400.745, 400.745, 400.769, 0.023, 65, 400.769, 401.766, 0.997, 1581, 2, 401.766, 401.776, 0.01, 9,     1.030,
 2605, 0, 401.362, 401.362, 401.434, 0.072, 144, 401.434, 402.354, 0.92, 1555, 2, 402.354, 402.371, 0.017, 34,     1.009,
 2607, 0, 401.726, 401.726, 401.977, 0.251, 150, 401.977, 402.688, 0.711, 2028, 2, 402.688, 402.708, 0.02, 40,     0.982,
 2608, 0, 401.746, 401.746, 401.987, 0.242, 1, 401.987, 402.708, 0.721, 1493, 2, 402.708, 402.753, 0.045, 90,     1.008,
 2604, 0, 400.993, 400.993, 402.056, 1.064, 2140, 402.056, 402.773, 0.717, 1221, 2, 402.773, 402.783, 0.01, 17,     1.791,
 2606, 0, 401.718, 401.718, 401.897, 0.179, 359, 401.897, 402.817, 0.92, 1398, 2, 402.817, 402.827, 0.01, 7,     1.109,
 2612, 0, 402.038, 402.038, 402.156, 0.119, 23, 402.156, 402.938, 0.781, 1536, 2, 402.938, 402.948, 0.01, 20,     0.910,
 2611, 0, 401.967, 401.967, 402.142, 0.175, 62, 402.142, 403.101, 0.958, 1768, 2, 403.101, 403.127, 0.026, 52,     1.159,
 2613, 0, 402.18, 402.18, 402.197, 0.018, 51, 402.197, 403.024, 0.827, 1761, 2, 403.024, 403.203, 0.178, 357,     1.023,
 2614, 0, 402.295, 402.295, 402.305, 0.01, 2, 402.305, 403.35, 1.045, 1759, 2, 403.35, 403.369, 0.019, 37,     1.074,
 2615, 0, 402.314, 402.314, 402.394, 0.08, 178, 402.394, 403.187, 0.793, 1235, 2, 403.187, 403.39, 0.203, 407,     1.077,
 2610, 0, 401.832, 401.832, 402.111, 0.28, 109, 402.111, 403.329, 1.218, 1666, 2, 403.329, 403.614, 0.285, 570,     1.782,
 2609, 0, 401.809, 401.809, 402.436, 0.627, 860, 402.436, 403.274, 0.838, 1435, 2, 403.274, 403.843, 0.569, 1139,     2.034,
 2617, 0, 402.832, 402.832, 402.842, 0.01, 20, 402.842, 403.763, 0.921, 1474, 2, 403.763, 403.86, 0.097, 180,     1.028,
 2616, 0, 402.404, 402.404, 402.447, 0.043, 75, 402.447, 403.828, 1.381, 1988, 2, 403.828, 404.031, 0.203, 406,     1.626,
 2618, 0, 403.068, 403.068, 403.078, 0.01, 8, 403.078, 404.013, 0.935, 1141, 2, 404.013, 404.051, 0.037, 71,     0.982,
 2619, 0, 403.296, 403.296, 403.522, 0.226, 430, 403.522, 404.267, 0.744, 1958, 2, 404.267, 404.331, 0.065, 130,     1.035,
 2620, 0, 403.462, 403.462, 403.472, 0.01, 13, 403.472, 404.393, 0.921, 1808, 2, 404.393, 404.447, 0.054, 97,     0.984,
 2624, 0, 403.84, 403.84, 403.86, 0.02, 22, 403.86, 404.587, 0.728, 1491, 2, 404.587, 404.599, 0.012, 23,     0.759,
 2621, 0, 403.663, 403.663, 403.804, 0.14, 271, 403.804, 404.733, 0.93, 1761, 2, 404.733, 404.797, 0.064, 127,     1.134,
 2629, 0, 404.241, 404.241, 404.252, 0.012, 23, 404.252, 405.036, 0.783, 1484, 2, 405.036, 405.046, 0.01, 5,     0.805,
 2622, 0, 403.725, 403.725, 403.761, 0.036, 76, 403.761, 405.086, 1.324, 2215, 2, 405.086, 405.096, 0.01, 5,     1.371,
 2630, 0, 404.476, 404.476, 404.498, 0.022, 45, 404.498, 405.21, 0.712, 1160, 2, 405.21, 405.22, 0.01, 1,     0.745,
 2626, 0, 404.048, 404.048, 404.048, 0, 5, 404.048, 404.983, 0.935, 1532, 2, 404.983, 405.243, 0.26, 525,     1.195,
 2628, 0, 404.08, 404.08, 404.106, 0.025, 45, 404.106, 405.233, 1.127, 1473, 2, 405.233, 405.265, 0.032, 64,     1.184,
 2625, 0, 403.916, 403.916, 403.983, 0.067, 135, 403.983, 405.349, 1.366, 2022, 2, 405.349, 405.361, 0.012, 24,     1.445,
 2627, 0, 404.053, 404.053, 404.106, 0.053, 100, 404.106, 405.369, 1.264, 1323, 2, 405.369, 405.428, 0.059, 134,     1.375,
 2632, 0, 404.899, 404.899, 405.074, 0.175, 366, 405.074, 405.994, 0.92, 1075, 2, 405.994, 405.994, 0, 15,     1.095,
 2636, 0, 405.25, 405.25, 405.275, 0.025, 33, 405.275, 406.005, 0.73, 1243, 2, 406.005, 406.127, 0.123, 246,     0.878,
 2631, 0, 404.892, 404.892, 404.941, 0.049, 99, 404.941, 406.11, 1.169, 1622, 2, 406.11, 406.183, 0.072, 162,     1.291,
 2634, 0, 405.172, 405.172, 405.261, 0.088, 177, 405.261, 405.985, 0.724, 1060, 2, 405.985, 406.267, 0.282, 565,     1.094,
 2635, 0, 405.229, 405.229, 405.236, 0.007, 24, 405.236, 406.243, 1.008, 855, 2, 406.243, 406.306, 0.063, 127,     1.078,
 2638, 0, 405.395, 405.395, 405.506, 0.111, 223, 405.506, 406.244, 0.738, 1839, 2, 406.244, 406.414, 0.169, 342,     1.019,
 2637, 0, 405.388, 405.388, 405.457, 0.07, 151, 405.457, 406.492, 1.035, 1943, 2, 406.492, 406.502, 0.01, 9,     1.115,
 2633, 0, 405.051, 405.051, 405.088, 0.038, 58, 405.088, 406.506, 1.417, 951, 2, 406.506, 406.516, 0.01, 5,     1.465,
 2640, 0, 405.559, 405.559, 405.64, 0.082, 151, 405.64, 406.742, 1.101, 1500, 2, 406.742, 406.765, 0.023, 36,     1.206,
 2642, 0, 406.159, 406.159, 406.168, 0.009, 13, 406.168, 407.014, 0.846, 2036, 2, 407.014, 407.091, 0.077, 117,     0.932,
 2623, 0, 403.827, 403.827, 403.85, 0.023, 52, 403.85, 404.637, 0.788, 1652, 2, 404.637, 407.142, 2.505, 4997,     3.315,
 2641, 0, 406.082, 406.082, 406.116, 0.034, 44, 406.116, 407.036, 0.92, 1519, 2, 407.036, 407.2, 0.164, 328,     1.118,
 2643, 0, 406.709, 406.709, 406.759, 0.051, 102, 406.759, 407.475, 0.716, 1560, 2, 407.475, 407.485, 0.01, 20,     0.777,
 2645, 0, 406.832, 406.832, 406.926, 0.094, 183, 406.926, 407.659, 0.733, 1319, 2, 407.659, 407.72, 0.06, 121,     0.888,
 2644, 0, 406.728, 406.728, 406.74, 0.012, 23, 406.74, 407.784, 1.044, 1741, 2, 407.784, 407.855, 0.07, 141,     1.126,
 2648, 0, 407.029, 407.029, 407.451, 0.422, 15, 407.451, 408.176, 0.725, 1251, 2, 408.176, 408.186, 0.01, 3,     1.158,
 2649, 0, 407.068, 407.068, 407.485, 0.417, 33, 407.485, 408.2, 0.715, 1319, 2, 408.2, 408.232, 0.031, 60,     1.164,
 2650, 0, 407.11, 407.11, 407.499, 0.389, 14, 407.499, 408.234, 0.735, 1661, 2, 408.234, 408.234, 0, 4,     1.124,
 2639, 0, 405.541, 405.541, 405.554, 0.014, 27, 405.554, 406.883, 1.329, 2013, 2, 406.883, 408.329, 1.446, 2893,     2.788,
 2646, 0, 406.875, 406.875, 407.431, 0.556, 1113, 407.431, 408.352, 0.921, 1641, 2, 408.352, 408.482, 0.131, 229,     1.608,
 2652, 0, 407.524, 407.524, 407.71, 0.186, 246, 407.71, 408.63, 0.92, 1412, 2, 408.63, 408.66, 0.029, 63,     1.136,
 2654, 0, 407.982, 407.982, 408.11, 0.128, 238, 408.11, 408.835, 0.725, 1605, 2, 408.835, 408.865, 0.031, 61,     0.883,
 2653, 0, 407.889, 407.889, 407.959, 0.07, 147, 407.959, 408.88, 0.92, 1235, 2, 408.88, 408.896, 0.017, 33,     1.007,
 2651, 0, 407.499, 407.499, 407.586, 0.086, 174, 407.586, 409.05, 1.465, 1610, 2, 409.05, 409.063, 0.013, 26,     1.564,
 2657, 0, 408.1, 408.1, 408.411, 0.311, 261, 408.411, 409.141, 0.73, 1430, 2, 409.141, 409.157, 0.016, 32,     1.057,
 2656, 0, 408.079, 408.079, 408.281, 0.202, 7, 408.281, 409.246, 0.965, 1860, 2, 409.246, 409.266, 0.02, 41,     1.188,
 2655, 0, 408.066, 408.066, 408.262, 0.196, 291, 408.262, 409.503, 1.241, 1480, 2, 409.503, 409.613, 0.11, 220,     1.547,
 2658, 0, 408.363, 408.363, 408.726, 0.364, 606, 408.726, 409.647, 0.921, 1888, 2, 409.647, 409.657, 0.01, 4,     1.294,
 2659, 0, 408.526, 408.526, 408.948, 0.422, 427, 408.948, 410.112, 1.164, 1624, 2, 410.112, 410.148, 0.036, 73,     1.623,
 2662, 0, 408.82, 408.82, 409.729, 0.909, 24, 409.729, 410.463, 0.735, 1836, 2, 410.463, 410.473, 0.01, 9,     1.654,
 2661, 0, 408.744, 408.744, 409.715, 0.971, 84, 409.715, 410.611, 0.896, 1325, 2, 410.611, 410.645, 0.034, 85,     1.902,
 2660, 0, 408.67, 408.67, 409.673, 1.003, 1450, 409.673, 410.603, 0.93, 1624, 2, 410.603, 410.663, 0.06, 103,     1.993,
 2664, 0, 409.234, 409.234, 409.929, 0.695, 193, 409.929, 410.86, 0.931, 1559, 2, 410.86, 410.884, 0.024, 63,     1.650,
 2663, 0, 408.9, 408.9, 409.82, 0.92, 160, 409.82, 410.853, 1.033, 1816, 2, 410.853, 410.894, 0.041, 83,     1.994,
 2665, 0, 409.312, 409.312, 410.521, 1.21, 1157, 410.521, 411.237, 0.716, 1441, 2, 411.237, 411.263, 0.026, 51,     1.951,
 2666, 0, 409.381, 409.381, 410.521, 1.14, 275, 410.521, 411.292, 0.771, 1281, 2, 411.292, 411.342, 0.05, 105,     1.961,
 2671, 0, 409.82, 409.82, 410.642, 0.822, 68, 410.642, 411.375, 0.732, 1147, 2, 411.375, 411.398, 0.023, 46,     1.578,
 2647, 0, 406.928, 406.928, 410.366, 3.439, 6875, 410.366, 411.29, 0.924, 1959, 2, 411.29, 411.435, 0.146, 292,     4.508,
 2670, 0, 409.677, 409.677, 410.608, 0.931, 22, 410.608, 411.486, 0.878, 1455, 2, 411.486, 411.496, 0.01, 20,     1.819,
 2667, 0, 409.4, 409.4, 410.834, 1.434, 613, 410.834, 411.62, 0.786, 1317, 2, 411.62, 411.64, 0.02, 25,     2.240,
 2675, 0, 410.366, 410.366, 410.788, 0.422, 27, 410.788, 411.63, 0.842, 1162, 2, 411.63, 411.65, 0.02, 25,     1.283,
 2668, 0, 409.521, 409.521, 410.547, 1.026, 21, 410.547, 411.736, 1.188, 1693, 2, 411.736, 411.78, 0.045, 89,     2.259,
 2669, 0, 409.581, 409.581, 410.594, 1.013, 89, 410.594, 411.641, 1.046, 1288, 2, 411.641, 411.792, 0.151, 304,     2.210,
 2674, 0, 410.178, 410.178, 410.774, 0.595, 98, 410.774, 411.736, 0.962, 1314, 2, 411.736, 411.812, 0.076, 117,     1.633,
 2673, 0, 410.067, 410.067, 410.725, 0.658, 31, 410.725, 411.89, 1.165, 1279, 2, 411.89, 411.931, 0.041, 83,     1.864,
 2672, 0, 410.046, 410.046, 410.705, 0.658, 111, 410.705, 411.935, 1.23, 2021, 2, 411.935, 411.945, 0.01, 27,     1.898,
 2676, 0, 410.39, 410.39, 410.908, 0.518, 233, 410.908, 411.989, 1.081, 1414, 2, 411.989, 411.999, 0.01, 19,     1.609,
 2678, 0, 410.824, 410.824, 410.864, 0.04, 32, 410.864, 412.139, 1.275, 1393, 2, 412.139, 412.17, 0.031, 36,     1.346,
 2682, 0, 411.441, 411.441, 411.513, 0.072, 144, 411.513, 412.231, 0.718, 1069, 2, 412.231, 412.251, 0.02, 39,     0.810,
 2677, 0, 410.562, 410.562, 410.844, 0.281, 4, 410.844, 412.241, 1.398, 1291, 2, 412.241, 412.359, 0.118, 236,     1.797,
 2681, 0, 411.271, 411.271, 411.281, 0.01, 20, 411.281, 412.388, 1.108, 1084, 2, 412.388, 412.409, 0.02, 41,     1.138,
 2680, 0, 411.173, 411.173, 411.222, 0.05, 110, 411.222, 412.482, 1.26, 1296, 2, 412.482, 412.492, 0.01, 20,     1.320,
 2686, 0, 411.731, 411.731, 411.758, 0.027, 13, 411.758, 412.493, 0.734, 1809, 2, 412.493, 412.675, 0.182, 350,     0.944,
 2683, 0, 411.545, 411.545, 411.545, 0, 13, 411.545, 412.742, 1.197, 1804, 2, 412.742, 412.925, 0.183, 360,     1.380,
 2687, 0, 411.824, 411.824, 411.861, 0.037, 85, 411.861, 412.915, 1.053, 1448, 2, 412.915, 412.925, 0.01, 18,     1.100,
 2685, 0, 411.694, 411.694, 411.748, 0.055, 104, 411.748, 412.665, 0.916, 1631, 2, 412.665, 413.104, 0.439, 879,     1.410,
 2688, 0, 412.692, 412.692, 412.721, 0.029, 41, 412.721, 413.948, 1.227, 2321, 2, 413.948, 414, 0.053, 105,     1.308,
 2684, 0, 411.567, 411.567, 412.583, 1.016, 2038, 412.583, 413.503, 0.92, 1040, 2, 413.503, 414.023, 0.52, 1040,     2.456,
 2690, 0, 412.959, 412.959, 412.982, 0.023, 46, 412.982, 413.903, 0.921, 1754, 2, 413.903, 414.058, 0.155, 311,     1.099,
 2693, 0, 413.363, 413.363, 413.373, 0.01, 26, 413.373, 414.09, 0.717, 1018, 2, 414.09, 414.1, 0.01, 18,     0.737,
 2692, 0, 413.348, 413.348, 413.348, 0, 5, 413.348, 414.213, 0.865, 1467, 2, 414.213, 414.31, 0.096, 193,     0.962,
 2691, 0, 413.132, 413.132, 413.21, 0.078, 157, 413.21, 414.153, 0.943, 1110, 2, 414.153, 414.362, 0.209, 418,     1.230,
 2694, 0, 413.517, 413.517, 413.534, 0.017, 37, 413.534, 414.455, 0.921, 1600, 2, 414.455, 414.462, 0.008, 4,     0.945,
 2695, 0, 413.578, 413.578, 413.595, 0.017, 43, 413.595, 414.462, 0.868, 1378, 2, 414.462, 414.548, 0.086, 187,     0.970,
 2689, 0, 412.877, 412.877, 413.383, 0.506, 1012, 413.383, 414.568, 1.185, 995, 2, 414.568, 414.638, 0.07, 140,     1.760,
 2697, 0, 413.852, 413.852, 413.928, 0.075, 158, 413.928, 414.844, 0.916, 1044, 2, 414.844, 414.854, 0.01, 1,     1.002,
 2696, 0, 413.797, 413.797, 413.807, 0.01, 23, 413.807, 414.984, 1.177, 1117, 2, 414.984, 414.994, 0.01, 1,     1.197,
 2700, 0, 414.24, 414.24, 414.282, 0.042, 28, 414.282, 415.014, 0.732, 1588, 2, 415.014, 415.032, 0.018, 36,     0.792,
 2699, 0, 414.222, 414.222, 414.268, 0.046, 93, 414.268, 414.984, 0.716, 1582, 2, 414.984, 415.052, 0.068, 97,     0.830,
 2679, 0, 411.123, 411.123, 411.365, 0.242, 459, 411.365, 412.241, 0.877, 1623, 2, 412.241, 415.195, 2.954, 5908,     4.072,
 2701, 0, 414.307, 414.307, 414.347, 0.04, 45, 414.347, 415.231, 0.884, 1660, 2, 415.231, 415.28, 0.049, 98,     0.973,
 2704, 0, 414.403, 414.403, 414.773, 0.37, 17, 414.773, 415.485, 0.712, 1509, 2, 415.485, 415.497, 0.012, 24,     1.094,
 2706, 0, 414.577, 414.577, 414.793, 0.216, 19, 414.793, 415.505, 0.712, 1132, 2, 415.505, 415.505, 0, 12,     0.928,
 2705, 0, 414.446, 414.446, 414.783, 0.337, 19, 414.783, 415.485, 0.702, 1329, 2, 415.485, 415.529, 0.044, 89,     1.083,
 2702, 0, 414.375, 414.375, 414.733, 0.358, 717, 414.733, 415.904, 1.171, 1492, 2, 415.904, 415.939, 0.035, 60,     1.564,
 2708, 0, 414.93, 414.93, 414.959, 0.029, 58, 414.959, 415.929, 0.97, 1313, 2, 415.929, 415.939, 0.01, 20,     1.009,
 2707, 0, 414.831, 414.831, 415.284, 0.453, 885, 415.284, 416, 0.716, 1432, 2, 416, 416.01, 0.01, 18,     1.179,
 2709, 0, 415.487, 415.487, 415.551, 0.065, 99, 415.551, 416.282, 0.731, 1951, 2, 416.282, 416.292, 0.01, 18,     0.805,
 2703, 0, 414.394, 414.394, 414.85, 0.455, 234, 414.85, 416.154, 1.304, 1315, 2, 416.154, 416.462, 0.308, 616,     2.067,
 2698, 0, 413.952, 413.952, 414.763, 0.81, 1613, 414.763, 415.679, 0.916, 1322, 2, 415.679, 416.605, 0.927, 1854,     2.653,
 2710, 0, 415.562, 415.562, 415.586, 0.024, 49, 415.586, 416.302, 0.716, 2176, 2, 416.302, 416.811, 0.509, 1018,     1.249,
 2711, 0, 415.603, 415.603, 415.638, 0.035, 77, 415.638, 416.811, 1.173, 1542, 2, 416.811, 416.862, 0.051, 103,     1.260,
 2714, 0, 416.185, 416.185, 416.415, 0.23, 5, 416.415, 417.137, 0.722, 1874, 2, 417.137, 417.209, 0.072, 144,     1.024,
 2713, 0, 416.157, 416.157, 416.415, 0.258, 513, 416.415, 417.137, 0.722, 2388, 2, 417.137, 417.375, 0.238, 477,     1.219,
 2712, 0, 416.111, 416.111, 416.401, 0.29, 580, 416.401, 417.322, 0.921, 1178, 2, 417.322, 417.446, 0.124, 248,     1.335,
 2715, 0, 416.815, 416.815, 416.868, 0.053, 106, 416.868, 417.583, 0.716, 1559, 2, 417.583, 417.756, 0.173, 345,     0.941,
 2718, 0, 417.029, 417.029, 417.07, 0.041, 81, 417.07, 417.796, 0.727, 1126, 2, 417.796, 417.815, 0.019, 38,     0.786,
 2719, 0, 417.089, 417.089, 417.093, 0.004, 23, 417.093, 417.84, 0.747, 1620, 2, 417.84, 417.899, 0.059, 119,     0.810,
 2717, 0, 416.914, 416.914, 416.924, 0.01, 5, 416.924, 417.843, 0.92, 1556, 2, 417.843, 418.34, 0.497, 991,     1.426,
 2722, 0, 417.588, 417.588, 417.599, 0.011, 22, 417.599, 418.32, 0.721, 1881, 2, 418.32, 418.34, 0.02, 33,     0.752,
 2716, 0, 416.851, 416.851, 416.914, 0.063, 122, 416.914, 418.079, 1.165, 1878, 2, 418.079, 418.488, 0.409, 819,     1.637,
 2721, 0, 417.53, 417.53, 417.542, 0.012, 23, 417.542, 418.462, 0.92, 1515, 2, 418.462, 418.501, 0.039, 66,     0.970,
 2720, 0, 417.185, 417.185, 417.195, 0.01, 2, 417.195, 418.589, 1.393, 1758, 2, 418.589, 418.645, 0.056, 112,     1.459,
 2723, 0, 417.802, 417.802, 417.933, 0.132, 255, 417.933, 418.656, 0.723, 1153, 2, 418.656, 418.666, 0.01, 1,     0.864,
 2726, 0, 418.101, 418.101, 418.111, 0.01, 7, 418.111, 419.093, 0.982, 1658, 2, 419.093, 419.132, 0.038, 76,     1.031,
 2724, 0, 417.824, 417.824, 417.923, 0.1, 184, 417.923, 418.844, 0.92, 1378, 2, 418.844, 419.186, 0.343, 686,     1.363,
 2727, 0, 418.127, 418.127, 418.137, 0.01, 17, 418.137, 419.16, 1.023, 1449, 2, 419.16, 419.206, 0.046, 92,     1.079,
 2729, 0, 418.236, 418.236, 418.29, 0.054, 88, 418.29, 419.593, 1.302, 1348, 2, 419.593, 419.821, 0.228, 428,     1.585,
 2730, 0, 418.314, 418.314, 418.314, 0, 7, 418.314, 419.842, 1.529, 1389, 2, 419.842, 419.852, 0.01, 18,     1.539,
 2734, 0, 418.646, 418.646, 418.656, 0.01, 20, 418.656, 419.918, 1.262, 1731, 2, 419.918, 419.928, 0.01, 12,     1.282,
 2731, 0, 418.401, 418.401, 418.415, 0.014, 33, 418.415, 420.092, 1.677, 1755, 2, 420.092, 420.102, 0.01, 16,     1.701,
 2728, 0, 418.19, 418.19, 418.2, 0.01, 9, 418.2, 420.019, 1.82, 1532, 2, 420.019, 420.2, 0.18, 361,     2.010,
 2733, 0, 418.526, 418.526, 418.618, 0.091, 176, 418.618, 420.295, 1.677, 1522, 2, 420.295, 420.305, 0.01, 4,     1.779,
 2732, 0, 418.501, 418.501, 418.656, 0.155, 302, 418.656, 420.342, 1.686, 1208, 2, 420.342, 420.381, 0.039, 78,     1.880,
 2735, 0, 419.116, 419.116, 419.147, 0.031, 63, 419.147, 420.592, 1.445, 1310, 2, 420.592, 420.602, 0.01, 16,     1.486,
 2725, 0, 418.038, 418.038, 418.137, 0.099, 193, 418.137, 419.343, 1.205, 1281, 2, 419.343, 420.621, 1.279, 2558,     2.583,
 2736, 0, 419.195, 419.195, 419.255, 0.06, 112, 419.255, 420.809, 1.554, 1651, 2, 420.809, 420.819, 0.01, 5,     1.624,
 2737, 0, 419.222, 419.222, 419.358, 0.137, 271, 419.358, 420.841, 1.483, 1250, 2, 420.841, 420.867, 0.026, 52,     1.645,
 2739, 0, 419.628, 419.628, 419.658, 0.03, 58, 419.658, 421.341, 1.683, 851, 2, 421.341, 421.351, 0.01, 27,     1.723,
 2741, 0, 419.69, 419.69, 420.235, 0.545, 1092, 420.235, 421.573, 1.338, 1372, 2, 421.573, 421.601, 0.027, 49,     1.910,
 2745, 0, 420.252, 420.252, 420.299, 0.047, 95, 420.299, 421.829, 1.53, 825, 2, 421.829, 421.839, 0.01, 7,     1.587,
 2738, 0, 419.62, 419.62, 420.215, 0.595, 1202, 420.215, 421.845, 1.63, 815, 2, 421.845, 421.869, 0.024, 61,     2.249,
 2742, 0, 419.786, 419.786, 420.235, 0.449, 9, 420.235, 421.799, 1.564, 1453, 2, 421.799, 421.891, 0.092, 185,     2.106,
 2746, 0, 420.267, 420.267, 420.568, 0.302, 606, 420.568, 422.052, 1.484, 1522, 2, 422.052, 422.071, 0.019, 38,     1.804,
 2740, 0, 419.648, 419.648, 419.677, 0.029, 26, 419.677, 422.079, 2.402, 2105, 2, 422.079, 422.102, 0.023, 62,     2.454,
 2744, 0, 420.169, 420.169, 420.252, 0.084, 15, 420.252, 422.095, 1.843, 1662, 2, 422.095, 422.122, 0.027, 32,     1.953,
 2747, 0, 420.347, 420.347, 420.357, 0.01, 7, 420.357, 421.912, 1.555, 1309, 2, 421.912, 422.202, 0.29, 580,     1.855,
 2751, 0, 421.308, 421.308, 421.318, 0.01, 18, 421.318, 422.331, 1.013, 1528, 2, 422.331, 422.357, 0.025, 51,     1.048,
 2748, 0, 420.855, 420.855, 420.988, 0.132, 261, 420.988, 422.345, 1.357, 2586, 2, 422.345, 422.384, 0.038, 77,     1.528,
 2743, 0, 420.09, 420.09, 420.245, 0.155, 9, 420.245, 422.42, 2.175, 1276, 2, 422.42, 422.447, 0.026, 53,     2.357,
 2753, 0, 421.528, 421.528, 421.538, 0.01, 6, 421.538, 422.58, 1.042, 1782, 2, 422.58, 422.597, 0.017, 33,     1.069,
 2754, 0, 421.56, 421.56, 421.568, 0.008, 7, 421.568, 422.673, 1.105, 1337, 2, 422.673, 422.897, 0.224, 449,     1.337,
 2752, 0, 421.37, 421.37, 421.378, 0.009, 18, 421.378, 422.857, 1.478, 1536, 2, 422.857, 422.917, 0.06, 116,     1.547,
 2750, 0, 421.108, 421.108, 421.108, 0, 5, 421.108, 422.607, 1.498, 1486, 2, 422.607, 423.095, 0.488, 958,     1.986,
 2749, 0, 421.008, 421.008, 421.018, 0.01, 28, 421.018, 422.833, 1.816, 1368, 2, 422.833, 423.115, 0.281, 553,     2.107,
 2755, 0, 421.776, 421.776, 421.787, 0.011, 22, 421.787, 423.106, 1.319, 1367, 2, 423.106, 423.135, 0.028, 45,     1.359,
 2757, 0, 422.133, 422.133, 422.133, 0, 6, 422.133, 423.356, 1.224, 1550, 2, 423.356, 423.368, 0.012, 24,     1.236,
 2758, 0, 422.398, 422.398, 422.408, 0.01, 3, 422.408, 423.323, 0.915, 1167, 2, 423.323, 423.388, 0.065, 97,     0.991,
 2756, 0, 422.113, 422.113, 422.359, 0.246, 483, 422.359, 423.343, 0.984, 1135, 2, 423.343, 423.408, 0.065, 101,     1.295,
 2761, 0, 422.578, 422.578, 422.592, 0.014, 33, 422.592, 423.422, 0.829, 1804, 2, 423.422, 423.485, 0.063, 126,     0.907,
 2762, 0, 422.719, 422.719, 422.804, 0.085, 148, 422.804, 423.572, 0.769, 1921, 2, 423.572, 423.582, 0.01, 2,     0.863,
 2760, 0, 422.517, 422.517, 422.582, 0.065, 147, 422.582, 423.592, 1.01, 1397, 2, 423.592, 423.602, 0.01, 4,     1.085,
 2759, 0, 422.478, 422.478, 422.546, 0.068, 136, 422.546, 423.606, 1.06, 1303, 2, 423.606, 423.696, 0.09, 187,     1.218,
 2764, 0, 423.199, 423.199, 423.209, 0.01, 5, 423.209, 424.126, 0.917, 1112, 2, 424.126, 424.162, 0.036, 83,     0.964,
 2763, 0, 423.071, 423.071, 423.102, 0.031, 25, 423.102, 424.274, 1.172, 1827, 2, 424.274, 424.292, 0.017, 35,     1.221,
 2767, 0, 423.897, 423.897, 423.967, 0.071, 142, 423.967, 424.899, 0.932, 1587, 2, 424.899, 424.963, 0.064, 94,     1.066,
 2766, 0, 423.694, 423.694, 423.773, 0.079, 135, 423.773, 425.072, 1.299, 1624, 2, 425.072, 425.116, 0.044, 88,     1.422,
 2765, 0, 423.64, 423.64, 423.65, 0.01, 27, 423.65, 424.57, 0.92, 1262, 2, 424.57, 425.133, 0.563, 1107,     1.493,
 2772, 0, 424.675, 424.675, 424.755, 0.079, 159, 424.755, 425.482, 0.727, 1216, 2, 425.482, 425.54, 0.058, 116,     0.864,
 2768, 0, 424.337, 424.337, 424.464, 0.127, 254, 424.464, 425.384, 0.92, 1585, 2, 425.384, 425.685, 0.301, 603,     1.348,
 2771, 0, 424.572, 424.572, 424.582, 0.01, 26, 424.582, 425.634, 1.052, 2020, 2, 425.634, 425.806, 0.173, 346,     1.235,
 2776, 0, 425.059, 425.059, 425.103, 0.045, 93, 425.103, 425.82, 0.717, 1774, 2, 425.82, 425.866, 0.046, 93,     0.808,
 2775, 0, 424.913, 424.913, 425.016, 0.103, 209, 425.016, 425.936, 0.92, 1306, 2, 425.936, 426.073, 0.137, 275,     1.160,
 2769, 0, 424.346, 424.346, 424.546, 0.2, 408, 424.546, 426.074, 1.529, 1899, 2, 426.074, 426.101, 0.027, 56,     1.755,
 2774, 0, 424.872, 424.872, 424.882, 0.01, 3, 424.882, 426.054, 1.173, 1557, 2, 426.054, 426.164, 0.11, 220,     1.292,
 2777, 0, 425.213, 425.213, 426.5, 1.287, 2574, 426.5, 427.219, 0.719, 1729, 2, 427.219, 427.229, 0.01, 6,     2.016,
 2779, 0, 425.301, 425.301, 426.514, 1.213, 22, 426.514, 427.23, 0.716, 1529, 2, 427.23, 427.23, 0, 1,     1.928,
 2783, 0, 425.963, 425.963, 426.619, 0.656, 47, 426.619, 427.345, 0.727, 1614, 2, 427.345, 427.355, 0.01, 4,     1.393,
 2770, 0, 424.566, 424.566, 426.461, 1.895, 3755, 426.461, 427.385, 0.924, 2011, 2, 427.385, 427.478, 0.093, 168,     2.912,
 2784, 0, 426.058, 426.058, 426.633, 0.574, 16, 426.633, 427.488, 0.855, 1282, 2, 427.488, 427.502, 0.014, 28,     1.444,
 2782, 0, 425.846, 425.846, 426.585, 0.738, 45, 426.585, 427.468, 0.883, 1267, 2, 427.468, 427.561, 0.093, 186,     1.714,
 2773, 0, 424.701, 424.701, 424.769, 0.067, 14, 424.769, 425.496, 0.727, 1149, 2, 425.496, 427.624, 2.128, 4256,     2.923,
 2780, 0, 425.583, 425.583, 426.548, 0.965, 37, 426.548, 427.634, 1.086, 1688, 2, 427.634, 427.634, 0, 5,     2.051,
 2786, 0, 426.183, 426.183, 426.739, 0.555, 168, 426.739, 427.737, 0.999, 881, 2, 427.737, 427.747, 0.01, 3,     1.564,
 2787, 0, 426.213, 426.213, 426.681, 0.468, 2, 426.681, 427.717, 1.037, 1345, 2, 427.717, 427.789, 0.071, 143,     1.576,
 2788, 0, 426.238, 426.238, 426.695, 0.457, 7, 426.695, 427.614, 0.92, 1747, 2, 427.614, 427.83, 0.216, 432,     1.592,
 2781, 0, 425.706, 425.706, 426.667, 0.961, 206, 426.667, 427.883, 1.217, 1681, 2, 427.883, 427.957, 0.074, 167,     2.252,
 2791, 0, 426.88, 426.88, 426.89, 0.01, 5, 426.89, 427.982, 1.092, 1144, 2, 427.982, 427.992, 0.01, 17,     1.112,
 2795, 0, 427.331, 427.331, 427.373, 0.042, 56, 427.373, 428.12, 0.747, 1656, 2, 428.12, 428.13, 0.01, 17,     0.799,
 2778, 0, 425.251, 425.251, 426.548, 1.297, 146, 426.548, 428.027, 1.479, 1316, 2, 428.027, 428.236, 0.209, 418,     2.985,
 2794, 0, 427.25, 427.25, 427.327, 0.077, 127, 427.327, 428.236, 0.909, 1436, 2, 428.236, 428.246, 0.01, 17,     0.997,
 2789, 0, 426.255, 426.255, 426.825, 0.569, 261, 426.825, 428.133, 1.308, 1507, 2, 428.133, 428.266, 0.133, 233,     2.011,
 2785, 0, 426.12, 426.12, 426.647, 0.527, 8, 426.647, 428.27, 1.624, 1618, 2, 428.27, 428.285, 0.015, 38,     2.166,
 2790, 0, 426.326, 426.326, 426.749, 0.423, 19, 426.749, 428.526, 1.778, 1567, 2, 428.526, 428.536, 0.01, 3,     2.210,
 2793, 0, 427.176, 427.176, 427.203, 0.027, 55, 427.203, 428.382, 1.179, 1592, 2, 428.382, 428.571, 0.188, 344,     1.395,
 2796, 0, 427.748, 427.748, 427.88, 0.132, 278, 427.88, 428.8, 0.921, 1214, 2, 428.8, 428.83, 0.03, 48,     1.082,
 2799, 0, 428.026, 428.026, 428.16, 0.134, 246, 428.16, 428.959, 0.799, 1661, 2, 428.959, 429.02, 0.061, 122,     0.994,
 2798, 0, 427.971, 427.971, 428.108, 0.136, 204, 428.108, 428.86, 0.752, 1360, 2, 428.86, 429.031, 0.172, 344,     1.060,
 2792, 0, 426.989, 426.989, 428.026, 1.037, 2073, 428.026, 428.939, 0.913, 1800, 2, 428.939, 429.095, 0.156, 312,     2.106,
 2800, 0, 428.437, 428.437, 428.488, 0.051, 82, 428.488, 429.425, 0.937, 1293, 2, 429.425, 429.6, 0.175, 350,     1.163,
 2803, 0, 429.117, 429.117, 429.175, 0.058, 116, 429.175, 429.899, 0.724, 1557, 2, 429.899, 429.909, 0.01, 13,     0.792,
 2801, 0, 428.449, 428.449, 428.468, 0.019, 38, 428.468, 429.641, 1.173, 1747, 2, 429.641, 429.999, 0.358, 717,     1.550,
 2804, 0, 429.134, 429.134, 429.189, 0.055, 5, 429.189, 429.923, 0.734, 1349, 2, 429.923, 430.16, 0.237, 475,     1.026,
 2797, 0, 427.786, 427.786, 427.995, 0.209, 229, 427.995, 429.05, 1.054, 1299, 2, 429.05, 430.461, 1.411, 2823,     2.675,
 2802, 0, 428.637, 428.637, 429.548, 0.911, 1822, 429.548, 430.465, 0.917, 1414, 2, 430.465, 430.515, 0.05, 109,     1.878,
 2806, 0, 429.652, 429.652, 429.713, 0.061, 106, 429.713, 430.714, 1.001, 1568, 2, 430.714, 430.732, 0.018, 36,     1.080,
 2805, 0, 429.322, 429.322, 429.322, 0, 1, 429.322, 430.688, 1.366, 1665, 2, 430.688, 430.861, 0.173, 346,     1.539,
 2807, 0, 429.671, 429.671, 430.242, 0.571, 1129, 430.242, 431.139, 0.897, 1612, 2, 431.139, 431.164, 0.025, 50,     1.493,
 2810, 0, 430.144, 430.144, 430.298, 0.155, 101, 430.298, 431.202, 0.904, 1846, 2, 431.202, 431.212, 0.01, 14,     1.069,
 2809, 0, 430.123, 430.123, 430.736, 0.613, 1204, 430.736, 431.461, 0.725, 2212, 2, 431.461, 431.471, 0.01, 11,     1.348,
 2812, 0, 430.27, 430.27, 430.702, 0.431, 326, 430.702, 431.625, 0.924, 2127, 2, 431.625, 431.664, 0.039, 78,     1.394,
 2811, 0, 430.177, 430.177, 430.539, 0.362, 481, 430.539, 431.714, 1.175, 1634, 2, 431.714, 431.724, 0.01, 15,     1.547,
 2815, 0, 430.635, 430.635, 430.884, 0.249, 200, 430.884, 431.714, 0.829, 1281, 2, 431.714, 431.744, 0.03, 39,     1.108,
 2816, 0, 430.7, 430.7, 430.961, 0.262, 134, 430.961, 431.843, 0.882, 1349, 2, 431.843, 431.857, 0.014, 29,     1.158,
 2814, 0, 430.621, 430.621, 430.784, 0.163, 73, 430.784, 431.875, 1.091, 1168, 2, 431.875, 431.913, 0.038, 77,     1.292,
 2813, 0, 430.581, 430.581, 431.099, 0.519, 796, 431.099, 431.963, 0.864, 2271, 2, 431.963, 432.008, 0.045, 90,     1.427,
 2819, 0, 431.16, 431.16, 431.17, 0.01, 5, 431.17, 432.096, 0.927, 1209, 2, 432.096, 432.134, 0.037, 69,     0.974,
 2818, 0, 430.807, 430.807, 431.012, 0.205, 73, 431.012, 432.124, 1.112, 1578, 2, 432.124, 432.144, 0.02, 38,     1.337,
 2808, 0, 429.933, 429.933, 429.976, 0.043, 90, 429.976, 431.214, 1.238, 954, 2, 431.214, 432.435, 1.221, 2446,     2.502,
 2817, 0, 430.707, 430.707, 430.975, 0.268, 23, 430.975, 432.5, 1.525, 1538, 2, 432.5, 432.51, 0.01, 18,     1.803,
 2821, 0, 431.982, 431.982, 432.035, 0.053, 96, 432.035, 432.966, 0.931, 2179, 2, 432.966, 433.086, 0.12, 243,     1.104,
 2820, 0, 431.933, 431.933, 432.012, 0.079, 149, 432.012, 433.215, 1.203, 1824, 2, 433.215, 433.225, 0.01, 12,     1.292,
 2824, 0, 432.473, 432.473, 432.494, 0.021, 51, 432.494, 433.39, 0.896, 1463, 2, 433.39, 433.447, 0.058, 108,     0.974,
 2823, 0, 432.459, 432.459, 432.469, 0.01, 13, 432.469, 433.465, 0.997, 1193, 2, 433.465, 433.465, 0, 1,     1.007,
 2822, 0, 432.206, 432.206, 432.347, 0.141, 259, 432.347, 433.64, 1.293, 2070, 2, 433.64, 433.746, 0.106, 212,     1.540,
 2825, 0, 432.601, 432.601, 432.611, 0.01, 20, 432.611, 433.782, 1.17, 935, 2, 433.782, 433.782, 0, 7,     1.180,
 2826, 0, 432.63, 432.63, 432.671, 0.041, 84, 432.671, 433.715, 1.043, 1262, 2, 433.715, 433.792, 0.077, 137,     1.161,
 2827, 0, 432.989, 432.989, 433.139, 0.15, 293, 433.139, 433.894, 0.755, 1252, 2, 433.894, 433.904, 0.01, 14,     0.915,
 2829, 0, 433.148, 433.148, 433.182, 0.034, 87, 433.182, 434.106, 0.924, 743, 2, 434.106, 434.116, 0.01, 21,     0.968,
 2831, 0, 433.343, 433.343, 433.375, 0.032, 59, 433.375, 434.143, 0.768, 1990, 2, 434.143, 434.153, 0.01, 10,     0.810,
 2830, 0, 433.245, 433.245, 433.292, 0.047, 63, 433.292, 434.355, 1.064, 1274, 2, 434.355, 434.392, 0.036, 73,     1.147,
 2832, 0, 433.756, 433.756, 433.791, 0.035, 32, 433.791, 434.58, 0.79, 1562, 2, 434.58, 434.612, 0.031, 40,     0.855,
 2828, 0, 433.129, 433.129, 433.159, 0.03, 54, 433.159, 434.331, 1.172, 1561, 2, 434.331, 434.647, 0.316, 633,     1.518,
 2836, 0, 434.036, 434.036, 434.046, 0.01, 31, 434.046, 434.768, 0.722, 1113, 2, 434.768, 434.778, 0.01, 14,     0.742,
 2835, 0, 433.916, 433.916, 433.925, 0.009, 13, 433.925, 434.845, 0.921, 2025, 2, 434.845, 434.856, 0.011, 22,     0.940,
 2833, 0, 433.76, 433.76, 433.859, 0.1, 207, 433.859, 435.027, 1.168, 1669, 2, 435.027, 435.065, 0.038, 75,     1.305,
 2837, 0, 434.224, 434.224, 434.239, 0.015, 30, 434.239, 434.959, 0.72, 1460, 2, 434.959, 435.073, 0.114, 214,     0.849,
 2838, 0, 434.496, 434.496, 434.517, 0.021, 56, 434.517, 435.437, 0.92, 1941, 2, 435.437, 435.49, 0.053, 107,     0.995,
 2834, 0, 433.811, 433.811, 434.292, 0.482, 975, 434.292, 435.529, 1.237, 972, 2, 435.529, 435.539, 0.01, 2,     1.728,
 2840, 0, 434.793, 434.793, 434.805, 0.012, 38, 434.805, 435.726, 0.921, 1127, 2, 435.726, 435.736, 0.01, 11,     0.943,
 2841, 0, 434.921, 434.921, 434.931, 0.01, 6, 434.931, 435.651, 0.72, 1517, 2, 435.651, 435.896, 0.245, 454,     0.975,
 2839, 0, 434.725, 434.725, 434.951, 0.226, 448, 434.951, 436.124, 1.173, 1848, 2, 436.124, 436.134, 0.01, 5,     1.409,
 2842, 0, 435.395, 435.395, 435.42, 0.025, 47, 435.42, 436.411, 0.991, 1333, 2, 436.411, 436.426, 0.015, 30,     1.031,
 2844, 0, 435.673, 435.673, 435.7, 0.027, 49, 435.7, 436.416, 0.716, 1793, 2, 436.416, 436.458, 0.041, 83,     0.785,
 2847, 0, 435.81, 435.81, 435.845, 0.035, 67, 435.845, 436.571, 0.726, 1233, 2, 436.571, 436.596, 0.026, 51,     0.787,
 2845, 0, 435.752, 435.752, 435.813, 0.062, 138, 435.813, 436.68, 0.867, 1807, 2, 436.68, 436.737, 0.057, 114,     0.985,
 2846, 0, 435.762, 435.762, 435.786, 0.024, 47, 435.786, 436.838, 1.051, 1838, 2, 436.838, 436.848, 0.01, 13,     1.085,
 2843, 0, 435.41, 435.41, 435.734, 0.324, 640, 435.734, 436.897, 1.163, 1545, 2, 436.897, 436.907, 0.01, 19,     1.497,
 2851, 0, 436.048, 436.048, 436.149, 0.101, 202, 436.149, 436.946, 0.797, 1026, 2, 436.946, 436.957, 0.01, 21,     0.909,
 2849, 0, 435.902, 435.902, 435.902, 0, 1, 435.902, 437.087, 1.185, 1255, 2, 437.087, 437.098, 0.011, 22,     1.196,
 2848, 0, 435.845, 435.845, 435.857, 0.012, 24, 435.857, 437.147, 1.29, 1554, 2, 437.147, 437.212, 0.065, 118,     1.367,
 2854, 0, 436.371, 436.371, 436.371, 0, 9, 436.371, 437.202, 0.832, 1567, 2, 437.202, 437.302, 0.099, 199,     0.931,
 2855, 0, 436.494, 436.494, 436.599, 0.105, 217, 436.599, 437.398, 0.799, 1922, 2, 437.398, 437.408, 0.01, 12,     0.914,
 2852, 0, 436.069, 436.069, 436.454, 0.385, 610, 436.454, 437.182, 0.729, 1397, 2, 437.182, 437.425, 0.243, 486,     1.356,
 2853, 0, 436.283, 436.283, 436.33, 0.047, 8, 436.33, 437.349, 1.019, 1155, 2, 437.349, 437.614, 0.265, 531,     1.332,
 2850, 0, 435.915, 435.915, 436.313, 0.398, 782, 436.313, 437.891, 1.578, 1293, 2, 437.891, 437.902, 0.01, 21,     1.987,
 2857, 0, 436.658, 436.658, 437.047, 0.389, 782, 437.047, 438.185, 1.138, 1561, 2, 438.185, 438.226, 0.041, 100,     1.567,
 2859, 0, 437.505, 437.505, 437.505, 0, 13, 437.505, 438.303, 0.799, 1586, 2, 438.303, 438.358, 0.055, 111,     0.854,
 2856, 0, 436.588, 436.588, 437.072, 0.485, 988, 437.072, 438.563, 1.491, 1475, 2, 438.563, 438.583, 0.02, 24,     1.995,
 2858, 0, 436.673, 436.673, 437.103, 0.43, 91, 437.103, 438.434, 1.331, 1211, 2, 438.434, 438.697, 0.263, 527,     2.024,
 2862, 0, 437.845, 437.845, 437.855, 0.01, 18, 437.855, 438.815, 0.96, 1536, 2, 438.815, 438.825, 0.01, 10,     0.980,
 2860, 0, 437.643, 437.643, 437.728, 0.084, 165, 437.728, 438.827, 1.1, 1287, 2, 438.827, 439.056, 0.228, 463,     1.412,
 2861, 0, 437.728, 437.728, 437.738, 0.009, 13, 437.738, 439.077, 1.339, 911, 2, 439.077, 439.087, 0.01, 16,     1.359,
 2863, 0, 437.892, 437.892, 437.927, 0.035, 52, 437.927, 439.278, 1.351, 891, 2, 439.278, 439.301, 0.023, 46,     1.410,
 2865, 0, 437.991, 437.991, 438.048, 0.058, 88, 438.048, 439.327, 1.278, 1771, 2, 439.327, 439.372, 0.046, 91,     1.382,
 2867, 0, 438.675, 438.675, 438.685, 0.01, 6, 438.685, 439.563, 0.879, 1582, 2, 439.563, 439.59, 0.026, 53,     0.915,
 2864, 0, 437.949, 437.949, 438.52, 0.571, 1142, 438.52, 439.576, 1.056, 1712, 2, 439.576, 439.614, 0.038, 76,     1.665,
 2866, 0, 438.509, 438.509, 438.788, 0.279, 559, 438.788, 439.826, 1.038, 1962, 2, 439.826, 439.841, 0.015, 36,     1.333,
 2870, 0, 438.984, 438.984, 438.995, 0.011, 22, 438.995, 439.716, 0.721, 1514, 2, 439.716, 439.861, 0.145, 262,     0.878,
 2869, 0, 438.812, 438.812, 438.812, 0, 10, 438.812, 439.824, 1.012, 2053, 2, 439.824, 439.861, 0.038, 62,     1.050,
 2871, 0, 439.006, 439.006, 439.017, 0.012, 23, 439.017, 440.202, 1.185, 1439, 2, 440.202, 440.212, 0.01, 17,     1.206,
 2873, 0, 439.544, 439.544, 439.557, 0.012, 25, 439.557, 440.27, 0.713, 1387, 2, 440.27, 440.285, 0.014, 29,     0.740,
 2868, 0, 438.724, 438.724, 438.734, 0.01, 21, 438.734, 439.971, 1.237, 1366, 2, 439.971, 440.319, 0.348, 697,     1.595,
 2872, 0, 439.445, 439.445, 439.517, 0.072, 145, 439.517, 440.456, 0.939, 1351, 2, 440.456, 440.595, 0.138, 277,     1.150,
 2875, 0, 439.822, 439.822, 439.838, 0.015, 31, 439.838, 440.554, 0.716, 1873, 2, 440.554, 440.658, 0.103, 207,     0.835,
 2874, 0, 439.705, 439.705, 439.73, 0.024, 55, 439.73, 440.722, 0.992, 1375, 2, 440.722, 440.722, 0, 18,     1.017,
 2876, 0, 439.938, 439.938, 439.961, 0.023, 37, 439.961, 440.972, 1.011, 1359, 2, 440.972, 441.033, 0.061, 128,     1.095,
 2879, 0, 440.332, 440.332, 440.418, 0.086, 172, 440.418, 441.338, 0.92, 1483, 2, 441.338, 441.358, 0.02, 26,     1.026,
 2877, 0, 440.193, 440.193, 440.245, 0.052, 110, 440.245, 441.425, 1.179, 1298, 2, 441.425, 441.44, 0.015, 30,     1.246,
 2881, 0, 440.589, 440.589, 440.607, 0.019, 37, 440.607, 441.588, 0.98, 1086, 2, 441.588, 441.598, 0.01, 4,     1.009,
 2878, 0, 440.3, 440.3, 440.714, 0.414, 846, 440.714, 441.674, 0.96, 1742, 2, 441.674, 441.691, 0.017, 35,     1.391,
 2884, 0, 440.943, 440.943, 440.953, 0.01, 16, 440.953, 441.924, 0.97, 1872, 2, 441.924, 441.94, 0.017, 33,     0.997,
 2883, 0, 440.924, 440.924, 440.943, 0.019, 38, 440.943, 441.878, 0.935, 1871, 2, 441.878, 442.012, 0.133, 267,     1.087,
 2882, 0, 440.859, 440.859, 440.889, 0.03, 38, 440.889, 442.053, 1.164, 1369, 2, 442.053, 442.259, 0.206, 413,     1.401,
 2880, 0, 440.544, 440.544, 440.589, 0.045, 76, 440.589, 442.184, 1.596, 1112, 2, 442.184, 442.498, 0.313, 627,     1.954,
 2885, 0, 441.375, 441.375, 441.385, 0.01, 14, 441.385, 442.628, 1.243, 1719, 2, 442.628, 442.697, 0.069, 139,     1.323,
 2888, 0, 441.963, 441.963, 442.033, 0.07, 33, 442.033, 442.798, 0.765, 1852, 2, 442.798, 442.926, 0.128, 257,     0.964,
 2887, 0, 441.946, 441.946, 442.013, 0.067, 140, 442.013, 443.08, 1.067, 1754, 2, 443.08, 443.199, 0.119, 238,     1.253,
 2886, 0, 441.895, 441.895, 442.112, 0.217, 438, 442.112, 442.877, 0.765, 1680, 2, 442.877, 443.347, 0.47, 948,     1.452,
 2893, 0, 442.41, 442.41, 442.772, 0.361, 39, 442.772, 443.496, 0.725, 1377, 2, 443.496, 443.506, 0.01, 14,     1.096,
 2890, 0, 441.976, 441.976, 442.651, 0.675, 1079, 442.651, 443.571, 0.92, 1410, 2, 443.571, 443.571, 0, 1,     1.595,
 2892, 0, 442.286, 442.286, 442.738, 0.451, 98, 442.738, 443.82, 1.083, 1370, 2, 443.82, 443.83, 0.01, 13,     1.544,
 2891, 0, 442.002, 442.002, 442.689, 0.686, 75, 442.689, 444.021, 1.332, 1670, 2, 444.021, 444.079, 0.058, 116,     2.077,
 2895, 0, 442.553, 442.553, 443.235, 0.682, 13, 443.235, 444.155, 0.92, 1036, 2, 444.155, 444.18, 0.025, 63,     1.627,
 2896, 0, 442.595, 442.595, 443.299, 0.704, 127, 443.299, 444.27, 0.971, 1728, 2, 444.27, 444.286, 0.015, 31,     1.691,
 2889, 0, 441.975, 441.975, 443.225, 1.25, 2375, 443.225, 444.548, 1.322, 1794, 2, 444.548, 444.562, 0.014, 28,     2.587,
 2897, 0, 442.89, 442.89, 444.58, 1.69, 2552, 444.58, 445.511, 0.931, 2168, 2, 445.511, 445.562, 0.05, 101,     2.672,
 2900, 0, 442.956, 442.956, 444.919, 1.963, 81, 444.919, 445.635, 0.716, 1914, 2, 445.635, 445.645, 0.01, 2,     2.689,
 2898, 0, 442.918, 442.918, 444.933, 2.015, 693, 444.933, 445.657, 0.725, 1588, 2, 445.657, 445.671, 0.014, 28,     2.754,
 2901, 0, 443.168, 443.168, 444.933, 1.765, 2, 444.933, 445.657, 0.725, 1109, 2, 445.657, 445.712, 0.055, 109,     2.544,
 2899, 0, 442.93, 442.93, 444.878, 1.948, 372, 444.878, 445.798, 0.919, 1730, 2, 445.798, 445.808, 0.01, 13,     2.878,
 2904, 0, 443.304, 443.304, 445, 1.696, 41, 445, 445.884, 0.884, 1218, 2, 445.884, 445.894, 0.01, 15,     2.590,
 2905, 0, 443.529, 443.529, 445.014, 1.485, 51, 445.014, 445.907, 0.893, 1419, 2, 445.907, 446.018, 0.111, 222,     2.489,
 2894, 0, 442.433, 442.433, 444.676, 2.243, 3809, 444.676, 446.133, 1.457, 1240, 2, 446.133, 446.163, 0.03, 60,     3.730,
 2909, 0, 443.996, 443.996, 445.084, 1.088, 98, 445.084, 446.173, 1.089, 1365, 2, 446.173, 446.214, 0.041, 82,     2.219,
 2907, 0, 443.699, 443.699, 445.044, 1.345, 46, 445.044, 446.307, 1.262, 2002, 2, 446.307, 446.323, 0.016, 32,     2.624,
 2902, 0, 443.2, 443.2, 444.967, 1.767, 40, 444.967, 446.173, 1.206, 1188, 2, 446.173, 446.393, 0.22, 425,     3.193,
 2910, 0, 444.076, 444.076, 445.064, 0.989, 39, 445.064, 446.383, 1.318, 757, 2, 446.383, 446.393, 0.01, 10,     2.317,
 2911, 0, 444.131, 444.131, 445.311, 1.18, 472, 445.311, 446.424, 1.114, 1543, 2, 446.424, 446.493, 0.069, 110,     2.362,
 2912, 0, 444.187, 444.187, 445.176, 0.988, 183, 445.176, 446.556, 1.38, 777, 2, 446.556, 446.574, 0.018, 36,     2.387,
 2903, 0, 443.215, 443.215, 444.967, 1.751, 16, 444.967, 446.057, 1.09, 1221, 2, 446.057, 446.594, 0.537, 1041,     3.379,
 2913, 0, 444.4, 444.4, 445.265, 0.865, 178, 445.265, 446.632, 1.368, 990, 2, 446.632, 446.644, 0.012, 24,     2.245,
 2914, 0, 444.628, 444.628, 445.325, 0.696, 116, 445.325, 446.758, 1.433, 2011, 2, 446.758, 446.758, 0, 12,     2.130,
 2915, 0, 445.024, 445.024, 445.406, 0.382, 175, 445.406, 446.805, 1.399, 1659, 2, 446.805, 446.841, 0.036, 37,     1.817,
 2908, 0, 443.815, 443.815, 445.034, 1.219, 10, 445.034, 446.934, 1.9, 988, 2, 446.934, 446.973, 0.038, 77,     3.158,
 2916, 0, 445.047, 445.047, 445.483, 0.437, 301, 445.483, 446.881, 1.398, 1543, 2, 446.881, 447.006, 0.125, 249,     1.959,
 2918, 0, 445.183, 445.183, 445.498, 0.314, 4, 445.498, 447.008, 1.51, 2074, 2, 447.008, 447.03, 0.022, 49,     1.847,
 2917, 0, 445.068, 445.068, 445.557, 0.49, 294, 445.557, 447.054, 1.497, 1627, 2, 447.054, 447.095, 0.041, 81,     2.027,
 2919, 0, 445.433, 445.433, 445.557, 0.124, 112, 445.557, 447.138, 1.581, 1637, 2, 447.138, 447.148, 0.01, 12,     1.715,
 2921, 0, 445.861, 445.861, 445.952, 0.091, 170, 445.952, 447.304, 1.352, 1336, 2, 447.304, 447.314, 0.01, 17,     1.453,
 2922, 0, 445.877, 445.877, 446.061, 0.184, 287, 446.061, 447.387, 1.327, 1624, 2, 447.387, 447.537, 0.15, 300,     1.660,
 2924, 0, 446.423, 446.423, 446.463, 0.04, 42, 446.463, 447.553, 1.09, 1988, 2, 447.553, 447.564, 0.01, 21,     1.141,
 2920, 0, 445.833, 445.833, 445.912, 0.079, 129, 445.912, 447.527, 1.615, 1934, 2, 447.527, 447.579, 0.053, 106,     1.746,
 2923, 0, 446.225, 446.225, 446.279, 0.053, 107, 446.279, 447.268, 0.99, 1688, 2, 447.268, 447.622, 0.353, 707,     1.397,
 2906, 0, 443.544, 443.544, 445.014, 1.47, 18, 445.014, 445.907, 0.893, 1158, 2, 445.907, 447.637, 1.73, 3450,     4.093,
 2925, 0, 446.562, 446.562, 446.653, 0.091, 182, 446.653, 447.637, 0.983, 1280, 2, 447.637, 447.654, 0.017, 34,     1.091,
 2927, 0, 446.874, 446.874, 446.874, 0, 3, 446.874, 447.803, 0.929, 1106, 2, 447.803, 447.863, 0.06, 120,     0.989,
 2928, 0, 446.964, 446.964, 447.027, 0.063, 101, 447.027, 447.886, 0.858, 1371, 2, 447.886, 447.896, 0.01, 5,     0.931,
 2926, 0, 446.792, 446.792, 446.802, 0.01, 2, 446.802, 448.06, 1.258, 1179, 2, 448.06, 448.07, 0.01, 15,     1.278,
 2929, 0, 447.23, 447.23, 447.271, 0.041, 87, 447.271, 448.191, 0.92, 1113, 2, 448.191, 448.353, 0.162, 324,     1.123,
 2931, 0, 447.44, 447.44, 447.45, 0.01, 1, 447.45, 448.458, 1.008, 1593, 2, 448.458, 448.468, 0.01, 16,     1.028,
 2937, 0, 447.931, 447.931, 447.941, 0.01, 11, 447.941, 448.697, 0.755, 1346, 2, 448.697, 448.707, 0.01, 8,     0.775,
 2936, 0, 447.901, 447.901, 447.918, 0.017, 33, 447.918, 448.697, 0.779, 1474, 2, 448.697, 448.736, 0.039, 76,     0.834,
 2933, 0, 447.647, 447.647, 447.719, 0.072, 124, 447.719, 448.438, 0.719, 2047, 2, 448.438, 448.846, 0.408, 817,     1.199,
 2932, 0, 447.56, 447.56, 447.805, 0.246, 455, 447.805, 448.736, 0.93, 1669, 2, 448.736, 448.868, 0.132, 282,     1.308,
 2930, 0, 447.4, 447.4, 447.45, 0.051, 92, 447.45, 448.946, 1.496, 1769, 2, 448.946, 448.956, 0.01, 12,     1.557,
 2934, 0, 447.778, 447.778, 447.785, 0.007, 16, 447.785, 448.966, 1.18, 1225, 2, 448.966, 448.986, 0.02, 40,     1.208,
 2938, 0, 448.058, 448.058, 448.109, 0.051, 102, 448.109, 449.03, 0.921, 2043, 2, 449.03, 449.068, 0.038, 77,     1.010,
 2939, 0, 448.446, 448.446, 448.456, 0.01, 15, 448.456, 449.377, 0.921, 1406, 2, 449.377, 449.402, 0.025, 50,     0.956,
 2941, 0, 448.557, 448.557, 448.616, 0.059, 97, 448.616, 449.471, 0.855, 1737, 2, 449.471, 449.737, 0.266, 532,     1.180,
 2944, 0, 449.046, 449.046, 449.144, 0.098, 3, 449.144, 449.859, 0.715, 1390, 2, 449.859, 449.875, 0.016, 32,     0.829,
 2943, 0, 448.98, 448.98, 449.134, 0.154, 289, 449.134, 449.846, 0.712, 1626, 2, 449.846, 449.886, 0.04, 64,     0.907,
 2945, 0, 449.059, 449.059, 449.164, 0.105, 26, 449.164, 449.905, 0.742, 1453, 2, 449.905, 449.938, 0.033, 66,     0.879,
 2942, 0, 448.915, 448.915, 448.965, 0.05, 101, 448.965, 449.886, 0.921, 1040, 2, 449.886, 450.168, 0.281, 563,     1.253,
 2948, 0, 449.62, 449.62, 449.63, 0.01, 5, 449.63, 450.346, 0.716, 1619, 2, 450.346, 450.436, 0.091, 181,     0.816,
 2947, 0, 449.124, 449.124, 449.62, 0.497, 71, 449.62, 450.536, 0.916, 1113, 2, 450.536, 450.536, 0, 5,     1.412,
 2950, 0, 449.821, 449.821, 449.83, 0.009, 16, 449.83, 450.551, 0.722, 1375, 2, 450.551, 450.561, 0.01, 11,     0.740,
 2949, 0, 449.807, 449.807, 449.817, 0.01, 10, 449.817, 450.531, 0.714, 1646, 2, 450.531, 450.571, 0.04, 63,     0.764,
 2946, 0, 449.087, 449.087, 449.583, 0.496, 839, 449.583, 450.755, 1.172, 1285, 2, 450.755, 450.839, 0.084, 168,     1.752,
 2953, 0, 450.149, 450.149, 450.179, 0.031, 20, 450.179, 450.906, 0.727, 1313, 2, 450.906, 450.916, 0.01, 10,     0.767,
 2952, 0, 450.136, 450.136, 450.165, 0.029, 58, 450.165, 451.094, 0.929, 1422, 2, 451.094, 451.141, 0.047, 106,     1.005,
 2951, 0, 449.934, 449.934, 449.973, 0.039, 79, 449.973, 451.337, 1.364, 1475, 2, 451.337, 451.35, 0.013, 26,     1.417,
 2940, 0, 448.473, 448.473, 448.567, 0.094, 204, 448.567, 449.446, 0.878, 1547, 2, 449.446, 451.409, 1.963, 3927,     2.936,
 2955, 0, 450.403, 450.403, 451.379, 0.976, 9, 451.379, 452.175, 0.796, 1687, 2, 452.175, 452.185, 0.01, 8,     1.782,
 2957, 0, 450.963, 450.963, 451.685, 0.722, 507, 451.685, 452.424, 0.739, 1882, 2, 452.424, 452.479, 0.055, 108,     1.516,
 2954, 0, 450.182, 450.182, 451.369, 1.186, 2376, 451.369, 452.485, 1.117, 1723, 2, 452.485, 452.505, 0.02, 53,     2.323,
 2960, 0, 451.596, 451.596, 451.873, 0.277, 344, 451.873, 452.59, 0.717, 1549, 2, 452.59, 452.6, 0.01, 16,     1.004,
 2956, 0, 450.437, 450.437, 451.431, 0.994, 94, 451.431, 452.735, 1.305, 1171, 2, 452.735, 452.753, 0.018, 36,     2.317,
 2964, 0, 452.007, 452.007, 452.159, 0.152, 35, 452.159, 452.895, 0.736, 1586, 2, 452.895, 452.915, 0.02, 29,     0.908,
 2959, 0, 451.444, 451.444, 451.701, 0.258, 1, 451.701, 452.985, 1.284, 937, 2, 452.985, 452.995, 0.01, 13,     1.551,
 2935, 0, 447.829, 447.829, 451.848, 4.019, 8048, 451.848, 452.931, 1.083, 1801, 2, 452.931, 453.054, 0.122, 257,     5.225,
 2969, 0, 452.381, 452.381, 452.381, 0, 3, 452.381, 453.128, 0.747, 977, 2, 453.128, 453.172, 0.044, 89,     0.791,
 2958, 0, 451.27, 451.27, 451.695, 0.425, 19, 451.695, 453.152, 1.457, 1278, 2, 453.152, 453.193, 0.041, 83,     1.923,
 2961, 0, 451.675, 451.675, 452.159, 0.484, 602, 452.159, 453.181, 1.022, 1606, 2, 453.181, 453.213, 0.032, 56,     1.538,
 2962, 0, 451.701, 451.701, 452.087, 0.386, 405, 452.087, 453.27, 1.183, 1844, 2, 453.27, 453.28, 0.01, 20,     1.578,
 2963, 0, 451.724, 451.724, 452.131, 0.407, 88, 452.131, 453.234, 1.103, 1435, 2, 453.234, 453.333, 0.099, 198,     1.609,
 2968, 0, 452.324, 452.324, 452.444, 0.12, 258, 452.444, 453.413, 0.969, 2029, 2, 453.413, 453.433, 0.02, 51,     1.109,
 2967, 0, 452.231, 452.231, 452.244, 0.013, 26, 452.244, 453.483, 1.239, 1538, 2, 453.483, 453.493, 0.01, 9,     1.262,
 2965, 0, 452.021, 452.021, 452.379, 0.358, 440, 452.379, 453.433, 1.054, 1825, 2, 453.433, 453.503, 0.07, 132,     1.483,
 2970, 0, 452.389, 452.389, 452.68, 0.291, 584, 452.68, 453.733, 1.052, 1937, 2, 453.733, 453.778, 0.046, 59,     1.389,
 2966, 0, 452.119, 452.119, 452.183, 0.064, 7, 452.183, 453.779, 1.596, 1639, 2, 453.779, 453.815, 0.036, 73,     1.696,
 2971, 0, 452.477, 452.477, 452.529, 0.053, 106, 452.529, 454.277, 1.748, 1626, 2, 454.277, 454.304, 0.026, 53,     1.827,
 2973, 0, 453.072, 453.072, 453.237, 0.165, 346, 453.237, 454.233, 0.996, 1578, 2, 454.233, 454.35, 0.117, 235,     1.278,
 2976, 0, 453.771, 453.771, 453.836, 0.065, 18, 453.836, 454.574, 0.738, 1474, 2, 454.574, 454.592, 0.017, 35,     0.821,
 2977, 0, 453.873, 453.873, 453.907, 0.034, 63, 453.907, 454.621, 0.714, 1309, 2, 454.621, 454.922, 0.301, 603,     1.050,
 2972, 0, 452.703, 452.703, 452.792, 0.09, 185, 452.792, 453.983, 1.19, 946, 2, 453.983, 454.942, 0.96, 1897,     2.240,
 2975, 0, 453.675, 453.675, 453.817, 0.142, 293, 453.817, 455.002, 1.185, 1138, 2, 455.002, 455.013, 0.012, 27,     1.338,
 2974, 0, 453.503, 453.503, 453.836, 0.333, 672, 453.836, 454.788, 0.953, 1702, 2, 454.788, 455.064, 0.275, 556,     1.561,
 2978, 0, 454.109, 454.109, 454.117, 0.008, 17, 454.117, 455.038, 0.921, 1283, 2, 455.038, 455.15, 0.112, 232,     1.040,
 2979, 0, 454.174, 454.174, 454.39, 0.217, 433, 454.39, 455.322, 0.931, 1478, 2, 455.322, 455.332, 0.01, 1,     1.158,
 2981, 0, 454.293, 454.293, 454.415, 0.121, 49, 454.415, 455.501, 1.086, 1532, 2, 455.501, 455.512, 0.011, 22,     1.218,
 2980, 0, 454.272, 454.272, 454.555, 0.283, 558, 454.555, 455.341, 0.786, 1552, 2, 455.341, 455.653, 0.312, 643,     1.380,
 2982, 0, 454.829, 454.829, 454.839, 0.01, 5, 454.839, 455.759, 0.92, 1672, 2, 455.759, 455.759, 0, 12,     0.930,
 2983, 0, 454.861, 454.861, 454.968, 0.107, 214, 454.968, 455.75, 0.782, 1489, 2, 455.75, 455.76, 0.01, 21,     0.899,
 2984, 0, 455.013, 455.013, 455.038, 0.025, 57, 455.038, 455.75, 0.712, 1758, 2, 455.75, 455.78, 0.03, 54,     0.767,
 2985, 0, 455.068, 455.068, 455.078, 0.01, 12, 455.078, 456.009, 0.931, 2039, 2, 456.009, 456.013, 0.004, 3,     0.945,
 2986, 0, 455.09, 455.09, 455.12, 0.03, 34, 455.12, 456.013, 0.893, 1629, 2, 456.013, 456.023, 0.01, 18,     0.933,
 2989, 0, 455.458, 455.458, 455.466, 0.007, 16, 455.466, 456.184, 0.718, 1442, 2, 456.184, 456.224, 0.04, 80,     0.766,
 2987, 0, 455.346, 455.346, 455.356, 0.01, 6, 455.356, 456.293, 0.937, 1371, 2, 456.293, 456.306, 0.013, 26,     0.960,
 2988, 0, 455.403, 455.403, 455.442, 0.039, 88, 455.442, 456.279, 0.838, 1160, 2, 456.279, 456.441, 0.161, 323,     1.038,
 2991, 0, 456.079, 456.079, 456.217, 0.138, 283, 456.217, 457.138, 0.92, 960, 2, 457.138, 457.148, 0.01, 1,     1.069,
 2993, 0, 456.136, 456.136, 456.323, 0.187, 74, 456.323, 457.388, 1.065, 1051, 2, 457.388, 457.418, 0.03, 23,     1.283,
 2996, 0, 456.564, 456.564, 456.668, 0.104, 179, 456.668, 457.389, 0.721, 1453, 2, 457.389, 457.418, 0.029, 43,     0.854,
 2995, 0, 456.437, 456.437, 456.574, 0.136, 66, 456.574, 457.638, 1.064, 1652, 2, 457.638, 457.71, 0.072, 145,     1.273,
 2990, 0, 456.019, 456.019, 456.273, 0.254, 509, 456.273, 457.638, 1.365, 1157, 2, 457.638, 457.73, 0.092, 167,     1.712,
 2994, 0, 456.417, 456.417, 456.539, 0.122, 245, 456.539, 457.887, 1.348, 1745, 2, 457.887, 457.901, 0.014, 27,     1.484,
 2997, 0, 457.132, 457.132, 457.161, 0.029, 46, 457.161, 458.351, 1.189, 1128, 2, 458.351, 458.361, 0.01, 18,     1.228,
 2992, 0, 456.103, 456.103, 457.559, 1.456, 2684, 457.559, 458.48, 0.921, 1736, 2, 458.48, 458.519, 0.038, 77,     2.415,
 2998, 0, 457.616, 457.616, 457.813, 0.197, 395, 457.813, 458.73, 0.916, 1285, 2, 458.73, 458.771, 0.041, 83,     1.155,
 3000, 0, 458.65, 458.65, 458.694, 0.044, 88, 458.694, 459.614, 0.92, 1662, 2, 459.614, 459.624, 0.01, 14,     0.974,
 3001, 0, 458.793, 458.793, 458.825, 0.031, 63, 458.825, 459.863, 1.038, 1054, 2, 459.863, 459.963, 0.1, 200,     1.169,
 2999, 0, 457.973, 457.973, 458.227, 0.254, 509, 458.227, 459.621, 1.393, 1246, 2, 459.621, 460.07, 0.45, 900,     2.097,
 3003, 0, 458.929, 458.929, 458.929, 0, 4, 458.929, 460.113, 1.184, 1553, 2, 460.113, 460.123, 0.01, 10,     1.194,
 3002, 0, 458.91, 458.91, 458.927, 0.017, 46, 458.927, 460.127, 1.2, 1459, 2, 460.127, 460.142, 0.015, 38,     1.232,
 3004, 0, 459.273, 459.273, 459.306, 0.034, 67, 459.306, 460.363, 1.057, 1390, 2, 460.363, 460.539, 0.176, 353,     1.267,
 3005, 0, 459.573, 459.573, 459.683, 0.11, 205, 459.683, 460.613, 0.93, 1731, 2, 460.613, 460.623, 0.01, 9,     1.050,
 3006, 0, 459.804, 459.804, 459.815, 0.011, 22, 459.815, 460.643, 0.828, 2059, 2, 460.643, 460.75, 0.106, 227,     0.946,
 3007, 0, 459.975, 459.975, 459.985, 0.01, 6, 459.985, 461.379, 1.394, 1506, 2, 461.379, 461.389, 0.01, 20,     1.414,
 3012, 0, 460.611, 460.611, 460.649, 0.038, 57, 460.649, 461.516, 0.867, 1763, 2, 461.516, 461.596, 0.08, 127,     0.985,
 3013, 0, 460.664, 460.664, 460.687, 0.023, 41, 460.687, 461.886, 1.199, 1193, 2, 461.886, 461.886, 0, 7,     1.221,
 3010, 0, 460.578, 460.578, 460.578, 0, 10, 460.578, 461.866, 1.288, 1816, 2, 461.866, 461.895, 0.029, 59,     1.317,
 3009, 0, 460.551, 460.551, 460.599, 0.048, 73, 460.599, 461.88, 1.281, 1851, 2, 461.88, 461.92, 0.04, 80,     1.369,
 3011, 0, 460.599, 460.599, 461.167, 0.568, 1125, 461.167, 462.115, 0.948, 1862, 2, 462.115, 462.125, 0.01, 18,     1.526,
 3014, 0, 460.769, 460.769, 460.904, 0.135, 270, 460.904, 462.13, 1.226, 1354, 2, 462.13, 462.13, 0, 5,     1.361,
 3017, 0, 461.138, 461.138, 461.207, 0.068, 43, 461.207, 462.364, 1.157, 1545, 2, 462.364, 462.398, 0.034, 68,     1.259,
 3016, 0, 461.127, 461.127, 461.177, 0.05, 1, 461.177, 462.38, 1.203, 1060, 2, 462.38, 462.418, 0.038, 50,     1.291,
 3020, 0, 462.057, 462.057, 462.088, 0.031, 63, 462.088, 462.803, 0.715, 1549, 2, 462.803, 462.828, 0.025, 50,     0.772,
 3018, 0, 461.918, 461.918, 461.932, 0.014, 28, 461.932, 462.842, 0.91, 1222, 2, 462.842, 462.867, 0.025, 50,     0.949,
 3019, 0, 461.95, 461.95, 461.962, 0.012, 24, 461.962, 463.092, 1.131, 1325, 2, 463.092, 463.291, 0.199, 404,     1.341,
 3022, 0, 462.223, 462.223, 462.233, 0.01, 28, 462.233, 463.342, 1.109, 1662, 2, 463.342, 463.404, 0.062, 125,     1.181,
 3023, 0, 462.258, 462.258, 462.327, 0.069, 136, 462.327, 463.324, 0.997, 1362, 2, 463.324, 463.452, 0.128, 256,     1.194,
 3024, 0, 462.566, 462.566, 462.602, 0.036, 79, 462.602, 463.324, 0.722, 1617, 2, 463.324, 463.563, 0.239, 478,     0.997,
 3026, 0, 462.757, 462.757, 462.808, 0.05, 107, 462.808, 463.574, 0.766, 1678, 2, 463.574, 463.584, 0.01, 13,     0.827,
 3021, 0, 462.179, 462.179, 462.732, 0.553, 1106, 462.732, 463.649, 0.916, 912, 2, 463.649, 463.666, 0.017, 35,     1.487,
 3028, 0, 463.063, 463.063, 463.213, 0.15, 301, 463.213, 463.929, 0.715, 1329, 2, 463.929, 463.939, 0.01, 5,     0.876,
 3027, 0, 462.952, 462.952, 462.967, 0.015, 36, 462.967, 463.899, 0.932, 1666, 2, 463.899, 464.01, 0.112, 224,     1.058,
 3025, 0, 462.621, 462.621, 462.621, 0, 6, 462.621, 463.988, 1.367, 1266, 2, 463.988, 464.038, 0.05, 101,     1.417,
 3029, 0, 463.217, 463.217, 463.278, 0.06, 121, 463.278, 464.332, 1.054, 1126, 2, 464.332, 464.344, 0.012, 24,     1.127,
 3030, 0, 463.233, 463.233, 463.258, 0.025, 60, 463.258, 464.556, 1.299, 2108, 2, 464.556, 464.615, 0.058, 117,     1.382,
 3034, 0, 463.955, 463.955, 463.975, 0.02, 30, 463.975, 464.703, 0.727, 1795, 2, 464.703, 464.703, 0, 3,     0.747,
 3032, 0, 463.729, 463.729, 463.78, 0.051, 102, 463.78, 464.695, 0.915, 1084, 2, 464.695, 464.705, 0.01, 19,     0.976,
 3033, 0, 463.923, 463.923, 463.965, 0.043, 81, 463.965, 464.683, 0.717, 1519, 2, 464.683, 464.715, 0.033, 56,     0.793,
 3035, 0, 463.998, 463.998, 463.998, 0, 5, 463.998, 464.806, 0.807, 1484, 2, 464.806, 464.824, 0.019, 37,     0.826,
 3031, 0, 463.692, 463.692, 463.702, 0.01, 11, 463.702, 464.932, 1.23, 1227, 2, 464.932, 464.943, 0.011, 22,     1.251,
 3036, 0, 464.149, 464.149, 464.192, 0.043, 80, 464.192, 465.113, 0.921, 1888, 2, 465.113, 465.173, 0.06, 121,     1.024,
 3039, 0, 464.333, 464.333, 464.333, 0, 10, 464.333, 465.181, 0.848, 1816, 2, 465.181, 465.199, 0.017, 51,     0.865,
 3038, 0, 464.281, 464.281, 464.392, 0.111, 211, 464.392, 465.214, 0.823, 1737, 2, 465.214, 465.325, 0.111, 222,     1.044,
 3037, 0, 464.252, 464.252, 464.327, 0.075, 169, 464.327, 465.362, 1.036, 1048, 2, 465.362, 465.409, 0.047, 94,     1.157,
 3041, 0, 464.498, 464.498, 464.541, 0.043, 75, 464.541, 465.612, 1.071, 1635, 2, 465.612, 465.622, 0.01, 19,     1.124,
 3043, 0, 464.598, 464.598, 464.602, 0.004, 19, 464.602, 465.681, 1.079, 1632, 2, 465.681, 465.692, 0.012, 23,     1.094,
 3040, 0, 464.406, 464.406, 464.412, 0.006, 14, 464.412, 465.315, 0.904, 1478, 2, 465.315, 465.747, 0.432, 865,     1.342,
 3042, 0, 464.521, 464.521, 464.531, 0.01, 4, 464.531, 465.92, 1.389, 1105, 2, 465.92, 465.956, 0.036, 71,     1.435,
 3044, 0, 464.649, 464.649, 464.681, 0.032, 35, 464.681, 465.98, 1.299, 1698, 2, 465.98, 465.99, 0.01, 4,     1.341,
 3015, 0, 461.061, 461.061, 461.247, 0.185, 365, 461.247, 462.384, 1.137, 960, 2, 462.384, 466, 3.616, 7225,     4.939,
 3045, 0, 465.2, 465.2, 465.21, 0.01, 20, 465.21, 466.136, 0.926, 1040, 2, 466.136, 466.146, 0.01, 9,     0.946,
 3046, 0, 465.252, 465.252, 465.292, 0.04, 63, 465.292, 466.464, 1.172, 1726, 2, 466.464, 466.474, 0.01, 8,     1.222,
 3047, 0, 465.282, 465.282, 465.39, 0.108, 214, 465.39, 466.385, 0.996, 1064, 2, 466.385, 466.574, 0.189, 378,     1.292,
 3052, 0, 465.971, 465.971, 466.021, 0.05, 117, 466.021, 466.752, 0.732, 1849, 2, 466.752, 466.765, 0.013, 45,     0.794,
 3050, 0, 465.86, 465.86, 465.872, 0.012, 24, 465.872, 466.792, 0.92, 1399, 2, 466.792, 466.971, 0.179, 359,     1.111,
 3053, 0, 466.022, 466.022, 466.031, 0.009, 11, 466.031, 466.873, 0.842, 1896, 2, 466.873, 466.971, 0.098, 196,     0.949,
 3049, 0, 465.446, 465.446, 465.962, 0.517, 1033, 465.962, 467.041, 1.079, 1249, 2, 467.041, 467.06, 0.019, 37,     1.614,
 3056, 0, 466.403, 466.403, 466.437, 0.035, 70, 466.437, 467.175, 0.737, 1345, 2, 467.175, 467.185, 0.01, 3,     0.782,
 3054, 0, 466.038, 466.038, 466.183, 0.146, 305, 466.183, 467.291, 1.108, 1769, 2, 467.291, 467.301, 0.01, 18,     1.264,
 3051, 0, 465.907, 465.907, 465.952, 0.045, 110, 465.952, 467.424, 1.472, 1907, 2, 467.424, 467.481, 0.057, 114,     1.574,
 3058, 0, 466.646, 466.646, 466.69, 0.045, 90, 466.69, 467.611, 0.92, 1496, 2, 467.611, 467.62, 0.01, 6,     0.975,
 3060, 0, 466.91, 466.91, 466.92, 0.01, 28, 466.92, 467.646, 0.726, 1682, 2, 467.646, 467.656, 0.01, 5,     0.746,
 3057, 0, 466.411, 466.411, 466.501, 0.09, 126, 466.501, 467.673, 1.172, 1823, 2, 467.673, 467.683, 0.01, 1,     1.272,
 3063, 0, 467.237, 467.237, 467.295, 0.058, 116, 467.295, 468.011, 0.716, 1537, 2, 468.011, 468.035, 0.024, 49,     0.798,
 3048, 0, 465.38, 465.38, 465.39, 0.01, 13, 465.39, 466.113, 0.724, 1532, 2, 466.113, 468.064, 1.951, 3903,     2.685,
 3066, 0, 467.426, 467.426, 467.445, 0.019, 52, 467.445, 468.267, 0.822, 1644, 2, 468.267, 468.277, 0.01, 3,     0.851,
 3065, 0, 467.395, 467.395, 467.405, 0.01, 21, 467.405, 468.325, 0.921, 1074, 2, 468.325, 468.335, 0.01, 13,     0.941,
 3008, 0, 460.464, 460.464, 460.493, 0.03, 34, 460.493, 461.63, 1.137, 1171, 2, 461.63, 468.367, 6.737, 13479,     7.904,
 3062, 0, 467.111, 467.111, 467.13, 0.019, 41, 467.13, 468.05, 0.92, 1835, 2, 468.05, 468.387, 0.337, 673,     1.276,
 3061, 0, 467.03, 467.03, 467.079, 0.05, 99, 467.079, 468.247, 1.168, 1365, 2, 468.247, 468.443, 0.195, 391,     1.413,
 3067, 0, 467.514, 467.514, 467.573, 0.06, 130, 467.573, 468.301, 0.728, 1626, 2, 468.301, 468.597, 0.296, 593,     1.084,
 3069, 0, 467.764, 467.764, 467.77, 0.005, 23, 467.77, 468.69, 0.921, 1870, 2, 468.69, 468.725, 0.035, 44,     0.961,
 3070, 0, 468.014, 468.014, 468.026, 0.013, 24, 468.026, 468.954, 0.927, 1644, 2, 468.954, 468.969, 0.015, 30,     0.955,
 3072, 0, 468.21, 468.21, 468.22, 0.01, 10, 468.22, 468.935, 0.715, 1749, 2, 468.935, 468.981, 0.046, 91,     0.771,
 3064, 0, 467.347, 467.347, 467.379, 0.032, 45, 467.379, 468.804, 1.425, 1805, 2, 468.804, 468.997, 0.193, 387,     1.650,
 3059, 0, 466.781, 466.781, 466.791, 0.01, 14, 466.791, 467.673, 0.882, 1687, 2, 467.673, 469.093, 1.42, 2841,     2.312,
 3074, 0, 468.345, 468.345, 468.41, 0.064, 117, 468.41, 469.185, 0.775, 1365, 2, 469.185, 469.234, 0.05, 99,     0.889,
 3073, 0, 468.317, 468.317, 468.327, 0.01, 1, 468.327, 469.247, 0.92, 1469, 2, 469.247, 469.336, 0.089, 162,     1.019,
 3075, 0, 468.586, 468.586, 468.607, 0.021, 41, 468.607, 469.686, 1.079, 1392, 2, 469.686, 469.686, 0, 11,     1.100,
 3077, 0, 468.818, 468.818, 468.865, 0.047, 1, 468.865, 469.7, 0.834, 1779, 2, 469.7, 469.757, 0.057, 114,     0.938,
 3068, 0, 467.723, 467.723, 467.83, 0.108, 199, 467.83, 469.434, 1.604, 1616, 2, 469.434, 469.805, 0.371, 742,     2.082,
 3078, 0, 468.848, 468.848, 468.882, 0.034, 11, 468.882, 469.817, 0.935, 1397, 2, 469.817, 469.869, 0.052, 101,     1.021,
 3076, 0, 468.788, 468.788, 468.858, 0.07, 132, 468.858, 469.935, 1.077, 1485, 2, 469.935, 469.945, 0.01, 21,     1.157,
 3080, 0, 469.083, 469.083, 469.092, 0.009, 12, 469.092, 470.184, 1.092, 1786, 2, 470.184, 470.198, 0.014, 36,     1.115,
 3081, 0, 469.111, 469.111, 469.12, 0.01, 32, 469.12, 470.198, 1.077, 1581, 2, 470.198, 470.208, 0.01, 2,     1.097,
 3079, 0, 468.865, 468.865, 468.92, 0.054, 77, 468.92, 470.327, 1.407, 1306, 2, 470.327, 470.347, 0.021, 41,     1.482,
 3082, 0, 469.488, 469.488, 469.562, 0.074, 147, 469.562, 470.482, 0.92, 915, 2, 470.482, 470.492, 0.01, 16,     1.003,
 3071, 0, 468.063, 468.063, 469.213, 1.151, 2284, 469.213, 470.399, 1.185, 1746, 2, 470.399, 470.527, 0.128, 257,     2.464,
 3085, 0, 469.762, 469.762, 469.812, 0.05, 101, 469.812, 470.547, 0.735, 1175, 2, 470.547, 470.558, 0.01, 21,     0.796,
 3086, 0, 469.791, 469.791, 469.846, 0.054, 83, 469.846, 470.648, 0.802, 1759, 2, 470.648, 470.658, 0.01, 13,     0.867,
 3083, 0, 469.59, 469.59, 469.6, 0.01, 21, 469.6, 470.8, 1.199, 1522, 2, 470.8, 470.849, 0.049, 98,     1.259,
 3084, 0, 469.641, 469.641, 469.65, 0.009, 16, 469.65, 470.743, 1.093, 887, 2, 470.743, 470.969, 0.226, 453,     1.328,
 3088, 0, 469.947, 469.947, 469.957, 0.01, 5, 469.957, 470.993, 1.036, 1474, 2, 470.993, 471.003, 0.01, 3,     1.055,
 3055, 0, 466.351, 466.351, 466.481, 0.13, 256, 466.481, 467.207, 0.725, 1789, 2, 467.207, 471.448, 4.242, 8484,     5.097,
 3089, 0, 470.025, 470.025, 470.266, 0.241, 466, 470.266, 471.438, 1.172, 1264, 2, 471.438, 471.503, 0.064, 123,     1.478,
 3092, 0, 470.623, 470.623, 470.644, 0.022, 41, 470.644, 471.575, 0.931, 1503, 2, 471.575, 471.586, 0.01, 21,     0.963,
 3091, 0, 470.479, 470.479, 470.489, 0.01, 12, 470.489, 471.688, 1.199, 1466, 2, 471.688, 471.698, 0.01, 33,     1.219,
 3090, 0, 470.086, 470.086, 470.306, 0.221, 62, 470.306, 471.243, 0.936, 1340, 2, 471.243, 471.718, 0.475, 944,     1.633,
 3094, 0, 471.187, 471.187, 471.207, 0.02, 32, 471.207, 472.134, 0.927, 1354, 2, 472.134, 472.174, 0.04, 80,     0.987,
 3093, 0, 470.953, 470.953, 471.05, 0.097, 205, 471.05, 472.212, 1.162, 1537, 2, 472.212, 472.422, 0.211, 421,     1.470,
 3095, 0, 471.686, 471.686, 471.921, 0.236, 472, 471.921, 472.842, 0.92, 1399, 2, 472.842, 472.947, 0.105, 218,     1.261,
 3097, 0, 471.751, 471.751, 471.981, 0.23, 37, 471.981, 472.701, 0.72, 1789, 2, 472.701, 472.972, 0.271, 525,     1.221,
 3099, 0, 471.981, 471.981, 472.148, 0.167, 60, 472.148, 472.962, 0.814, 1742, 2, 472.962, 472.972, 0.01, 1,     0.991,
 3096, 0, 471.723, 471.723, 471.958, 0.236, 74, 471.958, 472.712, 0.754, 1766, 2, 472.712, 473.101, 0.389, 769,     1.379,
 3098, 0, 471.857, 471.857, 472.11, 0.253, 246, 472.11, 473.091, 0.982, 1508, 2, 473.091, 473.137, 0.046, 92,     1.281,
 3103, 0, 472.205, 472.205, 472.446, 0.241, 19, 472.446, 473.318, 0.872, 1479, 2, 473.318, 473.348, 0.03, 57,     1.143,
 3100, 0, 472.072, 472.072, 472.242, 0.169, 163, 472.242, 473.341, 1.1, 1818, 2, 473.341, 473.368, 0.026, 45,     1.295,
 3104, 0, 472.743, 472.743, 472.773, 0.031, 39, 472.773, 473.499, 0.726, 1347, 2, 473.499, 473.536, 0.037, 74,     0.793,
 3105, 0, 472.807, 472.807, 472.904, 0.097, 194, 472.904, 473.629, 0.725, 1393, 2, 473.629, 473.639, 0.01, 13,     0.832,
 3101, 0, 472.155, 472.155, 472.403, 0.248, 302, 472.403, 473.693, 1.289, 918, 2, 473.693, 473.712, 0.019, 38,     1.556,
 3102, 0, 472.178, 472.178, 472.432, 0.254, 57, 472.432, 473.591, 1.159, 1791, 2, 473.591, 473.735, 0.144, 289,     1.557,
 3108, 0, 473.211, 473.211, 473.211, 0, 6, 473.211, 473.953, 0.743, 1542, 2, 473.953, 474.007, 0.053, 107,     0.796,
 3107, 0, 473.079, 473.079, 473.163, 0.084, 174, 473.163, 474.095, 0.931, 1831, 2, 474.095, 474.162, 0.067, 135,     1.083,
 3106, 0, 472.935, 472.935, 472.97, 0.035, 70, 472.97, 474.279, 1.309, 1526, 2, 474.279, 474.29, 0.011, 22,     1.355,
 3110, 0, 473.42, 473.42, 473.579, 0.159, 15, 473.579, 474.321, 0.742, 1684, 2, 474.321, 474.334, 0.014, 27,     0.914,
 3111, 0, 473.621, 473.621, 473.665, 0.043, 87, 473.665, 474.389, 0.724, 1034, 2, 474.389, 474.399, 0.01, 4,     0.778,
 3109, 0, 473.332, 473.332, 473.559, 0.227, 425, 473.559, 474.48, 0.921, 2070, 2, 474.48, 474.505, 0.026, 51,     1.173,
 3113, 0, 473.753, 473.753, 473.763, 0.01, 17, 473.763, 474.583, 0.819, 1744, 2, 474.583, 474.613, 0.03, 41,     0.860,
 3087, 0, 469.898, 469.898, 473.911, 4.012, 8026, 473.911, 474.644, 0.733, 1769, 2, 474.644, 474.713, 0.069, 138,     4.814,
 3112, 0, 473.733, 473.733, 473.733, 0, 9, 473.733, 474.73, 0.996, 1876, 2, 474.73, 474.749, 0.019, 38,     1.015,
 3114, 0, 473.965, 473.965, 474.048, 0.083, 166, 474.048, 475.211, 1.163, 1196, 2, 475.211, 475.231, 0.02, 40,     1.266,
 3115, 0, 474.352, 474.352, 474.362, 0.01, 16, 474.362, 475.289, 0.928, 1412, 2, 475.289, 475.327, 0.038, 76,     0.976,
 3116, 0, 474.73, 474.73, 474.73, 0, 7, 474.73, 475.654, 0.924, 1491, 2, 475.654, 475.707, 0.053, 107,     0.977,
 3118, 0, 474.936, 474.936, 474.975, 0.039, 88, 474.975, 475.727, 0.753, 1480, 2, 475.727, 475.741, 0.014, 28,     0.805,
 3117, 0, 474.917, 474.917, 474.927, 0.01, 14, 474.927, 475.912, 0.985, 1805, 2, 475.912, 476.011, 0.099, 172,     1.094,
 3120, 0, 475.372, 475.372, 475.382, 0.01, 13, 475.382, 476.457, 1.075, 1525, 2, 476.457, 476.672, 0.216, 432,     1.301,
 3124, 0, 475.651, 475.651, 475.691, 0.039, 62, 475.691, 476.602, 0.911, 1771, 2, 476.602, 476.716, 0.114, 220,     1.065,
 3128, 0, 476.132, 476.132, 476.132, 0, 7, 476.132, 476.851, 0.719, 1300, 2, 476.851, 476.89, 0.039, 79,     0.758,
 3123, 0, 475.548, 475.548, 475.558, 0.01, 19, 475.558, 476.27, 0.712, 1602, 2, 476.27, 476.942, 0.672, 1345,     1.394,
 3127, 0, 476.067, 476.067, 476.077, 0.01, 8, 476.077, 476.804, 0.727, 1608, 2, 476.804, 477.048, 0.245, 472,     0.982,
 3125, 0, 475.681, 475.681, 475.916, 0.235, 439, 475.916, 476.956, 1.04, 1961, 2, 476.956, 477.068, 0.113, 223,     1.388,
 3129, 0, 476.174, 476.174, 476.184, 0.01, 7, 476.184, 476.904, 0.72, 1708, 2, 476.904, 477.133, 0.229, 459,     0.959,
 3131, 0, 476.377, 476.377, 476.387, 0.01, 24, 476.387, 477.1, 0.713, 1494, 2, 477.1, 477.198, 0.098, 195,     0.821,
 3130, 0, 476.25, 476.25, 476.317, 0.066, 128, 476.317, 477.243, 0.926, 1835, 2, 477.243, 477.253, 0.01, 6,     1.002,
 3121, 0, 475.425, 475.425, 475.906, 0.481, 954, 475.906, 477.288, 1.383, 1378, 2, 477.288, 477.343, 0.055, 110,     1.918,
 3134, 0, 476.625, 476.625, 476.663, 0.038, 76, 476.663, 477.386, 0.724, 1187, 2, 477.386, 477.396, 0.01, 11,     0.771,
 3135, 0, 476.651, 476.651, 476.692, 0.041, 60, 476.692, 477.409, 0.717, 1571, 2, 477.409, 477.482, 0.073, 146,     0.831,
 3133, 0, 476.553, 476.553, 476.563, 0.01, 15, 476.563, 477.504, 0.942, 1450, 2, 477.504, 477.534, 0.03, 60,     0.982,
 3119, 0, 474.98, 474.98, 474.98, 0, 5, 474.98, 476.352, 1.372, 1360, 2, 476.352, 477.772, 1.421, 2842,     2.792,
 3132, 0, 476.505, 476.505, 476.516, 0.011, 22, 476.516, 477.698, 1.183, 1412, 2, 477.698, 477.934, 0.235, 471,     1.429,
 3136, 0, 477.107, 477.107, 477.129, 0.022, 48, 477.129, 478.05, 0.921, 1379, 2, 478.05, 478.132, 0.082, 170,     1.025,
 3122, 0, 475.521, 475.521, 475.521, 0, 2, 475.521, 476.706, 1.185, 1965, 2, 476.706, 478.942, 2.236, 4473,     3.421,
 3138, 0, 477.222, 477.222, 477.73, 0.509, 55, 477.73, 478.808, 1.078, 1655, 2, 478.808, 479.053, 0.244, 489,     1.831,
 3140, 0, 477.597, 477.597, 478.123, 0.526, 442, 478.123, 479.058, 0.935, 1239, 2, 479.058, 479.074, 0.016, 44,     1.477,
 3137, 0, 477.216, 477.216, 477.703, 0.488, 992, 477.703, 479.116, 1.413, 898, 2, 479.116, 479.156, 0.04, 73,     1.941,
 3141, 0, 477.713, 477.713, 478.137, 0.424, 14, 478.137, 478.859, 0.722, 1322, 2, 478.859, 479.272, 0.413, 826,     1.559,
 3126, 0, 475.896, 475.896, 477.902, 2.007, 3983, 477.902, 479.376, 1.473, 1828, 2, 479.376, 479.44, 0.064, 128,     3.544,
 3143, 0, 478.392, 478.392, 478.432, 0.039, 47, 478.432, 479.362, 0.931, 1804, 2, 479.362, 479.539, 0.177, 354,     1.147,
 3142, 0, 478.06, 478.06, 478.183, 0.123, 75, 478.183, 479.57, 1.386, 1634, 2, 479.57, 479.58, 0.01, 15,     1.519,
 3144, 0, 478.532, 478.532, 478.542, 0.01, 6, 478.542, 479.634, 1.091, 1261, 2, 479.634, 479.654, 0.02, 40,     1.121,
 3145, 0, 478.742, 478.742, 478.885, 0.143, 268, 478.885, 479.806, 0.92, 1805, 2, 479.806, 479.816, 0.01, 14,     1.074,
 3146, 0, 478.837, 478.837, 478.895, 0.058, 19, 478.895, 479.89, 0.994, 1764, 2, 479.89, 479.9, 0.01, 21,     1.063,
 3148, 0, 479.179, 479.179, 479.179, 0, 1, 479.179, 480.09, 0.91, 805, 2, 480.09, 480.12, 0.03, 60,     0.940,
 3149, 0, 479.235, 479.235, 479.245, 0.01, 12, 479.245, 480.14, 0.894, 1985, 2, 480.14, 480.357, 0.217, 431,     1.122,
 3147, 0, 479.026, 479.026, 479.123, 0.097, 156, 479.123, 480.347, 1.224, 999, 2, 480.347, 480.4, 0.053, 107,     1.375,
 3150, 0, 479.294, 479.294, 480.476, 1.183, 2366, 480.476, 481.396, 0.92, 1675, 2, 481.396, 481.407, 0.011, 22,     2.114,
 3152, 0, 479.657, 479.657, 480.698, 1.042, 400, 480.698, 481.409, 0.71, 1586, 2, 481.409, 481.464, 0.055, 113,     1.807,
 3154, 0, 479.846, 479.846, 480.744, 0.898, 72, 480.744, 481.465, 0.72, 1168, 2, 481.465, 481.483, 0.018, 38,     1.637,
 3153, 0, 479.695, 479.695, 480.708, 1.014, 19, 480.708, 481.421, 0.713, 1602, 2, 481.421, 481.505, 0.084, 168,     1.811,
 3151, 0, 479.309, 479.309, 480.496, 1.187, 19, 480.496, 481.646, 1.15, 1570, 2, 481.646, 481.656, 0.01, 9,     2.347,
 3157, 0, 480.276, 480.276, 481.024, 0.748, 35, 481.024, 481.744, 0.72, 1841, 2, 481.744, 481.757, 0.013, 26,     1.482,
 3158, 0, 480.391, 480.391, 481.069, 0.678, 69, 481.069, 481.784, 0.715, 1129, 2, 481.784, 481.794, 0.01, 18,     1.403,
 3159, 0, 480.622, 480.622, 481.099, 0.478, 46, 481.099, 481.814, 0.715, 1526, 2, 481.814, 481.873, 0.059, 118,     1.252,
 3155, 0, 479.899, 479.899, 480.754, 0.855, 14, 480.754, 481.938, 1.184, 1572, 2, 481.938, 481.948, 0.01, 4,     2.049,
 3163, 0, 480.924, 480.924, 481.294, 0.37, 42, 481.294, 482.034, 0.741, 1613, 2, 482.034, 482.098, 0.064, 128,     1.175,
 3162, 0, 480.754, 480.754, 481.264, 0.509, 42, 481.264, 482.002, 0.739, 1825, 2, 482.002, 482.15, 0.148, 313,     1.396,
 3161, 0, 480.692, 480.692, 481.234, 0.542, 229, 481.234, 482.159, 0.926, 1405, 2, 482.159, 482.159, 0, 2,     1.468,
 3160, 0, 480.688, 480.688, 481.113, 0.425, 9, 481.113, 482.284, 1.171, 1275, 2, 482.284, 482.294, 0.01, 9,     1.606,
 3167, 0, 481.249, 481.249, 481.529, 0.28, 12, 481.529, 482.252, 0.723, 1398, 2, 482.252, 482.33, 0.078, 156,     1.081,
 3166, 0, 481.214, 481.214, 481.515, 0.302, 15, 481.515, 482.429, 0.914, 972, 2, 482.429, 482.516, 0.087, 174,     1.303,
 3156, 0, 480.248, 480.248, 480.99, 0.742, 472, 480.99, 481.91, 0.92, 1632, 2, 481.91, 482.69, 0.78, 1561,     2.442,
 3164, 0, 481.089, 481.089, 481.473, 0.384, 332, 481.473, 482.2, 0.727, 1446, 2, 482.2, 482.709, 0.509, 1001,     1.620,
 3165, 0, 481.139, 481.139, 481.503, 0.364, 28, 481.503, 482.699, 1.196, 1774, 2, 482.699, 482.729, 0.03, 62,     1.590,
 3170, 0, 481.888, 481.888, 482.438, 0.55, 18, 482.438, 483.149, 0.71, 1920, 2, 483.149, 483.236, 0.087, 175,     1.348,
 3173, 0, 482.205, 482.205, 482.594, 0.389, 65, 482.594, 483.402, 0.808, 1449, 2, 483.402, 483.43, 0.027, 55,     1.224,
 3169, 0, 481.816, 481.816, 482.428, 0.613, 21, 482.428, 483.345, 0.916, 1988, 2, 483.345, 483.45, 0.105, 174,     1.634,
 3139, 0, 477.57, 477.57, 482.416, 4.846, 9372, 482.416, 483.581, 1.165, 1785, 2, 483.581, 483.634, 0.053, 106,     6.064,
 3172, 0, 482.019, 482.019, 482.552, 0.532, 62, 482.552, 483.594, 1.042, 2038, 2, 483.594, 483.654, 0.06, 104,     1.634,
 3175, 0, 482.507, 482.507, 482.638, 0.131, 18, 482.638, 483.658, 1.02, 1577, 2, 483.658, 483.668, 0.01, 29,     1.161,
 3174, 0, 482.428, 482.428, 482.626, 0.198, 36, 482.626, 483.843, 1.217, 1959, 2, 483.843, 484.063, 0.22, 424,     1.635,
 3178, 0, 482.796, 482.796, 483.31, 0.514, 18, 483.31, 484.44, 1.13, 1377, 2, 484.44, 484.464, 0.024, 47,     1.668,
 3171, 0, 481.939, 481.939, 482.517, 0.578, 138, 482.517, 484.329, 1.812, 1826, 2, 484.329, 484.615, 0.286, 555,     2.676,
 3176, 0, 482.552, 482.552, 483.195, 0.643, 1096, 483.195, 484.516, 1.321, 2071, 2, 484.516, 484.633, 0.117, 234,     2.081,
 3177, 0, 482.778, 482.778, 483.294, 0.516, 198, 483.294, 485.015, 1.721, 1583, 2, 485.015, 485.062, 0.047, 94,     2.283,
 3183, 0, 483.667, 483.667, 483.703, 0.036, 44, 483.703, 485.194, 1.491, 1365, 2, 485.194, 485.287, 0.093, 187,     1.620,
 3180, 0, 483.214, 483.214, 483.604, 0.391, 288, 483.604, 485.264, 1.66, 1763, 2, 485.264, 485.309, 0.045, 89,     2.095,
 3184, 0, 483.703, 483.703, 483.798, 0.096, 191, 483.798, 485.326, 1.527, 1284, 2, 485.326, 485.419, 0.093, 186,     1.716,
 3181, 0, 483.314, 483.314, 483.656, 0.342, 89, 483.656, 485.459, 1.803, 1642, 2, 485.459, 485.501, 0.042, 84,     2.187,
 3179, 0, 482.869, 482.869, 483.457, 0.588, 289, 483.457, 485.604, 2.147, 942, 2, 485.604, 485.614, 0.01, 13,     2.745,
 3182, 0, 483.615, 483.615, 483.677, 0.062, 31, 483.677, 485.514, 1.837, 1594, 2, 485.514, 485.645, 0.131, 263,     2.031,
 3185, 0, 483.996, 483.996, 484.006, 0.01, 13, 484.006, 485.764, 1.758, 1799, 2, 485.764, 485.914, 0.15, 301,     1.918,
 3187, 0, 485.218, 485.218, 485.265, 0.046, 56, 485.265, 485.982, 0.717, 1322, 2, 485.982, 486.073, 0.091, 183,     0.855,
 3168, 0, 481.794, 481.794, 483.974, 2.18, 4348, 483.974, 486.103, 2.129, 1391, 2, 486.103, 486.113, 0.01, 21,     4.319,
 3186, 0, 485.142, 485.142, 485.166, 0.024, 47, 485.166, 486.263, 1.097, 1640, 2, 486.263, 486.273, 0.01, 25,     1.131,
 3190, 0, 485.551, 485.551, 485.561, 0.01, 6, 485.561, 486.491, 0.929, 1028, 2, 486.491, 486.541, 0.05, 100,     0.989,
 3188, 0, 485.419, 485.419, 485.44, 0.022, 47, 485.44, 486.513, 1.072, 1650, 2, 486.513, 486.597, 0.085, 169,     1.179,
 3192, 0, 485.773, 485.773, 485.833, 0.06, 97, 485.833, 486.74, 0.908, 940, 2, 486.74, 486.772, 0.031, 52,     0.999,
 3191, 0, 485.67, 485.67, 485.694, 0.024, 62, 485.694, 486.762, 1.068, 1089, 2, 486.762, 486.85, 0.088, 177,     1.180,
 3189, 0, 485.461, 485.461, 485.581, 0.12, 225, 485.581, 486.867, 1.286, 1182, 2, 486.867, 486.877, 0.01, 6,     1.416,
 3193, 0, 486.078, 486.078, 486.263, 0.185, 384, 486.263, 487.183, 0.92, 1435, 2, 487.183, 487.203, 0.02, 35,     1.125,
 3194, 0, 486.239, 486.239, 486.313, 0.074, 126, 486.313, 487.433, 1.12, 1290, 2, 487.433, 487.45, 0.017, 34,     1.211,
 3195, 0, 486.284, 486.284, 486.293, 0.01, 31, 486.293, 487.636, 1.342, 1643, 2, 487.636, 487.646, 0.01, 7,     1.362,
 3197, 0, 486.735, 486.735, 486.936, 0.2, 410, 486.936, 487.871, 0.935, 1445, 2, 487.871, 487.881, 0.01, 16,     1.146,
 3199, 0, 487.071, 487.071, 487.081, 0.01, 17, 487.081, 487.891, 0.809, 1676, 2, 487.891, 487.935, 0.044, 109,     0.864,
 3196, 0, 486.599, 486.599, 486.616, 0.017, 39, 486.616, 488.14, 1.524, 2281, 2, 488.14, 488.15, 0.01, 17,     1.551,
 3198, 0, 487.029, 487.029, 487.322, 0.292, 585, 487.322, 488.048, 0.726, 1591, 2, 488.048, 488.206, 0.159, 318,     1.177,
 3201, 0, 487.506, 487.506, 487.66, 0.154, 308, 487.66, 488.576, 0.916, 1902, 2, 488.576, 488.657, 0.082, 164,     1.151,
 3200, 0, 487.409, 487.409, 487.419, 0.01, 1, 487.419, 488.671, 1.252, 1266, 2, 488.671, 488.764, 0.094, 180,     1.355,
 3203, 0, 488.016, 488.016, 488.096, 0.079, 179, 488.096, 489.017, 0.921, 1603, 2, 489.017, 489.026, 0.01, 6,     1.010,
 3202, 0, 487.648, 487.648, 487.754, 0.106, 193, 487.754, 489.015, 1.261, 2022, 2, 489.015, 489.049, 0.034, 69,     1.402,
 3205, 0, 488.583, 488.583, 488.589, 0.006, 11, 488.589, 489.509, 0.92, 1918, 2, 489.509, 489.534, 0.025, 50,     0.951,
 3207, 0, 488.897, 488.897, 488.943, 0.046, 68, 488.943, 489.676, 0.733, 1504, 2, 489.676, 489.7, 0.024, 49,     0.803,
 3204, 0, 488.149, 488.149, 488.634, 0.485, 970, 488.634, 489.932, 1.299, 1268, 2, 489.932, 489.942, 0.01, 7,     1.793,
 3209, 0, 489.226, 489.226, 489.236, 0.01, 11, 489.236, 490.181, 0.945, 1672, 2, 490.181, 490.2, 0.019, 38,     0.974,
 3206, 0, 488.683, 488.683, 488.693, 0.01, 8, 488.693, 489.765, 1.072, 1202, 2, 489.765, 490.262, 0.497, 995,     1.579,
 3210, 0, 489.415, 489.415, 489.465, 0.05, 79, 489.465, 490.386, 0.921, 1963, 2, 490.386, 490.441, 0.055, 100,     1.026,
 3212, 0, 489.63, 489.63, 489.649, 0.019, 42, 489.649, 490.431, 0.782, 1383, 2, 490.431, 490.451, 0.02, 25,     0.821,
 3214, 0, 489.893, 489.893, 489.899, 0.005, 12, 489.899, 490.613, 0.714, 1509, 2, 490.613, 490.623, 0.01, 13,     0.730,
 3208, 0, 489.06, 489.06, 489.084, 0.025, 36, 489.084, 490.015, 0.931, 1880, 2, 490.015, 490.714, 0.699, 1399,     1.655,
 3211, 0, 489.58, 489.58, 489.875, 0.294, 568, 489.875, 490.681, 0.806, 1597, 2, 490.681, 490.742, 0.061, 122,     1.161,
 3213, 0, 489.671, 489.671, 489.776, 0.105, 225, 489.776, 490.696, 0.92, 1309, 2, 490.696, 490.762, 0.066, 104,     1.091,
 3215, 0, 489.987, 489.987, 489.997, 0.01, 15, 489.997, 490.725, 0.728, 1082, 2, 490.725, 490.847, 0.122, 244,     0.860,
 3216, 0, 490.124, 490.124, 490.136, 0.012, 27, 490.136, 491.308, 1.172, 893, 2, 491.308, 491.318, 0.01, 1,     1.194,
 3217, 0, 490.459, 490.459, 490.47, 0.01, 21, 490.47, 491.391, 0.921, 1706, 2, 491.391, 491.408, 0.017, 34,     0.948,
 3218, 0, 490.933, 490.933, 490.946, 0.013, 26, 490.946, 491.668, 0.722, 1953, 2, 491.668, 491.688, 0.02, 40,     0.755,
 3219, 0, 490.99, 490.99, 491, 0.01, 14, 491, 491.716, 0.716, 2054, 2, 491.716, 491.726, 0.01, 4,     0.736,
 3222, 0, 491.417, 491.417, 491.427, 0.01, 1, 491.427, 492.138, 0.71, 1585, 2, 492.138, 492.158, 0.02, 27,     0.741,
 3221, 0, 491.369, 491.369, 491.38, 0.011, 22, 491.38, 492.304, 0.925, 893, 2, 492.304, 492.319, 0.015, 35,     0.951,
 3224, 0, 491.542, 491.542, 491.561, 0.019, 37, 491.561, 492.387, 0.826, 1491, 2, 492.387, 492.414, 0.026, 53,     0.871,
 3220, 0, 491.219, 491.219, 491.226, 0.007, 23, 491.226, 492.552, 1.326, 1399, 2, 492.552, 492.565, 0.013, 27,     1.346,
 3223, 0, 491.47, 491.47, 491.509, 0.039, 63, 491.509, 492.554, 1.045, 1459, 2, 492.554, 492.589, 0.035, 76,     1.119,
 3225, 0, 491.587, 491.587, 491.597, 0.01, 2, 491.597, 492.352, 0.755, 1085, 2, 492.352, 492.604, 0.252, 487,     1.017,
 3228, 0, 492.017, 492.017, 492.017, 0, 12, 492.017, 492.95, 0.933, 1469, 2, 492.95, 492.962, 0.012, 24,     0.945,
 3227, 0, 491.651, 491.651, 491.677, 0.026, 48, 491.677, 493.05, 1.373, 1629, 2, 493.05, 493.09, 0.039, 56,     1.438,
 3229, 0, 492.353, 492.353, 492.363, 0.01, 2, 492.363, 493.284, 0.921, 1444, 2, 493.284, 493.313, 0.029, 58,     0.960,
 3226, 0, 491.609, 491.609, 492.459, 0.85, 1689, 492.459, 493.222, 0.763, 1669, 2, 493.222, 493.528, 0.307, 614,     1.919,
 3233, 0, 492.479, 492.479, 492.723, 0.244, 7, 492.723, 493.477, 0.754, 1799, 2, 493.477, 493.548, 0.071, 121,     1.069,
 3232, 0, 492.468, 492.468, 492.713, 0.245, 459, 492.713, 493.63, 0.917, 1481, 2, 493.63, 493.64, 0.01, 10,     1.172,
 3234, 0, 492.504, 492.504, 493.001, 0.496, 533, 493.001, 493.727, 0.726, 1214, 2, 493.727, 493.727, 0, 2,     1.223,
 3230, 0, 492.364, 492.364, 492.892, 0.528, 1030, 492.892, 493.88, 0.988, 1959, 2, 493.88, 493.89, 0.01, 2,     1.526,
 3231, 0, 492.459, 492.459, 492.479, 0.021, 34, 492.479, 493.847, 1.367, 1288, 2, 493.847, 493.9, 0.053, 104,     1.442,
 3238, 0, 493.293, 493.293, 493.303, 0.01, 10, 493.303, 494.024, 0.721, 1367, 2, 494.024, 494.067, 0.042, 85,     0.774,
 3237, 0, 493.031, 493.031, 493.066, 0.035, 51, 493.066, 494.138, 1.072, 1221, 2, 494.138, 494.171, 0.033, 66,     1.140,
 3236, 0, 492.791, 492.791, 493.031, 0.24, 45, 493.031, 494.264, 1.233, 1583, 2, 494.264, 494.294, 0.03, 42,     1.503,
 3239, 0, 493.419, 493.419, 493.457, 0.038, 88, 493.457, 494.388, 0.931, 1131, 2, 494.388, 494.404, 0.016, 32,     0.985,
 3241, 0, 493.841, 493.841, 493.86, 0.019, 46, 493.86, 494.589, 0.729, 1251, 2, 494.589, 494.612, 0.023, 46,     0.771,
 3240, 0, 493.508, 493.508, 493.626, 0.118, 246, 493.626, 494.638, 1.012, 2011, 2, 494.638, 494.655, 0.017, 35,     1.147,
 3235, 0, 492.703, 492.703, 493.376, 0.673, 951, 493.376, 494.779, 1.403, 1225, 2, 494.779, 494.789, 0.01, 13,     2.086,
 3243, 0, 494.102, 494.102, 494.137, 0.034, 69, 494.137, 495.057, 0.921, 1391, 2, 495.057, 495.166, 0.109, 218,     1.064,
 3242, 0, 493.978, 493.978, 494.306, 0.328, 667, 494.306, 495.019, 0.713, 1178, 2, 495.019, 495.26, 0.242, 484,     1.282,
 3245, 0, 494.323, 494.323, 494.336, 0.014, 39, 494.336, 495.307, 0.971, 1340, 2, 495.307, 495.408, 0.101, 202,     1.085,
 3248, 0, 494.812, 494.812, 494.832, 0.02, 1, 494.832, 495.561, 0.729, 1512, 2, 495.561, 495.637, 0.075, 151,     0.825,
 3249, 0, 494.886, 494.886, 494.921, 0.035, 70, 494.921, 495.684, 0.763, 1552, 2, 495.684, 495.716, 0.032, 65,     0.830,
 3251, 0, 495.396, 495.396, 495.429, 0.034, 67, 495.429, 496.148, 0.719, 881, 2, 496.148, 496.158, 0.01, 12,     0.762,
 3247, 0, 494.743, 494.743, 494.822, 0.079, 160, 494.822, 495.743, 0.921, 910, 2, 495.743, 496.203, 0.46, 921,     1.460,
 3250, 0, 495.327, 495.327, 495.349, 0.022, 58, 495.349, 496.295, 0.946, 1686, 2, 496.295, 496.305, 0.01, 9,     0.977,
 3254, 0, 495.672, 495.672, 495.682, 0.01, 7, 495.682, 496.398, 0.716, 1629, 2, 496.398, 496.425, 0.027, 54,     0.753,
 3246, 0, 494.649, 494.649, 495.3, 0.652, 1304, 495.3, 496.472, 1.172, 1169, 2, 496.472, 496.525, 0.053, 106,     1.877,
 3253, 0, 495.635, 495.635, 495.645, 0.01, 10, 495.645, 496.562, 0.916, 958, 2, 496.562, 496.643, 0.081, 162,     1.007,
 3257, 0, 495.998, 495.998, 495.998, 0, 2, 495.998, 496.707, 0.709, 1775, 2, 496.707, 496.784, 0.077, 142,     0.786,
 3252, 0, 495.624, 495.624, 495.645, 0.022, 36, 495.645, 496.83, 1.185, 1026, 2, 496.83, 496.847, 0.017, 34,     1.223,
 3262, 0, 496.481, 496.481, 496.533, 0.052, 105, 496.533, 497.25, 0.717, 1294, 2, 497.25, 497.26, 0.01, 16,     0.779,
 3258, 0, 496.207, 496.207, 496.217, 0.01, 11, 496.217, 497.164, 0.947, 1314, 2, 497.164, 497.32, 0.156, 312,     1.112,
 3261, 0, 496.452, 496.452, 496.52, 0.068, 136, 496.52, 497.24, 0.72, 1285, 2, 497.24, 497.357, 0.117, 235,     0.905,
 3255, 0, 495.707, 495.707, 495.818, 0.111, 222, 495.818, 497.34, 1.522, 1087, 2, 497.34, 497.377, 0.037, 62,     1.670,
 3256, 0, 495.899, 495.899, 495.982, 0.083, 168, 495.982, 496.914, 0.932, 1685, 2, 496.914, 497.429, 0.516, 1032,     1.531,
 3260, 0, 496.378, 496.378, 496.378, 0, 14, 496.378, 497.475, 1.097, 1781, 2, 497.475, 497.501, 0.026, 53,     1.124,
 3259, 0, 496.356, 496.356, 496.369, 0.013, 26, 496.369, 497.592, 1.224, 797, 2, 497.592, 497.615, 0.022, 45,     1.259,
 3264, 0, 496.618, 496.618, 496.691, 0.072, 134, 496.691, 497.724, 1.033, 1801, 2, 497.724, 497.724, 0, 8,     1.106,
 3263, 0, 496.579, 496.579, 496.589, 0.01, 10, 496.589, 497.846, 1.257, 1805, 2, 497.846, 497.863, 0.017, 35,     1.285,
 3244, 0, 494.238, 494.238, 494.376, 0.139, 268, 494.376, 495.268, 0.892, 1764, 2, 495.268, 497.888, 2.62, 5257,     3.651,
 3267, 0, 497.052, 497.052, 497.067, 0.015, 30, 497.067, 497.985, 0.918, 1281, 2, 497.985, 498.011, 0.026, 52,     0.959,
 3268, 0, 497.105, 497.105, 497.115, 0.01, 34, 497.115, 497.846, 0.731, 1743, 2, 497.846, 498.031, 0.185, 346,     0.926,
 3266, 0, 496.902, 496.902, 496.912, 0.01, 1, 496.912, 498.102, 1.19, 1993, 2, 498.102, 498.126, 0.024, 48,     1.224,
 3269, 0, 497.216, 497.216, 497.226, 0.01, 14, 497.226, 498.359, 1.133, 1674, 2, 498.359, 498.373, 0.014, 28,     1.157,
 3272, 0, 497.618, 497.618, 497.637, 0.019, 40, 497.637, 498.426, 0.789, 796, 2, 498.426, 498.436, 0.01, 13,     0.818,
 3270, 0, 497.516, 497.516, 497.539, 0.023, 42, 497.539, 498.49, 0.951, 1747, 2, 498.49, 498.513, 0.022, 45,     0.997,
 3271, 0, 497.551, 497.551, 497.561, 0.01, 17, 497.561, 498.359, 0.799, 1293, 2, 498.359, 498.652, 0.293, 552,     1.101,
 3265, 0, 496.809, 496.809, 497.468, 0.659, 1288, 497.468, 498.744, 1.276, 1630, 2, 498.744, 498.781, 0.038, 75,     1.972,
 3275, 0, 498.018, 498.018, 498.104, 0.086, 193, 498.104, 498.859, 0.754, 1537, 2, 498.859, 498.914, 0.055, 94,     0.896,
 3273, 0, 497.655, 497.655, 497.861, 0.206, 401, 497.861, 498.859, 0.997, 1822, 2, 498.859, 498.914, 0.055, 88,     1.259,
 3276, 0, 498.051, 498.051, 498.058, 0.007, 18, 498.058, 498.993, 0.935, 1204, 2, 498.993, 499.018, 0.025, 50,     0.967,
 3278, 0, 498.331, 498.331, 498.344, 0.014, 30, 498.344, 499.128, 0.783, 1474, 2, 499.128, 499.163, 0.035, 70,     0.832,
 3274, 0, 497.998, 497.998, 498.008, 0.01, 19, 498.008, 499.172, 1.163, 1574, 2, 499.172, 499.224, 0.052, 122,     1.225,
 3277, 0, 498.259, 498.259, 498.307, 0.048, 76, 498.307, 499.243, 0.936, 2020, 2, 499.243, 499.726, 0.483, 967,     1.467,
 3280, 0, 499.217, 499.217, 499.227, 0.01, 17, 499.227, 499.977, 0.75, 1537, 2, 499.977, 500.149, 0.172, 345,     0.932,
 3279, 0, 499.179, 499.179, 499.189, 0.01, 1, 499.189, 500.23, 1.041, 1664, 2, 500.23, 500.23, 0, 7,     1.051,
 3283, 0, 500.3, 500.3, 500.31, 0.01, 17, 500.31, 501.026, 0.716, 1937, 2, 501.026, 501.036, 0.01, 2,     0.736,
 3281, 0, 500.123, 500.123, 500.133, 0.01, 1, 500.133, 501.146, 1.012, 1732, 2, 501.146, 501.184, 0.038, 91,     1.061,
 3284, 0, 500.693, 500.693, 500.703, 0.01, 8, 500.703, 501.644, 0.941, 1459, 2, 501.644, 501.665, 0.021, 42,     0.972,
 3285, 0, 500.916, 500.916, 500.916, 0, 6, 500.916, 501.633, 0.717, 1741, 2, 501.633, 501.731, 0.097, 195,     0.815,
 3286, 0, 500.929, 500.929, 500.954, 0.025, 32, 500.954, 501.669, 0.716, 1003, 2, 501.669, 501.818, 0.149, 267,     0.889,
 3282, 0, 500.237, 500.237, 500.247, 0.01, 2, 500.247, 501.395, 1.148, 998, 2, 501.395, 501.841, 0.447, 894,     1.605,
 3289, 0, 501.476, 501.476, 501.714, 0.238, 475, 501.714, 502.531, 0.817, 943, 2, 502.531, 502.541, 0.01, 17,     1.065,
 3292, 0, 501.704, 501.704, 501.785, 0.081, 4, 501.785, 502.499, 0.714, 1411, 2, 502.499, 502.561, 0.062, 92,     0.857,
 3288, 0, 501.339, 501.339, 501.392, 0.053, 95, 501.392, 502.528, 1.136, 1637, 2, 502.528, 502.7, 0.172, 344,     1.361,
 3293, 0, 501.797, 501.797, 501.851, 0.053, 107, 501.851, 502.686, 0.836, 1633, 2, 502.686, 502.729, 0.043, 85,     0.932,
 3290, 0, 501.525, 501.525, 501.751, 0.226, 74, 501.751, 502.778, 1.028, 1383, 2, 502.778, 502.797, 0.019, 38,     1.272,
 3287, 0, 501.089, 501.089, 501.771, 0.681, 1336, 501.771, 502.78, 1.01, 1368, 2, 502.78, 502.913, 0.133, 266,     1.824,
 3296, 0, 502.18, 502.18, 502.234, 0.054, 108, 502.234, 502.974, 0.74, 1210, 2, 502.974, 502.992, 0.019, 37,     0.812,
 3294, 0, 501.879, 501.879, 501.879, 0, 1, 501.879, 503.027, 1.149, 1716, 2, 503.027, 503.047, 0.02, 40,     1.168,
 3295, 0, 502.114, 502.114, 502.124, 0.01, 14, 502.124, 503.03, 0.906, 1330, 2, 503.03, 503.099, 0.069, 132,     0.985,
 3298, 0, 502.446, 502.446, 502.499, 0.053, 107, 502.499, 503.419, 0.92, 1863, 2, 503.419, 503.43, 0.012, 23,     0.984,
 3299, 0, 502.746, 502.746, 502.756, 0.01, 6, 502.756, 503.471, 0.715, 1648, 2, 503.471, 503.484, 0.013, 26,     0.738,
 3297, 0, 502.297, 502.297, 502.33, 0.034, 81, 502.33, 503.493, 1.163, 1493, 2, 503.493, 503.511, 0.018, 54,     1.214,
 3304, 0, 503.185, 503.185, 503.22, 0.034, 72, 503.22, 503.942, 0.722, 1909, 2, 503.942, 503.952, 0.01, 6,     0.766,
 3301, 0, 503.014, 503.014, 503.061, 0.046, 93, 503.061, 503.987, 0.926, 1978, 2, 503.987, 504.06, 0.074, 147,     1.046,
 3302, 0, 503.083, 503.083, 503.17, 0.088, 192, 503.17, 503.896, 0.725, 1439, 2, 503.896, 504.1, 0.204, 409,     1.017,
 3300, 0, 502.814, 502.814, 502.836, 0.022, 44, 502.836, 504.192, 1.356, 1824, 2, 504.192, 504.213, 0.021, 42,     1.399,
 3291, 0, 501.562, 501.562, 503.11, 1.548, 2720, 503.11, 503.826, 0.716, 1624, 2, 503.826, 504.249, 0.423, 817,     2.687,
 3307, 0, 503.492, 503.492, 503.533, 0.041, 83, 503.533, 504.249, 0.716, 1559, 2, 504.249, 504.264, 0.015, 30,     0.772,
 3308, 0, 503.638, 503.638, 503.655, 0.017, 33, 503.655, 504.441, 0.786, 1323, 2, 504.441, 504.463, 0.022, 28,     0.824,
 3306, 0, 503.454, 503.454, 503.464, 0.01, 9, 503.464, 504.192, 0.728, 1514, 2, 504.192, 504.83, 0.638, 1277,     1.376,
 3310, 0, 504.056, 504.056, 504.066, 0.01, 15, 504.066, 504.986, 0.92, 1792, 2, 504.986, 505.02, 0.034, 30,     0.964,
 3311, 0, 504.214, 504.214, 504.224, 0.01, 15, 504.224, 504.94, 0.716, 1415, 2, 504.94, 505.075, 0.134, 269,     0.861,
 3309, 0, 503.977, 503.977, 503.987, 0.01, 9, 503.987, 505.176, 1.189, 1986, 2, 505.176, 505.191, 0.015, 30,     1.214,
 3313, 0, 504.727, 504.727, 504.766, 0.039, 74, 504.766, 505.48, 0.714, 1534, 2, 505.48, 505.49, 0.01, 5,     0.763,
 3314, 0, 504.756, 504.756, 504.776, 0.02, 4, 504.776, 505.5, 0.724, 1687, 2, 505.5, 505.519, 0.019, 38,     0.763,
 3305, 0, 503.27, 503.27, 503.28, 0.01, 20, 503.28, 504.453, 1.173, 1206, 2, 504.453, 505.672, 1.22, 2440,     2.403,
 3316, 0, 505.116, 505.116, 505.126, 0.01, 11, 505.126, 505.853, 0.727, 872, 2, 505.853, 505.898, 0.045, 90,     0.782,
 3317, 0, 505.186, 505.186, 505.212, 0.026, 52, 505.212, 505.929, 0.717, 1447, 2, 505.929, 505.947, 0.017, 35,     0.761,
 3312, 0, 504.281, 504.281, 504.986, 0.704, 1394, 504.986, 505.905, 0.919, 1167, 2, 505.905, 505.96, 0.055, 125,     1.678,
 3319, 0, 505.599, 505.599, 505.599, 0, 2, 505.599, 506.326, 0.726, 1794, 2, 506.326, 506.339, 0.013, 30,     0.739,
 3315, 0, 504.827, 504.827, 504.955, 0.128, 256, 504.955, 506.346, 1.391, 1371, 2, 506.346, 506.423, 0.077, 168,     1.595,
 3318, 0, 505.523, 505.523, 505.533, 0.01, 1, 505.533, 506.454, 0.921, 1596, 2, 506.454, 506.464, 0.01, 11,     0.941,
 3321, 0, 505.799, 505.799, 505.823, 0.024, 41, 505.823, 506.996, 1.173, 1851, 2, 506.996, 507.006, 0.01, 8,     1.207,
 3322, 0, 506.115, 506.115, 506.134, 0.019, 37, 506.134, 507.054, 0.92, 1144, 2, 507.054, 507.086, 0.032, 64,     0.971,
 3324, 0, 506.429, 506.429, 506.467, 0.038, 49, 506.467, 507.198, 0.731, 1194, 2, 507.198, 507.209, 0.011, 22,     0.781,
 3323, 0, 506.153, 506.153, 506.153, 0, 3, 506.153, 506.87, 0.717, 1505, 2, 506.87, 507.245, 0.375, 751,     1.092,
 3328, 0, 506.823, 506.823, 506.844, 0.021, 41, 506.844, 507.564, 0.721, 1414, 2, 507.564, 507.574, 0.01, 14,     0.751,
 3326, 0, 506.662, 506.662, 506.662, 0, 7, 506.662, 507.577, 0.915, 1710, 2, 507.577, 507.664, 0.087, 180,     1.002,
 3325, 0, 506.636, 506.636, 506.657, 0.021, 56, 506.657, 507.962, 1.306, 1538, 2, 507.962, 507.972, 0.01, 1,     1.336,
 3329, 0, 506.937, 506.937, 507.131, 0.194, 363, 507.131, 508.051, 0.92, 1844, 2, 508.051, 508.051, 0, 8,     1.114,
 3320, 0, 505.752, 505.752, 505.762, 0.01, 15, 505.762, 506.543, 0.781, 1360, 2, 506.543, 508.261, 1.718, 3437,     2.509,
 3330, 0, 507.406, 507.406, 507.43, 0.024, 32, 507.43, 508.351, 0.921, 2003, 2, 508.351, 508.524, 0.173, 337,     1.118,
 3327, 0, 506.771, 506.771, 508.149, 1.378, 2751, 508.149, 508.865, 0.716, 1348, 2, 508.865, 508.978, 0.114, 221,     2.208,
 3331, 0, 507.842, 507.842, 507.842, 0, 4, 507.842, 508.97, 1.128, 1405, 2, 508.97, 508.998, 0.029, 31,     1.156,
 3334, 0, 508.112, 508.112, 508.149, 0.037, 70, 508.149, 508.968, 0.819, 1729, 2, 508.968, 509.029, 0.061, 123,     0.917,
 3333, 0, 508.037, 508.037, 508.055, 0.018, 36, 508.055, 509.22, 1.165, 1890, 2, 509.22, 509.463, 0.243, 486,     1.426,
 3336, 0, 508.327, 508.327, 508.387, 0.06, 119, 508.387, 509.469, 1.082, 1987, 2, 509.469, 509.519, 0.05, 114,     1.192,
 3332, 0, 507.947, 507.947, 508.006, 0.059, 138, 508.006, 509.626, 1.62, 1988, 2, 509.626, 509.728, 0.102, 186,     1.781,
 3335, 0, 508.146, 508.146, 508.214, 0.069, 117, 508.214, 509.9, 1.685, 1192, 2, 509.9, 509.935, 0.035, 81,     1.789,
 3337, 0, 508.426, 508.426, 508.441, 0.014, 33, 508.441, 509.967, 1.527, 1641, 2, 509.967, 510.178, 0.21, 421,     1.751,
 3340, 0, 508.658, 508.658, 508.67, 0.012, 24, 508.67, 510.168, 1.498, 1609, 2, 510.168, 510.178, 0.01, 4,     1.520,
 3339, 0, 508.57, 508.57, 508.647, 0.077, 154, 508.647, 510.125, 1.478, 1677, 2, 510.125, 510.236, 0.111, 207,     1.666,
 3338, 0, 508.493, 508.493, 508.502, 0.01, 24, 508.502, 510.236, 1.733, 1241, 2, 510.236, 510.338, 0.102, 205,     1.846,
 3303, 0, 503.143, 503.143, 503.464, 0.321, 631, 503.464, 504.396, 0.932, 1464, 2, 504.396, 510.595, 6.199, 12399,     7.452,
 3341, 0, 509.111, 509.111, 509.17, 0.059, 113, 509.17, 510.735, 1.565, 1060, 2, 510.735, 510.755, 0.02, 40,     1.644,
 3343, 0, 509.67, 509.67, 509.68, 0.01, 16, 509.68, 510.876, 1.196, 1713, 2, 510.876, 510.903, 0.027, 55,     1.233,
 3342, 0, 509.406, 509.406, 509.429, 0.023, 38, 509.429, 511.241, 1.812, 1514, 2, 511.241, 511.254, 0.014, 27,     1.848,
 3347, 0, 510.136, 510.136, 510.245, 0.109, 196, 510.245, 511.454, 1.209, 1643, 2, 511.454, 511.464, 0.01, 13,     1.328,
 3345, 0, 509.788, 509.788, 509.836, 0.048, 76, 509.836, 511.491, 1.654, 1407, 2, 511.491, 511.503, 0.012, 25,     1.715,
 3346, 0, 509.907, 509.907, 510.032, 0.125, 243, 510.032, 511.638, 1.606, 1854, 2, 511.638, 511.737, 0.099, 203,     1.830,
 3349, 0, 510.605, 510.605, 510.611, 0.006, 18, 510.611, 511.887, 1.277, 1323, 2, 511.887, 511.897, 0.01, 6,     1.292,
 3353, 0, 510.79, 510.79, 510.79, 0, 1, 510.79, 511.963, 1.174, 1467, 2, 511.963, 511.973, 0.01, 17,     1.184,
 3351, 0, 510.726, 510.726, 510.764, 0.038, 76, 510.764, 511.99, 1.226, 1497, 2, 511.99, 512.077, 0.087, 175,     1.351,
 3352, 0, 510.754, 510.754, 510.784, 0.03, 21, 510.784, 512.139, 1.355, 1437, 2, 512.139, 512.149, 0.01, 18,     1.395,
 3350, 0, 510.666, 510.666, 510.812, 0.146, 294, 510.812, 512.292, 1.48, 1375, 2, 512.292, 512.302, 0.01, 7,     1.636,
 3354, 0, 511.528, 511.528, 511.544, 0.016, 32, 511.544, 512.504, 0.959, 1264, 2, 512.504, 512.588, 0.085, 177,     1.060,
 3355, 0, 511.746, 511.746, 511.777, 0.031, 62, 511.777, 512.754, 0.977, 1491, 2, 512.754, 512.845, 0.091, 183,     1.099,
 3356, 0, 511.78, 511.78, 511.79, 0.01, 21, 511.79, 512.915, 1.125, 1625, 2, 512.915, 512.925, 0.01, 17,     1.145,
 3348, 0, 510.529, 510.529, 510.566, 0.038, 75, 510.566, 511.741, 1.174, 1646, 2, 511.741, 513.015, 1.274, 2557,     2.486,
 3358, 0, 511.964, 511.964, 512.113, 0.149, 298, 512.113, 513.034, 0.921, 1632, 2, 513.034, 513.324, 0.29, 581,     1.360,
 3344, 0, 509.684, 509.684, 509.694, 0.01, 10, 509.694, 511.188, 1.494, 1323, 2, 511.188, 513.381, 2.193, 4387,     3.697,
 3359, 0, 512.131, 512.131, 512.186, 0.055, 110, 512.186, 513.166, 0.98, 1102, 2, 513.166, 513.421, 0.255, 493,     1.290,
 3360, 0, 512.915, 512.915, 512.925, 0.01, 17, 512.925, 513.846, 0.921, 1427, 2, 513.846, 513.951, 0.106, 211,     1.037,
 3362, 0, 513.422, 513.422, 513.756, 0.335, 45, 513.756, 514.482, 0.726, 1577, 2, 514.482, 514.591, 0.109, 218,     1.169,
 3366, 0, 514.143, 514.143, 514.216, 0.073, 146, 514.216, 514.94, 0.723, 1166, 2, 514.94, 514.991, 0.051, 103,     0.847,
 3365, 0, 513.942, 513.942, 513.966, 0.024, 47, 513.966, 514.981, 1.015, 970, 2, 514.981, 514.991, 0.01, 9,     1.049,
 3361, 0, 513.01, 513.01, 513.734, 0.723, 1449, 513.734, 514.655, 0.921, 2272, 2, 514.655, 515.073, 0.418, 837,     2.062,
 3367, 0, 514.306, 514.306, 514.316, 0.01, 19, 514.316, 515.236, 0.92, 687, 2, 515.236, 515.432, 0.196, 404,     1.126,
 3363, 0, 513.527, 513.527, 513.801, 0.274, 90, 513.801, 515.364, 1.563, 1708, 2, 515.364, 515.452, 0.088, 139,     1.925,
 3369, 0, 514.854, 514.854, 514.918, 0.065, 130, 514.918, 515.646, 0.727, 1257, 2, 515.646, 515.673, 0.027, 47,     0.820,
 3368, 0, 514.769, 514.769, 514.785, 0.016, 32, 514.785, 515.699, 0.914, 1409, 2, 515.699, 515.713, 0.014, 27,     0.943,
 3357, 0, 511.951, 511.951, 514.885, 2.934, 5881, 514.885, 515.633, 0.748, 1568, 2, 515.633, 515.787, 0.154, 309,     3.836,
 3364, 0, 513.861, 513.861, 513.861, 0, 5, 513.861, 514.905, 1.044, 1450, 2, 514.905, 516.153, 1.249, 2498,     2.292,
 3372, 0, 515.583, 515.583, 515.645, 0.062, 123, 515.645, 516.359, 0.715, 1417, 2, 516.359, 516.373, 0.014, 28,     0.790,
 3373, 0, 515.66, 515.66, 515.66, 0, 1, 515.66, 516.379, 0.719, 1535, 2, 516.379, 516.379, 0, 4,     0.719,
 3370, 0, 515.064, 515.064, 515.48, 0.416, 833, 515.48, 516.411, 0.931, 1371, 2, 516.411, 516.411, 0, 14,     1.347,
 3371, 0, 515.341, 515.341, 515.354, 0.013, 25, 515.354, 516.526, 1.172, 1198, 2, 516.526, 516.552, 0.027, 53,     1.211,
 3374, 0, 515.718, 515.718, 515.891, 0.173, 339, 515.891, 516.819, 0.929, 1590, 2, 516.819, 516.829, 0.01, 10,     1.111,
 3376, 0, 516.097, 516.097, 516.138, 0.041, 64, 516.138, 517.069, 0.931, 1256, 2, 517.069, 517.077, 0.008, 20,     0.980,
 3375, 0, 516.071, 516.071, 516.337, 0.266, 543, 516.337, 517.057, 0.721, 1583, 2, 517.057, 517.113, 0.056, 112,     1.042,
 3378, 0, 516.161, 516.161, 516.351, 0.19, 1, 516.351, 517.275, 0.924, 1491, 2, 517.275, 517.289, 0.014, 29,     1.129,
 3379, 0, 516.225, 516.225, 517.28, 1.055, 1821, 517.28, 518.21, 0.931, 1295, 2, 518.21, 518.22, 0.01, 11,     1.996,
 3382, 0, 517.125, 517.125, 517.539, 0.414, 16, 517.539, 518.269, 0.73, 1863, 2, 518.269, 518.314, 0.044, 89,     1.189,
 3381, 0, 516.872, 516.872, 517.525, 0.654, 376, 517.525, 518.255, 0.73, 1909, 2, 518.255, 518.359, 0.104, 208,     1.487,
 3383, 0, 517.73, 517.73, 517.755, 0.025, 43, 517.755, 518.472, 0.717, 2208, 2, 518.472, 518.485, 0.013, 25,     0.755,
 3380, 0, 516.698, 516.698, 517.337, 0.639, 115, 517.337, 518.46, 1.123, 1435, 2, 518.46, 518.504, 0.044, 69,     1.806,
 3385, 0, 517.855, 517.855, 517.865, 0.01, 4, 517.865, 518.754, 0.89, 1679, 2, 518.754, 518.788, 0.034, 68,     0.934,
 3377, 0, 516.145, 516.145, 517.805, 1.66, 3333, 517.805, 518.744, 0.939, 1467, 2, 518.744, 518.814, 0.07, 140,     2.668,
 3386, 0, 517.87, 517.87, 517.901, 0.032, 74, 517.901, 518.722, 0.821, 1427, 2, 518.722, 518.855, 0.133, 266,     0.985,
 3388, 0, 518.046, 518.046, 518.059, 0.014, 43, 518.059, 519.004, 0.944, 1612, 2, 519.004, 519.014, 0.01, 19,     0.968,
 3389, 0, 518.145, 518.145, 518.217, 0.073, 139, 518.217, 518.979, 0.761, 1732, 2, 518.979, 519.049, 0.07, 140,     0.904,
 3384, 0, 517.748, 517.748, 517.932, 0.184, 355, 517.932, 519.204, 1.272, 1518, 2, 519.204, 519.214, 0.01, 2,     1.466,
 3387, 0, 517.996, 517.996, 518.014, 0.019, 37, 518.014, 518.993, 0.979, 1787, 2, 518.993, 519.431, 0.438, 877,     1.436,
 3390, 0, 518.267, 518.267, 518.337, 0.07, 127, 518.337, 519.703, 1.366, 1424, 2, 519.703, 519.706, 0.003, 3,     1.439,
 3392, 0, 518.768, 518.768, 518.785, 0.017, 45, 518.785, 519.706, 0.921, 1643, 2, 519.706, 519.766, 0.06, 127,     0.998,
 3391, 0, 518.752, 518.752, 519.239, 0.487, 963, 519.239, 520.16, 0.921, 1789, 2, 520.16, 520.216, 0.057, 113,     1.464,
 3393, 0, 518.904, 518.904, 519.689, 0.785, 1576, 519.689, 520.422, 0.732, 1255, 2, 520.422, 520.432, 0.01, 4,     1.527,
 3394, 0, 518.98, 518.98, 519.277, 0.297, 76, 519.277, 520.409, 1.132, 1175, 2, 520.409, 520.693, 0.284, 558,     1.713,
 3396, 0, 519.252, 519.252, 519.935, 0.684, 461, 519.935, 520.651, 0.716, 1658, 2, 520.651, 520.713, 0.062, 117,     1.461,
 3397, 0, 519.324, 519.324, 519.949, 0.625, 8, 519.949, 520.683, 0.734, 1257, 2, 520.683, 520.713, 0.03, 54,     1.389,
 3400, 0, 520.005, 520.005, 520.02, 0.015, 45, 520.02, 520.853, 0.833, 1462, 2, 520.853, 520.899, 0.046, 92,     0.894,
 3398, 0, 519.496, 519.496, 519.983, 0.487, 66, 519.983, 520.92, 0.937, 1640, 2, 520.92, 521, 0.08, 160,     1.504,
 3401, 0, 520.3, 520.3, 520.35, 0.05, 67, 520.35, 521.064, 0.714, 1897, 2, 521.064, 521.085, 0.02, 41,     0.784,
 3395, 0, 519.047, 519.047, 519.983, 0.937, 1389, 519.983, 521.404, 1.42, 1590, 2, 521.404, 521.435, 0.031, 62,     2.388,
 3402, 0, 520.539, 520.539, 520.574, 0.035, 60, 520.574, 521.494, 0.92, 2085, 2, 521.494, 521.506, 0.012, 24,     0.967,
 3405, 0, 520.788, 520.788, 520.788, 0, 1, 520.788, 521.634, 0.846, 1138, 2, 521.634, 521.649, 0.015, 30,     0.861,
 3404, 0, 520.72, 520.72, 520.73, 0.01, 10, 520.73, 521.634, 0.903, 1339, 2, 521.634, 521.754, 0.12, 233,     1.033,
 3403, 0, 520.627, 520.627, 520.698, 0.071, 142, 520.698, 521.744, 1.046, 958, 2, 521.744, 521.764, 0.02, 36,     1.137,
 3407, 0, 520.995, 520.995, 521.188, 0.192, 390, 521.188, 522.109, 0.921, 1567, 2, 522.109, 522.119, 0.01, 10,     1.123,
 3406, 0, 520.907, 520.907, 520.917, 0.01, 15, 520.917, 522.155, 1.238, 1496, 2, 522.155, 522.359, 0.204, 408,     1.452,
 3412, 0, 521.957, 521.957, 522.079, 0.122, 162, 522.079, 522.87, 0.791, 1770, 2, 522.87, 522.88, 0.01, 21,     0.924,
 3408, 0, 521.082, 521.082, 521.962, 0.88, 1769, 521.962, 522.882, 0.92, 1600, 2, 522.882, 522.902, 0.019, 43,     1.820,
 3410, 0, 521.605, 521.605, 521.982, 0.377, 15, 521.982, 523.132, 1.15, 1078, 2, 523.132, 523.142, 0.01, 2,     1.536,
 3419, 0, 522.471, 522.471, 522.481, 0.01, 3, 522.481, 523.202, 0.721, 1521, 2, 523.202, 523.212, 0.01, 4,     0.741,
 3413, 0, 522.056, 522.056, 522.092, 0.035, 23, 522.092, 523.333, 1.241, 989, 2, 523.333, 523.357, 0.024, 48,     1.300,
 3415, 0, 522.168, 522.168, 522.198, 0.03, 44, 522.198, 523.159, 0.96, 1407, 2, 523.159, 523.379, 0.22, 440,     1.210,
 3414, 0, 522.155, 522.155, 522.168, 0.013, 26, 522.168, 523.381, 1.212, 1415, 2, 523.381, 523.395, 0.014, 32,     1.240,
 3418, 0, 522.384, 522.384, 522.405, 0.021, 42, 522.405, 523.408, 1.003, 1574, 2, 523.408, 523.418, 0.01, 9,     1.034,
 3416, 0, 522.198, 522.198, 522.208, 0.01, 7, 522.208, 523.534, 1.326, 1366, 2, 523.534, 523.581, 0.047, 93,     1.382,
 3420, 0, 522.687, 522.687, 522.764, 0.077, 132, 522.764, 523.88, 1.116, 733, 2, 523.88, 523.901, 0.021, 42,     1.214,
 3409, 0, 521.493, 521.493, 522.629, 1.136, 2270, 522.629, 523.864, 1.235, 1763, 2, 523.864, 523.962, 0.098, 197,     2.469,
 3417, 0, 522.266, 522.266, 522.276, 0.01, 1, 522.276, 523.63, 1.354, 1894, 2, 523.63, 524.033, 0.403, 806,     1.767,
 3421, 0, 523.308, 523.308, 523.536, 0.227, 436, 523.536, 524.254, 0.718, 1675, 2, 524.254, 524.264, 0.01, 22,     0.955,
 3423, 0, 523.479, 523.479, 523.522, 0.042, 57, 523.522, 524.449, 0.927, 1989, 2, 524.449, 524.488, 0.039, 78,     1.008,
 3422, 0, 523.356, 523.356, 523.43, 0.073, 147, 523.43, 524.605, 1.176, 2008, 2, 524.605, 524.719, 0.114, 229,     1.363,
 3424, 0, 523.725, 523.725, 523.743, 0.018, 42, 523.743, 524.698, 0.956, 1550, 2, 524.698, 524.719, 0.021, 28,     0.995,
 3427, 0, 524.136, 524.136, 524.148, 0.012, 29, 524.148, 524.875, 0.727, 1656, 2, 524.875, 524.988, 0.113, 226,     0.851,
 3428, 0, 524.139, 524.139, 524.182, 0.043, 56, 524.182, 524.971, 0.788, 748, 2, 524.971, 525.014, 0.044, 87,     0.875,
 3426, 0, 523.938, 523.938, 524.013, 0.075, 147, 524.013, 524.948, 0.935, 1494, 2, 524.948, 525.034, 0.086, 146,     1.097,
 3411, 0, 521.948, 521.948, 521.992, 0.044, 8, 521.992, 522.91, 0.918, 1598, 2, 522.91, 525.086, 2.177, 4370,     3.139,
 3432, 0, 524.468, 524.468, 524.479, 0.011, 22, 524.479, 525.22, 0.741, 1468, 2, 525.22, 525.23, 0.01, 1,     0.762,
 3425, 0, 523.833, 523.833, 523.914, 0.082, 166, 523.914, 525.143, 1.229, 1715, 2, 525.143, 525.269, 0.126, 252,     1.436,
 3429, 0, 524.294, 524.294, 524.408, 0.114, 217, 524.408, 525.331, 0.922, 1610, 2, 525.331, 525.398, 0.067, 135,     1.104,
 3431, 0, 524.44, 524.44, 524.455, 0.015, 34, 524.455, 525.409, 0.954, 1483, 2, 525.409, 525.432, 0.023, 46,     0.992,
 3430, 0, 524.347, 524.347, 524.396, 0.049, 81, 524.396, 525.568, 1.171, 1667, 2, 525.568, 525.614, 0.046, 92,     1.267,
 3434, 0, 524.684, 524.684, 524.716, 0.032, 72, 524.716, 525.643, 0.927, 1553, 2, 525.643, 525.674, 0.031, 62,     0.990,
 3435, 0, 524.826, 524.826, 524.868, 0.043, 85, 524.868, 525.658, 0.79, 2176, 2, 525.658, 525.817, 0.159, 317,     0.991,
 3433, 0, 524.516, 524.516, 524.526, 0.01, 19, 524.526, 526.079, 1.553, 1836, 2, 526.079, 526.096, 0.016, 33,     1.579,
 3438, 0, 525.098, 525.098, 525.222, 0.124, 173, 525.222, 526.143, 0.921, 1831, 2, 526.143, 526.156, 0.013, 26,     1.058,
 3440, 0, 525.343, 525.343, 525.47, 0.127, 47, 525.47, 526.187, 0.717, 1972, 2, 526.187, 526.197, 0.01, 1,     0.854,
 3439, 0, 525.187, 525.187, 525.436, 0.25, 399, 525.436, 526.159, 0.723, 1683, 2, 526.159, 526.297, 0.137, 281,     1.110,
 3437, 0, 525.08, 525.08, 525.136, 0.056, 92, 525.136, 526.308, 1.172, 2541, 2, 526.308, 526.318, 0.01, 12,     1.238,
 3441, 0, 525.839, 525.839, 525.866, 0.027, 56, 525.866, 526.588, 0.722, 1544, 2, 526.588, 526.66, 0.072, 143,     0.821,
 3443, 0, 525.986, 525.986, 525.996, 0.01, 15, 525.996, 526.724, 0.728, 1249, 2, 526.724, 526.734, 0.01, 1,     0.748,
 3447, 0, 526.337, 526.337, 526.401, 0.065, 62, 526.401, 527.13, 0.729, 1531, 2, 527.13, 527.14, 0.01, 7,     0.804,
 3444, 0, 526.022, 526.022, 526.032, 0.01, 18, 526.032, 527.087, 1.055, 1685, 2, 527.087, 527.189, 0.102, 204,     1.167,
 3442, 0, 525.908, 525.908, 525.918, 0.01, 12, 525.918, 526.838, 0.92, 1573, 2, 526.838, 527.234, 0.396, 792,     1.326,
 3446, 0, 526.29, 526.29, 526.367, 0.077, 121, 526.367, 527.337, 0.97, 1202, 2, 527.337, 527.365, 0.028, 55,     1.075,
 3445, 0, 526.145, 526.145, 526.191, 0.046, 83, 526.191, 527.497, 1.305, 953, 2, 527.497, 527.607, 0.11, 221,     1.462,
 3449, 0, 526.488, 526.488, 526.7, 0.212, 65, 526.7, 527.617, 0.917, 1337, 2, 527.617, 527.627, 0.01, 12,     1.139,
 3448, 0, 526.41, 526.41, 526.648, 0.238, 495, 526.648, 527.823, 1.175, 1372, 2, 527.823, 527.866, 0.043, 85,     1.455,
 3451, 0, 526.797, 526.797, 526.999, 0.201, 98, 526.999, 527.926, 0.928, 1368, 2, 527.926, 527.936, 0.01, 4,     1.139,
 3452, 0, 526.968, 526.968, 527.276, 0.308, 519, 527.276, 527.997, 0.721, 1500, 2, 527.997, 528.145, 0.148, 296,     1.177,
 3455, 0, 527.311, 527.311, 527.465, 0.154, 41, 527.465, 528.199, 0.734, 1177, 2, 528.199, 528.209, 0.01, 7,     0.898,
 3436, 0, 525.049, 525.049, 526.95, 1.901, 3767, 526.95, 528.247, 1.297, 1419, 2, 528.247, 528.257, 0.01, 18,     3.208,
 3453, 0, 527.134, 527.134, 527.352, 0.218, 152, 527.352, 528.273, 0.921, 1540, 2, 528.273, 528.283, 0.01, 11,     1.149,
 3456, 0, 527.425, 527.425, 527.475, 0.05, 9, 527.475, 528.338, 0.863, 1781, 2, 528.338, 528.348, 0.01, 6,     0.923,
 3454, 0, 527.25, 527.25, 527.435, 0.186, 156, 527.435, 528.493, 1.058, 1102, 2, 528.493, 528.503, 0.01, 21,     1.254,
 3457, 0, 527.604, 527.604, 527.627, 0.023, 66, 527.627, 528.548, 0.921, 1393, 2, 528.548, 528.569, 0.021, 42,     0.965,
 3399, 0, 519.613, 519.613, 520.641, 1.028, 1316, 520.641, 521.384, 0.742, 1616, 2, 521.384, 528.594, 7.21, 14421,     8.981,
 3458, 0, 527.703, 527.703, 527.728, 0.025, 26, 527.728, 528.751, 1.023, 1752, 2, 528.751, 528.761, 0.01, 2,     1.058,
 3459, 0, 527.808, 527.808, 527.819, 0.011, 22, 527.819, 528.55, 0.731, 1370, 2, 528.55, 528.932, 0.382, 768,     1.124,
 3460, 0, 528.045, 528.045, 528.077, 0.032, 54, 528.077, 528.996, 0.919, 1477, 2, 528.996, 529.03, 0.034, 70,     0.985,
 3463, 0, 528.481, 528.481, 528.496, 0.016, 32, 528.496, 529.222, 0.726, 1456, 2, 529.222, 529.232, 0.01, 20,     0.752,
 3462, 0, 528.431, 528.431, 528.455, 0.024, 41, 528.455, 529.389, 0.934, 1467, 2, 529.389, 529.452, 0.063, 126,     1.021,
 3461, 0, 528.26, 528.26, 528.289, 0.029, 38, 528.289, 529.482, 1.193, 1173, 2, 529.482, 529.567, 0.085, 171,     1.307,
 3465, 0, 528.852, 528.852, 528.865, 0.013, 26, 528.865, 529.785, 0.921, 1839, 2, 529.785, 529.795, 0.01, 4,     0.944,
 3467, 0, 529.08, 529.08, 529.313, 0.233, 103, 529.313, 530.224, 0.911, 1544, 2, 530.224, 530.234, 0.01, 14,     1.154,
 3464, 0, 528.718, 528.718, 528.811, 0.093, 189, 528.811, 529.994, 1.183, 1885, 2, 529.994, 530.275, 0.281, 563,     1.557,
 3450, 0, 526.725, 526.725, 529.303, 2.578, 5141, 529.303, 530.236, 0.933, 2089, 2, 530.236, 530.446, 0.21, 424,     3.721,
 3466, 0, 528.884, 528.884, 529.255, 0.371, 753, 529.255, 529.974, 0.719, 1425, 2, 529.974, 530.475, 0.501, 1003,     1.591,
 3469, 0, 529.585, 529.585, 529.811, 0.226, 453, 529.811, 530.732, 0.92, 917, 2, 530.732, 530.742, 0.01, 11,     1.157,
 3471, 0, 530.117, 530.117, 530.154, 0.038, 23, 530.154, 530.878, 0.723, 1775, 2, 530.878, 530.888, 0.01, 8,     0.771,
 3468, 0, 529.325, 529.325, 530.183, 0.857, 1719, 530.183, 530.898, 0.715, 1485, 2, 530.898, 530.908, 0.01, 5,     1.582,
 3470, 0, 530.089, 530.089, 530.14, 0.052, 104, 530.14, 530.858, 0.718, 1725, 2, 530.858, 531.046, 0.188, 376,     0.957,
 3473, 0, 530.237, 530.237, 530.367, 0.131, 267, 530.367, 531.107, 0.74, 1633, 2, 531.107, 531.287, 0.18, 360,     1.050,
 3474, 0, 530.268, 530.268, 530.28, 0.012, 24, 530.28, 531.274, 0.994, 1591, 2, 531.274, 531.378, 0.105, 218,     1.110,
 3472, 0, 530.174, 530.174, 530.234, 0.059, 130, 530.234, 531.436, 1.203, 1466, 2, 531.436, 531.453, 0.017, 34,     1.279,
 3476, 0, 530.694, 530.694, 530.822, 0.128, 257, 530.822, 531.564, 0.742, 853, 2, 531.564, 531.655, 0.091, 182,     0.961,
 3475, 0, 530.669, 530.669, 530.736, 0.067, 134, 530.736, 531.672, 0.937, 931, 2, 531.672, 531.703, 0.031, 62,     1.034,
 3477, 0, 530.849, 530.849, 530.886, 0.037, 36, 530.886, 531.604, 0.718, 1808, 2, 531.604, 531.886, 0.282, 564,     1.037,
 3479, 0, 531.252, 531.252, 531.289, 0.038, 75, 531.289, 532.02, 0.731, 1758, 2, 532.02, 532.03, 0.01, 11,     0.779,
 3478, 0, 531.179, 531.179, 531.195, 0.017, 34, 531.195, 532.116, 0.921, 1813, 2, 532.116, 532.138, 0.021, 43,     0.959,
 3481, 0, 531.895, 531.895, 531.933, 0.039, 67, 531.933, 532.658, 0.724, 1920, 2, 532.658, 532.668, 0.01, 4,     0.773,
 3483, 0, 531.946, 531.946, 531.989, 0.043, 57, 531.989, 532.706, 0.716, 1851, 2, 532.706, 532.747, 0.041, 82,     0.801,
 3482, 0, 531.913, 531.913, 531.919, 0.007, 15, 531.919, 532.84, 0.92, 1527, 2, 532.84, 532.85, 0.01, 18,     0.937,
 3486, 0, 532.153, 532.153, 532.175, 0.022, 44, 532.175, 532.908, 0.733, 1708, 2, 532.908, 532.92, 0.012, 24,     0.767,
 3480, 0, 531.53, 531.53, 531.632, 0.102, 174, 531.632, 532.956, 1.324, 1555, 2, 532.956, 532.966, 0.01, 11,     1.436,
 3487, 0, 532.303, 532.303, 532.325, 0.022, 35, 532.325, 533.04, 0.715, 1358, 2, 533.04, 533.063, 0.023, 46,     0.760,
 3485, 0, 532.023, 532.023, 532.104, 0.081, 180, 532.104, 533.09, 0.986, 1212, 2, 533.09, 533.1, 0.01, 7,     1.077,
 3488, 0, 532.342, 532.342, 532.371, 0.029, 65, 532.371, 533.207, 0.837, 1270, 2, 533.207, 533.22, 0.013, 25,     0.878,
 3484, 0, 532.014, 532.014, 532.023, 0.009, 1, 532.023, 533.207, 1.185, 1587, 2, 533.207, 533.256, 0.049, 98,     1.242,
 3490, 0, 532.744, 532.744, 532.773, 0.029, 58, 532.773, 533.693, 0.92, 1508, 2, 533.693, 533.735, 0.042, 84,     0.991,
 3489, 0, 532.639, 532.639, 532.653, 0.014, 29, 532.653, 533.826, 1.172, 1388, 2, 533.826, 533.934, 0.109, 217,     1.295,
 3491, 0, 533.484, 533.484, 533.533, 0.049, 98, 533.533, 534.26, 0.727, 1543, 2, 534.26, 534.297, 0.037, 58,     0.813,
 3493, 0, 533.555, 533.555, 533.555, 0, 4, 533.555, 534.287, 0.732, 1466, 2, 534.287, 534.297, 0.01, 5,     0.742,
 3492, 0, 533.522, 533.522, 533.653, 0.131, 256, 533.653, 534.388, 0.736, 1558, 2, 534.388, 534.55, 0.162, 324,     1.028,
 3496, 0, 533.851, 533.851, 533.871, 0.02, 51, 533.871, 534.586, 0.714, 996, 2, 534.586, 534.66, 0.074, 149,     0.809,
 3498, 0, 534.006, 534.006, 534.019, 0.013, 25, 534.019, 534.734, 0.716, 1055, 2, 534.734, 534.776, 0.041, 71,     0.770,
 3495, 0, 533.736, 533.736, 533.846, 0.11, 229, 533.846, 534.766, 0.92, 1373, 2, 534.766, 534.776, 0.01, 7,     1.040,
 3497, 0, 533.866, 533.866, 533.883, 0.018, 45, 533.883, 534.633, 0.75, 1722, 2, 534.633, 534.796, 0.162, 325,     0.930,
 3494, 0, 533.643, 533.643, 533.732, 0.089, 178, 533.732, 534.904, 1.172, 1971, 2, 534.904, 534.924, 0.02, 41,     1.282,
 3502, 0, 534.325, 534.325, 534.358, 0.034, 67, 534.358, 535.074, 0.716, 1048, 2, 535.074, 535.117, 0.043, 85,     0.792,
 3500, 0, 534.237, 534.237, 534.3, 0.062, 136, 534.3, 535.015, 0.716, 2001, 2, 535.015, 535.15, 0.134, 269,     0.912,
 3501, 0, 534.276, 534.276, 534.286, 0.01, 1, 534.286, 535.236, 0.95, 1089, 2, 535.236, 535.249, 0.013, 25,     0.972,
 3499, 0, 534.171, 534.171, 534.264, 0.093, 157, 534.264, 535.436, 1.172, 1581, 2, 535.436, 535.51, 0.073, 147,     1.339,
 3505, 0, 534.838, 534.838, 534.989, 0.151, 313, 534.989, 536.162, 1.173, 1710, 2, 536.162, 536.172, 0.01, 19,     1.334,
 3507, 0, 535.084, 535.084, 535.846, 0.762, 5, 535.846, 536.576, 0.731, 1831, 2, 536.576, 536.586, 0.01, 14,     1.503,
 3508, 0, 535.259, 535.259, 535.954, 0.695, 216, 535.954, 536.669, 0.716, 1178, 2, 536.669, 536.699, 0.03, 55,     1.441,
 3509, 0, 535.304, 535.304, 535.974, 0.67, 37, 535.974, 536.689, 0.715, 1157, 2, 536.689, 536.699, 0.01, 10,     1.395,
 3506, 0, 535.021, 535.021, 535.832, 0.81, 1597, 535.832, 536.751, 0.92, 1756, 2, 536.751, 536.761, 0.01, 14,     1.740,
 3512, 0, 536.09, 536.09, 536.1, 0.01, 21, 536.1, 536.826, 0.726, 1543, 2, 536.826, 536.857, 0.031, 62,     0.768,
 3513, 0, 536.099, 536.099, 536.144, 0.046, 89, 536.144, 536.937, 0.793, 1607, 2, 536.937, 536.95, 0.013, 26,     0.851,
 3511, 0, 535.964, 535.964, 536.004, 0.04, 12, 536.004, 537.001, 0.997, 1681, 2, 537.001, 537.016, 0.014, 29,     1.052,
 3514, 0, 536.246, 536.246, 536.335, 0.089, 174, 536.335, 537.048, 0.713, 1719, 2, 537.048, 537.105, 0.057, 113,     0.858,
 3510, 0, 535.352, 535.352, 535.994, 0.643, 22, 535.994, 537.167, 1.173, 1402, 2, 537.167, 537.177, 0.01, 20,     1.825,
 3515, 0, 536.281, 536.281, 536.345, 0.065, 6, 536.345, 537.539, 1.194, 2213, 2, 537.539, 537.549, 0.01, 19,     1.269,
 3518, 0, 537.249, 537.249, 537.298, 0.05, 100, 537.298, 538.022, 0.724, 1890, 2, 538.022, 538.033, 0.011, 22,     0.784,
 3517, 0, 537.235, 537.235, 537.245, 0.01, 23, 537.245, 537.972, 0.727, 1611, 2, 537.972, 538.059, 0.087, 174,     0.824,
 3516, 0, 537.104, 537.104, 537.215, 0.111, 222, 537.215, 538.135, 0.92, 1075, 2, 538.135, 538.169, 0.034, 68,     1.065,
 3519, 0, 537.288, 537.288, 537.358, 0.069, 119, 537.358, 538.096, 0.738, 1337, 2, 538.096, 538.241, 0.145, 272,     0.953,
 3520, 0, 537.523, 537.523, 537.568, 0.045, 79, 537.568, 538.488, 0.92, 1524, 2, 538.488, 538.506, 0.018, 51,     0.983,
 3522, 0, 537.902, 537.902, 537.939, 0.037, 88, 537.939, 538.767, 0.828, 1539, 2, 538.767, 538.777, 0.01, 17,     0.875,
 3521, 0, 537.885, 537.885, 537.895, 0.01, 8, 537.895, 538.816, 0.92, 1587, 2, 538.816, 538.826, 0.01, 13,     0.940,
 3524, 0, 538.386, 538.386, 538.405, 0.019, 35, 538.405, 539.325, 0.92, 1340, 2, 539.325, 539.367, 0.042, 103,     0.980,
 3523, 0, 538.103, 538.103, 538.113, 0.01, 2, 538.113, 539.557, 1.444, 1392, 2, 539.557, 539.587, 0.03, 47,     1.484,
 3527, 0, 538.752, 538.752, 538.825, 0.073, 53, 538.825, 539.663, 0.838, 1505, 2, 539.663, 539.686, 0.023, 46,     0.934,
 3525, 0, 538.534, 538.534, 538.586, 0.051, 106, 538.586, 539.825, 1.239, 1429, 2, 539.825, 539.838, 0.013, 35,     1.303,
 3528, 0, 538.898, 538.898, 538.908, 0.01, 6, 538.908, 540.07, 1.162, 1486, 2, 540.07, 540.08, 0.01, 12,     1.182,
 3526, 0, 538.681, 538.681, 538.784, 0.103, 184, 538.784, 540.089, 1.305, 1753, 2, 540.089, 540.108, 0.019, 57,     1.427,
 3529, 0, 538.983, 538.983, 539.01, 0.027, 37, 539.01, 540.339, 1.329, 1648, 2, 540.339, 540.454, 0.115, 244,     1.471,
 3530, 0, 539, 539, 539.316, 0.316, 591, 539.316, 540.589, 1.273, 892, 2, 540.589, 540.69, 0.101, 188,     1.690,
 3532, 0, 539.587, 539.587, 539.612, 0.025, 62, 539.612, 540.784, 1.172, 1069, 2, 540.784, 540.794, 0.01, 6,     1.208,
 3535, 0, 539.956, 539.956, 539.991, 0.035, 71, 539.991, 540.72, 0.728, 1450, 2, 540.72, 540.804, 0.085, 154,     0.848,
 3538, 0, 540.205, 540.205, 540.24, 0.035, 78, 540.24, 540.968, 0.728, 1575, 2, 540.968, 540.978, 0.01, 9,     0.773,
 3537, 0, 540.189, 540.189, 540.189, 0, 2, 540.189, 541.115, 0.927, 1972, 2, 541.115, 541.137, 0.021, 43,     0.948,
 3534, 0, 539.765, 539.765, 539.805, 0.04, 53, 539.805, 540.68, 0.875, 1521, 2, 540.68, 541.418, 0.739, 1478,     1.653,
 3536, 0, 539.965, 539.965, 540.018, 0.053, 36, 540.018, 541.4, 1.382, 1665, 2, 541.4, 541.486, 0.086, 144,     1.521,
 3539, 0, 540.531, 540.531, 540.563, 0.032, 37, 540.563, 541.639, 1.075, 1650, 2, 541.639, 541.651, 0.013, 25,     1.120,
 3503, 0, 534.548, 534.548, 534.682, 0.134, 267, 534.682, 535.397, 0.716, 1861, 2, 535.397, 541.855, 6.458, 12916,     7.307,
 3540, 0, 540.923, 540.923, 540.995, 0.072, 147, 540.995, 542.387, 1.392, 1219, 2, 542.387, 542.495, 0.108, 216,     1.572,
 3504, 0, 534.724, 534.724, 540.984, 6.26, 12520, 540.984, 542.637, 1.653, 1715, 2, 542.637, 542.645, 0.008, 26,     7.921,
 3543, 0, 541.084, 541.084, 541.084, 0, 2, 541.084, 542.61, 1.526, 842, 2, 542.61, 542.679, 0.069, 129,     1.595,
 3541, 0, 541.058, 541.058, 541.065, 0.007, 21, 541.065, 542.886, 1.821, 1555, 2, 542.886, 542.886, 0, 12,     1.828,
 3533, 0, 539.64, 539.64, 539.66, 0.019, 39, 539.66, 540.839, 1.179, 1371, 2, 540.839, 543.003, 2.164, 4329,     3.363,
 3542, 0, 541.065, 541.065, 541.159, 0.094, 168, 541.159, 543.136, 1.977, 1193, 2, 543.136, 543.175, 0.039, 82,     2.110,
 3531, 0, 539.498, 539.498, 539.508, 0.01, 1, 539.508, 540.427, 0.919, 1448, 2, 540.427, 543.399, 2.972, 5926,     3.901,
 3545, 0, 541.404, 541.404, 541.456, 0.052, 72, 541.456, 543.385, 1.929, 1602, 2, 543.385, 543.458, 0.072, 148,     2.053,
 3544, 0, 541.392, 541.392, 541.706, 0.314, 629, 541.706, 543.884, 2.178, 1208, 2, 543.884, 543.894, 0.01, 15,     2.503,
 3546, 0, 541.788, 541.788, 541.798, 0.01, 16, 541.798, 543.636, 1.839, 1332, 2, 543.636, 544.043, 0.407, 814,     2.255,
 3549, 0, 542.22, 542.22, 542.22, 0, 2, 542.22, 544.152, 1.933, 1039, 2, 544.152, 544.162, 0.01, 18,     1.943,
 3552, 0, 542.8, 542.8, 542.905, 0.105, 210, 542.905, 544.329, 1.424, 1300, 2, 544.329, 544.339, 0.01, 17,     1.539,
 3547, 0, 541.839, 541.839, 542.348, 0.509, 1000, 542.348, 544.407, 2.059, 1341, 2, 544.407, 544.417, 0.01, 9,     2.578,
 3551, 0, 542.657, 542.657, 542.747, 0.09, 165, 542.747, 544.419, 1.672, 1551, 2, 544.419, 544.432, 0.013, 26,     1.775,
 3548, 0, 541.909, 541.909, 541.919, 0.01, 3, 541.919, 544.469, 2.55, 1825, 2, 544.469, 544.469, 0, 7,     2.560,
 3550, 0, 542.432, 542.432, 542.444, 0.012, 32, 542.444, 544.657, 2.213, 1182, 2, 544.657, 544.678, 0.021, 39,     2.247,
 3555, 0, 543.174, 543.174, 543.186, 0.013, 45, 543.186, 544.668, 1.482, 1506, 2, 544.668, 544.678, 0.01, 19,     1.504,
 3553, 0, 542.932, 542.932, 543.086, 0.154, 308, 543.086, 544.729, 1.642, 1482, 2, 544.729, 544.749, 0.02, 21,     1.816,
 3554, 0, 542.979, 542.979, 543.197, 0.218, 424, 543.197, 544.907, 1.71, 1652, 2, 544.907, 544.928, 0.021, 25,     1.949,
 3556, 0, 543.563, 543.563, 543.572, 0.009, 7, 543.572, 544.918, 1.345, 1807, 2, 544.918, 545.065, 0.148, 295,     1.502,
 3559, 0, 543.64, 543.64, 543.726, 0.086, 63, 543.726, 545.157, 1.43, 1636, 2, 545.157, 545.167, 0.01, 8,     1.526,
 3558, 0, 543.59, 543.59, 543.895, 0.305, 617, 543.895, 545.173, 1.278, 1275, 2, 545.173, 545.299, 0.126, 253,     1.709,
 3557, 0, 543.572, 543.572, 543.675, 0.103, 225, 543.675, 545.228, 1.553, 1604, 2, 545.228, 545.322, 0.095, 189,     1.750,
 3560, 0, 544.163, 544.163, 544.208, 0.045, 90, 544.208, 545.406, 1.198, 1326, 2, 545.406, 545.423, 0.018, 35,     1.261,
 3561, 0, 544.23, 544.23, 544.23, 0, 1, 544.23, 545.423, 1.194, 1077, 2, 545.423, 545.793, 0.369, 738,     1.563,
 3562, 0, 544.819, 544.819, 544.829, 0.01, 17, 544.829, 545.75, 0.921, 1487, 2, 545.75, 545.793, 0.043, 69,     0.974,
 3563, 0, 545.048, 545.048, 545.058, 0.01, 17, 545.058, 545.783, 0.724, 1188, 2, 545.783, 545.813, 0.03, 46,     0.764,
 3565, 0, 545.13, 545.13, 545.163, 0.032, 65, 545.163, 546.039, 0.876, 1374, 2, 546.039, 546.039, 0, 2,     0.908,
 3564, 0, 545.106, 545.106, 545.106, 0, 3, 545.106, 546.043, 0.937, 1428, 2, 546.043, 546.063, 0.02, 32,     0.957,
 3566, 0, 545.153, 545.153, 545.256, 0.104, 193, 545.256, 545.994, 0.737, 1995, 2, 545.994, 546.083, 0.09, 169,     0.931,
 3568, 0, 545.301, 545.301, 545.366, 0.066, 148, 545.366, 546.538, 1.172, 1546, 2, 546.538, 546.554, 0.015, 31,     1.253,
 3572, 0, 546.185, 546.185, 546.215, 0.03, 35, 546.215, 546.935, 0.72, 1668, 2, 546.935, 546.986, 0.051, 102,     0.801,
 3567, 0, 545.263, 545.263, 545.263, 0, 11, 545.263, 546.077, 0.814, 1568, 2, 546.077, 547.082, 1.006, 2012,     1.820,
 3570, 0, 546.141, 546.141, 546.152, 0.011, 22, 546.152, 547.072, 0.92, 920, 2, 547.072, 547.102, 0.03, 42,     0.961,
 3575, 0, 546.565, 546.565, 546.632, 0.067, 122, 546.632, 547.344, 0.712, 1214, 2, 547.344, 547.354, 0.01, 16,     0.789,
 3571, 0, 546.152, 546.152, 546.195, 0.043, 86, 546.195, 547.322, 1.126, 2150, 2, 547.322, 547.408, 0.086, 173,     1.256,
 3569, 0, 545.376, 545.376, 546.418, 1.043, 2105, 546.418, 547.135, 0.717, 1485, 2, 547.135, 547.578, 0.443, 887,     2.202,
 3574, 0, 546.475, 546.475, 546.575, 0.101, 195, 546.575, 547.572, 0.996, 2011, 2, 547.572, 547.635, 0.063, 137,     1.160,
 3573, 0, 546.409, 546.409, 546.418, 0.009, 19, 546.418, 547.837, 1.419, 1882, 2, 547.837, 547.881, 0.043, 87,     1.472,
 3576, 0, 546.706, 546.706, 546.716, 0.01, 8, 546.716, 547.821, 1.106, 1347, 2, 547.821, 547.891, 0.07, 141,     1.186,
 3577, 0, 547.123, 547.123, 547.123, 0, 7, 547.123, 548.089, 0.966, 1534, 2, 548.089, 548.102, 0.014, 27,     0.979,
 3580, 0, 547.412, 547.412, 547.412, 0, 9, 547.412, 548.584, 1.172, 1664, 2, 548.584, 548.594, 0.01, 8,     1.182,
 3578, 0, 547.306, 547.306, 547.471, 0.165, 307, 547.471, 548.522, 1.051, 1383, 2, 548.522, 548.604, 0.082, 155,     1.298,
 3579, 0, 547.375, 547.375, 547.39, 0.014, 29, 547.39, 548.117, 0.727, 985, 2, 548.117, 548.844, 0.727, 1446,     1.469,
 3581, 0, 547.437, 547.437, 547.744, 0.307, 609, 547.744, 548.771, 1.027, 1403, 2, 548.771, 548.844, 0.073, 142,     1.407,
 3582, 0, 547.444, 547.444, 547.958, 0.514, 971, 547.958, 549.129, 1.171, 1703, 2, 549.129, 549.143, 0.014, 28,     1.700,
 3583, 0, 548.959, 548.959, 549.116, 0.158, 310, 549.116, 549.858, 0.742, 1150, 2, 549.858, 549.87, 0.012, 24,     0.911,
 3585, 0, 549.087, 549.087, 549.097, 0.01, 7, 549.097, 549.828, 0.731, 1497, 2, 549.828, 549.89, 0.062, 99,     0.803,
 3586, 0, 549.116, 549.116, 549.116, 0, 3, 549.116, 549.858, 0.742, 1320, 2, 549.858, 549.91, 0.051, 86,     0.793,
 3584, 0, 549.056, 549.056, 549.087, 0.031, 31, 549.087, 550.16, 1.072, 1318, 2, 550.16, 550.17, 0.01, 16,     1.114,
 3588, 0, 549.181, 549.181, 549.27, 0.089, 178, 549.27, 550.077, 0.807, 1888, 2, 550.077, 550.235, 0.157, 315,     1.054,
 3587, 0, 549.165, 549.165, 549.244, 0.079, 159, 549.244, 550.409, 1.165, 1849, 2, 550.409, 550.44, 0.031, 62,     1.275,
 3591, 0, 549.305, 549.305, 549.812, 0.507, 54, 549.812, 550.527, 0.715, 1351, 2, 550.527, 550.537, 0.01, 9,     1.232,
 3592, 0, 549.471, 549.471, 549.826, 0.355, 6, 549.826, 550.547, 0.721, 1431, 2, 550.547, 550.557, 0.01, 9,     1.086,
 3590, 0, 549.287, 549.287, 549.785, 0.498, 982, 549.785, 550.705, 0.92, 1101, 2, 550.705, 550.733, 0.028, 55,     1.446,
 3594, 0, 550.406, 550.406, 550.438, 0.032, 56, 550.438, 551.17, 0.733, 2159, 2, 551.17, 551.18, 0.01, 19,     0.775,
 3593, 0, 550.186, 550.186, 550.196, 0.01, 13, 550.196, 551.132, 0.937, 1729, 2, 551.132, 551.213, 0.081, 161,     1.027,
 3597, 0, 550.72, 550.72, 550.727, 0.008, 12, 550.727, 551.452, 0.725, 1585, 2, 551.452, 551.462, 0.01, 6,     0.743,
 3596, 0, 550.522, 550.522, 550.546, 0.024, 49, 550.546, 551.473, 0.928, 1646, 2, 551.473, 551.483, 0.01, 4,     0.962,
 3589, 0, 549.218, 549.218, 549.836, 0.618, 1173, 549.836, 551.19, 1.354, 1633, 2, 551.19, 551.53, 0.34, 680,     2.312,
 3595, 0, 550.441, 550.441, 550.462, 0.021, 50, 550.462, 551.715, 1.252, 1644, 2, 551.715, 551.725, 0.01, 16,     1.284,
 3599, 0, 550.982, 550.982, 550.992, 0.01, 14, 550.992, 551.715, 0.723, 1574, 2, 551.715, 551.923, 0.208, 412,     0.941,
 3598, 0, 550.882, 550.882, 550.929, 0.048, 95, 550.929, 551.85, 0.92, 1430, 2, 551.85, 551.965, 0.115, 228,     1.083,
 3601, 0, 551.396, 551.396, 551.427, 0.032, 59, 551.427, 552.134, 0.707, 1149, 2, 552.134, 552.26, 0.125, 220,     0.864,
 3600, 0, 551.185, 551.185, 551.345, 0.159, 319, 551.345, 552.266, 0.921, 1518, 2, 552.266, 552.295, 0.029, 56,     1.110,
 3606, 0, 551.963, 551.963, 551.999, 0.036, 67, 551.999, 552.705, 0.706, 1492, 2, 552.705, 552.715, 0.01, 2,     0.752,
 3603, 0, 551.427, 551.427, 551.454, 0.026, 16, 551.454, 552.725, 1.271, 1235, 2, 552.725, 552.735, 0.01, 17,     1.308,
 3611, 0, 552.078, 552.078, 552.078, 0, 8, 552.078, 552.794, 0.716, 1114, 2, 552.794, 552.861, 0.067, 133,     0.783,
 3605, 0, 551.925, 551.925, 551.957, 0.032, 45, 551.957, 552.877, 0.92, 980, 2, 552.877, 552.944, 0.067, 134,     1.019,
 3609, 0, 552.059, 552.059, 552.066, 0.007, 2, 552.066, 552.955, 0.889, 2042, 2, 552.955, 552.965, 0.01, 16,     0.906,
 3612, 0, 552.23, 552.23, 552.24, 0.01, 10, 552.24, 552.975, 0.735, 1310, 2, 552.975, 553.033, 0.058, 116,     0.803,
 3608, 0, 552.015, 552.015, 552.015, 0, 4, 552.015, 553.127, 1.111, 1684, 2, 553.127, 553.138, 0.011, 22,     1.122,
 3607, 0, 552.003, 552.003, 552.003, 0, 3, 552.003, 553.329, 1.327, 996, 2, 553.329, 553.339, 0.01, 7,     1.337,
 3610, 0, 552.066, 552.066, 552.415, 0.349, 712, 552.415, 553.377, 0.962, 1369, 2, 553.377, 553.393, 0.016, 32,     1.327,
 3604, 0, 551.722, 551.722, 551.729, 0.006, 20, 551.729, 552.451, 0.722, 1934, 2, 552.451, 553.52, 1.069, 2139,     1.798,
 3613, 0, 552.292, 552.292, 552.323, 0.031, 30, 552.323, 553.529, 1.205, 1555, 2, 553.529, 553.529, 0, 13,     1.236,
 3617, 0, 553.319, 553.319, 553.337, 0.018, 36, 553.337, 554.061, 0.724, 1172, 2, 554.061, 554.118, 0.057, 113,     0.799,
 3616, 0, 553.222, 553.222, 553.308, 0.086, 149, 553.308, 554.225, 0.917, 1418, 2, 554.225, 554.392, 0.167, 336,     1.170,
 3615, 0, 553.167, 553.167, 553.184, 0.016, 33, 553.184, 554.348, 1.164, 960, 2, 554.348, 554.516, 0.168, 336,     1.348,
 3618, 0, 553.708, 553.708, 553.736, 0.027, 29, 553.736, 554.656, 0.92, 1685, 2, 554.656, 554.787, 0.131, 282,     1.079,
 3620, 0, 554.187, 554.187, 554.197, 0.01, 20, 554.197, 554.928, 0.731, 743, 2, 554.928, 554.938, 0.01, 16,     0.751,
 3621, 0, 554.211, 554.211, 554.221, 0.01, 26, 554.221, 554.941, 0.72, 950, 2, 554.941, 554.981, 0.039, 86,     0.770,
 3619, 0, 553.837, 553.837, 554.107, 0.27, 530, 554.107, 555.028, 0.921, 989, 2, 555.028, 555.274, 0.247, 494,     1.437,
 3622, 0, 554.265, 554.265, 554.284, 0.019, 28, 554.284, 555.277, 0.993, 1289, 2, 555.277, 555.307, 0.03, 66,     1.042,
 3623, 0, 554.358, 554.358, 554.478, 0.12, 244, 554.478, 555.213, 0.734, 1895, 2, 555.213, 555.327, 0.114, 192,     0.969,
 3625, 0, 554.86, 554.86, 554.992, 0.132, 262, 554.992, 555.706, 0.714, 1534, 2, 555.706, 555.722, 0.015, 31,     0.862,
 3627, 0, 555.062, 555.062, 555.062, 0, 11, 555.062, 555.788, 0.726, 2155, 2, 555.788, 555.798, 0.01, 10,     0.736,
 3626, 0, 554.899, 554.899, 554.944, 0.045, 63, 554.944, 555.875, 0.931, 1397, 2, 555.875, 555.885, 0.01, 4,     0.986,
 3614, 0, 553.067, 553.067, 554.868, 1.801, 3602, 554.868, 556.037, 1.169, 2098, 2, 556.037, 556.047, 0.01, 5,     2.980,
 3602, 0, 551.424, 551.424, 551.494, 0.07, 122, 551.494, 552.54, 1.046, 1081, 2, 552.54, 556.411, 3.871, 7758,     4.988,
 3624, 0, 554.662, 554.662, 554.7, 0.038, 77, 554.7, 555.423, 0.723, 1318, 2, 555.423, 556.533, 1.111, 2191,     1.872,
 3628, 0, 555.35, 555.35, 555.398, 0.048, 96, 555.398, 556.579, 1.181, 1529, 2, 556.579, 556.589, 0.01, 2,     1.239,
 3633, 0, 555.9, 555.9, 555.954, 0.054, 109, 555.954, 556.701, 0.746, 1397, 2, 556.701, 556.713, 0.012, 24,     0.813,
 3632, 0, 555.838, 555.838, 555.968, 0.131, 262, 555.968, 556.701, 0.732, 1495, 2, 556.701, 556.742, 0.041, 82,     0.904,
 3631, 0, 555.732, 555.732, 555.812, 0.08, 159, 555.812, 556.812, 1, 1764, 2, 556.812, 556.822, 0.01, 1,     1.090,
 3630, 0, 555.608, 555.608, 555.626, 0.018, 35, 555.626, 556.562, 0.937, 1603, 2, 556.562, 556.865, 0.302, 605,     1.256,
 3629, 0, 555.466, 555.466, 555.656, 0.191, 383, 555.656, 556.95, 1.294, 1614, 2, 556.95, 556.967, 0.016, 33,     1.501,
 3634, 0, 556.167, 556.167, 556.327, 0.16, 321, 556.327, 557.039, 0.712, 1687, 2, 557.039, 557.049, 0.01, 5,     0.882,
 3639, 0, 556.655, 556.655, 556.709, 0.054, 50, 556.709, 557.426, 0.717, 1741, 2, 557.426, 557.436, 0.01, 14,     0.781,
 3637, 0, 556.547, 556.547, 556.547, 0, 10, 556.547, 557.471, 0.924, 1091, 2, 557.471, 557.481, 0.01, 7,     0.934,
 3638, 0, 556.642, 556.642, 556.679, 0.037, 74, 556.679, 557.412, 0.734, 1495, 2, 557.412, 557.65, 0.238, 477,     1.009,
 3640, 0, 556.755, 556.755, 556.764, 0.009, 6, 556.764, 557.662, 0.898, 1439, 2, 557.662, 557.716, 0.054, 92,     0.961,
 3642, 0, 557.13, 557.13, 557.171, 0.042, 66, 557.171, 557.921, 0.75, 979, 2, 557.921, 557.949, 0.028, 56,     0.819,
 3641, 0, 557.02, 557.02, 557.044, 0.024, 48, 557.044, 557.975, 0.931, 1640, 2, 557.975, 557.985, 0.01, 8,     0.965,
 3635, 0, 556.405, 556.405, 556.44, 0.034, 69, 556.44, 558.024, 1.584, 1373, 2, 558.024, 558.064, 0.039, 76,     1.658,
 3644, 0, 557.39, 557.39, 557.451, 0.061, 133, 557.451, 558.182, 0.731, 1449, 2, 558.182, 558.192, 0.01, 10,     0.802,
 3643, 0, 557.246, 557.246, 557.256, 0.01, 1, 557.256, 558.224, 0.968, 1640, 2, 558.224, 558.234, 0.01, 1,     0.988,
 3646, 0, 557.505, 557.505, 557.573, 0.067, 135, 557.573, 558.305, 0.733, 1436, 2, 558.305, 558.319, 0.014, 28,     0.814,
 3636, 0, 556.506, 556.506, 556.74, 0.234, 468, 556.74, 557.725, 0.985, 1507, 2, 557.725, 558.396, 0.671, 1360,     1.889,
 3648, 0, 557.715, 557.715, 557.749, 0.034, 69, 557.749, 558.669, 0.919, 1589, 2, 558.669, 558.679, 0.01, 11,     0.964,
 3649, 0, 558.13, 558.13, 558.149, 0.019, 41, 558.149, 559.069, 0.92, 1386, 2, 559.069, 559.087, 0.019, 41,     0.957,
 3650, 0, 558.15, 558.15, 558.175, 0.025, 51, 558.175, 559.106, 0.932, 1718, 2, 559.106, 559.116, 0.01, 11,     0.967,
 3647, 0, 557.626, 557.626, 557.64, 0.014, 37, 557.64, 558.95, 1.309, 1679, 2, 558.95, 559.316, 0.367, 734,     1.691,
 3645, 0, 557.455, 557.455, 558.448, 0.993, 1970, 558.448, 559.356, 0.908, 1023, 2, 559.356, 559.366, 0.01, 20,     1.911,
 3652, 0, 558.604, 558.604, 558.653, 0.048, 72, 558.653, 559.368, 0.715, 1736, 2, 559.368, 559.387, 0.019, 41,     0.782,
 3651, 0, 558.372, 558.372, 558.383, 0.01, 26, 558.383, 559.319, 0.936, 1407, 2, 559.319, 559.486, 0.167, 339,     1.113,
 3656, 0, 558.751, 558.751, 558.934, 0.184, 244, 558.934, 559.65, 0.716, 1190, 2, 559.65, 559.662, 0.011, 29,     0.911,
 3655, 0, 558.733, 558.733, 558.802, 0.069, 139, 558.802, 559.721, 0.919, 1521, 2, 559.721, 559.746, 0.025, 50,     1.013,
 3658, 0, 559.057, 559.057, 559.057, 0, 1, 559.057, 559.907, 0.85, 1816, 2, 559.907, 559.917, 0.01, 3,     0.860,
 3654, 0, 558.709, 558.709, 559.04, 0.331, 663, 559.04, 559.971, 0.931, 1575, 2, 559.971, 559.981, 0.01, 15,     1.272,
 3657, 0, 558.934, 558.934, 558.984, 0.049, 99, 558.984, 560.168, 1.184, 1516, 2, 560.168, 560.208, 0.04, 70,     1.273,
 3659, 0, 559.53, 559.53, 559.58, 0.05, 73, 559.58, 560.501, 0.92, 1409, 2, 560.501, 560.532, 0.032, 63,     1.002,
 3661, 0, 559.955, 559.955, 559.955, 0, 11, 559.955, 560.887, 0.932, 1397, 2, 560.887, 560.887, 0, 11,     0.932,
 3662, 0, 560.143, 560.143, 560.153, 0.01, 14, 560.153, 560.868, 0.715, 1599, 2, 560.868, 561.053, 0.185, 371,     0.910,
 3660, 0, 559.708, 559.708, 559.739, 0.03, 56, 559.739, 561.117, 1.378, 1471, 2, 561.117, 561.146, 0.029, 50,     1.438,
 3664, 0, 560.206, 560.206, 560.216, 0.01, 12, 560.216, 561.136, 0.92, 1471, 2, 561.136, 561.186, 0.05, 104,     0.980,
 3663, 0, 560.183, 560.183, 560.405, 0.222, 464, 560.405, 561.377, 0.972, 1490, 2, 561.377, 561.42, 0.043, 86,     1.237,
 3665, 0, 560.433, 560.433, 560.472, 0.04, 69, 560.472, 561.219, 0.747, 924, 2, 561.219, 561.453, 0.235, 470,     1.021,
 3653, 0, 558.653, 558.653, 558.663, 0.01, 5, 558.663, 559.866, 1.204, 1484, 2, 559.866, 561.478, 1.612, 3209,     2.826,
 3666, 0, 560.455, 560.455, 560.486, 0.031, 55, 560.486, 561.666, 1.18, 1025, 2, 561.666, 561.676, 0.01, 16,     1.221,
 3667, 0, 560.807, 560.807, 560.823, 0.015, 31, 560.823, 561.741, 0.918, 1803, 2, 561.741, 561.768, 0.027, 54,     0.961,
 3670, 0, 561.019, 561.019, 561.055, 0.035, 71, 561.055, 561.776, 0.721, 1757, 2, 561.776, 561.776, 0, 5,     0.756,
 3671, 0, 561.071, 561.071, 561.102, 0.031, 67, 561.102, 561.832, 0.73, 1582, 2, 561.832, 561.853, 0.021, 42,     0.782,
 3669, 0, 560.912, 560.912, 560.912, 0, 3, 560.912, 561.99, 1.079, 1271, 2, 561.99, 562.023, 0.033, 66,     1.112,
 3668, 0, 560.843, 560.843, 560.853, 0.01, 20, 560.853, 562.026, 1.173, 1723, 2, 562.026, 562.135, 0.109, 222,     1.292,
 3672, 0, 561.085, 561.085, 561.161, 0.076, 154, 561.161, 561.877, 0.715, 1329, 2, 561.877, 562.22, 0.343, 687,     1.135,
 3676, 0, 561.427, 561.427, 561.486, 0.059, 122, 561.486, 562.198, 0.712, 1341, 2, 562.198, 562.24, 0.042, 51,     0.813,
 3675, 0, 561.402, 561.402, 561.412, 0.01, 9, 561.412, 562.275, 0.863, 1477, 2, 562.275, 562.351, 0.076, 153,     0.950,
 3673, 0, 561.309, 561.309, 561.399, 0.089, 179, 561.399, 562.329, 0.93, 1489, 2, 562.329, 562.371, 0.043, 51,     1.062,
 3674, 0, 561.317, 561.317, 561.341, 0.024, 52, 561.341, 562.698, 1.356, 1669, 2, 562.698, 562.727, 0.029, 59,     1.410,
 3679, 0, 562.18, 562.18, 562.27, 0.09, 187, 562.27, 562.987, 0.716, 854, 2, 562.987, 563.007, 0.02, 40,     0.827,
 3678, 0, 562.129, 562.129, 562.187, 0.058, 112, 562.187, 562.898, 0.711, 1990, 2, 562.898, 563.085, 0.187, 376,     0.957,
 3677, 0, 562.052, 562.052, 562.108, 0.056, 116, 562.108, 563.241, 1.133, 1610, 2, 563.241, 563.315, 0.074, 168,     1.263,
 3681, 0, 562.375, 562.375, 562.437, 0.062, 109, 562.437, 563.397, 0.96, 1411, 2, 563.397, 563.439, 0.042, 83,     1.064,
 3682, 0, 562.38, 562.38, 562.387, 0.007, 24, 562.387, 563.491, 1.104, 919, 2, 563.491, 563.501, 0.01, 2,     1.120,
 3680, 0, 562.338, 562.338, 562.348, 0.01, 7, 562.348, 563.525, 1.177, 1577, 2, 563.525, 563.54, 0.014, 29,     1.202,
 3683, 0, 562.427, 562.427, 562.611, 0.184, 366, 562.611, 563.741, 1.13, 1597, 2, 563.741, 563.751, 0.01, 13,     1.324,
 3686, 0, 563.041, 563.041, 563.045, 0.004, 16, 563.045, 563.905, 0.86, 1179, 2, 563.905, 563.915, 0.01, 6,     0.874,
 3684, 0, 563.004, 563.004, 563.015, 0.011, 23, 563.015, 563.991, 0.975, 1837, 2, 563.991, 564.001, 0.01, 9,     0.997,
 3688, 0, 563.492, 563.492, 563.65, 0.159, 17, 563.65, 564.366, 0.716, 1210, 2, 564.366, 564.419, 0.053, 106,     0.928,
 3685, 0, 563.021, 563.021, 563.638, 0.617, 1247, 563.638, 564.572, 0.934, 1396, 2, 564.572, 564.587, 0.015, 30,     1.567,
 3691, 0, 564.045, 564.045, 564.073, 0.028, 32, 564.073, 564.805, 0.733, 1603, 2, 564.805, 564.815, 0.01, 10,     0.770,
 3695, 0, 564.198, 564.198, 564.223, 0.024, 40, 564.223, 564.946, 0.724, 1476, 2, 564.946, 565.048, 0.101, 203,     0.849,
 3696, 0, 564.24, 564.24, 564.264, 0.024, 54, 564.264, 564.979, 0.716, 1623, 2, 564.979, 565.055, 0.076, 152,     0.816,
 3694, 0, 564.162, 564.162, 564.198, 0.036, 15, 564.198, 565.055, 0.857, 1321, 2, 565.055, 565.087, 0.032, 51,     0.925,
 3693, 0, 564.134, 564.134, 564.185, 0.051, 6, 564.185, 565.112, 0.927, 1871, 2, 565.112, 565.139, 0.027, 54,     1.005,
 3699, 0, 564.53, 564.53, 564.54, 0.01, 20, 564.54, 565.312, 0.772, 1567, 2, 565.312, 565.349, 0.038, 75,     0.819,
 3698, 0, 564.431, 564.431, 564.444, 0.013, 26, 564.444, 565.361, 0.917, 806, 2, 565.361, 565.438, 0.077, 155,     1.007,
 3689, 0, 563.83, 563.83, 563.895, 0.066, 96, 563.895, 565.229, 1.333, 1671, 2, 565.229, 565.469, 0.241, 484,     1.640,
 3692, 0, 564.103, 564.103, 564.175, 0.072, 144, 564.175, 565.478, 1.303, 1764, 2, 565.478, 565.52, 0.042, 102,     1.417,
 3697, 0, 564.331, 564.331, 564.341, 0.01, 2, 564.341, 565.539, 1.198, 1409, 2, 565.539, 565.549, 0.01, 3,     1.218,
 3701, 0, 565.143, 565.143, 565.164, 0.021, 43, 565.164, 565.977, 0.813, 1621, 2, 565.977, 565.997, 0.02, 35,     0.855,
 3700, 0, 565.099, 565.099, 565.109, 0.01, 16, 565.109, 566.041, 0.932, 1061, 2, 566.041, 566.144, 0.103, 213,     1.045,
 3705, 0, 565.462, 565.462, 565.491, 0.029, 67, 565.491, 566.227, 0.735, 1240, 2, 566.227, 566.237, 0.01, 14,     0.774,
 3706, 0, 565.495, 565.495, 565.515, 0.02, 37, 565.515, 566.246, 0.731, 1317, 2, 566.246, 566.246, 0, 17,     0.750,
 3704, 0, 565.373, 565.373, 565.41, 0.038, 95, 565.41, 566.33, 0.92, 1191, 2, 566.33, 566.346, 0.015, 31,     0.973,
 3703, 0, 565.342, 565.342, 565.352, 0.01, 10, 565.352, 566.515, 1.163, 1841, 2, 566.515, 566.53, 0.015, 30,     1.188,
 3707, 0, 565.63, 565.63, 565.63, 0, 1, 565.63, 566.58, 0.951, 1449, 2, 566.58, 566.614, 0.034, 67,     0.984,
 3687, 0, 563.08, 563.08, 564.871, 1.792, 3584, 564.871, 565.792, 0.921, 976, 2, 565.792, 566.919, 1.127, 2262,     3.840,
 3711, 0, 566.732, 566.732, 566.746, 0.014, 35, 566.746, 567.462, 0.716, 1412, 2, 567.462, 567.476, 0.014, 27,     0.744,
 3709, 0, 566.451, 566.451, 566.598, 0.147, 284, 566.598, 567.534, 0.936, 1812, 2, 567.534, 567.544, 0.01, 5,     1.093,
 3713, 0, 566.859, 566.859, 566.869, 0.01, 6, 566.869, 567.784, 0.915, 1340, 2, 567.784, 567.809, 0.025, 51,     0.950,
 3710, 0, 566.534, 566.534, 566.626, 0.092, 56, 566.626, 567.482, 0.857, 1518, 2, 567.482, 567.829, 0.347, 686,     1.295,
 3714, 0, 567.066, 567.066, 567.138, 0.072, 146, 567.138, 567.853, 0.716, 1694, 2, 567.853, 567.961, 0.108, 216,     0.896,
 3712, 0, 566.824, 566.824, 566.857, 0.033, 31, 566.857, 568.232, 1.375, 1414, 2, 568.232, 568.271, 0.039, 79,     1.447,
 3717, 0, 567.564, 567.564, 567.702, 0.138, 287, 567.702, 568.436, 0.734, 2101, 2, 568.436, 568.446, 0.01, 9,     0.882,
 3716, 0, 567.407, 567.407, 567.559, 0.152, 254, 567.559, 568.48, 0.921, 1401, 2, 568.48, 568.499, 0.019, 39,     1.093,
 3715, 0, 567.308, 567.308, 567.419, 0.111, 223, 567.419, 568.604, 1.184, 1783, 2, 568.604, 568.617, 0.014, 27,     1.309,
 3718, 0, 567.584, 567.584, 567.913, 0.329, 423, 567.913, 568.638, 0.724, 1372, 2, 568.638, 568.648, 0.01, 4,     1.063,
 3719, 0, 567.877, 567.877, 567.966, 0.089, 105, 567.966, 568.853, 0.888, 1585, 2, 568.853, 568.881, 0.028, 55,     1.004,
 3720, 0, 568.139, 568.139, 568.26, 0.121, 257, 568.26, 569.181, 0.921, 1688, 2, 569.181, 569.322, 0.141, 295,     1.183,
 3723, 0, 568.572, 568.572, 568.58, 0.008, 11, 568.58, 569.308, 0.728, 2090, 2, 569.308, 569.384, 0.076, 152,     0.812,
 3724, 0, 568.584, 568.584, 568.645, 0.061, 112, 568.645, 569.363, 0.718, 1538, 2, 569.363, 569.421, 0.058, 116,     0.837,
 3722, 0, 568.56, 568.56, 568.56, 0, 8, 568.56, 569.491, 0.931, 1588, 2, 569.491, 569.528, 0.037, 37,     0.968,
 3721, 0, 568.527, 568.527, 568.545, 0.018, 36, 568.545, 569.714, 1.17, 1145, 2, 569.714, 569.774, 0.06, 112,     1.248,
 3725, 0, 568.959, 568.959, 568.969, 0.01, 19, 568.969, 569.89, 0.921, 1195, 2, 569.89, 569.9, 0.01, 14,     0.941,
 3726, 0, 569.009, 569.009, 569.102, 0.093, 181, 569.102, 569.964, 0.862, 1419, 2, 569.964, 570.019, 0.055, 93,     1.010,
 3729, 0, 569.124, 569.124, 569.238, 0.115, 114, 569.238, 570.101, 0.863, 1504, 2, 570.101, 570.14, 0.039, 56,     1.016,
 3727, 0, 569.021, 569.021, 569.15, 0.129, 96, 569.15, 570.14, 0.99, 1957, 2, 570.14, 570.15, 0.01, 15,     1.129,
 3728, 0, 569.092, 569.092, 569.17, 0.078, 37, 569.17, 570.227, 1.057, 1631, 2, 570.227, 570.25, 0.023, 46,     1.158,
 3708, 0, 566.301, 566.301, 566.313, 0.012, 24, 566.313, 567.233, 0.92, 1993, 2, 567.233, 570.42, 3.187, 6375,     4.119,
 3731, 0, 569.775, 569.775, 569.801, 0.026, 52, 569.801, 570.517, 0.716, 989, 2, 570.517, 570.529, 0.012, 24,     0.754,
 3730, 0, 569.648, 569.648, 569.658, 0.01, 9, 569.658, 570.578, 0.92, 1475, 2, 570.578, 570.691, 0.113, 237,     1.043,
 3733, 0, 570.134, 570.134, 570.176, 0.042, 64, 570.176, 571.097, 0.921, 1299, 2, 571.097, 571.128, 0.031, 62,     0.994,
 3734, 0, 570.297, 570.297, 570.307, 0.01, 8, 570.307, 571.024, 0.716, 1146, 2, 571.024, 571.174, 0.15, 301,     0.877,
 3736, 0, 570.379, 570.379, 570.654, 0.275, 21, 570.654, 571.389, 0.735, 1841, 2, 571.389, 571.411, 0.022, 44,     1.032,
 3732, 0, 570.112, 570.112, 570.144, 0.032, 47, 570.144, 571.427, 1.283, 1605, 2, 571.427, 571.439, 0.011, 23,     1.327,
 3735, 0, 570.333, 570.333, 570.64, 0.307, 594, 570.64, 571.561, 0.921, 1479, 2, 571.561, 571.572, 0.011, 22,     1.239,
 3702, 0, 565.278, 565.278, 571.125, 5.847, 11695, 571.125, 572.059, 0.933, 1496, 2, 572.059, 572.331, 0.272, 545,     7.053,
 3737, 0, 571.551, 571.551, 571.582, 0.031, 62, 571.582, 572.503, 0.921, 1421, 2, 572.503, 572.513, 0.01, 18,     0.962,
 3738, 0, 571.72, 571.72, 571.73, 0.01, 15, 571.73, 572.446, 0.716, 1124, 2, 572.446, 572.56, 0.114, 229,     0.840,
 3740, 0, 571.834, 571.834, 571.842, 0.009, 13, 571.842, 572.695, 0.853, 1509, 2, 572.695, 572.819, 0.124, 265,     0.986,
 3743, 0, 572.096, 572.096, 572.181, 0.085, 186, 572.181, 572.95, 0.769, 1052, 2, 572.95, 572.971, 0.021, 43,     0.875,
 3742, 0, 571.964, 571.964, 572.01, 0.046, 87, 572.01, 573.066, 1.057, 1503, 2, 573.066, 573.082, 0.016, 32,     1.119,
 3741, 0, 571.926, 571.926, 571.936, 0.01, 12, 571.936, 573.189, 1.253, 1493, 2, 573.189, 573.247, 0.058, 116,     1.321,
 3745, 0, 572.325, 572.325, 572.335, 0.01, 2, 572.335, 573.316, 0.981, 1731, 2, 573.316, 573.326, 0.01, 11,     1.001,
 3739, 0, 571.817, 571.817, 571.817, 0, 4, 571.817, 572.753, 0.936, 1982, 2, 572.753, 573.357, 0.604, 1209,     1.540,
 3746, 0, 572.54, 572.54, 572.566, 0.026, 61, 572.566, 573.282, 0.716, 1357, 2, 573.282, 573.377, 0.095, 160,     0.837,
 3747, 0, 572.679, 572.679, 572.709, 0.03, 47, 572.709, 573.453, 0.744, 1529, 2, 573.453, 573.463, 0.01, 9,     0.785,
 3690, 0, 563.87, 563.87, 563.923, 0.054, 56, 563.923, 564.844, 0.92, 1669, 2, 564.844, 573.527, 8.684, 17368,     9.658,
 3744, 0, 572.272, 572.272, 572.282, 0.01, 10, 572.282, 573.703, 1.421, 1782, 2, 573.703, 573.713, 0.01, 3,     1.441,
 3748, 0, 572.904, 572.904, 572.928, 0.024, 51, 572.928, 573.849, 0.921, 1929, 2, 573.849, 574.307, 0.459, 911,     1.403,
 3750, 0, 573.278, 573.278, 573.336, 0.058, 105, 573.336, 574.297, 0.962, 1382, 2, 574.297, 574.333, 0.035, 71,     1.055,
 3749, 0, 573.172, 573.172, 573.316, 0.144, 296, 573.316, 574.487, 1.171, 1465, 2, 574.487, 574.497, 0.01, 5,     1.325,
 3754, 0, 573.847, 573.847, 573.943, 0.096, 191, 573.943, 574.687, 0.744, 1578, 2, 574.687, 574.732, 0.046, 92,     0.885,
 3752, 0, 573.764, 573.764, 573.774, 0.01, 6, 573.774, 574.704, 0.93, 1858, 2, 574.704, 574.752, 0.048, 87,     0.988,
 3753, 0, 573.802, 573.802, 573.91, 0.109, 194, 573.91, 574.742, 0.832, 1014, 2, 574.742, 574.752, 0.01, 40,     0.950,
 3751, 0, 573.519, 573.519, 573.774, 0.256, 498, 573.774, 574.992, 1.218, 1267, 2, 574.992, 575.022, 0.03, 40,     1.503,
 3758, 0, 574.314, 574.314, 574.339, 0.026, 37, 574.339, 575.056, 0.717, 957, 2, 575.056, 575.087, 0.031, 62,     0.773,
 3756, 0, 574.261, 574.261, 574.261, 0, 1, 574.261, 575.187, 0.926, 1799, 2, 575.187, 575.197, 0.01, 11,     0.936,
 3757, 0, 574.295, 574.295, 574.305, 0.01, 31, 574.305, 575.242, 0.937, 1552, 2, 575.242, 575.283, 0.04, 81,     0.987,
 3762, 0, 574.578, 574.578, 574.658, 0.08, 160, 574.658, 575.388, 0.731, 1267, 2, 575.388, 575.402, 0.014, 27,     0.824,
 3755, 0, 574.196, 574.196, 574.261, 0.064, 129, 574.261, 575.426, 1.166, 1604, 2, 575.426, 575.436, 0.01, 20,     1.240,
 3761, 0, 574.48, 574.48, 574.578, 0.098, 178, 574.578, 575.491, 0.913, 850, 2, 575.491, 575.526, 0.034, 69,     1.046,
 3760, 0, 574.433, 574.433, 574.48, 0.047, 91, 574.48, 575.437, 0.957, 1962, 2, 575.437, 575.582, 0.145, 293,     1.149,
 3764, 0, 574.936, 574.936, 574.991, 0.055, 95, 574.991, 575.911, 0.92, 1206, 2, 575.911, 575.949, 0.038, 75,     1.012,
 3759, 0, 574.377, 574.377, 574.446, 0.069, 153, 574.446, 575.949, 1.503, 1408, 2, 575.949, 576.26, 0.311, 623,     1.883,
 3767, 0, 575.345, 575.345, 575.475, 0.13, 273, 575.475, 576.244, 0.769, 1314, 2, 576.244, 576.308, 0.064, 140,     0.962,
 3765, 0, 575.112, 575.112, 575.122, 0.01, 6, 575.122, 576.175, 1.053, 953, 2, 576.175, 576.486, 0.312, 624,     1.375,
 3763, 0, 574.622, 574.622, 574.7, 0.078, 155, 574.7, 576.447, 1.747, 1578, 2, 576.447, 576.486, 0.039, 78,     1.864,
 3766, 0, 575.275, 575.275, 575.319, 0.044, 88, 575.319, 576.425, 1.106, 1251, 2, 576.425, 576.619, 0.194, 405,     1.344,
 3768, 0, 575.682, 575.682, 575.698, 0.016, 29, 575.698, 576.674, 0.976, 1407, 2, 576.674, 576.684, 0.01, 5,     1.002,
 3770, 0, 576.13, 576.13, 576.139, 0.01, 4, 576.139, 577.075, 0.936, 1473, 2, 577.075, 577.167, 0.091, 183,     1.037,
 3769, 0, 575.988, 575.988, 576.003, 0.015, 26, 576.003, 577.397, 1.394, 1309, 2, 577.397, 577.504, 0.107, 214,     1.516,
 3773, 0, 576.712, 576.712, 576.739, 0.027, 34, 576.739, 577.454, 0.715, 1641, 2, 577.454, 577.519, 0.065, 110,     0.808,
 3771, 0, 576.585, 576.585, 576.598, 0.013, 26, 576.598, 577.519, 0.921, 1177, 2, 577.519, 577.56, 0.041, 82,     0.975,
 3774, 0, 576.851, 576.851, 576.865, 0.014, 28, 576.865, 577.591, 0.726, 1047, 2, 577.591, 577.601, 0.01, 1,     0.750,
 3772, 0, 576.687, 576.687, 576.712, 0.025, 47, 576.712, 577.654, 0.942, 1089, 2, 577.654, 577.664, 0.01, 3,     0.978,
 3777, 0, 577.158, 577.158, 577.233, 0.075, 89, 577.233, 577.965, 0.732, 1926, 2, 577.965, 577.995, 0.03, 60,     0.837,
 3778, 0, 577.267, 577.267, 577.325, 0.058, 78, 577.325, 578.04, 0.716, 1493, 2, 578.04, 578.183, 0.142, 285,     0.916,
 3781, 0, 577.375, 577.375, 577.399, 0.024, 9, 577.399, 578.256, 0.857, 1974, 2, 578.256, 578.266, 0.01, 7,     0.891,
 3776, 0, 577.136, 577.136, 577.183, 0.047, 95, 577.183, 578.103, 0.92, 1480, 2, 578.103, 578.401, 0.298, 596,     1.265,
 3779, 0, 577.301, 577.301, 577.339, 0.038, 10, 577.339, 578.564, 1.225, 1567, 2, 578.564, 578.576, 0.013, 25,     1.276,
 3780, 0, 577.35, 577.35, 577.385, 0.035, 71, 577.385, 578.353, 0.968, 1562, 2, 578.353, 579.261, 0.908, 1817,     1.911,
 3783, 0, 578.198, 578.198, 578.626, 0.428, 126, 578.626, 579.343, 0.717, 2014, 2, 579.343, 579.362, 0.019, 37,     1.163,
 3784, 0, 578.23, 578.23, 578.667, 0.437, 81, 578.667, 579.383, 0.716, 1636, 2, 579.383, 579.425, 0.042, 83,     1.195,
 3782, 0, 578.143, 578.143, 578.563, 0.42, 832, 578.563, 579.483, 0.92, 2032, 2, 579.483, 579.553, 0.069, 139,     1.410,
 3785, 0, 578.27, 578.27, 578.713, 0.443, 92, 578.713, 579.443, 0.73, 1480, 2, 579.443, 579.696, 0.253, 507,     1.427,
 3786, 0, 578.453, 578.453, 578.827, 0.374, 207, 578.827, 579.755, 0.928, 1391, 2, 579.755, 579.867, 0.112, 224,     1.414,
 3787, 0, 578.563, 578.563, 578.84, 0.277, 50, 578.84, 579.848, 1.008, 1648, 2, 579.848, 579.909, 0.062, 124,     1.346,
 3788, 0, 579.028, 579.028, 579.038, 0.01, 12, 579.038, 580.005, 0.967, 1646, 2, 580.005, 580.015, 0.01, 13,     0.987,
 3775, 0, 576.891, 576.891, 578.807, 1.916, 3833, 578.807, 579.98, 1.172, 1291, 2, 579.98, 580.107, 0.128, 246,     3.216,
 3789, 0, 579.253, 579.253, 579.278, 0.025, 50, 579.278, 580.097, 0.819, 1250, 2, 580.097, 580.68, 0.583, 1166,     1.427,
 3792, 0, 580.237, 580.237, 580.258, 0.021, 43, 580.258, 580.986, 0.728, 1567, 2, 580.986, 580.998, 0.011, 23,     0.761,
 3790, 0, 579.895, 579.895, 579.919, 0.024, 47, 579.919, 580.994, 1.076, 1204, 2, 580.994, 580.998, 0.003, 18,     1.102,
 3791, 0, 580.049, 580.049, 580.104, 0.055, 110, 580.104, 581.26, 1.156, 1287, 2, 581.26, 581.303, 0.043, 104,     1.254,
 3795, 0, 580.418, 580.418, 580.444, 0.026, 25, 580.444, 581.485, 1.041, 1658, 2, 581.485, 581.527, 0.042, 84,     1.109,
 3793, 0, 580.312, 580.312, 580.384, 0.072, 133, 580.384, 581.509, 1.126, 1339, 2, 581.509, 581.547, 0.038, 56,     1.236,
 3794, 0, 580.349, 580.349, 580.521, 0.172, 324, 580.521, 581.759, 1.238, 2226, 2, 581.759, 581.887, 0.128, 257,     1.538,
 3796, 0, 580.444, 580.444, 580.472, 0.028, 55, 580.472, 581.897, 1.425, 1265, 2, 581.897, 581.897, 0, 11,     1.452,
 3799, 0, 581.196, 581.196, 581.204, 0.008, 21, 581.204, 582.125, 0.921, 1279, 2, 582.125, 582.304, 0.18, 360,     1.108,
 3797, 0, 580.53, 580.53, 580.53, 0, 17, 580.53, 581.735, 1.205, 1826, 2, 581.735, 582.475, 0.741, 1482,     1.945,
 3800, 0, 581.435, 581.435, 581.445, 0.01, 3, 581.445, 582.631, 1.187, 1351, 2, 582.631, 582.658, 0.027, 54,     1.224,
 3801, 0, 581.851, 581.851, 581.947, 0.096, 192, 581.947, 582.674, 0.728, 1852, 2, 582.674, 582.684, 0.01, 18,     0.833,
 3802, 0, 581.864, 581.864, 581.879, 0.015, 31, 581.879, 582.804, 0.925, 1029, 2, 582.804, 583.146, 0.342, 685,     1.282,
 3804, 0, 582.153, 582.153, 582.163, 0.01, 15, 582.163, 583.097, 0.934, 1459, 2, 583.097, 583.252, 0.156, 312,     1.100,
 3805, 0, 582.415, 582.415, 582.461, 0.046, 95, 582.461, 583.382, 0.921, 1901, 2, 583.382, 583.403, 0.021, 42,     0.988,
 3806, 0, 582.651, 582.651, 582.675, 0.024, 48, 582.675, 583.409, 0.734, 1803, 2, 583.409, 583.428, 0.019, 50,     0.777,
 3803, 0, 582.028, 582.028, 582.087, 0.059, 101, 582.087, 583.27, 1.183, 1368, 2, 583.27, 583.445, 0.176, 318,     1.417,
 3807, 0, 582.827, 582.827, 582.864, 0.037, 58, 582.864, 583.582, 0.718, 1635, 2, 583.582, 583.823, 0.241, 483,     0.996,
 3808, 0, 582.954, 582.954, 583.135, 0.181, 363, 583.135, 583.863, 0.728, 1733, 2, 583.863, 583.894, 0.031, 62,     0.940,
 3809, 0, 583.004, 583.004, 583.055, 0.051, 102, 583.055, 583.976, 0.921, 1044, 2, 583.976, 584.013, 0.037, 38,     1.009,
 3810, 0, 583.148, 583.148, 583.392, 0.244, 462, 583.392, 584.125, 0.733, 1203, 2, 584.125, 584.17, 0.044, 89,     1.022,
 3811, 0, 583.328, 583.328, 583.341, 0.013, 25, 583.341, 584.261, 0.92, 1711, 2, 584.261, 584.293, 0.032, 64,     0.965,
 3812, 0, 583.501, 583.501, 583.515, 0.014, 39, 583.515, 584.231, 0.716, 1475, 2, 584.231, 584.325, 0.094, 189,     0.824,
 3798, 0, 581.086, 581.086, 581.434, 0.348, 658, 581.434, 582.146, 0.712, 1286, 2, 582.146, 584.644, 2.499, 4998,     3.558,
 3814, 0, 583.84, 583.84, 583.85, 0.01, 3, 583.85, 584.776, 0.926, 1453, 2, 584.776, 584.807, 0.031, 53,     0.967,
 3816, 0, 584.05, 584.05, 584.06, 0.01, 2, 584.06, 584.797, 0.737, 1583, 2, 584.797, 584.848, 0.051, 102,     0.798,
 3813, 0, 583.579, 583.579, 583.642, 0.063, 126, 583.642, 585.049, 1.407, 1643, 2, 585.049, 585.059, 0.01, 1,     1.480,
 3817, 0, 584.077, 584.077, 584.158, 0.081, 177, 584.158, 585.079, 0.921, 1456, 2, 585.079, 585.102, 0.023, 46,     1.025,
 3819, 0, 584.352, 584.352, 584.415, 0.064, 128, 584.415, 585.137, 0.722, 1282, 2, 585.137, 585.204, 0.067, 133,     0.852,
 3818, 0, 584.271, 584.271, 584.526, 0.255, 483, 584.526, 585.447, 0.921, 1021, 2, 585.447, 585.466, 0.019, 39,     1.196,
 3821, 0, 584.976, 584.976, 584.997, 0.021, 42, 584.997, 585.713, 0.716, 1392, 2, 585.713, 585.728, 0.015, 30,     0.752,
 3824, 0, 585.151, 585.151, 585.247, 0.096, 211, 585.247, 585.963, 0.716, 1340, 2, 585.963, 585.976, 0.014, 27,     0.825,
 3823, 0, 585.096, 585.096, 585.118, 0.022, 44, 585.118, 586.117, 0.999, 1781, 2, 586.117, 586.189, 0.072, 162,     1.093,
 3822, 0, 585.014, 585.014, 585.014, 0, 2, 585.014, 586.176, 1.162, 987, 2, 586.176, 586.189, 0.013, 26,     1.175,
 3825, 0, 585.343, 585.343, 585.472, 0.129, 238, 585.472, 586.444, 0.972, 1696, 2, 586.444, 586.468, 0.024, 34,     1.125,
 3820, 0, 584.762, 584.762, 584.762, 0, 9, 584.762, 585.696, 0.934, 1186, 2, 585.696, 586.652, 0.955, 1911,     1.889,
 3826, 0, 585.495, 585.495, 585.495, 0, 5, 585.495, 586.708, 1.213, 684, 2, 586.708, 586.718, 0.01, 20,     1.223,
 3827, 0, 586.112, 586.112, 586.124, 0.011, 25, 586.124, 587.044, 0.921, 1530, 2, 587.044, 587.044, 0, 13,     0.932,
 3832, 0, 586.565, 586.565, 586.588, 0.023, 29, 586.588, 587.35, 0.763, 1940, 2, 587.35, 587.369, 0.019, 38,     0.805,
 3815, 0, 583.853, 583.853, 583.884, 0.031, 44, 583.884, 584.613, 0.728, 1751, 2, 584.613, 587.389, 2.777, 5516,     3.536,
 3828, 0, 586.159, 586.159, 586.169, 0.01, 17, 586.169, 587.294, 1.124, 1343, 2, 587.294, 587.4, 0.106, 196,     1.241,
 3830, 0, 586.375, 586.375, 586.385, 0.01, 4, 586.385, 587.101, 0.715, 1213, 2, 587.101, 587.445, 0.345, 690,     1.070,
 3831, 0, 586.554, 586.554, 586.561, 0.007, 21, 586.561, 587.543, 0.983, 1587, 2, 587.543, 587.576, 0.033, 65,     1.022,
 3829, 0, 586.334, 586.334, 586.443, 0.109, 220, 586.443, 587.649, 1.206, 1613, 2, 587.649, 587.673, 0.024, 48,     1.339,
 3834, 0, 587.055, 587.055, 587.072, 0.016, 51, 587.072, 587.797, 0.725, 2079, 2, 587.797, 587.835, 0.038, 76,     0.780,
 3833, 0, 586.93, 586.93, 586.976, 0.047, 93, 586.976, 587.897, 0.921, 1768, 2, 587.897, 587.907, 0.01, 18,     0.978,
 3835, 0, 587.458, 587.458, 587.517, 0.059, 115, 587.517, 588.237, 0.72, 1848, 2, 588.237, 588.3, 0.062, 125,     0.842,
 3836, 0, 587.468, 587.468, 587.494, 0.025, 51, 587.494, 588.414, 0.92, 1283, 2, 588.414, 588.432, 0.019, 37,     0.964,
 3837, 0, 587.507, 587.507, 587.556, 0.049, 78, 587.556, 588.663, 1.107, 1979, 2, 588.663, 588.691, 0.028, 55,     1.184,
 3838, 0, 587.644, 587.644, 588.073, 0.429, 859, 588.073, 588.791, 0.718, 1364, 2, 588.791, 588.801, 0.01, 3,     1.157,
 3839, 0, 587.867, 587.867, 587.902, 0.035, 70, 587.902, 588.92, 1.018, 1965, 2, 588.92, 588.957, 0.038, 42,     1.090,
 3841, 0, 588.162, 588.162, 588.192, 0.03, 48, 588.192, 588.903, 0.711, 1550, 2, 588.903, 588.977, 0.074, 116,     0.815,
 3842, 0, 588.239, 588.239, 588.249, 0.01, 11, 588.249, 589.17, 0.921, 1874, 2, 589.17, 589.178, 0.008, 16,     0.939,
 3840, 0, 588.116, 588.116, 588.172, 0.056, 108, 588.172, 588.883, 0.711, 1496, 2, 588.883, 589.18, 0.297, 591,     1.064,
 3843, 0, 588.363, 588.363, 588.373, 0.01, 3, 588.373, 589.097, 0.724, 1425, 2, 589.097, 589.266, 0.17, 340,     0.904,
 3845, 0, 588.804, 588.804, 588.81, 0.005, 21, 588.81, 589.731, 0.921, 1578, 2, 589.731, 589.745, 0.014, 29,     0.941,
 3847, 0, 589.011, 589.011, 589.065, 0.054, 109, 589.065, 589.995, 0.93, 1361, 2, 589.995, 590.02, 0.025, 31,     1.009,
 3848, 0, 589.091, 589.091, 589.133, 0.042, 83, 589.133, 589.87, 0.737, 1649, 2, 589.87, 590.088, 0.218, 436,     0.997,
 3850, 0, 589.313, 589.313, 589.354, 0.04, 81, 589.354, 590.12, 0.766, 1319, 2, 590.12, 590.13, 0.01, 3,     0.816,
 3849, 0, 589.284, 589.284, 589.313, 0.029, 45, 589.313, 590.244, 0.931, 1756, 2, 590.244, 590.277, 0.033, 82,     0.993,
 3846, 0, 588.927, 588.927, 588.927, 0, 9, 588.927, 590.369, 1.443, 1353, 2, 590.369, 590.382, 0.013, 26,     1.456,
 3852, 0, 589.601, 589.601, 589.629, 0.028, 30, 589.629, 590.55, 0.921, 1495, 2, 590.55, 590.597, 0.047, 76,     0.996,
 3853, 0, 589.992, 589.992, 590.021, 0.029, 58, 590.021, 590.753, 0.732, 947, 2, 590.753, 590.784, 0.03, 61,     0.791,
 3851, 0, 589.539, 589.539, 589.549, 0.01, 8, 589.549, 590.72, 1.171, 1291, 2, 590.72, 591.191, 0.471, 931,     1.652,
 3856, 0, 590.404, 590.404, 590.467, 0.063, 127, 590.467, 591.181, 0.714, 1047, 2, 591.181, 591.191, 0.01, 17,     0.787,
 3855, 0, 590.207, 590.207, 590.272, 0.064, 129, 590.272, 591.199, 0.928, 2387, 2, 591.199, 591.225, 0.026, 66,     1.018,
 3844, 0, 588.425, 588.425, 590.479, 2.054, 4088, 590.479, 591.215, 0.736, 2001, 2, 591.215, 591.225, 0.01, 19,     2.800,
 3854, 0, 590.136, 590.136, 590.154, 0.018, 52, 590.154, 591.332, 1.178, 1474, 2, 591.332, 591.342, 0.01, 3,     1.206,
 3860, 0, 590.785, 590.785, 590.856, 0.072, 120, 590.856, 591.595, 0.739, 1509, 2, 591.595, 591.621, 0.025, 51,     0.836,
 3861, 0, 590.915, 590.915, 590.94, 0.025, 43, 590.94, 591.671, 0.731, 1672, 2, 591.671, 591.772, 0.101, 203,     0.857,
 3864, 0, 591.08, 591.08, 591.154, 0.074, 136, 591.154, 591.868, 0.714, 2208, 2, 591.868, 591.883, 0.015, 30,     0.804,
 3858, 0, 590.547, 590.547, 590.974, 0.428, 848, 590.974, 591.69, 0.716, 1601, 2, 591.69, 591.903, 0.213, 388,     1.357,
 3859, 0, 590.601, 590.601, 590.731, 0.13, 55, 590.731, 591.66, 0.929, 1372, 2, 591.66, 591.969, 0.309, 619,     1.369,
 3857, 0, 590.512, 590.512, 590.703, 0.191, 383, 590.703, 591.939, 1.236, 1377, 2, 591.939, 592.037, 0.098, 196,     1.525,
 3863, 0, 591.046, 591.046, 591.126, 0.08, 166, 591.126, 592.061, 0.935, 2021, 2, 592.061, 592.145, 0.083, 152,     1.099,
 3862, 0, 591.033, 591.033, 591.043, 0.01, 4, 591.043, 592.208, 1.165, 1443, 2, 592.208, 592.279, 0.071, 141,     1.245,
 3865, 0, 591.878, 591.878, 592.041, 0.163, 327, 592.041, 592.962, 0.92, 1858, 2, 592.962, 592.982, 0.02, 39,     1.104,
 3869, 0, 592.157, 592.157, 592.716, 0.559, 2, 592.716, 593.45, 0.734, 1717, 2, 593.45, 593.45, 0, 2,     1.293,
 3867, 0, 592.101, 592.101, 592.412, 0.31, 629, 592.412, 593.461, 1.049, 2091, 2, 593.461, 593.493, 0.032, 65,     1.392,
 3870, 0, 592.33, 592.33, 592.778, 0.448, 116, 592.778, 593.71, 0.932, 1299, 2, 593.71, 593.722, 0.011, 23,     1.392,
 3868, 0, 592.137, 592.137, 592.703, 0.566, 584, 592.703, 593.663, 0.959, 1701, 2, 593.663, 593.872, 0.209, 419,     1.735,
 3871, 0, 592.381, 592.381, 593.045, 0.665, 504, 593.045, 593.931, 0.886, 1903, 2, 593.931, 593.944, 0.013, 25,     1.563,
 3874, 0, 592.778, 592.778, 593.239, 0.461, 13, 593.239, 593.963, 0.724, 1318, 2, 593.963, 593.996, 0.033, 65,     1.218,
 3875, 0, 592.985, 592.985, 593.249, 0.264, 5, 593.249, 594.068, 0.819, 1679, 2, 594.068, 594.081, 0.013, 26,     1.096,
 3872, 0, 592.567, 592.567, 593.185, 0.618, 280, 593.185, 594.106, 0.921, 1790, 2, 594.106, 594.123, 0.016, 33,     1.555,
 3873, 0, 592.716, 592.716, 593.229, 0.513, 51, 593.229, 594.194, 0.965, 1701, 2, 594.194, 594.282, 0.087, 175,     1.565,
 3876, 0, 593.017, 593.017, 593.809, 0.792, 1121, 593.809, 594.893, 1.084, 1468, 2, 594.893, 594.908, 0.014, 29,     1.891,
 3877, 0, 593.172, 593.172, 593.993, 0.821, 342, 593.993, 594.71, 0.717, 1771, 2, 594.71, 594.936, 0.226, 453,     1.764,
 3878, 0, 593.519, 593.519, 594.046, 0.527, 106, 594.046, 594.767, 0.721, 1254, 2, 594.767, 595.091, 0.324, 648,     1.572,
 3880, 0, 593.757, 593.757, 594.217, 0.46, 314, 594.217, 595.143, 0.927, 1181, 2, 595.143, 595.205, 0.062, 124,     1.449,
 3882, 0, 594.027, 594.027, 594.379, 0.352, 275, 594.379, 595.094, 0.715, 1895, 2, 595.094, 595.236, 0.143, 292,     1.209,
 3879, 0, 593.65, 593.65, 594.06, 0.41, 13, 594.06, 595.261, 1.201, 1026, 2, 595.261, 595.279, 0.018, 36,     1.629,
 3881, 0, 593.953, 593.953, 594.242, 0.289, 51, 594.242, 595.209, 0.967, 1557, 2, 595.209, 595.37, 0.161, 322,     1.417,
 3886, 0, 594.959, 594.959, 595.039, 0.08, 104, 595.039, 595.754, 0.715, 1145, 2, 595.754, 595.784, 0.03, 57,     0.825,
 3883, 0, 594.078, 594.078, 594.412, 0.334, 65, 594.412, 595.774, 1.362, 1843, 2, 595.774, 595.794, 0.02, 32,     1.716,
 3885, 0, 594.484, 594.484, 594.987, 0.502, 16, 594.987, 595.806, 0.819, 1251, 2, 595.806, 595.834, 0.028, 60,     1.350,
 3887, 0, 594.987, 594.987, 595.064, 0.078, 30, 595.064, 595.794, 0.73, 1622, 2, 595.794, 595.854, 0.06, 81,     0.867,
 3884, 0, 594.119, 594.119, 594.968, 0.849, 1104, 594.968, 596.124, 1.156, 1396, 2, 596.124, 596.134, 0.01, 17,     2.015,
 3890, 0, 595.461, 595.461, 595.553, 0.092, 159, 595.553, 596.296, 0.743, 1552, 2, 596.296, 596.308, 0.012, 24,     0.847,
 3888, 0, 595.093, 595.093, 595.103, 0.01, 17, 595.103, 596.344, 1.241, 1239, 2, 596.344, 596.356, 0.013, 25,     1.263,
 3889, 0, 595.317, 595.317, 595.327, 0.01, 9, 595.327, 596.373, 1.046, 1638, 2, 596.373, 596.373, 0, 7,     1.056,
 3893, 0, 595.693, 595.693, 595.782, 0.089, 130, 595.782, 596.533, 0.751, 830, 2, 596.533, 596.543, 0.01, 17,     0.850,
 3892, 0, 595.678, 595.678, 595.712, 0.034, 68, 595.712, 596.553, 0.841, 1196, 2, 596.553, 596.563, 0.01, 21,     0.885,
 3891, 0, 595.598, 595.598, 595.644, 0.046, 74, 595.644, 596.636, 0.992, 972, 2, 596.636, 596.688, 0.052, 95,     1.090,
 3895, 0, 595.881, 595.881, 595.891, 0.01, 13, 595.891, 596.886, 0.995, 1514, 2, 596.886, 596.908, 0.023, 46,     1.027,
 3896, 0, 596.055, 596.055, 596.159, 0.104, 208, 596.159, 597.136, 0.977, 719, 2, 597.136, 597.146, 0.01, 20,     1.091,
 3894, 0, 595.783, 595.783, 595.793, 0.01, 8, 595.793, 597.016, 1.222, 1551, 2, 597.016, 597.461, 0.445, 891,     1.677,
 3898, 0, 596.204, 596.204, 597.013, 0.809, 51, 597.013, 597.735, 0.722, 1080, 2, 597.735, 597.745, 0.01, 5,     1.541,
 3899, 0, 596.476, 596.476, 597.027, 0.551, 15, 597.027, 597.769, 0.742, 1560, 2, 597.769, 597.792, 0.023, 46,     1.316,
 3901, 0, 596.99, 596.99, 597.155, 0.166, 48, 597.155, 598.158, 1.003, 1518, 2, 598.158, 598.207, 0.048, 97,     1.217,
 3897, 0, 596.098, 596.098, 596.987, 0.89, 1625, 596.987, 597.908, 0.921, 1085, 2, 597.908, 598.291, 0.383, 767,     2.194,
 3902, 0, 597.308, 597.308, 597.337, 0.029, 35, 597.337, 598.053, 0.717, 1559, 2, 598.053, 598.311, 0.258, 510,     1.004,
 3900, 0, 596.806, 596.806, 597.115, 0.309, 177, 597.115, 598.374, 1.258, 1277, 2, 598.374, 598.384, 0.01, 21,     1.578,
 3866, 0, 591.912, 591.912, 598.071, 6.159, 12292, 598.071, 598.793, 0.722, 1529, 2, 598.793, 598.853, 0.059, 119,     6.941,
 3904, 0, 597.486, 597.486, 597.977, 0.49, 328, 597.977, 598.892, 0.915, 2308, 2, 598.892, 598.902, 0.01, 10,     1.415,
 3903, 0, 597.416, 597.416, 597.798, 0.382, 727, 597.798, 599.155, 1.357, 1401, 2, 599.155, 599.252, 0.096, 193,     1.836,
 3907, 0, 598.539, 598.539, 599.232, 0.693, 11, 599.232, 599.963, 0.731, 695, 2, 599.963, 599.974, 0.011, 22,     1.435,
 3905, 0, 598.311, 598.311, 599.212, 0.901, 1788, 599.212, 600.132, 0.92, 1401, 2, 600.132, 600.17, 0.037, 75,     1.858,
 3910, 0, 598.938, 598.938, 599.422, 0.484, 225, 599.422, 600.143, 0.721, 1274, 2, 600.143, 600.192, 0.048, 97,     1.254,
 3909, 0, 598.647, 598.647, 599.31, 0.663, 17, 599.31, 600.227, 0.917, 501, 2, 600.227, 600.319, 0.092, 184,     1.672,
 3911, 0, 599.252, 599.252, 599.436, 0.184, 203, 599.436, 600.153, 0.717, 1774, 2, 600.153, 600.381, 0.228, 457,     1.129,
 3906, 0, 598.53, 598.53, 599.31, 0.78, 1559, 599.31, 600.381, 1.071, 1139, 2, 600.381, 600.424, 0.043, 87,     1.894,
 3914, 0, 599.839, 599.839, 599.849, 0.01, 1, 599.849, 600.563, 0.714, 1687, 2, 600.563, 600.594, 0.031, 49,     0.755,
 3913, 0, 599.678, 599.678, 599.688, 0.01, 18, 599.688, 600.631, 0.943, 1921, 2, 600.631, 600.691, 0.06, 120,     1.013,
 3908, 0, 598.562, 598.562, 599.29, 0.728, 82, 599.29, 600.584, 1.294, 1163, 2, 600.584, 600.736, 0.152, 304,     2.174,
 3915, 0, 599.861, 599.861, 600.047, 0.186, 372, 600.047, 600.813, 0.765, 2138, 2, 600.813, 600.823, 0.01, 5,     0.961,
 3917, 0, 600.112, 600.112, 600.153, 0.041, 82, 600.153, 600.884, 0.731, 1962, 2, 600.884, 600.9, 0.016, 32,     0.788,
 3912, 0, 599.482, 599.482, 599.678, 0.196, 361, 599.678, 600.844, 1.165, 1817, 2, 600.844, 600.933, 0.089, 178,     1.451,
 3916, 0, 599.91, 599.91, 600.027, 0.117, 251, 600.027, 600.948, 0.921, 1417, 2, 600.948, 600.965, 0.016, 33,     1.055,
 3919, 0, 600.354, 600.354, 600.39, 0.037, 74, 600.39, 601.329, 0.939, 1927, 2, 601.329, 601.339, 0.01, 16,     0.985,
 3918, 0, 600.233, 600.233, 600.242, 0.009, 28, 600.242, 601.513, 1.271, 1296, 2, 601.513, 601.523, 0.01, 18,     1.290,
 3920, 0, 600.704, 600.704, 600.762, 0.058, 81, 600.762, 601.935, 1.173, 1760, 2, 601.935, 602.006, 0.072, 143,     1.303,
 3921, 0, 600.899, 600.899, 600.909, 0.01, 3, 600.909, 601.829, 0.92, 1794, 2, 601.829, 602.262, 0.433, 866,     1.363,
#======================================
#Number of workloads:3870
#Timeout workloads:52
#Timeout workloads per cent:0
#Over workloads:0
#Over workloads per cent:0
#Number of Cloudlets:7740
#Over Cloudlets:0
#Over Cloudlets per cent:0
#Number of transmissions:3870
#Over transmissions:3870
#Over transmissions per cent:1
#======================================
#Total serve time:6407.404599999793
#CPU serve time:2034.3816999999106
#Network serve time:4373.022899999912
#Average total serve time:1.6556601033591198
#Average CPU serve time per workload:0.5256800258397701
#Average network serve time per workload:1.1299800775193571
#Average CPU serve time per Cloudlet:0.26284001291988507
#Average network serve time per transmission:1.1299800775193571
